scenario,family,regime,source_kind,model,model_variant,seed,epochs,batch_size,learning_rate,weight_decay,grad_clip_norm,in_channels,out_channels,height,width,parameters,runtime_seconds,best_val_loss,test_loss,test_relative_l2,test_phase_error,test_packet_consistency,test_topk_capture,reference_source
wave_synth,wave,synthetic,synthetic,MiNO-Core,MiNO-Core,7,16,2,0.0001,0.0001,1.0,1,1,64,64,424948,26.955280800000764,0.015406835358589888,0.01644861977547407,0.5868131928145885,1.4308241158723831,349.69020691141486,,
wave_synth,wave,synthetic,synthetic,MiNO-Core,MiNO-Core,11,16,2,0.0001,0.0001,1.0,1,1,64,64,424948,27.166047900000194,0.02067222131881863,0.009366850950755179,0.5419639386236668,1.433095172047615,1669.8012440055609,,
wave_synth,wave,synthetic,synthetic,MiNO-Core,MiNO-Core,19,16,2,0.0001,0.0001,1.0,1,1,64,64,424948,26.156506000001173,0.01408821257064119,0.01301106676692143,0.5556501559913158,1.4459067285060883,2118.7750603761524,,
wave_synth,wave,synthetic,synthetic,MiNO-Plus,MiNO-Plus,7,16,2,0.0001,0.0001,1.0,1,1,64,64,804008,51.415468000001056,0.0010178739757975563,0.0011026841384591535,0.15445037372410297,1.3958489149808884,925.9397670859471,,
wave_synth,wave,synthetic,synthetic,MiNO-Plus,MiNO-Plus,11,16,2,0.0001,0.0001,1.0,1,1,64,64,804008,47.293081199999506,0.0011799383573816158,0.0008329847696586512,0.1610304731875658,1.3813802301883698,1029.0885744690895,,
wave_synth,wave,synthetic,synthetic,MiNO-Plus,MiNO-Plus,19,16,2,0.0001,0.0001,1.0,1,1,64,64,804008,44.66836200000034,0.0009463110036449507,0.0009301246827817522,0.15676360204815865,1.4192235618829727,5241.576468777843,,
diffusion_neumann_control,diffusion_neumann,control,tcno_cache,MiNO-Core,MiNO-Core,7,16,2,0.0001,0.0001,1.0,3,1,192,192,425206,231.8322723000001,2.0144994702301727e-05,1.8731811602871556e-05,0.0041639871972923475,1.5441803733507793,0.0022606255564217768,,
diffusion_neumann_control,diffusion_neumann,control,tcno_cache,MiNO-Core,MiNO-Core,11,16,2,0.0001,0.0001,1.0,3,1,192,192,425206,231.7000863000012,2.0831576648561168e-05,1.9835239451519254e-05,0.004326370525329064,1.5417460501194,0.002383896984004726,,
diffusion_neumann_control,diffusion_neumann,control,tcno_cache,MiNO-Core,MiNO-Core,19,16,2,0.0001,0.0001,1.0,3,1,192,192,425206,231.58026679999966,1.996275803624788e-05,1.8853338891252253e-05,0.004202789510600269,1.556566705306371,0.0023047184998479984,,
diffusion_neumann_control,diffusion_neumann,control,tcno_cache,MiNO-Plus,MiNO-Plus,7,16,2,0.0001,0.0001,1.0,3,1,192,192,804266,354.14818959999866,2.1745342034288722e-05,1.993057283774154e-05,0.00428520399145782,1.6259933412075043,0.0023842470157736293,,
diffusion_neumann_control,diffusion_neumann,control,tcno_cache,MiNO-Plus,MiNO-Plus,11,16,2,0.0001,0.0001,1.0,3,1,192,192,804266,354.2486477000002,2.131667361027212e-05,2.0092491164784104e-05,0.004342858213931322,1.5667400161425273,0.002397045900579542,,
diffusion_neumann_control,diffusion_neumann,control,tcno_cache,MiNO-Plus,MiNO-Plus,19,16,2,0.0001,0.0001,1.0,3,1,192,192,804266,354.3627524000003,2.2080433382143383e-05,2.0975586342804792e-05,0.004449843952897936,1.5947099129358928,0.00242209731368348,,
diffusion_neumann_positive,diffusion_neumann,positive,tcno_cache,MiNO-Core,MiNO-Core,7,16,2,0.0001,0.0001,1.0,3,1,192,192,425206,232.2326976000004,3.842776838306842e-05,3.6758129226655e-05,0.0059908492645869655,1.5684630274772644,0.0028213104815222323,,
diffusion_neumann_positive,diffusion_neumann,positive,tcno_cache,MiNO-Core,MiNO-Core,11,16,2,0.0001,0.0001,1.0,3,1,192,192,425206,232.18120049999925,3.8048071625477555e-05,3.633948836068157e-05,0.0059568338717023534,1.5601110557715099,0.0027631529859111956,,
diffusion_neumann_positive,diffusion_neumann,positive,tcno_cache,MiNO-Core,MiNO-Core,19,16,2,0.0001,0.0001,1.0,3,1,192,192,425206,232.0993471999991,3.8130025435142066e-05,3.661562944519877e-05,0.00598759619363894,1.5817309419314067,0.0027932241112769893,,
diffusion_neumann_positive,diffusion_neumann,positive,tcno_cache,MiNO-Plus,MiNO-Plus,7,16,2,0.0001,0.0001,1.0,3,1,192,192,804266,354.7962076999993,3.887771602724873e-05,3.67924984251052e-05,0.0059793590335175395,1.6164281765619914,0.00277076757629402,,
diffusion_neumann_positive,diffusion_neumann,positive,tcno_cache,MiNO-Plus,MiNO-Plus,11,16,2,0.0001,0.0001,1.0,3,1,192,192,804266,354.70802619999995,3.885172782247537e-05,3.769189030814838e-05,0.006080876104533672,1.5521010359128316,0.002834627889872839,,
diffusion_neumann_positive,diffusion_neumann,positive,tcno_cache,MiNO-Plus,MiNO-Plus,19,16,2,0.0001,0.0001,1.0,3,1,192,192,804266,354.81072200000017,3.9375016513076844e-05,3.766329276307564e-05,0.00606262928340584,1.5954000353813171,0.002843850748225426,,
helmholtz_dirichlet_control,helmholtz_dirichlet,control,tcno_cache,MiNO-Core,MiNO-Core,7,16,2,0.0001,0.0001,1.0,3,1,192,192,425206,232.7918011999991,0.026580584856371086,0.023904099051530164,0.15310936296979585,1.4562705258528392,0.06947129902740319,,
helmholtz_dirichlet_control,helmholtz_dirichlet,control,tcno_cache,MiNO-Core,MiNO-Core,11,16,2,0.0001,0.0001,1.0,3,1,192,192,425206,232.16478290000123,0.026337895231942337,0.023636812965075176,0.15232443188627562,1.484220842520396,0.06810564082115889,,
helmholtz_dirichlet_control,helmholtz_dirichlet,control,tcno_cache,MiNO-Core,MiNO-Core,19,16,2,0.0001,0.0001,1.0,3,1,192,192,425206,232.34792249999919,0.026574472275873024,0.023763423863177497,0.15261860253910223,1.4906298021475475,0.06919800924758117,,
helmholtz_dirichlet_control,helmholtz_dirichlet,control,tcno_cache,MiNO-Plus,MiNO-Plus,7,16,2,0.0001,0.0001,1.0,3,1,192,192,804266,355.1134540999992,0.004130539086569722,0.003763562524303173,0.05950927982727686,1.4994445244471233,0.0218488493313392,,
helmholtz_dirichlet_control,helmholtz_dirichlet,control,tcno_cache,MiNO-Plus,MiNO-Plus,11,16,2,0.0001,0.0001,1.0,3,1,192,192,804266,355.20552379999936,0.004729075881186873,0.004167507257079706,0.062300192502637707,1.5152875979741414,0.022965724114328623,,
helmholtz_dirichlet_control,helmholtz_dirichlet,control,tcno_cache,MiNO-Plus,MiNO-Plus,19,16,2,0.0001,0.0001,1.0,3,1,192,192,804266,355.04975000000013,0.005351750703994185,0.004662993703580772,0.06597649026662111,1.5135817527770996,0.02694142865948379,,
helmholtz_dirichlet_positive,helmholtz_dirichlet,positive,tcno_cache,MiNO-Core,MiNO-Core,7,16,2,0.0001,0.0001,1.0,3,1,192,192,425206,232.3381229000006,0.08442965460320313,0.07605596786985795,0.2738901103536288,1.5780180096626282,0.24592958266536394,,
helmholtz_dirichlet_positive,helmholtz_dirichlet,positive,tcno_cache,MiNO-Core,MiNO-Core,11,16,2,0.0001,0.0001,1.0,3,1,192,192,425206,232.34801289999996,0.07890184037387371,0.18910638708621264,0.32340187579393387,1.5636629561583202,0.24499607707063356,,
helmholtz_dirichlet_positive,helmholtz_dirichlet,positive,tcno_cache,MiNO-Core,MiNO-Core,19,16,2,0.0001,0.0001,1.0,3,1,192,192,425206,232.15167140000085,0.07576464458058278,0.13943690651406845,0.30536563073595363,1.5188038647174835,0.23782585188746452,,
helmholtz_dirichlet_positive,helmholtz_dirichlet,positive,tcno_cache,MiNO-Plus,MiNO-Plus,7,16,2,0.0001,0.0001,1.0,3,1,192,192,804266,354.87971240000115,0.04675703744093577,0.05501899837205807,0.22566658134261766,1.5407557487487793,0.18881719186902046,,
helmholtz_dirichlet_positive,helmholtz_dirichlet,positive,tcno_cache,MiNO-Plus,MiNO-Plus,11,16,2,0.0001,0.0001,1.0,3,1,192,192,804266,354.92856500000016,0.04662845532099406,0.058731673285365105,0.22644671673576036,1.545417348543803,0.18820025026798248,,
helmholtz_dirichlet_positive,helmholtz_dirichlet,positive,tcno_cache,MiNO-Plus,MiNO-Plus,19,16,2,0.0001,0.0001,1.0,3,1,192,192,804266,354.6768585000009,0.04650585756947597,0.05993625118086735,0.22794110079606375,1.5305217603842418,0.19115263844529787,,
helmholtz_variable_control,helmholtz_variable,control,tcno_cache,MiNO-Core,MiNO-Core,7,16,2,0.0001,0.0001,1.0,3,1,192,192,425206,232.3948779000002,0.01145903665261964,0.011073726190564534,0.10037034563720226,1.4844399094581604,0.04479768375555674,,
helmholtz_variable_control,helmholtz_variable,control,tcno_cache,MiNO-Core,MiNO-Core,11,16,2,0.0001,0.0001,1.0,3,1,192,192,425206,232.2857839999997,0.011031662036354343,0.011054520805676779,0.1014708864192168,1.4744301935036976,0.04274827893823385,,
helmholtz_variable_control,helmholtz_variable,control,tcno_cache,MiNO-Core,MiNO-Core,19,16,2,0.0001,0.0001,1.0,3,1,192,192,425206,232.44091500000286,0.01162282171814392,0.011254785660033425,0.10151116674145062,1.4744220475355785,0.045290758522848286,,
helmholtz_variable_control,helmholtz_variable,control,tcno_cache,MiNO-Plus,MiNO-Plus,7,16,2,0.0001,0.0001,1.0,3,1,192,192,804266,354.9450073000007,0.0009731410003344839,0.000932569394838841,0.028556195242951315,1.4724050362904866,0.013084849109873176,,
helmholtz_variable_control,helmholtz_variable,control,tcno_cache,MiNO-Plus,MiNO-Plus,11,16,2,0.0001,0.0001,1.0,3,1,192,192,804266,354.7637477999997,0.0010742435333668254,0.001032973106096809,0.029931851817915838,1.4344062507152557,0.014425501770650348,,
helmholtz_variable_control,helmholtz_variable,control,tcno_cache,MiNO-Plus,MiNO-Plus,19,16,2,0.0001,0.0001,1.0,3,1,192,192,804266,355.01780190000136,0.0011038317461498082,0.0011165273851171758,0.03150557012607654,1.4396938582261403,0.014277327029655376,,
helmholtz_variable_positive,helmholtz_variable,positive,tcno_cache,MiNO-Core,MiNO-Core,7,16,2,0.0001,0.0001,1.0,3,1,192,192,425206,231.87478310000006,0.07766093562046687,0.0793185643851757,0.2791438450415929,1.5113482177257538,0.177028459807237,,
helmholtz_variable_positive,helmholtz_variable,positive,tcno_cache,MiNO-Core,MiNO-Core,11,16,2,0.0001,0.0001,1.0,3,1,192,192,425206,231.76626769999712,0.0770917646586895,0.07969547870258491,0.28097354123989743,1.4972117841243744,0.1877352794011434,,
helmholtz_variable_positive,helmholtz_variable,positive,tcno_cache,MiNO-Core,MiNO-Core,19,16,2,0.0001,0.0001,1.0,3,1,192,192,425206,231.9406889999991,0.09073848153154056,0.16417044835786024,0.34162867317597073,1.5087285737196605,0.197292676816384,,
helmholtz_variable_positive,helmholtz_variable,positive,tcno_cache,MiNO-Plus,MiNO-Plus,7,16,2,0.0001,0.0001,1.0,3,1,192,192,804266,354.3293239000013,0.06234682444483042,0.06925797772904237,0.25494765117764473,1.525707483291626,0.15873104830582938,,
helmholtz_variable_positive,helmholtz_variable,positive,tcno_cache,MiNO-Plus,MiNO-Plus,11,16,2,0.0001,0.0001,1.0,3,1,192,192,804266,354.3966619999992,0.06972831549743812,0.06747566784421603,0.25771984085440636,1.5045374929904938,0.1632178040842215,,
helmholtz_variable_positive,helmholtz_variable,positive,tcno_cache,MiNO-Plus,MiNO-Plus,19,16,2,0.0001,0.0001,1.0,3,1,192,192,804266,354.3362717000018,0.06830106116831303,0.09325573841730754,0.28191572055220604,1.5281315048535664,0.16458571453889212,,
helmholtz_highk_positive,helmholtz_highk,positive,tcno_cache,MiNO-Core,MiNO-Core,7,16,2,0.0001,0.0001,1.0,3,1,192,192,425206,231.58946529999957,0.26017869263887405,0.20683097963531813,0.451427586376667,1.5672707657019298,0.31020007530848187,,
helmholtz_highk_positive,helmholtz_highk,positive,tcno_cache,MiNO-Core,MiNO-Core,11,16,2,0.0001,0.0001,1.0,3,1,192,192,425206,231.66644090000045,0.255951472868522,0.21935433521866798,0.46268462638060254,1.5653486053148906,0.3124100516239802,,
helmholtz_highk_positive,helmholtz_highk,positive,tcno_cache,MiNO-Core,MiNO-Core,19,16,2,0.0001,0.0001,1.0,3,1,192,192,425206,231.7899166999996,0.22490081811944643,0.23186893140276274,0.47806810835997265,1.5376191834608715,0.34879477818806964,,
helmholtz_highk_positive,helmholtz_highk,positive,tcno_cache,MiNO-Plus,MiNO-Plus,7,16,2,0.0001,0.0001,1.0,3,1,192,192,804266,354.1155241000015,0.16169984762867293,0.14733483083546162,0.38132329533497494,1.520709236462911,0.1987160307665666,,
helmholtz_highk_positive,helmholtz_highk,positive,tcno_cache,MiNO-Plus,MiNO-Plus,11,16,2,0.0001,0.0001,1.0,3,1,192,192,804266,354.18222290000267,0.16047613260646662,0.15947144851088524,0.39619555075963336,1.5373556812604268,0.20271630585193634,,
helmholtz_highk_positive,helmholtz_highk,positive,tcno_cache,MiNO-Plus,MiNO-Plus,19,16,2,0.0001,0.0001,1.0,3,1,192,192,804266,354.21639850000065,0.15867135487496853,0.1592931350072225,0.3959576189517975,1.5207769274711609,0.20324836547176042,,
diffusion_neumann_control,diffusion_neumann,control,tcno_reference,FNO,FNO [tcno-ref],7,36,8,,,,3,1,192,192,446753,21.667732399999977,0.00013268455222714692,,0.011545656183298442,3.144140865372078e-05,,0.9999621245863598,<LOCAL_ROOT>\tcno_icml2026_draft\generated\trainable_runs\train96_val24_test24_ep36_b8_h32_l3_m12_a1p0_s0p015_ps32_st16_tmlearned_local\diffusion_neumann_control\fno\seed-0007\result.json
diffusion_neumann_control,diffusion_neumann,control,tcno_reference,FNO,FNO [tcno-ref],11,36,8,,,,3,1,192,192,446753,20.22388809999393,0.00014938993263058364,,0.01184913939742823,2.328631085720049e-05,,0.9999577687194363,<LOCAL_ROOT>\tcno_icml2026_draft\generated\trainable_runs\train96_val24_test24_ep36_b8_h32_l3_m12_a1p0_s0p015_ps32_st16_tmlocal\diffusion_neumann_control\fno\seed-0011\result.json
diffusion_neumann_control,diffusion_neumann,control,tcno_reference,FNO,FNO [tcno-ref],19,36,8,,,,3,1,192,192,446753,21.3672613000017,9.017657430376858e-05,,0.009499287818756598,4.147658105419727e-05,,0.9999708482792146,<LOCAL_ROOT>\tcno_icml2026_draft\generated\trainable_runs\train96_val24_test24_ep36_b8_h32_l3_m12_a1p0_s0p015_ps32_st16_tmlocal\diffusion_neumann_control\fno\seed-0019\result.json
diffusion_neumann_positive,diffusion_neumann,positive,tcno_reference,FNO,FNO [tcno-ref],7,36,8,,,,3,1,192,192,446753,21.428681700000084,0.00014147438923828304,,0.011903471465568116,6.660412584898893e-05,,0.9999576687784901,<LOCAL_ROOT>\tcno_icml2026_draft\generated\trainable_runs\train96_val24_test24_ep36_b8_h32_l3_m12_a1p0_s0p015_ps32_st16_tmlearned_local\diffusion_neumann_positive\fno\seed-0007\result.json
diffusion_neumann_positive,diffusion_neumann,positive,tcno_reference,FNO,FNO [tcno-ref],11,36,8,,,,3,1,192,192,446753,23.133403300000055,0.00015678802446927875,,0.012128900519529843,6.089520527239725e-05,,0.9999530951166232,<LOCAL_ROOT>\tcno_icml2026_draft\generated\trainable_runs\train96_val24_test24_ep36_b8_h32_l3_m12_a1p0_s0p015_ps32_st16_tmlearned_local\diffusion_neumann_positive\fno\seed-0011\result.json
diffusion_neumann_positive,diffusion_neumann,positive,tcno_reference,FNO,FNO [tcno-ref],19,36,8,,,,3,1,192,192,446753,108.7620594,9.287350258091465e-05,,0.009722582350403726,7.636556368695106e-05,,0.9999667346549875,<LOCAL_ROOT>\tcno_icml2026_draft\generated\trainable_runs\train96_val24_test24_ep36_b8_h32_l3_m12_a1p0_s0p015_ps32_st16_tmlocal\diffusion_neumann_positive\fno\seed-0019\result.json
helmholtz_dirichlet_control,helmholtz_dirichlet,control,tcno_reference,FNO,FNO [tcno-ref],7,36,8,,,,3,1,192,192,446753,21.39798990000054,0.0022702873684465885,,0.04444130601692007,0.0007269228114129469,,0.9773321890536341,<LOCAL_ROOT>\tcno_icml2026_draft\generated\trainable_runs\train96_val24_test24_ep36_b8_h32_l3_m12_a1p0_s0p015_ps32_st16_tmlocal\helmholtz_dirichlet_control\fno\seed-0007\result.json
helmholtz_dirichlet_control,helmholtz_dirichlet,control,tcno_reference,FNO,FNO [tcno-ref],11,36,8,,,,3,1,192,192,446753,21.133239599999797,0.002336065052077174,,0.045086145831364076,0.000721537697543787,,0.9771754344894132,<LOCAL_ROOT>\tcno_icml2026_draft\generated\trainable_runs\train96_val24_test24_ep36_b8_h32_l3_m12_a1p0_s0p015_ps32_st16_tmlocal\helmholtz_dirichlet_control\fno\seed-0011\result.json
helmholtz_dirichlet_control,helmholtz_dirichlet,control,tcno_reference,FNO,FNO [tcno-ref],19,36,8,,,,3,1,192,192,446753,19.847833899999387,0.0019166574347764254,,0.04092345167537351,0.0007292629469042314,,0.977599319736744,<LOCAL_ROOT>\tcno_icml2026_draft\generated\trainable_runs\train96_val24_test24_ep36_b8_h32_l3_m12_a1p0_s0p015_ps32_st16_tmlearned_local\helmholtz_dirichlet_control\fno\seed-0019\result.json
helmholtz_dirichlet_control,helmholtz_dirichlet,control,tcno_reference,UNO,UNO [tcno-ref],7,36,8,,,,3,1,192,192,1195425,34.41298349999852,0.0007956273038871586,,0.026272997287401605,0.00379625590185489,,0.9784361896370476,<LOCAL_ROOT>\tcno_icml2026_draft\generated\trainable_runs\train96_val24_test24_ep36_b8_h32_l3_m12_a1p0_s0p015_ps32_st16_tmlocal\helmholtz_dirichlet_control\uno\seed-0007\result.json
helmholtz_dirichlet_positive,helmholtz_dirichlet,positive,tcno_reference,FNO,FNO [tcno-ref],7,36,8,,,,3,1,192,192,446753,20.844874499998696,0.009123469702899456,,0.08409868614496809,0.007404084546942818,,0.9752264162756417,<LOCAL_ROOT>\tcno_icml2026_draft\generated\trainable_runs\train96_val24_test24_ep36_b8_h32_l3_m12_a1p0_s0p015_ps32_st16_tmlocal\helmholtz_dirichlet_positive\fno\seed-0007\result.json
helmholtz_dirichlet_positive,helmholtz_dirichlet,positive,tcno_reference,FNO,FNO [tcno-ref],11,36,8,,,,3,1,192,192,446753,21.027759499997046,0.007947648875415325,,0.0800454666862022,0.006844832778676712,,0.9755845780224922,<LOCAL_ROOT>\tcno_icml2026_draft\generated\trainable_runs\train96_val24_test24_ep36_b8_h32_l3_m12_a1p0_s0p015_ps32_st16_tmlocal\helmholtz_dirichlet_positive\fno\seed-0011\result.json
helmholtz_dirichlet_positive,helmholtz_dirichlet,positive,tcno_reference,FNO,FNO [tcno-ref],19,36,8,,,,3,1,192,192,446753,49.31568609999886,0.007885214872658253,,0.07953434990251292,0.007193072882445729,,0.9759000961153795,<LOCAL_ROOT>\tcno_icml2026_draft\generated\trainable_runs\train96_val24_test24_ep36_b8_h32_l3_m12_a1p0_s0p015_ps32_st16_tmlocal\helmholtz_dirichlet_positive\fno\seed-0019\result.json
helmholtz_dirichlet_positive,helmholtz_dirichlet,positive,tcno_reference,UNO,UNO [tcno-ref],7,36,8,,,,3,1,192,192,1195425,34.2332179999994,0.002547122770920396,,0.046751059173076474,0.005891360506778363,,0.9778448855980465,<LOCAL_ROOT>\tcno_icml2026_draft\generated\trainable_runs\train96_val24_test24_ep36_b8_h32_l3_m12_a1p0_s0p015_ps32_st16_tmlearned_local\helmholtz_dirichlet_positive\uno\seed-0007\result.json
helmholtz_dirichlet_control,helmholtz_dirichlet,control,tcno_reference,WNO-style,WNO-style [tcno-ref],7,36,8,,,,3,1,192,192,399297,35.53293940000003,0.0008122894796542823,,0.026843124400967085,0.0015486039343302364,,0.9785185388807993,<LOCAL_ROOT>\tcno_icml2026_draft\generated\trainable_runs\train96_val24_test24_ep36_b8_h32_l3_m12_a1p0_s0p015_ps32_st16_tmlocal\helmholtz_dirichlet_control\wno-style\seed-0007\result.json
helmholtz_dirichlet_positive,helmholtz_dirichlet,positive,tcno_reference,WNO-style,WNO-style [tcno-ref],7,36,8,,,,3,1,192,192,399297,34.19649339999887,0.004998549818992615,,0.060658538348964265,0.00489207682907907,,0.9771630525955386,<LOCAL_ROOT>\tcno_icml2026_draft\generated\trainable_runs\train96_val24_test24_ep36_b8_h32_l3_m12_a1p0_s0p015_ps32_st16_tmlocal\helmholtz_dirichlet_positive\wno-style\seed-0007\result.json
helmholtz_variable_control,helmholtz_variable,control,tcno_reference,FNO,FNO [tcno-ref],7,36,8,,,,3,1,192,192,446753,19.576797599998827,0.0014495645882561803,,0.03595700742873708,0.003417991222582502,,0.22094836819632432,<LOCAL_ROOT>\tcno_icml2026_draft\generated\trainable_runs\train96_val24_test24_ep36_b8_h32_l3_m12_a1p0_s0p015_ps32_st16_tmlocal\helmholtz_variable_control\fno\seed-0007\result.json
helmholtz_variable_control,helmholtz_variable,control,tcno_reference,UNO,UNO [tcno-ref],7,36,8,,,,3,1,192,192,1195425,35.018121999999494,0.0006756759248673916,,0.024576354391179847,0.0018011136630767279,,0.22054514547303886,<LOCAL_ROOT>\tcno_icml2026_draft\generated\trainable_runs\train96_val24_test24_ep36_b8_h32_l3_m12_a1p0_s0p015_ps32_st16_tmlearned_local\helmholtz_variable_control\uno\seed-0007\result.json
helmholtz_variable_control,helmholtz_variable,control,tcno_reference,WNO-style,WNO-style [tcno-ref],7,36,8,,,,3,1,192,192,399297,33.09959270000036,0.0007339250878430903,,0.025408455647681776,0.002717831465748144,,0.22114517346467447,<LOCAL_ROOT>\tcno_icml2026_draft\generated\trainable_runs\train96_val24_test24_ep36_b8_h32_l3_m12_a1p0_s0p015_ps32_st16_tmlocal\helmholtz_variable_control\wno-style\seed-0007\result.json
helmholtz_variable_positive,helmholtz_variable,positive,tcno_reference,FNO,FNO [tcno-ref],7,36,8,,,,3,1,192,192,446753,19.801072600002954,0.017358573153614998,,0.12443611848453252,0.02420291120009953,,0.22110016854039663,<LOCAL_ROOT>\tcno_icml2026_draft\generated\trainable_runs\train96_val24_test24_ep36_b8_h32_l3_m12_a1p0_s0p015_ps32_st16_tmlocal\helmholtz_variable_positive\fno\seed-0007\result.json
helmholtz_variable_positive,helmholtz_variable,positive,tcno_reference,UNO,UNO [tcno-ref],7,36,8,,,,3,1,192,192,1195425,33.4844488000017,0.001877681235782802,,0.04250346890812393,0.005345816140560903,,0.21973877915221485,<LOCAL_ROOT>\tcno_icml2026_draft\generated\trainable_runs\train96_val24_test24_ep36_b8_h32_l3_m12_a1p0_s0p015_ps32_st16_tmlocal\helmholtz_variable_positive\uno\seed-0007\result.json
helmholtz_variable_positive,helmholtz_variable,positive,tcno_reference,WNO-style,WNO-style [tcno-ref],7,36,8,,,,3,1,192,192,399297,32.98552449999988,0.009225299581885338,,0.09126322598750647,0.012866167571558831,,0.22047735820716277,<LOCAL_ROOT>\tcno_icml2026_draft\generated\trainable_runs\train96_val24_test24_ep36_b8_h32_l3_m12_a1p0_s0p015_ps32_st16_tmlocal\helmholtz_variable_positive\wno-style\seed-0007\result.json
helmholtz_highk_positive,helmholtz_highk,positive,tcno_reference,Conv-FNO,Conv-FNO [tcno-ref],7,36,8,,,,3,1,192,192,458049,29.838614500000403,0.0043711489997804165,,0.059982532755543744,0.004945029655180226,,0.9112673829696787,<LOCAL_ROOT>\tcno_icml2026_draft\generated\trainable_runs\train96_val24_test24_ep36_b8_h32_l3_m12_a1p0_s0p015_ps32_st16_tb4_te0p001_whann_tmlearned_local\helmholtz_highk_positive\conv-fno\seed-0007\result.json
helmholtz_highk_positive,helmholtz_highk,positive,tcno_reference,Conv-FNO,Conv-FNO [tcno-ref],11,36,8,,,,3,1,192,192,458049,30.155320500001835,0.003922718111425638,,0.05712696176645011,0.004337649515220671,,0.9116688209346098,<LOCAL_ROOT>\tcno_icml2026_draft\generated\trainable_runs\train96_val24_test24_ep36_b8_h32_l3_m12_a1p0_s0p015_ps32_st16_tb4_te0p001_whann_tmlearned_local\helmholtz_highk_positive\conv-fno\seed-0011\result.json
helmholtz_highk_positive,helmholtz_highk,positive,tcno_reference,Conv-FNO,Conv-FNO [tcno-ref],19,36,8,,,,3,1,192,192,458049,31.715063600000576,0.003756825579330325,,0.05611739488970314,0.006075232786184899,,0.9116666754252455,<LOCAL_ROOT>\tcno_icml2026_draft\generated\trainable_runs\train96_val24_test24_ep36_b8_h32_l3_m12_a1p0_s0p015_ps32_st16_tb4_te0p001_whann_tmlearned_local\helmholtz_highk_positive\conv-fno\seed-0019\result.json
helmholtz_highk_positive,helmholtz_highk,positive,tcno_reference,FNO+LearnedLocalTC,FNO+LearnedLocalTC [tcno-ref],7,36,8,,,,3,1,192,192,453800,29.184136500000022,0.01311978418380022,,0.11245367323950069,0.0048788340034872715,,0.9083393915001151,<LOCAL_ROOT>\tcno_icml2026_draft\generated\trainable_runs\train96_val24_test24_ep36_b8_h32_l3_m12_a1p0_s0p015_ps32_st16_tmlearned_local\helmholtz_highk_positive\fnopluslearnedlocaltc\seed-0007\result.json
helmholtz_highk_positive,helmholtz_highk,positive,tcno_reference,FNO+LearnedLocalTC,FNO+LearnedLocalTC [tcno-ref],11,36,8,,,,3,1,192,192,453800,29.2130610000022,0.015008802525699139,,0.1181900946658866,0.007761887904409637,,0.9074462616695876,<LOCAL_ROOT>\tcno_icml2026_draft\generated\trainable_runs\train96_val24_test24_ep36_b8_h32_l3_m12_a1p0_s0p015_ps32_st16_tmlearned_local\helmholtz_highk_positive\fnopluslearnedlocaltc\seed-0011\result.json
helmholtz_highk_positive,helmholtz_highk,positive,tcno_reference,FNO+LearnedLocalTC,FNO+LearnedLocalTC [tcno-ref],19,36,8,,,,3,1,192,192,453800,29.162016900001618,0.0132682416588068,,0.11240853968529763,0.0049782092604122,,0.9085511411785901,<LOCAL_ROOT>\tcno_icml2026_draft\generated\trainable_runs\train96_val24_test24_ep36_b8_h32_l3_m12_a1p0_s0p015_ps32_st16_tmlearned_local\helmholtz_highk_positive\fnopluslearnedlocaltc\seed-0019\result.json
helmholtz_variable_control,helmholtz_variable,control,tcno_reference,Conv-FNO,Conv-FNO [tcno-ref],7,36,8,,,,3,1,192,192,458049,28.704789799998252,0.000652745075058192,,0.023969618991163,0.0036244657463791693,,0.2207927826398625,<LOCAL_ROOT>\tcno_icml2026_draft\generated\trainable_runs\train96_val24_test24_ep36_b8_h32_l3_m12_a1p0_s0p015_ps32_st16_tb4_te0p001_whann_tmlearned_local\helmholtz_variable_control\conv-fno\seed-0007\result.json
helmholtz_variable_control,helmholtz_variable,control,tcno_reference,Conv-FNO,Conv-FNO [tcno-ref],11,36,8,,,,3,1,192,192,458049,29.316174400002637,0.00036823266418650746,,0.018148804741191488,0.0015794274342346044,,0.22086271002688165,<LOCAL_ROOT>\tcno_icml2026_draft\generated\trainable_runs\train96_val24_test24_ep36_b8_h32_l3_m12_a1p0_s0p015_ps32_st16_tb4_te0p001_whann_tmlearned_local\helmholtz_variable_control\conv-fno\seed-0011\result.json
helmholtz_variable_control,helmholtz_variable,control,tcno_reference,Conv-FNO,Conv-FNO [tcno-ref],19,36,8,,,,3,1,192,192,458049,29.50579789999756,0.000666397565510124,,0.024382936444904402,0.004452269474623327,,0.22112817807535626,<LOCAL_ROOT>\tcno_icml2026_draft\generated\trainable_runs\train96_val24_test24_ep36_b8_h32_l3_m12_a1p0_s0p015_ps32_st16_tb4_te0p001_whann_tmlearned_local\helmholtz_variable_control\conv-fno\seed-0019\result.json
helmholtz_variable_control,helmholtz_variable,control,tcno_reference,FNO+LearnedLocalTC,FNO+LearnedLocalTC [tcno-ref],7,36,8,,,,3,1,192,192,453800,29.80034710000473,0.0006844057934358716,,0.02481661430243211,0.002390986012088856,,0.2209400591426944,<LOCAL_ROOT>\tcno_icml2026_draft\generated\trainable_runs\train96_val24_test24_ep36_b8_h32_l3_m12_a1p0_s0p015_ps32_st16_tmlearned_local\helmholtz_variable_control\fnopluslearnedlocaltc\seed-0007\result.json
helmholtz_variable_control,helmholtz_variable,control,tcno_reference,FNO+LearnedLocalTC,FNO+LearnedLocalTC [tcno-ref],11,36,8,,,,3,1,192,192,453800,30.22766430000047,0.0005811240407638252,,0.022812178594652687,0.002471040989094841,,0.22077563606398518,<LOCAL_ROOT>\tcno_icml2026_draft\generated\trainable_runs\train96_val24_test24_ep36_b8_h32_l3_m12_a1p0_s0p015_ps32_st16_tmlearned_local\helmholtz_variable_control\fnopluslearnedlocaltc\seed-0011\result.json
helmholtz_variable_control,helmholtz_variable,control,tcno_reference,FNO+LearnedLocalTC,FNO+LearnedLocalTC [tcno-ref],19,36,8,,,,3,1,192,192,453800,29.765694999994594,0.0012321615358814597,,0.03312967545323691,0.0026375000592538714,,0.22105166438582333,<LOCAL_ROOT>\tcno_icml2026_draft\generated\trainable_runs\train96_val24_test24_ep36_b8_h32_l3_m12_a1p0_s0p015_ps32_st16_tmlearned_local\helmholtz_variable_control\fnopluslearnedlocaltc\seed-0019\result.json
helmholtz_variable_positive,helmholtz_variable,positive,tcno_reference,Conv-FNO,Conv-FNO [tcno-ref],7,36,8,,,,3,1,192,192,458049,27.024804500000755,0.015540032647550106,,0.12123960249220778,0.017221150420072207,,0.21278136194000452,<LOCAL_ROOT>\tcno_icml2026_draft\generated\trainable_runs\train96_val24_test24_ep36_b8_h32_l3_m12_a1p0_s0p015_ps32_st16_tb4_te0p001_whann_tmlearned_local\helmholtz_variable_positive\conv-fno\seed-0007\result.json
helmholtz_variable_positive,helmholtz_variable,positive,tcno_reference,Conv-FNO,Conv-FNO [tcno-ref],11,36,8,,,,3,1,192,192,458049,27.938025700001162,0.012512396089732647,,0.11185771384625465,0.01631811358252465,,0.21471671571679762,<LOCAL_ROOT>\tcno_icml2026_draft\generated\trainable_runs\train96_val24_test24_ep36_b8_h32_l3_m12_a1p0_s0p015_ps32_st16_tb4_te0p001_whann_tmlearned_local\helmholtz_variable_positive\conv-fno\seed-0011\result.json
helmholtz_variable_positive,helmholtz_variable,positive,tcno_reference,Conv-FNO,Conv-FNO [tcno-ref],19,36,8,,,,3,1,192,192,458049,28.067635299998074,0.013643578626215458,,0.11781688287909257,0.019999850321199514,,0.21280560084168598,<LOCAL_ROOT>\tcno_icml2026_draft\generated\trainable_runs\train96_val24_test24_ep36_b8_h32_l3_m12_a1p0_s0p015_ps32_st16_tb4_te0p001_whann_tmlearned_local\helmholtz_variable_positive\conv-fno\seed-0019\result.json
helmholtz_variable_positive,helmholtz_variable,positive,tcno_reference,FNO+LearnedLocalTC,FNO+LearnedLocalTC [tcno-ref],7,36,8,,,,3,1,192,192,453800,31.797073299996555,0.05602201819419861,,0.20902736797291746,0.07281772667476935,,0.22098003961532742,<LOCAL_ROOT>\tcno_icml2026_draft\generated\trainable_runs\train96_val24_test24_ep36_b8_h32_l3_m12_a1p0_s0p015_ps32_st16_tmlearned_local\helmholtz_variable_positive\fnopluslearnedlocaltc\seed-0007\result.json
helmholtz_variable_positive,helmholtz_variable,positive,tcno_reference,FNO+LearnedLocalTC,FNO+LearnedLocalTC [tcno-ref],11,36,8,,,,3,1,192,192,453800,29.709560699993744,0.054478421807289124,,0.20489996036823044,0.07292916944049115,,0.2187920107043673,<LOCAL_ROOT>\tcno_icml2026_draft\generated\trainable_runs\train96_val24_test24_ep36_b8_h32_l3_m12_a1p0_s0p015_ps32_st16_tmlearned_local\helmholtz_variable_positive\fnopluslearnedlocaltc\seed-0011\result.json
helmholtz_variable_positive,helmholtz_variable,positive,tcno_reference,FNO+LearnedLocalTC,FNO+LearnedLocalTC [tcno-ref],19,36,8,,,,3,1,192,192,453800,30.07582459999685,0.05243057385087013,,0.2015027335358143,0.0689241158254703,,0.21926636722631906,<LOCAL_ROOT>\tcno_icml2026_draft\generated\trainable_runs\train96_val24_test24_ep36_b8_h32_l3_m12_a1p0_s0p015_ps32_st16_tmlearned_local\helmholtz_variable_positive\fnopluslearnedlocaltc\seed-0019\result.json
diffusion_neumann_control,diffusion_neumann,control,tcno_reference,UNO,UNO [tcno-ref],7,36,8,,,,3,1,192,192,1195425,39.74708889999988,0.00011102268763352185,,0.010492982590912652,3.288851262437645e-05,,0.9999192639817949,<LOCAL_ROOT>\tcno_icml2026_draft\generated\trainable_runs\train96_val24_test24_ep36_b8_h32_l3_m12_a1p0_s0p015_ps32_st16_tmlearned_local\diffusion_neumann_control\uno\seed-0007\result.json
diffusion_neumann_control,diffusion_neumann,control,tcno_reference,UNO,UNO [tcno-ref],11,36,8,,,,3,1,192,192,1195425,40.651018499999964,0.00011688195081660524,,0.010807818200842971,1.653368664546564e-05,,0.999926042364423,<LOCAL_ROOT>\tcno_icml2026_draft\generated\trainable_runs\train96_val24_test24_ep36_b8_h32_l3_m12_a1p0_s0p015_ps32_st16_tmlearned_local\diffusion_neumann_control\uno\seed-0011\result.json
diffusion_neumann_control,diffusion_neumann,control,tcno_reference,UNO,UNO [tcno-ref],19,36,8,,,,3,1,192,192,1195425,41.42380520000006,0.00013074095477350056,,0.011639606056100696,2.7804589115104915e-05,,0.999890492132864,<LOCAL_ROOT>\tcno_icml2026_draft\generated\trainable_runs\train96_val24_test24_ep36_b8_h32_l3_m12_a1p0_s0p015_ps32_st16_tmlocal\diffusion_neumann_control\uno\seed-0019\result.json
diffusion_neumann_positive,diffusion_neumann,positive,tcno_reference,UNO,UNO [tcno-ref],7,36,8,,,,3,1,192,192,1195425,40.697992,0.00011733214341802523,,0.010782047163882438,6.86013361939269e-05,,0.999913418534673,<LOCAL_ROOT>\tcno_icml2026_draft\generated\trainable_runs\train96_val24_test24_ep36_b8_h32_l3_m12_a1p0_s0p015_ps32_st16_tmlearned_local\diffusion_neumann_positive\uno\seed-0007\result.json
diffusion_neumann_positive,diffusion_neumann,positive,tcno_reference,UNO,UNO [tcno-ref],11,36,8,,,,3,1,192,192,1195425,36.81973659999994,0.00012111967225791886,,0.010965260082740224,6.633813989091e-05,,0.9999221718256551,<LOCAL_ROOT>\tcno_icml2026_draft\generated\trainable_runs\train96_val24_test24_ep36_b8_h32_l3_m12_a1p0_s0p015_ps32_st16_tmlearned_local\diffusion_neumann_positive\uno\seed-0011\result.json
diffusion_neumann_positive,diffusion_neumann,positive,tcno_reference,UNO,UNO [tcno-ref],19,36,8,,,,3,1,192,192,1195425,199.67749090000143,0.00013605793355964124,,0.011859696072359907,7.512110025483343e-05,,0.9998854976301214,<LOCAL_ROOT>\tcno_icml2026_draft\generated\trainable_runs\train96_val24_test24_ep36_b8_h32_l3_m12_a1p0_s0p015_ps32_st16_tmlocal\diffusion_neumann_positive\uno\seed-0019\result.json
helmholtz_dirichlet_control,helmholtz_dirichlet,control,tcno_reference,UNO,UNO [tcno-ref],11,36,8,,,,3,1,192,192,1195425,37.03937190000215,0.0003533619164954871,,0.01778533878045648,0.0038163346742676476,,0.9787514172331772,<LOCAL_ROOT>\tcno_icml2026_draft\generated\trainable_runs\train96_val24_test24_ep36_b8_h32_l3_m12_a1p0_s0p015_ps32_st16_tmlocal\helmholtz_dirichlet_control\uno\seed-0011\result.json
helmholtz_dirichlet_control,helmholtz_dirichlet,control,tcno_reference,UNO,UNO [tcno-ref],19,36,8,,,,3,1,192,192,1195425,32.51377910000156,0.00023336621234193444,,0.014151907585585858,0.003298468732907725,,0.9788853115893219,<LOCAL_ROOT>\tcno_icml2026_draft\generated\trainable_runs\train96_val24_test24_ep36_b8_h32_l3_m12_a1p0_s0p015_ps32_st16_tmlearned_local\helmholtz_dirichlet_control\uno\seed-0019\result.json
helmholtz_dirichlet_positive,helmholtz_dirichlet,positive,tcno_reference,UNO,UNO [tcno-ref],11,36,8,,,,3,1,192,192,1195425,34.98960640000041,0.0022701288107782602,,0.04210912135029573,0.005276165805741445,,0.9781182373824899,<LOCAL_ROOT>\tcno_icml2026_draft\generated\trainable_runs\train96_val24_test24_ep36_b8_h32_l3_m12_a1p0_s0p015_ps32_st16_tmlearned_local\helmholtz_dirichlet_positive\uno\seed-0011\result.json
helmholtz_dirichlet_positive,helmholtz_dirichlet,positive,tcno_reference,UNO,UNO [tcno-ref],19,36,8,,,,3,1,192,192,1195425,34.58803360000093,0.0019861573819071054,,0.04067187928800391,0.006355430345112391,,0.9783131349008766,<LOCAL_ROOT>\tcno_icml2026_draft\generated\trainable_runs\train96_val24_test24_ep36_b8_h32_l3_m12_a1p0_s0p015_ps32_st16_tmlocal\helmholtz_dirichlet_positive\uno\seed-0019\result.json
helmholtz_highk_positive,helmholtz_highk,positive,tcno_reference,FNO,FNO [tcno-ref],7,36,8,,,,3,1,192,192,446753,19.778767699999662,0.01453249529004097,,0.11691269810248033,0.01217004905467438,,0.9078153938302016,<LOCAL_ROOT>\tcno_icml2026_draft\generated\trainable_runs\train96_val24_test24_ep36_b8_h32_l3_m12_a1p0_s0p015_ps32_st16_tmlearned_local\helmholtz_highk_positive\fno\seed-0007\result.json
helmholtz_highk_positive,helmholtz_highk,positive,tcno_reference,UNO,UNO [tcno-ref],7,36,8,,,,3,1,192,192,1195425,36.0416464000009,0.003474527271464467,,0.054461292079065804,0.00546386252782427,,0.9114784797794288,<LOCAL_ROOT>\tcno_icml2026_draft\generated\trainable_runs\train96_val24_test24_ep36_b8_h32_l3_m12_a1p0_s0p015_ps32_st16_tmlearned_local\helmholtz_highk_positive\uno\seed-0007\result.json
helmholtz_highk_positive,helmholtz_highk,positive,tcno_reference,WNO-style,WNO-style [tcno-ref],7,36,8,,,,3,1,192,192,399297,40.561765399999786,0.00866431463509798,,0.08931529661195436,0.007735303905001399,,0.9097698224799126,<LOCAL_ROOT>\tcno_icml2026_draft\generated\trainable_runs\train96_val24_test24_ep36_b8_h32_l3_m12_a1p0_s0p015_ps32_st16_tmlearned_local\helmholtz_highk_positive\wno-style\seed-0007\result.json
diffusion_neumann_control,diffusion_neumann,control,tcno_reference,WNO-style,WNO-style [tcno-ref],7,36,8,,,,3,1,192,192,399297,38.118350700000065,1.9975530449301004e-05,,0.004249553121155957,1.548342719704021e-05,,0.9999914960666013,<LOCAL_ROOT>\tcno_icml2026_draft\generated\trainable_runs\train96_val24_test24_ep36_b8_h32_l3_m12_a1p0_s0p015_ps32_st16_tmlearned_local\diffusion_neumann_control\wno-style\seed-0007\result.json
diffusion_neumann_positive,diffusion_neumann,positive,tcno_reference,WNO-style,WNO-style [tcno-ref],7,36,8,,,,3,1,192,192,399297,38.8343364000001,2.5723582439241e-05,,0.004868104830847662,5.504450196713191e-05,,0.9999859498835004,<LOCAL_ROOT>\tcno_icml2026_draft\generated\trainable_runs\train96_val24_test24_ep36_b8_h32_l3_m12_a1p0_s0p015_ps32_st16_tmlearned_local\diffusion_neumann_positive\wno-style\seed-0007\result.json
diffusion_neumann_control,diffusion_neumann,control,tcno_reference,Conv-FNO,Conv-FNO [tcno-ref],7,36,8,,,,3,1,192,192,458049,50.359746000001905,0.0003890666412189603,,0.020515529684591343,5.915787764272149e-05,,0.9996172898415142,<LOCAL_ROOT>\tcno_icml2026_draft\generated\trainable_runs\train96_val24_test24_ep36_b8_h32_l3_m12_a1p0_s0p015_ps32_st16_tb4_te0p001_whann_tmlearned_local\diffusion_neumann_control\conv-fno\seed-0007\result.json
diffusion_neumann_control,diffusion_neumann,control,tcno_reference,Conv-FNO,Conv-FNO [tcno-ref],11,36,8,,,,3,1,192,192,458049,50.751888199996756,0.0002198467991547659,,0.015253473861845127,5.762717301628946e-05,,0.9997871336284602,<LOCAL_ROOT>\tcno_icml2026_draft\generated\trainable_runs\train96_val24_test24_ep36_b8_h32_l3_m12_a1p0_s0p015_ps32_st16_tb4_te0p001_whann_tmlearned_local\diffusion_neumann_control\conv-fno\seed-0011\result.json
diffusion_neumann_control,diffusion_neumann,control,tcno_reference,Conv-FNO,Conv-FNO [tcno-ref],19,36,8,,,,3,1,192,192,458049,49.2776116999994,0.00026193048688583076,,0.016843396966355104,6.06687585608869e-05,,0.9997436040967426,<LOCAL_ROOT>\tcno_icml2026_draft\generated\trainable_runs\train96_val24_test24_ep36_b8_h32_l3_m12_a1p0_s0p015_ps32_st16_tb4_te0p001_whann_tmlearned_local\diffusion_neumann_control\conv-fno\seed-0019\result.json
diffusion_neumann_positive,diffusion_neumann,positive,tcno_reference,Conv-FNO,Conv-FNO [tcno-ref],7,36,8,,,,3,1,192,192,458049,49.60556019999785,0.00038719087024219334,,0.020489168437613305,7.415098891182558e-05,,0.9996176477523914,<LOCAL_ROOT>\tcno_icml2026_draft\generated\trainable_runs\train96_val24_test24_ep36_b8_h32_l3_m12_a1p0_s0p015_ps32_st16_tb4_te0p001_whann_tmlearned_local\diffusion_neumann_positive\conv-fno\seed-0007\result.json
diffusion_neumann_positive,diffusion_neumann,positive,tcno_reference,Conv-FNO,Conv-FNO [tcno-ref],11,36,8,,,,3,1,192,192,458049,50.649178600000596,0.0002109897177433595,,0.014902924424592137,6.948410144278176e-05,,0.9997962730544326,<LOCAL_ROOT>\tcno_icml2026_draft\generated\trainable_runs\train96_val24_test24_ep36_b8_h32_l3_m12_a1p0_s0p015_ps32_st16_tb4_te0p001_whann_tmlearned_local\diffusion_neumann_positive\conv-fno\seed-0011\result.json
diffusion_neumann_positive,diffusion_neumann,positive,tcno_reference,Conv-FNO,Conv-FNO [tcno-ref],19,36,8,,,,3,1,192,192,458049,50.70269539999936,0.00027261566719971597,,0.017157862352667766,9.134748081807363e-05,,0.9997349619101588,<LOCAL_ROOT>\tcno_icml2026_draft\generated\trainable_runs\train96_val24_test24_ep36_b8_h32_l3_m12_a1p0_s0p015_ps32_st16_tb4_te0p001_whann_tmlearned_local\diffusion_neumann_positive\conv-fno\seed-0019\result.json
helmholtz_dirichlet_control,helmholtz_dirichlet,control,tcno_reference,Conv-FNO,Conv-FNO [tcno-ref],7,36,8,,,,3,1,192,192,458049,25.977265500001522,0.0006643471424467862,,0.02413524992318362,0.004078039956350947,,0.978531685979044,<LOCAL_ROOT>\tcno_icml2026_draft\generated\trainable_runs\train96_val24_test24_ep36_b8_h32_l3_m12_a1p0_s0p015_ps32_st16_tb4_te0p001_whann_tmlearned_local\helmholtz_dirichlet_control\conv-fno\seed-0007\result.json
helmholtz_dirichlet_control,helmholtz_dirichlet,control,tcno_reference,Conv-FNO,Conv-FNO [tcno-ref],11,36,8,,,,3,1,192,192,458049,25.90126500000042,0.0004587042494677007,,0.020162013062258944,0.002424458489532126,,0.9785061065908636,<LOCAL_ROOT>\tcno_icml2026_draft\generated\trainable_runs\train96_val24_test24_ep36_b8_h32_l3_m12_a1p0_s0p015_ps32_st16_tb4_te0p001_whann_tmlearned_local\helmholtz_dirichlet_control\conv-fno\seed-0011\result.json
helmholtz_dirichlet_control,helmholtz_dirichlet,control,tcno_reference,Conv-FNO,Conv-FNO [tcno-ref],19,36,8,,,,3,1,192,192,458049,26.147450699998444,0.0005463624838739634,,0.02197986744670144,0.002658944649246457,,0.9786047878243332,<LOCAL_ROOT>\tcno_icml2026_draft\generated\trainable_runs\train96_val24_test24_ep36_b8_h32_l3_m12_a1p0_s0p015_ps32_st16_tb4_te0p001_whann_tmlearned_local\helmholtz_dirichlet_control\conv-fno\seed-0019\result.json
helmholtz_dirichlet_positive,helmholtz_dirichlet,positive,tcno_reference,Conv-FNO,Conv-FNO [tcno-ref],7,36,8,,,,3,1,192,192,458049,27.092502200001036,0.004278022330254316,,0.0565472524635412,0.005391102277168169,,0.9775055866195741,<LOCAL_ROOT>\tcno_icml2026_draft\generated\trainable_runs\train96_val24_test24_ep36_b8_h32_l3_m12_a1p0_s0p015_ps32_st16_tb4_te0p001_whann_tmlearned_local\helmholtz_dirichlet_positive\conv-fno\seed-0007\result.json
helmholtz_dirichlet_positive,helmholtz_dirichlet,positive,tcno_reference,Conv-FNO,Conv-FNO [tcno-ref],11,36,8,,,,3,1,192,192,458049,25.927441299998463,0.003753880737349391,,0.051489646602906024,0.0026467098109496053,,0.9776162030576457,<LOCAL_ROOT>\tcno_icml2026_draft\generated\trainable_runs\train96_val24_test24_ep36_b8_h32_l3_m12_a1p0_s0p015_ps32_st16_tb4_te0p001_whann_tmlearned_local\helmholtz_dirichlet_positive\conv-fno\seed-0011\result.json
helmholtz_dirichlet_positive,helmholtz_dirichlet,positive,tcno_reference,Conv-FNO,Conv-FNO [tcno-ref],19,36,8,,,,3,1,192,192,458049,26.028860700000223,0.004615255631506443,,0.05975493789521047,0.004377705127912809,,0.9775183007116013,<LOCAL_ROOT>\tcno_icml2026_draft\generated\trainable_runs\train96_val24_test24_ep36_b8_h32_l3_m12_a1p0_s0p015_ps32_st16_tb4_te0p001_whann_tmlearned_local\helmholtz_dirichlet_positive\conv-fno\seed-0019\result.json
diffusion_neumann_control,diffusion_neumann,control,tcno_reference,FNO+LearnedLocalTC,FNO+LearnedLocalTC [tcno-ref],7,36,8,,,,3,1,192,192,453800,28.44625330000008,0.00012061926099704579,,0.010843376758127693,6.592285807254958e-05,,0.9999638843681445,<LOCAL_ROOT>\tcno_icml2026_draft\generated\trainable_runs\train96_val24_test24_ep36_b8_h32_l3_m12_a1p0_s0p015_ps32_st16_tmlearned_local\diffusion_neumann_control\fnopluslearnedlocaltc\seed-0007\result.json
diffusion_neumann_control,diffusion_neumann,control,tcno_reference,FNO+LearnedLocalTC,FNO+LearnedLocalTC [tcno-ref],11,36,8,,,,3,1,192,192,453800,29.016427399999884,0.00012442834849935025,,0.011589037887559024,3.580912122808634e-05,,0.9999606499168933,<LOCAL_ROOT>\tcno_icml2026_draft\generated\trainable_runs\train96_val24_test24_ep36_b8_h32_l3_m12_a1p0_s0p015_ps32_st16_tmlearned_local\diffusion_neumann_control\fnopluslearnedlocaltc\seed-0011\result.json
diffusion_neumann_control,diffusion_neumann,control,tcno_reference,FNO+LearnedLocalTC,FNO+LearnedLocalTC [tcno-ref],19,36,8,,,,3,1,192,192,453800,29.813055000000077,0.00012424157466739416,,0.011307298772487422,5.9560622934786815e-05,,0.9999557606131463,<LOCAL_ROOT>\tcno_icml2026_draft\generated\trainable_runs\train96_val24_test24_ep36_b8_h32_l3_m12_a1p0_s0p015_ps32_st16_tmlearned_local\diffusion_neumann_control\fnopluslearnedlocaltc\seed-0019\result.json
diffusion_neumann_control,diffusion_neumann,control,tcno_reference,WNO-style,WNO-style [tcno-ref],11,36,8,,,,3,1,192,192,399297,33.451946399996814,3.6121382436249405e-05,,0.005553387084320703,1.5472055468836627e-05,,0.9999847770466858,<LOCAL_ROOT>\tcno_icml2026_draft\generated\trainable_runs\train96_val24_test24_ep36_b8_h32_l3_m12_a1p0_s0p015_ps32_st16_tmlocal\diffusion_neumann_control\wno-style\seed-0011\result.json
diffusion_neumann_control,diffusion_neumann,control,tcno_reference,WNO-style,WNO-style [tcno-ref],19,36,8,,,,3,1,192,192,399297,37.98222629999509,2.290489101142157e-05,,0.004634102270709271,1.6805245432202765e-05,,0.9999907657353869,<LOCAL_ROOT>\tcno_icml2026_draft\generated\trainable_runs\train96_val24_test24_ep36_b8_h32_l3_m12_a1p0_s0p015_ps32_st16_tmlocal\diffusion_neumann_control\wno-style\seed-0019\result.json
diffusion_neumann_positive,diffusion_neumann,positive,tcno_reference,FNO+LearnedLocalTC,FNO+LearnedLocalTC [tcno-ref],7,36,8,,,,3,1,192,192,453800,28.545776400000022,0.00012536157737486064,,0.010992066871218032,5.475653228949066e-05,,0.9999598091010852,<LOCAL_ROOT>\tcno_icml2026_draft\generated\trainable_runs\train96_val24_test24_ep36_b8_h32_l3_m12_a1p0_s0p015_ps32_st16_tmlearned_local\diffusion_neumann_positive\fnopluslearnedlocaltc\seed-0007\result.json
diffusion_neumann_positive,diffusion_neumann,positive,tcno_reference,FNO+LearnedLocalTC,FNO+LearnedLocalTC [tcno-ref],11,36,8,,,,3,1,192,192,453800,27.995701000000054,0.0001272169902222231,,0.011685869083217717,6.70882641750539e-05,,0.9999565667335087,<LOCAL_ROOT>\tcno_icml2026_draft\generated\trainable_runs\train96_val24_test24_ep36_b8_h32_l3_m12_a1p0_s0p015_ps32_st16_tmlearned_local\diffusion_neumann_positive\fnopluslearnedlocaltc\seed-0011\result.json
diffusion_neumann_positive,diffusion_neumann,positive,tcno_reference,FNO+LearnedLocalTC,FNO+LearnedLocalTC [tcno-ref],19,36,8,,,,3,1,192,192,453800,28.006898999999976,0.00012808202882297337,,0.011388764363163639,7.25767517572965e-05,,0.9999526160864902,<LOCAL_ROOT>\tcno_icml2026_draft\generated\trainable_runs\train96_val24_test24_ep36_b8_h32_l3_m12_a1p0_s0p015_ps32_st16_tmlearned_local\diffusion_neumann_positive\fnopluslearnedlocaltc\seed-0019\result.json
diffusion_neumann_positive,diffusion_neumann,positive,tcno_reference,WNO-style,WNO-style [tcno-ref],11,36,8,,,,3,1,192,192,399297,86.72142030000032,4.22611519752536e-05,,0.006047360528569241,6.54122263685965e-05,,0.9999789507425166,<LOCAL_ROOT>\tcno_icml2026_draft\generated\trainable_runs\train96_val24_test24_ep36_b8_h32_l3_m12_a1p0_s0p015_ps32_st16_tmlocal\diffusion_neumann_positive\wno-style\seed-0011\result.json
diffusion_neumann_positive,diffusion_neumann,positive,tcno_reference,WNO-style,WNO-style [tcno-ref],19,36,8,,,,3,1,192,192,399297,245.35683829999834,2.9123166314093396e-05,,0.005229290805157701,7.509832296960434e-05,,0.999985128604323,<LOCAL_ROOT>\tcno_icml2026_draft\generated\trainable_runs\train96_val24_test24_ep36_b8_h32_l3_m12_a1p0_s0p015_ps32_st16_tmlocal\diffusion_neumann_positive\wno-style\seed-0019\result.json
helmholtz_dirichlet_control,helmholtz_dirichlet,control,tcno_reference,FNO+LearnedLocalTC,FNO+LearnedLocalTC [tcno-ref],7,36,8,,,,3,1,192,192,453800,36.58265019999999,0.0014414824545383453,,0.035536032276740744,0.00021543330820124646,,0.9779091778815726,<LOCAL_ROOT>\tcno_icml2026_draft\generated\trainable_runs\train96_val24_test24_ep36_b8_h32_l3_m12_a1p0_s0p015_ps32_st16_tmlearned_local\helmholtz_dirichlet_control\fnopluslearnedlocaltc\seed-0007\result.json
helmholtz_dirichlet_control,helmholtz_dirichlet,control,tcno_reference,FNO+LearnedLocalTC,FNO+LearnedLocalTC [tcno-ref],11,36,8,,,,3,1,192,192,453800,27.45973109999977,0.001064352341927588,,0.03033149581155878,0.0003467424147719665,,0.9781400218624943,<LOCAL_ROOT>\tcno_icml2026_draft\generated\trainable_runs\train96_val24_test24_ep36_b8_h32_l3_m12_a1p0_s0p015_ps32_st16_tmlearned_local\helmholtz_dirichlet_control\fnopluslearnedlocaltc\seed-0011\result.json
helmholtz_dirichlet_control,helmholtz_dirichlet,control,tcno_reference,FNO+LearnedLocalTC,FNO+LearnedLocalTC [tcno-ref],19,36,8,,,,3,1,192,192,453800,27.195158500000616,0.00187926203943789,,0.04047276999759438,0.0001549864203023154,,0.9776368903835116,<LOCAL_ROOT>\tcno_icml2026_draft\generated\trainable_runs\train96_val24_test24_ep36_b8_h32_l3_m12_a1p0_s0p015_ps32_st16_tmlearned_local\helmholtz_dirichlet_control\fnopluslearnedlocaltc\seed-0019\result.json
helmholtz_dirichlet_control,helmholtz_dirichlet,control,tcno_reference,WNO-style,WNO-style [tcno-ref],11,36,8,,,,3,1,192,192,399297,35.07770779999919,0.0011829070281237364,,0.03197021582257172,0.0015905260379572449,,0.9782104305426111,<LOCAL_ROOT>\tcno_icml2026_draft\generated\trainable_runs\train96_val24_test24_ep36_b8_h32_l3_m12_a1p0_s0p015_ps32_st16_tmlocal\helmholtz_dirichlet_control\wno-style\seed-0011\result.json
helmholtz_dirichlet_control,helmholtz_dirichlet,control,tcno_reference,WNO-style,WNO-style [tcno-ref],19,36,8,,,,3,1,192,192,399297,34.74813670000003,0.0009378951508551836,,0.028582837761225822,0.0007025104470688185,,0.9784250375841769,<LOCAL_ROOT>\tcno_icml2026_draft\generated\trainable_runs\train96_val24_test24_ep36_b8_h32_l3_m12_a1p0_s0p015_ps32_st16_tmlocal\helmholtz_dirichlet_control\wno-style\seed-0019\result.json
helmholtz_dirichlet_positive,helmholtz_dirichlet,positive,tcno_reference,FNO+LearnedLocalTC,FNO+LearnedLocalTC [tcno-ref],7,36,8,,,,3,1,192,192,453800,28.0389983999994,0.007713549770414829,,0.07857877795701307,0.0023840279630417383,,0.97641201650752,<LOCAL_ROOT>\tcno_icml2026_draft\generated\trainable_runs\train96_val24_test24_ep36_b8_h32_l3_m12_a1p0_s0p015_ps32_st16_tmlearned_local\helmholtz_dirichlet_positive\fnopluslearnedlocaltc\seed-0007\result.json
helmholtz_dirichlet_positive,helmholtz_dirichlet,positive,tcno_reference,FNO+LearnedLocalTC,FNO+LearnedLocalTC [tcno-ref],11,36,8,,,,3,1,192,192,453800,27.31509499999993,0.008610807359218597,,0.08467268081688946,0.0031145639243257348,,0.9756250652064559,<LOCAL_ROOT>\tcno_icml2026_draft\generated\trainable_runs\train96_val24_test24_ep36_b8_h32_l3_m12_a1p0_s0p015_ps32_st16_tmlearned_local\helmholtz_dirichlet_positive\fnopluslearnedlocaltc\seed-0011\result.json
helmholtz_dirichlet_positive,helmholtz_dirichlet,positive,tcno_reference,FNO+LearnedLocalTC,FNO+LearnedLocalTC [tcno-ref],19,36,8,,,,3,1,192,192,453800,31.410945400000855,0.0074957930482923985,,0.07925143596185873,0.0023554248902334595,,0.9757783810319657,<LOCAL_ROOT>\tcno_icml2026_draft\generated\trainable_runs\train96_val24_test24_ep36_b8_h32_l3_m12_a1p0_s0p015_ps32_st16_tmlearned_local\helmholtz_dirichlet_positive\fnopluslearnedlocaltc\seed-0019\result.json
helmholtz_dirichlet_positive,helmholtz_dirichlet,positive,tcno_reference,WNO-style,WNO-style [tcno-ref],11,36,8,,,,3,1,192,192,399297,57.52122650000092,0.005168212112039328,,0.061616077597819924,0.003969182800488968,,0.9770707939649297,<LOCAL_ROOT>\tcno_icml2026_draft\generated\trainable_runs\train96_val24_test24_ep36_b8_h32_l3_m12_a1p0_s0p015_ps32_st16_tmlocal\helmholtz_dirichlet_positive\wno-style\seed-0011\result.json
helmholtz_dirichlet_positive,helmholtz_dirichlet,positive,tcno_reference,WNO-style,WNO-style [tcno-ref],19,36,8,,,,3,1,192,192,399297,65.63793769999756,0.0047576637007296085,,0.06162135129007577,0.004465366614105816,,0.9771763039519706,<LOCAL_ROOT>\tcno_icml2026_draft\generated\trainable_runs\train96_val24_test24_ep36_b8_h32_l3_m12_a1p0_s0p015_ps32_st16_tmlocal\helmholtz_dirichlet_positive\wno-style\seed-0019\result.json
helmholtz_highk_positive,helmholtz_highk,positive,tcno_reference,FNO,FNO [tcno-ref],11,36,8,,,,3,1,192,192,446753,21.05169290000049,0.014180600643157959,,0.11607951397550849,0.011637504564851719,,0.9078625633415319,<LOCAL_ROOT>\tcno_icml2026_draft\generated\trainable_runs\train96_val24_test24_ep36_b8_h32_l3_m12_a1p0_s0p015_ps32_st16_tmlearned_local\helmholtz_highk_positive\fno\seed-0011\result.json
helmholtz_highk_positive,helmholtz_highk,positive,tcno_reference,FNO,FNO [tcno-ref],19,36,8,,,,3,1,192,192,446753,20.779117300000507,0.013856166042387486,,0.1140699619739956,0.011578838119129367,,0.9079548200200901,<LOCAL_ROOT>\tcno_icml2026_draft\generated\trainable_runs\train96_val24_test24_ep36_b8_h32_l3_m12_a1p0_s0p015_ps32_st16_tmlearned_local\helmholtz_highk_positive\fno\seed-0019\result.json
helmholtz_highk_positive,helmholtz_highk,positive,tcno_reference,UNO,UNO [tcno-ref],11,36,8,,,,3,1,192,192,1195425,34.570331000000806,0.0029313904233276844,,0.05005654340976218,0.007268459414958082,,0.9115921997742517,<LOCAL_ROOT>\tcno_icml2026_draft\generated\trainable_runs\train96_val24_test24_ep36_b8_h32_l3_m12_a1p0_s0p015_ps32_st16_tmlearned_local\helmholtz_highk_positive\uno\seed-0011\result.json
helmholtz_highk_positive,helmholtz_highk,positive,tcno_reference,UNO,UNO [tcno-ref],19,36,8,,,,3,1,192,192,1195425,75.74852510000164,0.003047035541385412,,0.052401313615803545,0.004862724021448703,,0.9115390058917985,<LOCAL_ROOT>\tcno_icml2026_draft\generated\trainable_runs\train96_val24_test24_ep36_b8_h32_l3_m12_a1p0_s0p015_ps32_st16_tmlearned_local\helmholtz_highk_positive\uno\seed-0019\result.json
helmholtz_highk_positive,helmholtz_highk,positive,tcno_reference,WNO-style,WNO-style [tcno-ref],11,36,8,,,,3,1,192,192,399297,35.773378500000035,0.008951873518526554,,0.09071183376582843,0.00673643898067645,,0.9095612326174033,<LOCAL_ROOT>\tcno_icml2026_draft\generated\trainable_runs\train96_val24_test24_ep36_b8_h32_l3_m12_a1p0_s0p015_ps32_st16_tmlearned_local\helmholtz_highk_positive\wno-style\seed-0011\result.json
helmholtz_highk_positive,helmholtz_highk,positive,tcno_reference,WNO-style,WNO-style [tcno-ref],19,36,8,,,,3,1,192,192,399297,33.55592780000006,0.00856097973883152,,0.08941969462507986,0.006862553089944348,,0.9096060970951272,<LOCAL_ROOT>\tcno_icml2026_draft\generated\trainable_runs\train96_val24_test24_ep36_b8_h32_l3_m12_a1p0_s0p015_ps32_st16_tmlearned_local\helmholtz_highk_positive\wno-style\seed-0019\result.json
helmholtz_variable_control,helmholtz_variable,control,tcno_reference,FNO,FNO [tcno-ref],11,36,8,,,,3,1,192,192,446753,19.939127499997994,0.0012276378693059087,,0.033140461614481115,0.0033538395939333664,,0.22096329163239606,<LOCAL_ROOT>\tcno_icml2026_draft\generated\trainable_runs\train96_val24_test24_ep36_b8_h32_l3_m12_a1p0_s0p015_ps32_st16_tmlocal\helmholtz_variable_control\fno\seed-0011\result.json
helmholtz_variable_control,helmholtz_variable,control,tcno_reference,FNO,FNO [tcno-ref],19,36,8,,,,3,1,192,192,446753,19.905325700001413,0.001287110149860382,,0.033902129205357914,0.0033032517618427127,,0.2210192568311735,<LOCAL_ROOT>\tcno_icml2026_draft\generated\trainable_runs\train96_val24_test24_ep36_b8_h32_l3_m12_a1p0_s0p015_ps32_st16_tmlocal\helmholtz_variable_control\fno\seed-0019\result.json
helmholtz_variable_control,helmholtz_variable,control,tcno_reference,UNO,UNO [tcno-ref],11,36,8,,,,3,1,192,192,1195425,35.14630430000034,0.000841007858980447,,0.027456572561331893,0.0033085330129419017,,0.2214044283002371,<LOCAL_ROOT>\tcno_icml2026_draft\generated\trainable_runs\train96_val24_test24_ep36_b8_h32_l3_m12_a1p0_s0p015_ps32_st16_tmlearned_local\helmholtz_variable_control\uno\seed-0011\result.json
helmholtz_variable_control,helmholtz_variable,control,tcno_reference,UNO,UNO [tcno-ref],19,36,8,,,,3,1,192,192,1195425,33.071999900001174,0.0005089156911708415,,0.021339720568639142,0.0009829171312117618,,0.22041800272253664,<LOCAL_ROOT>\tcno_icml2026_draft\generated\trainable_runs\train96_val24_test24_ep36_b8_h32_l3_m12_a1p0_s0p015_ps32_st16_tmlearned_local\helmholtz_variable_control\uno\seed-0019\result.json
helmholtz_variable_control,helmholtz_variable,control,tcno_reference,WNO-style,WNO-style [tcno-ref],11,36,8,,,,3,1,192,192,399297,33.17164529999718,0.0008102692081592977,,0.026985047441675198,0.0028208686991897766,,0.2210612496855691,<LOCAL_ROOT>\tcno_icml2026_draft\generated\trainable_runs\train96_val24_test24_ep36_b8_h32_l3_m12_a1p0_s0p015_ps32_st16_tmlocal\helmholtz_variable_control\wno-style\seed-0011\result.json
helmholtz_variable_control,helmholtz_variable,control,tcno_reference,WNO-style,WNO-style [tcno-ref],19,36,8,,,,3,1,192,192,399297,33.089135300000635,0.000937475822865963,,0.028806339733530664,0.0031118183125450403,,0.2211836165971576,<LOCAL_ROOT>\tcno_icml2026_draft\generated\trainable_runs\train96_val24_test24_ep36_b8_h32_l3_m12_a1p0_s0p015_ps32_st16_tmlocal\helmholtz_variable_control\wno-style\seed-0019\result.json
helmholtz_variable_positive,helmholtz_variable,positive,tcno_reference,FNO,FNO [tcno-ref],11,36,8,,,,3,1,192,192,446753,19.88493539999763,0.017535066232085228,,0.12424605163954706,0.018910490842179595,,0.22229894418146637,<LOCAL_ROOT>\tcno_icml2026_draft\generated\trainable_runs\train96_val24_test24_ep36_b8_h32_l3_m12_a1p0_s0p015_ps32_st16_tmlocal\helmholtz_variable_positive\fno\seed-0011\result.json
helmholtz_variable_positive,helmholtz_variable,positive,tcno_reference,FNO,FNO [tcno-ref],19,36,8,,,,3,1,192,192,446753,19.858470600000146,0.015834134072065353,,0.11906691713906307,0.018338490880199468,,0.22110649720112652,<LOCAL_ROOT>\tcno_icml2026_draft\generated\trainable_runs\train96_val24_test24_ep36_b8_h32_l3_m12_a1p0_s0p015_ps32_st16_tmlocal\helmholtz_variable_positive\fno\seed-0019\result.json
helmholtz_variable_positive,helmholtz_variable,positive,tcno_reference,UNO,UNO [tcno-ref],11,36,8,,,,3,1,192,192,1195425,33.43360019999818,0.0021348719019442797,,0.04559435111490212,0.004168530287291924,,0.21991480608072447,<LOCAL_ROOT>\tcno_icml2026_draft\generated\trainable_runs\train96_val24_test24_ep36_b8_h32_l3_m12_a1p0_s0p015_ps32_st16_tmlocal\helmholtz_variable_positive\uno\seed-0011\result.json
helmholtz_variable_positive,helmholtz_variable,positive,tcno_reference,UNO,UNO [tcno-ref],19,36,8,,,,3,1,192,192,1195425,33.34946629999831,0.0015338885132223368,,0.038890164505781505,0.004446595209859017,,0.21959572730096824,<LOCAL_ROOT>\tcno_icml2026_draft\generated\trainable_runs\train96_val24_test24_ep36_b8_h32_l3_m12_a1p0_s0p015_ps32_st16_tmlocal\helmholtz_variable_positive\uno\seed-0019\result.json
helmholtz_variable_positive,helmholtz_variable,positive,tcno_reference,WNO-style,WNO-style [tcno-ref],11,36,8,,,,3,1,192,192,399297,33.249881699997786,0.009629033505916595,,0.09344503821952854,0.014372063014882136,,0.22075700698178294,<LOCAL_ROOT>\tcno_icml2026_draft\generated\trainable_runs\train96_val24_test24_ep36_b8_h32_l3_m12_a1p0_s0p015_ps32_st16_tmlocal\helmholtz_variable_positive\wno-style\seed-0011\result.json
helmholtz_variable_positive,helmholtz_variable,positive,tcno_reference,WNO-style,WNO-style [tcno-ref],19,36,8,,,,3,1,192,192,399297,33.01490120000017,0.009022368118166924,,0.09042744394539644,0.01486299287071187,,0.220447703104968,<LOCAL_ROOT>\tcno_icml2026_draft\generated\trainable_runs\train96_val24_test24_ep36_b8_h32_l3_m12_a1p0_s0p015_ps32_st16_tmlocal\helmholtz_variable_positive\wno-style\seed-0019\result.json
diffusion_neumann_control,diffusion_neumann_control,benchmark,dmno_reference,DCR-NO,DCR-NO [dmno-ref],7,120,,0.001,,,,1,,,,,1.5252129742293619e-05,,0.006029935929730175,,,,<LOCAL_ROOT>\DMNO_EXP\artifacts\benchmark_paper120\results\diffusion-neumann-control\dcr-no\seed-0007\result.json
diffusion_neumann_control,diffusion_neumann_control,benchmark,dmno_reference,DCR-NO,DCR-NO [dmno-ref],17,120,,0.001,,,,1,,,,,1.528881512058433e-05,,0.006030565160042924,,,,<LOCAL_ROOT>\DMNO_EXP\artifacts\benchmark_paper120\results\diffusion-neumann-control\dcr-no\seed-0017\result.json
diffusion_neumann_control,diffusion_neumann_control,benchmark,dmno_reference,DCR-NO,DCR-NO [dmno-ref],27,120,,0.001,,,,1,,,,,1.528224856883753e-05,,0.0060262791948756,,,,<LOCAL_ROOT>\DMNO_EXP\artifacts\benchmark_paper120\results\diffusion-neumann-control\dcr-no\seed-0027\result.json
diffusion_neumann_positive,diffusion_neumann_positive,benchmark,dmno_reference,DCR-NO,DCR-NO [dmno-ref],7,120,,0.001,,,,1,,,,,0.014316493645310402,,0.21567657297570875,,,,<LOCAL_ROOT>\DMNO_EXP\artifacts\benchmark_paper120\results\diffusion-neumann-positive\dcr-no\seed-0007\result.json
diffusion_neumann_positive,diffusion_neumann_positive,benchmark,dmno_reference,DCR-NO,DCR-NO [dmno-ref],17,120,,0.001,,,,1,,,,,0.015001625753939152,,0.21642706000492118,,,,<LOCAL_ROOT>\DMNO_EXP\artifacts\benchmark_paper120\results\diffusion-neumann-positive\dcr-no\seed-0017\result.json
diffusion_neumann_positive,diffusion_neumann_positive,benchmark,dmno_reference,DCR-NO,DCR-NO [dmno-ref],27,120,,0.001,,,,1,,,,,0.014923658221960068,,0.2207731416183404,,,,<LOCAL_ROOT>\DMNO_EXP\artifacts\benchmark_paper120\results\diffusion-neumann-positive\dcr-no\seed-0027\result.json
helmholtz_dirichlet_control,helmholtz_dirichlet_control,benchmark,dmno_reference,DCR-NO,DCR-NO [dmno-ref],7,120,,0.001,,,,1,,,,,4.172611625108402e-06,,0.002663123709260629,,,,<LOCAL_ROOT>\DMNO_EXP\artifacts\benchmark_paper120\results\helmholtz-dirichlet-control\dcr-no\seed-0007\result.json
helmholtz_dirichlet_control,helmholtz_dirichlet_control,benchmark,dmno_reference,DCR-NO,DCR-NO [dmno-ref],17,120,,0.001,,,,1,,,,,4.172611625108402e-06,,0.002663149457807328,,,,<LOCAL_ROOT>\DMNO_EXP\artifacts\benchmark_paper120\results\helmholtz-dirichlet-control\dcr-no\seed-0017\result.json
helmholtz_dirichlet_control,helmholtz_dirichlet_control,benchmark,dmno_reference,DCR-NO,DCR-NO [dmno-ref],27,120,,0.001,,,,1,,,,,4.1726102608663496e-06,,0.002662878906574425,,,,<LOCAL_ROOT>\DMNO_EXP\artifacts\benchmark_paper120\results\helmholtz-dirichlet-control\dcr-no\seed-0027\result.json
helmholtz_dirichlet_positive,helmholtz_dirichlet_positive,benchmark,dmno_reference,DCR-NO,DCR-NO [dmno-ref],7,120,,0.001,,,,1,,,,,0.203396737575531,,0.57130441880181,,,,<LOCAL_ROOT>\DMNO_EXP\artifacts\benchmark_paper120\results\helmholtz-dirichlet-positive\dcr-no\seed-0007\result.json
helmholtz_dirichlet_positive,helmholtz_dirichlet_positive,benchmark,dmno_reference,DCR-NO,DCR-NO [dmno-ref],17,120,,0.001,,,,1,,,,,0.2058219164609909,,0.5660282302829232,,,,<LOCAL_ROOT>\DMNO_EXP\artifacts\benchmark_paper120\results\helmholtz-dirichlet-positive\dcr-no\seed-0017\result.json
helmholtz_dirichlet_positive,helmholtz_dirichlet_positive,benchmark,dmno_reference,DCR-NO,DCR-NO [dmno-ref],27,120,,0.001,,,,1,,,,,0.19864079356193542,,0.5697621297925941,,,,<LOCAL_ROOT>\DMNO_EXP\artifacts\benchmark_paper120\results\helmholtz-dirichlet-positive\dcr-no\seed-0027\result.json
diffusion_neumann_control,diffusion_neumann_control,benchmark,dmno_reference,DCR-NO,DCR-NO [dmno-ref],7,120,,0.001,,,,1,,,,,1.5252129742293619e-05,,0.006029935929730175,,,,<LOCAL_ROOT>\DMNO_EXP\artifacts\benchmark_paper120_5seed_v20_36\results\diffusion-neumann-control\dcr-no\seed-0007\result.json
diffusion_neumann_control,diffusion_neumann_control,benchmark,dmno_reference,DCR-NO,DCR-NO [dmno-ref],17,120,,0.001,,,,1,,,,,1.528881512058433e-05,,0.006030565160042924,,,,<LOCAL_ROOT>\DMNO_EXP\artifacts\benchmark_paper120_5seed_v20_36\results\diffusion-neumann-control\dcr-no\seed-0017\result.json
diffusion_neumann_control,diffusion_neumann_control,benchmark,dmno_reference,DCR-NO,DCR-NO [dmno-ref],27,120,,0.001,,,,1,,,,,1.528224856883753e-05,,0.0060262791948756,,,,<LOCAL_ROOT>\DMNO_EXP\artifacts\benchmark_paper120_5seed_v20_36\results\diffusion-neumann-control\dcr-no\seed-0027\result.json
diffusion_neumann_control,diffusion_neumann_control,benchmark,dmno_reference,DCR-NO,DCR-NO [dmno-ref],37,120,,0.001,,,,1,,,,,1.5256340702762827e-05,,0.0060406023819940995,,,,<LOCAL_ROOT>\DMNO_EXP\artifacts\benchmark_paper120_5seed_v20_36\results\diffusion-neumann-control\dcr-no\seed-0037\result.json
diffusion_neumann_control,diffusion_neumann_control,benchmark,dmno_reference,DCR-NO,DCR-NO [dmno-ref],47,120,,0.001,,,,1,,,,,1.5286786947399378e-05,,0.006026077389539423,,,,<LOCAL_ROOT>\DMNO_EXP\artifacts\benchmark_paper120_5seed_v20_36\results\diffusion-neumann-control\dcr-no\seed-0047\result.json
diffusion_neumann_positive,diffusion_neumann_positive,benchmark,dmno_reference,DCR-NO,DCR-NO [dmno-ref],7,120,,0.001,,,,1,,,,,0.014316493645310402,,0.21567657297570875,,,,<LOCAL_ROOT>\DMNO_EXP\artifacts\benchmark_paper120_5seed_v20_36\results\diffusion-neumann-positive\dcr-no\seed-0007\result.json
diffusion_neumann_positive,diffusion_neumann_positive,benchmark,dmno_reference,DCR-NO,DCR-NO [dmno-ref],17,120,,0.001,,,,1,,,,,0.015001625753939152,,0.21642706000492118,,,,<LOCAL_ROOT>\DMNO_EXP\artifacts\benchmark_paper120_5seed_v20_36\results\diffusion-neumann-positive\dcr-no\seed-0017\result.json
diffusion_neumann_positive,diffusion_neumann_positive,benchmark,dmno_reference,DCR-NO,DCR-NO [dmno-ref],27,120,,0.001,,,,1,,,,,0.014923658221960068,,0.2207731416183404,,,,<LOCAL_ROOT>\DMNO_EXP\artifacts\benchmark_paper120_5seed_v20_36\results\diffusion-neumann-positive\dcr-no\seed-0027\result.json
diffusion_neumann_positive,diffusion_neumann_positive,benchmark,dmno_reference,DCR-NO,DCR-NO [dmno-ref],37,120,,0.001,,,,1,,,,,0.015126567333936691,,0.216477974443284,,,,<LOCAL_ROOT>\DMNO_EXP\artifacts\benchmark_paper120_5seed_v20_36\results\diffusion-neumann-positive\dcr-no\seed-0037\result.json
diffusion_neumann_positive,diffusion_neumann_positive,benchmark,dmno_reference,DCR-NO,DCR-NO [dmno-ref],47,120,,0.001,,,,1,,,,,0.014992445707321167,,0.22054341863210677,,,,<LOCAL_ROOT>\DMNO_EXP\artifacts\benchmark_paper120_5seed_v20_36\results\diffusion-neumann-positive\dcr-no\seed-0047\result.json
helmholtz_dirichlet_control,helmholtz_dirichlet_control,benchmark,dmno_reference,DCR-NO,DCR-NO [dmno-ref],7,120,,0.001,,,,1,,,,,4.172611625108402e-06,,0.002663123709260629,,,,<LOCAL_ROOT>\DMNO_EXP\artifacts\benchmark_paper120_5seed_v20_36\results\helmholtz-dirichlet-control\dcr-no\seed-0007\result.json
helmholtz_dirichlet_control,helmholtz_dirichlet_control,benchmark,dmno_reference,DCR-NO,DCR-NO [dmno-ref],17,120,,0.001,,,,1,,,,,4.172611625108402e-06,,0.002663149457807328,,,,<LOCAL_ROOT>\DMNO_EXP\artifacts\benchmark_paper120_5seed_v20_36\results\helmholtz-dirichlet-control\dcr-no\seed-0017\result.json
helmholtz_dirichlet_control,helmholtz_dirichlet_control,benchmark,dmno_reference,DCR-NO,DCR-NO [dmno-ref],27,120,,0.001,,,,1,,,,,4.1726102608663496e-06,,0.002662878906574425,,,,<LOCAL_ROOT>\DMNO_EXP\artifacts\benchmark_paper120_5seed_v20_36\results\helmholtz-dirichlet-control\dcr-no\seed-0027\result.json
helmholtz_dirichlet_control,helmholtz_dirichlet_control,benchmark,dmno_reference,DCR-NO,DCR-NO [dmno-ref],37,120,,0.001,,,,1,,,,,4.1726184463186655e-06,,0.002664645026408407,,,,<LOCAL_ROOT>\DMNO_EXP\artifacts\benchmark_paper120_5seed_v20_36\results\helmholtz-dirichlet-control\dcr-no\seed-0037\result.json
helmholtz_dirichlet_control,helmholtz_dirichlet_control,benchmark,dmno_reference,DCR-NO,DCR-NO [dmno-ref],47,120,,0.001,,,,1,,,,,4.172607987129595e-06,,0.002662562164408078,,,,<LOCAL_ROOT>\DMNO_EXP\artifacts\benchmark_paper120_5seed_v20_36\results\helmholtz-dirichlet-control\dcr-no\seed-0047\result.json
helmholtz_dirichlet_positive,helmholtz_dirichlet_positive,benchmark,dmno_reference,DCR-NO,DCR-NO [dmno-ref],7,120,,0.001,,,,1,,,,,0.203396737575531,,0.57130441880181,,,,<LOCAL_ROOT>\DMNO_EXP\artifacts\benchmark_paper120_5seed_v20_36\results\helmholtz-dirichlet-positive\dcr-no\seed-0007\result.json
helmholtz_dirichlet_positive,helmholtz_dirichlet_positive,benchmark,dmno_reference,DCR-NO,DCR-NO [dmno-ref],17,120,,0.001,,,,1,,,,,0.2058219164609909,,0.5660282302829232,,,,<LOCAL_ROOT>\DMNO_EXP\artifacts\benchmark_paper120_5seed_v20_36\results\helmholtz-dirichlet-positive\dcr-no\seed-0017\result.json
helmholtz_dirichlet_positive,helmholtz_dirichlet_positive,benchmark,dmno_reference,DCR-NO,DCR-NO [dmno-ref],27,120,,0.001,,,,1,,,,,0.19864079356193542,,0.5697621297925941,,,,<LOCAL_ROOT>\DMNO_EXP\artifacts\benchmark_paper120_5seed_v20_36\results\helmholtz-dirichlet-positive\dcr-no\seed-0027\result.json
helmholtz_dirichlet_positive,helmholtz_dirichlet_positive,benchmark,dmno_reference,DCR-NO,DCR-NO [dmno-ref],37,120,,0.001,,,,1,,,,,0.2026558518409729,,0.5629845784436487,,,,<LOCAL_ROOT>\DMNO_EXP\artifacts\benchmark_paper120_5seed_v20_36\results\helmholtz-dirichlet-positive\dcr-no\seed-0037\result.json
helmholtz_dirichlet_positive,helmholtz_dirichlet_positive,benchmark,dmno_reference,DCR-NO,DCR-NO [dmno-ref],47,120,,0.001,,,,1,,,,,0.20184747874736786,,0.5714275825600846,,,,<LOCAL_ROOT>\DMNO_EXP\artifacts\benchmark_paper120_5seed_v20_36\results\helmholtz-dirichlet-positive\dcr-no\seed-0047\result.json
diffusion_neumann_control,diffusion_neumann_control,convergence-extension,dmno_reference,DCR-NO,DCR-NO [dmno-ref],7,300,,0.001,,,,1,,,,,1.5259667634381913e-05,,0.006031772013114216,,,,<LOCAL_ROOT>\DMNO_EXP\artifacts\convergence_extension_convergence300\results\diffusion-neumann-control\dcr-no\seed-0007\result.json
diffusion_neumann_control,diffusion_neumann_control,convergence-extension,dmno_reference,DCR-NO,DCR-NO [dmno-ref],17,300,,0.001,,,,1,,,,,1.527144922874868e-05,,0.006030565160042924,,,,<LOCAL_ROOT>\DMNO_EXP\artifacts\convergence_extension_convergence300\results\diffusion-neumann-control\dcr-no\seed-0017\result.json
diffusion_neumann_control,diffusion_neumann_control,convergence-extension,dmno_reference,DCR-NO,DCR-NO [dmno-ref],27,300,,0.001,,,,1,,,,,1.5272997188731097e-05,,0.006028170489149145,,,,<LOCAL_ROOT>\DMNO_EXP\artifacts\convergence_extension_convergence300\results\diffusion-neumann-control\dcr-no\seed-0027\result.json
diffusion_neumann_positive,diffusion_neumann_positive,convergence-extension,dmno_reference,DCR-NO,DCR-NO [dmno-ref],7,300,,0.001,,,,1,,,,,0.014076665043830872,,0.20480377911708603,,,,<LOCAL_ROOT>\DMNO_EXP\artifacts\convergence_extension_convergence300\results\diffusion-neumann-positive\dcr-no\seed-0007\result.json
diffusion_neumann_positive,diffusion_neumann_positive,convergence-extension,dmno_reference,DCR-NO,DCR-NO [dmno-ref],17,300,,0.001,,,,1,,,,,0.014820958487689495,,0.2094948361385852,,,,<LOCAL_ROOT>\DMNO_EXP\artifacts\convergence_extension_convergence300\results\diffusion-neumann-positive\dcr-no\seed-0017\result.json
diffusion_neumann_positive,diffusion_neumann_positive,convergence-extension,dmno_reference,DCR-NO,DCR-NO [dmno-ref],27,300,,0.001,,,,1,,,,,0.014778966084122658,,0.20978893479762029,,,,<LOCAL_ROOT>\DMNO_EXP\artifacts\convergence_extension_convergence300\results\diffusion-neumann-positive\dcr-no\seed-0027\result.json
diffusion_neumann_control,diffusion_neumann_control,convergence-extension,dmno_reference,DCR-NO,DCR-NO [dmno-ref],7,300,,0.001,,,,1,,,,,1.5259667634381913e-05,,0.006031772013114216,,,,<LOCAL_ROOT>\DMNO_EXP\artifacts\convergence_extension_convergence300_v20_36\results\diffusion-neumann-control\dcr-no\seed-0007\result.json
diffusion_neumann_control,diffusion_neumann_control,convergence-extension,dmno_reference,DCR-NO,DCR-NO [dmno-ref],17,300,,0.001,,,,1,,,,,1.527144922874868e-05,,0.006030565160042924,,,,<LOCAL_ROOT>\DMNO_EXP\artifacts\convergence_extension_convergence300_v20_36\results\diffusion-neumann-control\dcr-no\seed-0017\result.json
diffusion_neumann_control,diffusion_neumann_control,convergence-extension,dmno_reference,DCR-NO,DCR-NO [dmno-ref],27,300,,0.001,,,,1,,,,,1.5272997188731097e-05,,0.006028170489149145,,,,<LOCAL_ROOT>\DMNO_EXP\artifacts\convergence_extension_convergence300_v20_36\results\diffusion-neumann-control\dcr-no\seed-0027\result.json
diffusion_neumann_positive,diffusion_neumann_positive,convergence-extension,dmno_reference,DCR-NO,DCR-NO [dmno-ref],7,300,,0.001,,,,1,,,,,0.014076665043830872,,0.20480377911708603,,,,<LOCAL_ROOT>\DMNO_EXP\artifacts\convergence_extension_convergence300_v20_36\results\diffusion-neumann-positive\dcr-no\seed-0007\result.json
diffusion_neumann_positive,diffusion_neumann_positive,convergence-extension,dmno_reference,DCR-NO,DCR-NO [dmno-ref],17,300,,0.001,,,,1,,,,,0.014820958487689495,,0.2094948361385852,,,,<LOCAL_ROOT>\DMNO_EXP\artifacts\convergence_extension_convergence300_v20_36\results\diffusion-neumann-positive\dcr-no\seed-0017\result.json
diffusion_neumann_positive,diffusion_neumann_positive,convergence-extension,dmno_reference,DCR-NO,DCR-NO [dmno-ref],27,300,,0.001,,,,1,,,,,0.014778966084122658,,0.20978893479762029,,,,<LOCAL_ROOT>\DMNO_EXP\artifacts\convergence_extension_convergence300_v20_36\results\diffusion-neumann-positive\dcr-no\seed-0027\result.json
diffusion_neumann_control,diffusion_neumann_control,benchmark,dmno_reference,DCR-NO,DCR-NO [dmno-ref],7,120,,0.001,,,,1,,,,,1.5252129742293619e-05,,0.006029935929730175,,,,<LOCAL_ROOT>\DMNO_EXP\artifacts\plugin_pilot120\results\diffusion-neumann-control\dcr-no\seed-0007\result.json
diffusion_neumann_positive,diffusion_neumann_positive,benchmark,dmno_reference,DCR-NO,DCR-NO [dmno-ref],7,120,,0.001,,,,1,,,,,0.014316493645310402,,0.21567657297570875,,,,<LOCAL_ROOT>\DMNO_EXP\artifacts\plugin_pilot120\results\diffusion-neumann-positive\dcr-no\seed-0007\result.json
diffusion_neumann_control,diffusion_neumann_control,tau0-ablation,dmno_reference,DCR-NO,DCR-NO [dmno-ref],7,120,,0.001,,,,1,,,,,1.5253511264745612e-05,,0.006029493965540768,,,,<LOCAL_ROOT>\DMNO_EXP\artifacts\tau0_ablation_paper120\results\diffusion-neumann-control\dcr-no-tau0-0\seed-0007\result.json
diffusion_neumann_control,diffusion_neumann_control,tau0-ablation,dmno_reference,DCR-NO,DCR-NO [dmno-ref],17,120,,0.001,,,,1,,,,,1.528881512058433e-05,,0.006030565160042924,,,,<LOCAL_ROOT>\DMNO_EXP\artifacts\tau0_ablation_paper120\results\diffusion-neumann-control\dcr-no-tau0-0\seed-0017\result.json
diffusion_neumann_control,diffusion_neumann_control,tau0-ablation,dmno_reference,DCR-NO,DCR-NO [dmno-ref],27,120,,0.001,,,,1,,,,,1.528224856883753e-05,,0.0060262791948756,,,,<LOCAL_ROOT>\DMNO_EXP\artifacts\tau0_ablation_paper120\results\diffusion-neumann-control\dcr-no-tau0-0\seed-0027\result.json
diffusion_neumann_control,diffusion_neumann_control,tau0-ablation,dmno_reference,DCR-NO,DCR-NO [dmno-ref],7,120,,0.001,,,,1,,,,,1.525233074062271e-05,,0.006029932793964513,,,,<LOCAL_ROOT>\DMNO_EXP\artifacts\tau0_ablation_paper120\results\diffusion-neumann-control\dcr-no-tau0-0-1\seed-0007\result.json
diffusion_neumann_control,diffusion_neumann_control,tau0-ablation,dmno_reference,DCR-NO,DCR-NO [dmno-ref],17,120,,0.001,,,,1,,,,,1.5289273505914025e-05,,0.006030570106645763,,,,<LOCAL_ROOT>\DMNO_EXP\artifacts\tau0_ablation_paper120\results\diffusion-neumann-control\dcr-no-tau0-0-1\seed-0017\result.json
diffusion_neumann_control,diffusion_neumann_control,tau0-ablation,dmno_reference,DCR-NO,DCR-NO [dmno-ref],27,120,,0.001,,,,1,,,,,1.5282450476661325e-05,,0.0060262858900697385,,,,<LOCAL_ROOT>\DMNO_EXP\artifacts\tau0_ablation_paper120\results\diffusion-neumann-control\dcr-no-tau0-0-1\seed-0027\result.json
diffusion_neumann_control,diffusion_neumann_control,tau0-ablation,dmno_reference,DCR-NO,DCR-NO [dmno-ref],7,120,,0.001,,,,1,,,,,1.525414609204745e-05,,0.006030152921249823,,,,<LOCAL_ROOT>\DMNO_EXP\artifacts\tau0_ablation_paper120\results\diffusion-neumann-control\dcr-no-tau0-0-3\seed-0007\result.json
diffusion_neumann_control,diffusion_neumann_control,tau0-ablation,dmno_reference,DCR-NO,DCR-NO [dmno-ref],17,120,,0.001,,,,1,,,,,1.5290821465896443e-05,,0.00603077300661279,,,,<LOCAL_ROOT>\DMNO_EXP\artifacts\tau0_ablation_paper120\results\diffusion-neumann-control\dcr-no-tau0-0-3\seed-0017\result.json
diffusion_neumann_control,diffusion_neumann_control,tau0-ablation,dmno_reference,DCR-NO,DCR-NO [dmno-ref],27,120,,0.001,,,,1,,,,,1.528426400909666e-05,,0.006026540067998857,,,,<LOCAL_ROOT>\DMNO_EXP\artifacts\tau0_ablation_paper120\results\diffusion-neumann-control\dcr-no-tau0-0-3\seed-0027\result.json
diffusion_neumann_control,diffusion_neumann_control,tau0-ablation,dmno_reference,DCR-NO,DCR-NO [dmno-ref],7,120,,0.001,,,,1,,,,,1.526196501799859e-05,,0.0060299248979413765,,,,<LOCAL_ROOT>\DMNO_EXP\artifacts\tau0_ablation_paper120\results\diffusion-neumann-control\dcr-no-tau0-1\seed-0007\result.json
diffusion_neumann_control,diffusion_neumann_control,tau0-ablation,dmno_reference,DCR-NO,DCR-NO [dmno-ref],17,120,,0.001,,,,1,,,,,1.529734618088696e-05,,0.006030954936087418,,,,<LOCAL_ROOT>\DMNO_EXP\artifacts\tau0_ablation_paper120\results\diffusion-neumann-control\dcr-no-tau0-1\seed-0017\result.json
diffusion_neumann_control,diffusion_neumann_control,tau0-ablation,dmno_reference,DCR-NO,DCR-NO [dmno-ref],27,120,,0.001,,,,1,,,,,1.529078508610837e-05,,0.006027591655572453,,,,<LOCAL_ROOT>\DMNO_EXP\artifacts\tau0_ablation_paper120\results\diffusion-neumann-control\dcr-no-tau0-1\seed-0027\result.json
diffusion_neumann_control,diffusion_neumann_control,tau0-ablation,dmno_reference,DCR-NO,DCR-NO [dmno-ref],7,120,,0.001,,,,1,,,,,1.5307818102883175e-05,,0.006051251427620125,,,,<LOCAL_ROOT>\DMNO_EXP\artifacts\tau0_ablation_paper120\results\diffusion-neumann-control\dcr-no-tau0-3\seed-0007\result.json
diffusion_neumann_control,diffusion_neumann_control,tau0-ablation,dmno_reference,DCR-NO,DCR-NO [dmno-ref],17,120,,0.001,,,,1,,,,,1.534485818410758e-05,,0.006057031698513882,,,,<LOCAL_ROOT>\DMNO_EXP\artifacts\tau0_ablation_paper120\results\diffusion-neumann-control\dcr-no-tau0-3\seed-0017\result.json
diffusion_neumann_control,diffusion_neumann_control,tau0-ablation,dmno_reference,DCR-NO,DCR-NO [dmno-ref],27,120,,0.001,,,,1,,,,,1.5338286175392568e-05,,0.006050367914250467,,,,<LOCAL_ROOT>\DMNO_EXP\artifacts\tau0_ablation_paper120\results\diffusion-neumann-control\dcr-no-tau0-3\seed-0027\result.json
diffusion_neumann_positive,diffusion_neumann_positive,tau0-ablation,dmno_reference,DCR-NO,DCR-NO [dmno-ref],7,120,,0.001,,,,1,,,,,0.014316493645310402,,0.21567657297570875,,,,<LOCAL_ROOT>\DMNO_EXP\artifacts\tau0_ablation_paper120\results\diffusion-neumann-positive\dcr-no-tau0-0\seed-0007\result.json
diffusion_neumann_positive,diffusion_neumann_positive,tau0-ablation,dmno_reference,DCR-NO,DCR-NO [dmno-ref],17,120,,0.001,,,,1,,,,,0.015001625753939152,,0.21642706000492118,,,,<LOCAL_ROOT>\DMNO_EXP\artifacts\tau0_ablation_paper120\results\diffusion-neumann-positive\dcr-no-tau0-0\seed-0017\result.json
diffusion_neumann_positive,diffusion_neumann_positive,tau0-ablation,dmno_reference,DCR-NO,DCR-NO [dmno-ref],27,120,,0.001,,,,1,,,,,0.014923658221960068,,0.2207731416183404,,,,<LOCAL_ROOT>\DMNO_EXP\artifacts\tau0_ablation_paper120\results\diffusion-neumann-positive\dcr-no-tau0-0\seed-0027\result.json
diffusion_neumann_positive,diffusion_neumann_positive,tau0-ablation,dmno_reference,DCR-NO,DCR-NO [dmno-ref],7,120,,0.001,,,,1,,,,,0.014340370893478394,,0.21541884457692695,,,,<LOCAL_ROOT>\DMNO_EXP\artifacts\tau0_ablation_paper120\results\diffusion-neumann-positive\dcr-no-tau0-0-1\seed-0007\result.json
diffusion_neumann_positive,diffusion_neumann_positive,tau0-ablation,dmno_reference,DCR-NO,DCR-NO [dmno-ref],17,120,,0.001,,,,1,,,,,0.015140275470912457,,0.2189272649661417,,,,<LOCAL_ROOT>\DMNO_EXP\artifacts\tau0_ablation_paper120\results\diffusion-neumann-positive\dcr-no-tau0-0-1\seed-0017\result.json
diffusion_neumann_positive,diffusion_neumann_positive,tau0-ablation,dmno_reference,DCR-NO,DCR-NO [dmno-ref],27,120,,0.001,,,,1,,,,,0.015026547014713287,,0.22013896120684803,,,,<LOCAL_ROOT>\DMNO_EXP\artifacts\tau0_ablation_paper120\results\diffusion-neumann-positive\dcr-no-tau0-0-1\seed-0027\result.json
diffusion_neumann_positive,diffusion_neumann_positive,tau0-ablation,dmno_reference,DCR-NO,DCR-NO [dmno-ref],7,120,,0.001,,,,1,,,,,0.014467618428170681,,0.21580244556576775,,,,<LOCAL_ROOT>\DMNO_EXP\artifacts\tau0_ablation_paper120\results\diffusion-neumann-positive\dcr-no-tau0-0-3\seed-0007\result.json
diffusion_neumann_positive,diffusion_neumann_positive,tau0-ablation,dmno_reference,DCR-NO,DCR-NO [dmno-ref],17,120,,0.001,,,,1,,,,,0.015066715888679028,,0.21635154259558867,,,,<LOCAL_ROOT>\DMNO_EXP\artifacts\tau0_ablation_paper120\results\diffusion-neumann-positive\dcr-no-tau0-0-3\seed-0017\result.json
diffusion_neumann_positive,diffusion_neumann_positive,tau0-ablation,dmno_reference,DCR-NO,DCR-NO [dmno-ref],27,120,,0.001,,,,1,,,,,0.01499454490840435,,0.21935627708969876,,,,<LOCAL_ROOT>\DMNO_EXP\artifacts\tau0_ablation_paper120\results\diffusion-neumann-positive\dcr-no-tau0-0-3\seed-0027\result.json
diffusion_neumann_positive,diffusion_neumann_positive,tau0-ablation,dmno_reference,DCR-NO,DCR-NO [dmno-ref],7,120,,0.001,,,,1,,,,,0.014483501203358173,,0.2166499944038132,,,,<LOCAL_ROOT>\DMNO_EXP\artifacts\tau0_ablation_paper120\results\diffusion-neumann-positive\dcr-no-tau0-1\seed-0007\result.json
diffusion_neumann_positive,diffusion_neumann_positive,tau0-ablation,dmno_reference,DCR-NO,DCR-NO [dmno-ref],17,120,,0.001,,,,1,,,,,0.015176122076809406,,0.2202791036648204,,,,<LOCAL_ROOT>\DMNO_EXP\artifacts\tau0_ablation_paper120\results\diffusion-neumann-positive\dcr-no-tau0-1\seed-0017\result.json
diffusion_neumann_positive,diffusion_neumann_positive,tau0-ablation,dmno_reference,DCR-NO,DCR-NO [dmno-ref],27,120,,0.001,,,,1,,,,,0.0149611234664917,,0.21815936697902652,,,,<LOCAL_ROOT>\DMNO_EXP\artifacts\tau0_ablation_paper120\results\diffusion-neumann-positive\dcr-no-tau0-1\seed-0027\result.json
diffusion_neumann_positive,diffusion_neumann_positive,tau0-ablation,dmno_reference,DCR-NO,DCR-NO [dmno-ref],7,120,,0.001,,,,1,,,,,0.014870001934468746,,0.21896660423450168,,,,<LOCAL_ROOT>\DMNO_EXP\artifacts\tau0_ablation_paper120\results\diffusion-neumann-positive\dcr-no-tau0-3\seed-0007\result.json
diffusion_neumann_positive,diffusion_neumann_positive,tau0-ablation,dmno_reference,DCR-NO,DCR-NO [dmno-ref],17,120,,0.001,,,,1,,,,,0.015214558690786362,,0.2201630801699709,,,,<LOCAL_ROOT>\DMNO_EXP\artifacts\tau0_ablation_paper120\results\diffusion-neumann-positive\dcr-no-tau0-3\seed-0017\result.json
diffusion_neumann_positive,diffusion_neumann_positive,tau0-ablation,dmno_reference,DCR-NO,DCR-NO [dmno-ref],27,120,,0.001,,,,1,,,,,0.015162439085543156,,0.22016029135366919,,,,<LOCAL_ROOT>\DMNO_EXP\artifacts\tau0_ablation_paper120\results\diffusion-neumann-positive\dcr-no-tau0-3\seed-0027\result.json
helmholtz_dirichlet_control,helmholtz_dirichlet_control,tau0-ablation,dmno_reference,DCR-NO,DCR-NO [dmno-ref],7,120,,0.001,,,,1,,,,,4.172611625108402e-06,,0.002663123709260629,,,,<LOCAL_ROOT>\DMNO_EXP\artifacts\tau0_ablation_paper120\results\helmholtz-dirichlet-control\dcr-no-tau0-0\seed-0007\result.json
helmholtz_dirichlet_control,helmholtz_dirichlet_control,tau0-ablation,dmno_reference,DCR-NO,DCR-NO [dmno-ref],17,120,,0.001,,,,1,,,,,4.172611625108402e-06,,0.002663149457807328,,,,<LOCAL_ROOT>\DMNO_EXP\artifacts\tau0_ablation_paper120\results\helmholtz-dirichlet-control\dcr-no-tau0-0\seed-0017\result.json
helmholtz_dirichlet_control,helmholtz_dirichlet_control,tau0-ablation,dmno_reference,DCR-NO,DCR-NO [dmno-ref],27,120,,0.001,,,,1,,,,,4.1726102608663496e-06,,0.002662878906574425,,,,<LOCAL_ROOT>\DMNO_EXP\artifacts\tau0_ablation_paper120\results\helmholtz-dirichlet-control\dcr-no-tau0-0\seed-0027\result.json
helmholtz_dirichlet_control,helmholtz_dirichlet_control,tau0-ablation,dmno_reference,DCR-NO,DCR-NO [dmno-ref],7,120,,0.001,,,,1,,,,,4.172611625108402e-06,,0.002663123709260629,,,,<LOCAL_ROOT>\DMNO_EXP\artifacts\tau0_ablation_paper120\results\helmholtz-dirichlet-control\dcr-no-tau0-0-1\seed-0007\result.json
helmholtz_dirichlet_control,helmholtz_dirichlet_control,tau0-ablation,dmno_reference,DCR-NO,DCR-NO [dmno-ref],17,120,,0.001,,,,1,,,,,4.172611625108402e-06,,0.002663149457807328,,,,<LOCAL_ROOT>\DMNO_EXP\artifacts\tau0_ablation_paper120\results\helmholtz-dirichlet-control\dcr-no-tau0-0-1\seed-0017\result.json
helmholtz_dirichlet_control,helmholtz_dirichlet_control,tau0-ablation,dmno_reference,DCR-NO,DCR-NO [dmno-ref],27,120,,0.001,,,,1,,,,,4.1726102608663496e-06,,0.002662878906574425,,,,<LOCAL_ROOT>\DMNO_EXP\artifacts\tau0_ablation_paper120\results\helmholtz-dirichlet-control\dcr-no-tau0-0-1\seed-0027\result.json
helmholtz_dirichlet_control,helmholtz_dirichlet_control,tau0-ablation,dmno_reference,DCR-NO,DCR-NO [dmno-ref],7,120,,0.001,,,,1,,,,,4.172611625108402e-06,,0.002663123709260629,,,,<LOCAL_ROOT>\DMNO_EXP\artifacts\tau0_ablation_paper120\results\helmholtz-dirichlet-control\dcr-no-tau0-0-3\seed-0007\result.json
helmholtz_dirichlet_control,helmholtz_dirichlet_control,tau0-ablation,dmno_reference,DCR-NO,DCR-NO [dmno-ref],17,120,,0.001,,,,1,,,,,4.172611625108402e-06,,0.002663149457807328,,,,<LOCAL_ROOT>\DMNO_EXP\artifacts\tau0_ablation_paper120\results\helmholtz-dirichlet-control\dcr-no-tau0-0-3\seed-0017\result.json
helmholtz_dirichlet_control,helmholtz_dirichlet_control,tau0-ablation,dmno_reference,DCR-NO,DCR-NO [dmno-ref],27,120,,0.001,,,,1,,,,,4.1726102608663496e-06,,0.002662878906574425,,,,<LOCAL_ROOT>\DMNO_EXP\artifacts\tau0_ablation_paper120\results\helmholtz-dirichlet-control\dcr-no-tau0-0-3\seed-0027\result.json
helmholtz_dirichlet_control,helmholtz_dirichlet_control,tau0-ablation,dmno_reference,DCR-NO,DCR-NO [dmno-ref],7,120,,0.001,,,,1,,,,,4.172611625108402e-06,,0.002663123709260629,,,,<LOCAL_ROOT>\DMNO_EXP\artifacts\tau0_ablation_paper120\results\helmholtz-dirichlet-control\dcr-no-tau0-1\seed-0007\result.json
helmholtz_dirichlet_control,helmholtz_dirichlet_control,tau0-ablation,dmno_reference,DCR-NO,DCR-NO [dmno-ref],17,120,,0.001,,,,1,,,,,4.172611625108402e-06,,0.002663149457807328,,,,<LOCAL_ROOT>\DMNO_EXP\artifacts\tau0_ablation_paper120\results\helmholtz-dirichlet-control\dcr-no-tau0-1\seed-0017\result.json
helmholtz_dirichlet_control,helmholtz_dirichlet_control,tau0-ablation,dmno_reference,DCR-NO,DCR-NO [dmno-ref],27,120,,0.001,,,,1,,,,,4.1726102608663496e-06,,0.002662878906574425,,,,<LOCAL_ROOT>\DMNO_EXP\artifacts\tau0_ablation_paper120\results\helmholtz-dirichlet-control\dcr-no-tau0-1\seed-0027\result.json
helmholtz_dirichlet_control,helmholtz_dirichlet_control,tau0-ablation,dmno_reference,DCR-NO,DCR-NO [dmno-ref],7,120,,0.001,,,,1,,,,,4.172611625108402e-06,,0.002663123709260629,,,,<LOCAL_ROOT>\DMNO_EXP\artifacts\tau0_ablation_paper120\results\helmholtz-dirichlet-control\dcr-no-tau0-3\seed-0007\result.json
helmholtz_dirichlet_control,helmholtz_dirichlet_control,tau0-ablation,dmno_reference,DCR-NO,DCR-NO [dmno-ref],17,120,,0.001,,,,1,,,,,4.172611625108402e-06,,0.002663149457807328,,,,<LOCAL_ROOT>\DMNO_EXP\artifacts\tau0_ablation_paper120\results\helmholtz-dirichlet-control\dcr-no-tau0-3\seed-0017\result.json
helmholtz_dirichlet_control,helmholtz_dirichlet_control,tau0-ablation,dmno_reference,DCR-NO,DCR-NO [dmno-ref],27,120,,0.001,,,,1,,,,,4.1726102608663496e-06,,0.002662878906574425,,,,<LOCAL_ROOT>\DMNO_EXP\artifacts\tau0_ablation_paper120\results\helmholtz-dirichlet-control\dcr-no-tau0-3\seed-0027\result.json
helmholtz_dirichlet_positive,helmholtz_dirichlet_positive,tau0-ablation,dmno_reference,DCR-NO,DCR-NO [dmno-ref],7,120,,0.001,,,,1,,,,,0.203396737575531,,0.57130441880181,,,,<LOCAL_ROOT>\DMNO_EXP\artifacts\tau0_ablation_paper120\results\helmholtz-dirichlet-positive\dcr-no-tau0-0\seed-0007\result.json
helmholtz_dirichlet_positive,helmholtz_dirichlet_positive,tau0-ablation,dmno_reference,DCR-NO,DCR-NO [dmno-ref],17,120,,0.001,,,,1,,,,,0.2058219164609909,,0.5660282302829232,,,,<LOCAL_ROOT>\DMNO_EXP\artifacts\tau0_ablation_paper120\results\helmholtz-dirichlet-positive\dcr-no-tau0-0\seed-0017\result.json
helmholtz_dirichlet_positive,helmholtz_dirichlet_positive,tau0-ablation,dmno_reference,DCR-NO,DCR-NO [dmno-ref],27,120,,0.001,,,,1,,,,,0.19864079356193542,,0.5697621297925941,,,,<LOCAL_ROOT>\DMNO_EXP\artifacts\tau0_ablation_paper120\results\helmholtz-dirichlet-positive\dcr-no-tau0-0\seed-0027\result.json
helmholtz_dirichlet_positive,helmholtz_dirichlet_positive,tau0-ablation,dmno_reference,DCR-NO,DCR-NO [dmno-ref],7,120,,0.001,,,,1,,,,,0.20338448882102966,,0.5713150124774601,,,,<LOCAL_ROOT>\DMNO_EXP\artifacts\tau0_ablation_paper120\results\helmholtz-dirichlet-positive\dcr-no-tau0-0-1\seed-0007\result.json
helmholtz_dirichlet_positive,helmholtz_dirichlet_positive,tau0-ablation,dmno_reference,DCR-NO,DCR-NO [dmno-ref],17,120,,0.001,,,,1,,,,,0.20582303404808044,,0.5660303287160251,,,,<LOCAL_ROOT>\DMNO_EXP\artifacts\tau0_ablation_paper120\results\helmholtz-dirichlet-positive\dcr-no-tau0-0-1\seed-0017\result.json
helmholtz_dirichlet_positive,helmholtz_dirichlet_positive,tau0-ablation,dmno_reference,DCR-NO,DCR-NO [dmno-ref],27,120,,0.001,,,,1,,,,,0.19864575564861298,,0.5697556006778335,,,,<LOCAL_ROOT>\DMNO_EXP\artifacts\tau0_ablation_paper120\results\helmholtz-dirichlet-positive\dcr-no-tau0-0-1\seed-0027\result.json
helmholtz_dirichlet_positive,helmholtz_dirichlet_positive,tau0-ablation,dmno_reference,DCR-NO,DCR-NO [dmno-ref],7,120,,0.001,,,,1,,,,,0.2033802717924118,,0.5713270687791625,,,,<LOCAL_ROOT>\DMNO_EXP\artifacts\tau0_ablation_paper120\results\helmholtz-dirichlet-positive\dcr-no-tau0-0-3\seed-0007\result.json
helmholtz_dirichlet_positive,helmholtz_dirichlet_positive,tau0-ablation,dmno_reference,DCR-NO,DCR-NO [dmno-ref],17,120,,0.001,,,,1,,,,,0.20582793653011322,,0.5660304465259581,,,,<LOCAL_ROOT>\DMNO_EXP\artifacts\tau0_ablation_paper120\results\helmholtz-dirichlet-positive\dcr-no-tau0-0-3\seed-0017\result.json
helmholtz_dirichlet_positive,helmholtz_dirichlet_positive,tau0-ablation,dmno_reference,DCR-NO,DCR-NO [dmno-ref],27,120,,0.001,,,,1,,,,,0.19859854876995087,,0.5697794954021206,,,,<LOCAL_ROOT>\DMNO_EXP\artifacts\tau0_ablation_paper120\results\helmholtz-dirichlet-positive\dcr-no-tau0-0-3\seed-0027\result.json
helmholtz_dirichlet_positive,helmholtz_dirichlet_positive,tau0-ablation,dmno_reference,DCR-NO,DCR-NO [dmno-ref],7,120,,0.001,,,,1,,,,,0.20335052907466888,,0.5713322929862552,,,,<LOCAL_ROOT>\DMNO_EXP\artifacts\tau0_ablation_paper120\results\helmholtz-dirichlet-positive\dcr-no-tau0-1\seed-0007\result.json
helmholtz_dirichlet_positive,helmholtz_dirichlet_positive,tau0-ablation,dmno_reference,DCR-NO,DCR-NO [dmno-ref],17,120,,0.001,,,,1,,,,,0.205905020236969,,0.5660134235214446,,,,<LOCAL_ROOT>\DMNO_EXP\artifacts\tau0_ablation_paper120\results\helmholtz-dirichlet-positive\dcr-no-tau0-1\seed-0017\result.json
helmholtz_dirichlet_positive,helmholtz_dirichlet_positive,tau0-ablation,dmno_reference,DCR-NO,DCR-NO [dmno-ref],27,120,,0.001,,,,1,,,,,0.1984807252883911,,0.5698154169267254,,,,<LOCAL_ROOT>\DMNO_EXP\artifacts\tau0_ablation_paper120\results\helmholtz-dirichlet-positive\dcr-no-tau0-1\seed-0027\result.json
helmholtz_dirichlet_positive,helmholtz_dirichlet_positive,tau0-ablation,dmno_reference,DCR-NO,DCR-NO [dmno-ref],7,120,,0.001,,,,1,,,,,0.20333027839660645,,0.5645640140491608,,,,<LOCAL_ROOT>\DMNO_EXP\artifacts\tau0_ablation_paper120\results\helmholtz-dirichlet-positive\dcr-no-tau0-3\seed-0007\result.json
helmholtz_dirichlet_positive,helmholtz_dirichlet_positive,tau0-ablation,dmno_reference,DCR-NO,DCR-NO [dmno-ref],17,120,,0.001,,,,1,,,,,0.20597361028194427,,0.565996755693304,,,,<LOCAL_ROOT>\DMNO_EXP\artifacts\tau0_ablation_paper120\results\helmholtz-dirichlet-positive\dcr-no-tau0-3\seed-0017\result.json
helmholtz_dirichlet_positive,helmholtz_dirichlet_positive,tau0-ablation,dmno_reference,DCR-NO,DCR-NO [dmno-ref],27,120,,0.001,,,,1,,,,,0.19828692078590393,,0.5699602350631116,,,,<LOCAL_ROOT>\DMNO_EXP\artifacts\tau0_ablation_paper120\results\helmholtz-dirichlet-positive\dcr-no-tau0-3\seed-0027\result.json
diffusion_neumann_control,diffusion_neumann_control,tau0-ablation,dmno_reference,DCR-NO,DCR-NO [dmno-ref],7,120,,0.001,,,,1,,,,,1.5253511264745612e-05,,0.006029493965540768,,,,<LOCAL_ROOT>\DMNO_EXP\artifacts\tau0_ablation_paper120_v20_36\results\diffusion-neumann-control\dcr-no-tau0-0\seed-0007\result.json
diffusion_neumann_control,diffusion_neumann_control,tau0-ablation,dmno_reference,DCR-NO,DCR-NO [dmno-ref],17,120,,0.001,,,,1,,,,,1.528881512058433e-05,,0.006030565160042924,,,,<LOCAL_ROOT>\DMNO_EXP\artifacts\tau0_ablation_paper120_v20_36\results\diffusion-neumann-control\dcr-no-tau0-0\seed-0017\result.json
diffusion_neumann_control,diffusion_neumann_control,tau0-ablation,dmno_reference,DCR-NO,DCR-NO [dmno-ref],27,120,,0.001,,,,1,,,,,1.528224856883753e-05,,0.0060262791948756,,,,<LOCAL_ROOT>\DMNO_EXP\artifacts\tau0_ablation_paper120_v20_36\results\diffusion-neumann-control\dcr-no-tau0-0\seed-0027\result.json
diffusion_neumann_control,diffusion_neumann_control,tau0-ablation,dmno_reference,DCR-NO,DCR-NO [dmno-ref],7,120,,0.001,,,,1,,,,,1.525233074062271e-05,,0.006029932793964513,,,,<LOCAL_ROOT>\DMNO_EXP\artifacts\tau0_ablation_paper120_v20_36\results\diffusion-neumann-control\dcr-no-tau0-0-1\seed-0007\result.json
diffusion_neumann_control,diffusion_neumann_control,tau0-ablation,dmno_reference,DCR-NO,DCR-NO [dmno-ref],17,120,,0.001,,,,1,,,,,1.5289273505914025e-05,,0.006030570106645763,,,,<LOCAL_ROOT>\DMNO_EXP\artifacts\tau0_ablation_paper120_v20_36\results\diffusion-neumann-control\dcr-no-tau0-0-1\seed-0017\result.json
diffusion_neumann_control,diffusion_neumann_control,tau0-ablation,dmno_reference,DCR-NO,DCR-NO [dmno-ref],27,120,,0.001,,,,1,,,,,1.5282450476661325e-05,,0.0060262858900697385,,,,<LOCAL_ROOT>\DMNO_EXP\artifacts\tau0_ablation_paper120_v20_36\results\diffusion-neumann-control\dcr-no-tau0-0-1\seed-0027\result.json
diffusion_neumann_control,diffusion_neumann_control,tau0-ablation,dmno_reference,DCR-NO,DCR-NO [dmno-ref],7,120,,0.001,,,,1,,,,,1.525414609204745e-05,,0.006030152921249823,,,,<LOCAL_ROOT>\DMNO_EXP\artifacts\tau0_ablation_paper120_v20_36\results\diffusion-neumann-control\dcr-no-tau0-0-3\seed-0007\result.json
diffusion_neumann_control,diffusion_neumann_control,tau0-ablation,dmno_reference,DCR-NO,DCR-NO [dmno-ref],17,120,,0.001,,,,1,,,,,1.5290821465896443e-05,,0.00603077300661279,,,,<LOCAL_ROOT>\DMNO_EXP\artifacts\tau0_ablation_paper120_v20_36\results\diffusion-neumann-control\dcr-no-tau0-0-3\seed-0017\result.json
diffusion_neumann_control,diffusion_neumann_control,tau0-ablation,dmno_reference,DCR-NO,DCR-NO [dmno-ref],27,120,,0.001,,,,1,,,,,1.528426400909666e-05,,0.006026540067998857,,,,<LOCAL_ROOT>\DMNO_EXP\artifacts\tau0_ablation_paper120_v20_36\results\diffusion-neumann-control\dcr-no-tau0-0-3\seed-0027\result.json
diffusion_neumann_control,diffusion_neumann_control,tau0-ablation,dmno_reference,DCR-NO,DCR-NO [dmno-ref],7,120,,0.001,,,,1,,,,,1.526196501799859e-05,,0.0060299248979413765,,,,<LOCAL_ROOT>\DMNO_EXP\artifacts\tau0_ablation_paper120_v20_36\results\diffusion-neumann-control\dcr-no-tau0-1\seed-0007\result.json
diffusion_neumann_control,diffusion_neumann_control,tau0-ablation,dmno_reference,DCR-NO,DCR-NO [dmno-ref],17,120,,0.001,,,,1,,,,,1.529734618088696e-05,,0.006030954936087418,,,,<LOCAL_ROOT>\DMNO_EXP\artifacts\tau0_ablation_paper120_v20_36\results\diffusion-neumann-control\dcr-no-tau0-1\seed-0017\result.json
diffusion_neumann_control,diffusion_neumann_control,tau0-ablation,dmno_reference,DCR-NO,DCR-NO [dmno-ref],27,120,,0.001,,,,1,,,,,1.529078508610837e-05,,0.006027591655572453,,,,<LOCAL_ROOT>\DMNO_EXP\artifacts\tau0_ablation_paper120_v20_36\results\diffusion-neumann-control\dcr-no-tau0-1\seed-0027\result.json
diffusion_neumann_control,diffusion_neumann_control,tau0-ablation,dmno_reference,DCR-NO,DCR-NO [dmno-ref],7,120,,0.001,,,,1,,,,,1.5307818102883175e-05,,0.006051251427620125,,,,<LOCAL_ROOT>\DMNO_EXP\artifacts\tau0_ablation_paper120_v20_36\results\diffusion-neumann-control\dcr-no-tau0-3\seed-0007\result.json
diffusion_neumann_control,diffusion_neumann_control,tau0-ablation,dmno_reference,DCR-NO,DCR-NO [dmno-ref],17,120,,0.001,,,,1,,,,,1.534485818410758e-05,,0.006057031698513882,,,,<LOCAL_ROOT>\DMNO_EXP\artifacts\tau0_ablation_paper120_v20_36\results\diffusion-neumann-control\dcr-no-tau0-3\seed-0017\result.json
diffusion_neumann_control,diffusion_neumann_control,tau0-ablation,dmno_reference,DCR-NO,DCR-NO [dmno-ref],27,120,,0.001,,,,1,,,,,1.5338286175392568e-05,,0.006050367914250467,,,,<LOCAL_ROOT>\DMNO_EXP\artifacts\tau0_ablation_paper120_v20_36\results\diffusion-neumann-control\dcr-no-tau0-3\seed-0027\result.json
diffusion_neumann_positive,diffusion_neumann_positive,tau0-ablation,dmno_reference,DCR-NO,DCR-NO [dmno-ref],7,120,,0.001,,,,1,,,,,0.014316493645310402,,0.21567657297570875,,,,<LOCAL_ROOT>\DMNO_EXP\artifacts\tau0_ablation_paper120_v20_36\results\diffusion-neumann-positive\dcr-no-tau0-0\seed-0007\result.json
diffusion_neumann_positive,diffusion_neumann_positive,tau0-ablation,dmno_reference,DCR-NO,DCR-NO [dmno-ref],17,120,,0.001,,,,1,,,,,0.015001625753939152,,0.21642706000492118,,,,<LOCAL_ROOT>\DMNO_EXP\artifacts\tau0_ablation_paper120_v20_36\results\diffusion-neumann-positive\dcr-no-tau0-0\seed-0017\result.json
diffusion_neumann_positive,diffusion_neumann_positive,tau0-ablation,dmno_reference,DCR-NO,DCR-NO [dmno-ref],27,120,,0.001,,,,1,,,,,0.014923658221960068,,0.2207731416183404,,,,<LOCAL_ROOT>\DMNO_EXP\artifacts\tau0_ablation_paper120_v20_36\results\diffusion-neumann-positive\dcr-no-tau0-0\seed-0027\result.json
diffusion_neumann_positive,diffusion_neumann_positive,tau0-ablation,dmno_reference,DCR-NO,DCR-NO [dmno-ref],7,120,,0.001,,,,1,,,,,0.014340370893478394,,0.21541884457692695,,,,<LOCAL_ROOT>\DMNO_EXP\artifacts\tau0_ablation_paper120_v20_36\results\diffusion-neumann-positive\dcr-no-tau0-0-1\seed-0007\result.json
diffusion_neumann_positive,diffusion_neumann_positive,tau0-ablation,dmno_reference,DCR-NO,DCR-NO [dmno-ref],17,120,,0.001,,,,1,,,,,0.015140275470912457,,0.2189272649661417,,,,<LOCAL_ROOT>\DMNO_EXP\artifacts\tau0_ablation_paper120_v20_36\results\diffusion-neumann-positive\dcr-no-tau0-0-1\seed-0017\result.json
diffusion_neumann_positive,diffusion_neumann_positive,tau0-ablation,dmno_reference,DCR-NO,DCR-NO [dmno-ref],27,120,,0.001,,,,1,,,,,0.015026547014713287,,0.22013896120684803,,,,<LOCAL_ROOT>\DMNO_EXP\artifacts\tau0_ablation_paper120_v20_36\results\diffusion-neumann-positive\dcr-no-tau0-0-1\seed-0027\result.json
diffusion_neumann_positive,diffusion_neumann_positive,tau0-ablation,dmno_reference,DCR-NO,DCR-NO [dmno-ref],7,120,,0.001,,,,1,,,,,0.014467618428170681,,0.21580244556576775,,,,<LOCAL_ROOT>\DMNO_EXP\artifacts\tau0_ablation_paper120_v20_36\results\diffusion-neumann-positive\dcr-no-tau0-0-3\seed-0007\result.json
diffusion_neumann_positive,diffusion_neumann_positive,tau0-ablation,dmno_reference,DCR-NO,DCR-NO [dmno-ref],17,120,,0.001,,,,1,,,,,0.015066715888679028,,0.21635154259558867,,,,<LOCAL_ROOT>\DMNO_EXP\artifacts\tau0_ablation_paper120_v20_36\results\diffusion-neumann-positive\dcr-no-tau0-0-3\seed-0017\result.json
diffusion_neumann_positive,diffusion_neumann_positive,tau0-ablation,dmno_reference,DCR-NO,DCR-NO [dmno-ref],27,120,,0.001,,,,1,,,,,0.01499454490840435,,0.21935627708969876,,,,<LOCAL_ROOT>\DMNO_EXP\artifacts\tau0_ablation_paper120_v20_36\results\diffusion-neumann-positive\dcr-no-tau0-0-3\seed-0027\result.json
diffusion_neumann_positive,diffusion_neumann_positive,tau0-ablation,dmno_reference,DCR-NO,DCR-NO [dmno-ref],7,120,,0.001,,,,1,,,,,0.014483501203358173,,0.2166499944038132,,,,<LOCAL_ROOT>\DMNO_EXP\artifacts\tau0_ablation_paper120_v20_36\results\diffusion-neumann-positive\dcr-no-tau0-1\seed-0007\result.json
diffusion_neumann_positive,diffusion_neumann_positive,tau0-ablation,dmno_reference,DCR-NO,DCR-NO [dmno-ref],17,120,,0.001,,,,1,,,,,0.015176122076809406,,0.2202791036648204,,,,<LOCAL_ROOT>\DMNO_EXP\artifacts\tau0_ablation_paper120_v20_36\results\diffusion-neumann-positive\dcr-no-tau0-1\seed-0017\result.json
diffusion_neumann_positive,diffusion_neumann_positive,tau0-ablation,dmno_reference,DCR-NO,DCR-NO [dmno-ref],27,120,,0.001,,,,1,,,,,0.0149611234664917,,0.21815936697902652,,,,<LOCAL_ROOT>\DMNO_EXP\artifacts\tau0_ablation_paper120_v20_36\results\diffusion-neumann-positive\dcr-no-tau0-1\seed-0027\result.json
diffusion_neumann_positive,diffusion_neumann_positive,tau0-ablation,dmno_reference,DCR-NO,DCR-NO [dmno-ref],7,120,,0.001,,,,1,,,,,0.014870001934468746,,0.21896660423450168,,,,<LOCAL_ROOT>\DMNO_EXP\artifacts\tau0_ablation_paper120_v20_36\results\diffusion-neumann-positive\dcr-no-tau0-3\seed-0007\result.json
diffusion_neumann_positive,diffusion_neumann_positive,tau0-ablation,dmno_reference,DCR-NO,DCR-NO [dmno-ref],17,120,,0.001,,,,1,,,,,0.015214558690786362,,0.2201630801699709,,,,<LOCAL_ROOT>\DMNO_EXP\artifacts\tau0_ablation_paper120_v20_36\results\diffusion-neumann-positive\dcr-no-tau0-3\seed-0017\result.json
diffusion_neumann_positive,diffusion_neumann_positive,tau0-ablation,dmno_reference,DCR-NO,DCR-NO [dmno-ref],27,120,,0.001,,,,1,,,,,0.015162439085543156,,0.22016029135366919,,,,<LOCAL_ROOT>\DMNO_EXP\artifacts\tau0_ablation_paper120_v20_36\results\diffusion-neumann-positive\dcr-no-tau0-3\seed-0027\result.json
helmholtz_dirichlet_control,helmholtz_dirichlet_control,tau0-ablation,dmno_reference,DCR-NO,DCR-NO [dmno-ref],7,120,,0.001,,,,1,,,,,4.172611625108402e-06,,0.002663123709260629,,,,<LOCAL_ROOT>\DMNO_EXP\artifacts\tau0_ablation_paper120_v20_36\results\helmholtz-dirichlet-control\dcr-no-tau0-0\seed-0007\result.json
helmholtz_dirichlet_control,helmholtz_dirichlet_control,tau0-ablation,dmno_reference,DCR-NO,DCR-NO [dmno-ref],17,120,,0.001,,,,1,,,,,4.172611625108402e-06,,0.002663149457807328,,,,<LOCAL_ROOT>\DMNO_EXP\artifacts\tau0_ablation_paper120_v20_36\results\helmholtz-dirichlet-control\dcr-no-tau0-0\seed-0017\result.json
helmholtz_dirichlet_control,helmholtz_dirichlet_control,tau0-ablation,dmno_reference,DCR-NO,DCR-NO [dmno-ref],27,120,,0.001,,,,1,,,,,4.1726102608663496e-06,,0.002662878906574425,,,,<LOCAL_ROOT>\DMNO_EXP\artifacts\tau0_ablation_paper120_v20_36\results\helmholtz-dirichlet-control\dcr-no-tau0-0\seed-0027\result.json
helmholtz_dirichlet_control,helmholtz_dirichlet_control,tau0-ablation,dmno_reference,DCR-NO,DCR-NO [dmno-ref],7,120,,0.001,,,,1,,,,,4.172611625108402e-06,,0.002663123709260629,,,,<LOCAL_ROOT>\DMNO_EXP\artifacts\tau0_ablation_paper120_v20_36\results\helmholtz-dirichlet-control\dcr-no-tau0-0-1\seed-0007\result.json
helmholtz_dirichlet_control,helmholtz_dirichlet_control,tau0-ablation,dmno_reference,DCR-NO,DCR-NO [dmno-ref],17,120,,0.001,,,,1,,,,,4.172611625108402e-06,,0.002663149457807328,,,,<LOCAL_ROOT>\DMNO_EXP\artifacts\tau0_ablation_paper120_v20_36\results\helmholtz-dirichlet-control\dcr-no-tau0-0-1\seed-0017\result.json
helmholtz_dirichlet_control,helmholtz_dirichlet_control,tau0-ablation,dmno_reference,DCR-NO,DCR-NO [dmno-ref],27,120,,0.001,,,,1,,,,,4.1726102608663496e-06,,0.002662878906574425,,,,<LOCAL_ROOT>\DMNO_EXP\artifacts\tau0_ablation_paper120_v20_36\results\helmholtz-dirichlet-control\dcr-no-tau0-0-1\seed-0027\result.json
helmholtz_dirichlet_control,helmholtz_dirichlet_control,tau0-ablation,dmno_reference,DCR-NO,DCR-NO [dmno-ref],7,120,,0.001,,,,1,,,,,4.172611625108402e-06,,0.002663123709260629,,,,<LOCAL_ROOT>\DMNO_EXP\artifacts\tau0_ablation_paper120_v20_36\results\helmholtz-dirichlet-control\dcr-no-tau0-0-3\seed-0007\result.json
helmholtz_dirichlet_control,helmholtz_dirichlet_control,tau0-ablation,dmno_reference,DCR-NO,DCR-NO [dmno-ref],17,120,,0.001,,,,1,,,,,4.172611625108402e-06,,0.002663149457807328,,,,<LOCAL_ROOT>\DMNO_EXP\artifacts\tau0_ablation_paper120_v20_36\results\helmholtz-dirichlet-control\dcr-no-tau0-0-3\seed-0017\result.json
helmholtz_dirichlet_control,helmholtz_dirichlet_control,tau0-ablation,dmno_reference,DCR-NO,DCR-NO [dmno-ref],27,120,,0.001,,,,1,,,,,4.1726102608663496e-06,,0.002662878906574425,,,,<LOCAL_ROOT>\DMNO_EXP\artifacts\tau0_ablation_paper120_v20_36\results\helmholtz-dirichlet-control\dcr-no-tau0-0-3\seed-0027\result.json
helmholtz_dirichlet_control,helmholtz_dirichlet_control,tau0-ablation,dmno_reference,DCR-NO,DCR-NO [dmno-ref],7,120,,0.001,,,,1,,,,,4.172611625108402e-06,,0.002663123709260629,,,,<LOCAL_ROOT>\DMNO_EXP\artifacts\tau0_ablation_paper120_v20_36\results\helmholtz-dirichlet-control\dcr-no-tau0-1\seed-0007\result.json
helmholtz_dirichlet_control,helmholtz_dirichlet_control,tau0-ablation,dmno_reference,DCR-NO,DCR-NO [dmno-ref],17,120,,0.001,,,,1,,,,,4.172611625108402e-06,,0.002663149457807328,,,,<LOCAL_ROOT>\DMNO_EXP\artifacts\tau0_ablation_paper120_v20_36\results\helmholtz-dirichlet-control\dcr-no-tau0-1\seed-0017\result.json
helmholtz_dirichlet_control,helmholtz_dirichlet_control,tau0-ablation,dmno_reference,DCR-NO,DCR-NO [dmno-ref],27,120,,0.001,,,,1,,,,,4.1726102608663496e-06,,0.002662878906574425,,,,<LOCAL_ROOT>\DMNO_EXP\artifacts\tau0_ablation_paper120_v20_36\results\helmholtz-dirichlet-control\dcr-no-tau0-1\seed-0027\result.json
helmholtz_dirichlet_control,helmholtz_dirichlet_control,tau0-ablation,dmno_reference,DCR-NO,DCR-NO [dmno-ref],7,120,,0.001,,,,1,,,,,4.172611625108402e-06,,0.002663123709260629,,,,<LOCAL_ROOT>\DMNO_EXP\artifacts\tau0_ablation_paper120_v20_36\results\helmholtz-dirichlet-control\dcr-no-tau0-3\seed-0007\result.json
helmholtz_dirichlet_control,helmholtz_dirichlet_control,tau0-ablation,dmno_reference,DCR-NO,DCR-NO [dmno-ref],17,120,,0.001,,,,1,,,,,4.172611625108402e-06,,0.002663149457807328,,,,<LOCAL_ROOT>\DMNO_EXP\artifacts\tau0_ablation_paper120_v20_36\results\helmholtz-dirichlet-control\dcr-no-tau0-3\seed-0017\result.json
helmholtz_dirichlet_control,helmholtz_dirichlet_control,tau0-ablation,dmno_reference,DCR-NO,DCR-NO [dmno-ref],27,120,,0.001,,,,1,,,,,4.1726102608663496e-06,,0.002662878906574425,,,,<LOCAL_ROOT>\DMNO_EXP\artifacts\tau0_ablation_paper120_v20_36\results\helmholtz-dirichlet-control\dcr-no-tau0-3\seed-0027\result.json
helmholtz_dirichlet_positive,helmholtz_dirichlet_positive,tau0-ablation,dmno_reference,DCR-NO,DCR-NO [dmno-ref],7,120,,0.001,,,,1,,,,,0.203396737575531,,0.57130441880181,,,,<LOCAL_ROOT>\DMNO_EXP\artifacts\tau0_ablation_paper120_v20_36\results\helmholtz-dirichlet-positive\dcr-no-tau0-0\seed-0007\result.json
helmholtz_dirichlet_positive,helmholtz_dirichlet_positive,tau0-ablation,dmno_reference,DCR-NO,DCR-NO [dmno-ref],17,120,,0.001,,,,1,,,,,0.2058219164609909,,0.5660282302829232,,,,<LOCAL_ROOT>\DMNO_EXP\artifacts\tau0_ablation_paper120_v20_36\results\helmholtz-dirichlet-positive\dcr-no-tau0-0\seed-0017\result.json
helmholtz_dirichlet_positive,helmholtz_dirichlet_positive,tau0-ablation,dmno_reference,DCR-NO,DCR-NO [dmno-ref],27,120,,0.001,,,,1,,,,,0.19864079356193542,,0.5697621297925941,,,,<LOCAL_ROOT>\DMNO_EXP\artifacts\tau0_ablation_paper120_v20_36\results\helmholtz-dirichlet-positive\dcr-no-tau0-0\seed-0027\result.json
helmholtz_dirichlet_positive,helmholtz_dirichlet_positive,tau0-ablation,dmno_reference,DCR-NO,DCR-NO [dmno-ref],7,120,,0.001,,,,1,,,,,0.20338448882102966,,0.5713150124774601,,,,<LOCAL_ROOT>\DMNO_EXP\artifacts\tau0_ablation_paper120_v20_36\results\helmholtz-dirichlet-positive\dcr-no-tau0-0-1\seed-0007\result.json
helmholtz_dirichlet_positive,helmholtz_dirichlet_positive,tau0-ablation,dmno_reference,DCR-NO,DCR-NO [dmno-ref],17,120,,0.001,,,,1,,,,,0.20582303404808044,,0.5660303287160251,,,,<LOCAL_ROOT>\DMNO_EXP\artifacts\tau0_ablation_paper120_v20_36\results\helmholtz-dirichlet-positive\dcr-no-tau0-0-1\seed-0017\result.json
helmholtz_dirichlet_positive,helmholtz_dirichlet_positive,tau0-ablation,dmno_reference,DCR-NO,DCR-NO [dmno-ref],27,120,,0.001,,,,1,,,,,0.19864575564861298,,0.5697556006778335,,,,<LOCAL_ROOT>\DMNO_EXP\artifacts\tau0_ablation_paper120_v20_36\results\helmholtz-dirichlet-positive\dcr-no-tau0-0-1\seed-0027\result.json
helmholtz_dirichlet_positive,helmholtz_dirichlet_positive,tau0-ablation,dmno_reference,DCR-NO,DCR-NO [dmno-ref],7,120,,0.001,,,,1,,,,,0.2033802717924118,,0.5713270687791625,,,,<LOCAL_ROOT>\DMNO_EXP\artifacts\tau0_ablation_paper120_v20_36\results\helmholtz-dirichlet-positive\dcr-no-tau0-0-3\seed-0007\result.json
helmholtz_dirichlet_positive,helmholtz_dirichlet_positive,tau0-ablation,dmno_reference,DCR-NO,DCR-NO [dmno-ref],17,120,,0.001,,,,1,,,,,0.20582793653011322,,0.5660304465259581,,,,<LOCAL_ROOT>\DMNO_EXP\artifacts\tau0_ablation_paper120_v20_36\results\helmholtz-dirichlet-positive\dcr-no-tau0-0-3\seed-0017\result.json
helmholtz_dirichlet_positive,helmholtz_dirichlet_positive,tau0-ablation,dmno_reference,DCR-NO,DCR-NO [dmno-ref],27,120,,0.001,,,,1,,,,,0.19859854876995087,,0.5697794954021206,,,,<LOCAL_ROOT>\DMNO_EXP\artifacts\tau0_ablation_paper120_v20_36\results\helmholtz-dirichlet-positive\dcr-no-tau0-0-3\seed-0027\result.json
helmholtz_dirichlet_positive,helmholtz_dirichlet_positive,tau0-ablation,dmno_reference,DCR-NO,DCR-NO [dmno-ref],7,120,,0.001,,,,1,,,,,0.20335052907466888,,0.5713322929862552,,,,<LOCAL_ROOT>\DMNO_EXP\artifacts\tau0_ablation_paper120_v20_36\results\helmholtz-dirichlet-positive\dcr-no-tau0-1\seed-0007\result.json
helmholtz_dirichlet_positive,helmholtz_dirichlet_positive,tau0-ablation,dmno_reference,DCR-NO,DCR-NO [dmno-ref],17,120,,0.001,,,,1,,,,,0.205905020236969,,0.5660134235214446,,,,<LOCAL_ROOT>\DMNO_EXP\artifacts\tau0_ablation_paper120_v20_36\results\helmholtz-dirichlet-positive\dcr-no-tau0-1\seed-0017\result.json
helmholtz_dirichlet_positive,helmholtz_dirichlet_positive,tau0-ablation,dmno_reference,DCR-NO,DCR-NO [dmno-ref],27,120,,0.001,,,,1,,,,,0.1984807252883911,,0.5698154169267254,,,,<LOCAL_ROOT>\DMNO_EXP\artifacts\tau0_ablation_paper120_v20_36\results\helmholtz-dirichlet-positive\dcr-no-tau0-1\seed-0027\result.json
helmholtz_dirichlet_positive,helmholtz_dirichlet_positive,tau0-ablation,dmno_reference,DCR-NO,DCR-NO [dmno-ref],7,120,,0.001,,,,1,,,,,0.20333027839660645,,0.5645640140491608,,,,<LOCAL_ROOT>\DMNO_EXP\artifacts\tau0_ablation_paper120_v20_36\results\helmholtz-dirichlet-positive\dcr-no-tau0-3\seed-0007\result.json
helmholtz_dirichlet_positive,helmholtz_dirichlet_positive,tau0-ablation,dmno_reference,DCR-NO,DCR-NO [dmno-ref],17,120,,0.001,,,,1,,,,,0.20597361028194427,,0.565996755693304,,,,<LOCAL_ROOT>\DMNO_EXP\artifacts\tau0_ablation_paper120_v20_36\results\helmholtz-dirichlet-positive\dcr-no-tau0-3\seed-0017\result.json
helmholtz_dirichlet_positive,helmholtz_dirichlet_positive,tau0-ablation,dmno_reference,DCR-NO,DCR-NO [dmno-ref],27,120,,0.001,,,,1,,,,,0.19828692078590393,,0.5699602350631116,,,,<LOCAL_ROOT>\DMNO_EXP\artifacts\tau0_ablation_paper120_v20_36\results\helmholtz-dirichlet-positive\dcr-no-tau0-3\seed-0027\result.json
