ablation,batch_size,best_val_loss,campaign,canonical_loss_weight,core_field_weight,core_warmup_epochs,dissipative_symbol_scale,dissipative_time_step,effective_metadata_flow_loss_weight,epochs,family,final_train_canonical_consistency,final_train_core_field_loss,final_train_core_warmup_loss,final_train_highfreq_core_loss,final_train_metadata_flow_loss,final_train_packet_space_loss,final_train_residual_energy,final_train_route_l1,final_train_symbol_order_loss,final_train_symbol_proxy,final_train_transport_proxy,frame_type,freeze_refinement_epochs,grad_clip_norm,height,highfreq_core_loss_weight,highfreq_cutoff,in_channels,learning_rate,local_refine_scale,loss_config,max_modes,max_test_samples,max_train_samples,max_val_samples,metadata_flow_loss_weight,mode_strategy,model,model_variant,oom_fallback,out_channels,packet_space_loss_weight,parameters,patch_size,pdo_symbol_order,pdo_symbol_scale,proxy_temperature,reference_source,refine_lowpass_cutoff,regime,requested_batch_size,residual_energy_weight,route_bias_init,route_l1_weight,row_type,run_id,runtime_seconds,scenario,seed,skip_lowpass_cutoff,source_kind,sparse_topk,stride,symbol_order,symbol_order_loss_weight,symbol_order_target,symbol_proxy_weight,test_canonical_flow_error,test_core_relative_l2,test_dissipative_multiplier_mean,test_dissipative_symbol_norm,test_high_frequency_relative_error_proxy,test_loss,test_metadata_shift_norm,test_packet_consistency,test_packet_wavefront_localization_error,test_pdo_identity_norm,test_pdo_identity_order_proxy,test_phase_error,test_raw_refine_correction_norm,test_refine_correction_norm,test_refine_high_frequency_fraction,test_refine_lowpass_removed_norm,test_refine_relative_energy,test_refinement_energy,test_relative_l2,test_residual_energy,test_route_mean,test_sobolev_h1_error_proxy,test_sobolev_h2_error_proxy,test_symbol_budget,test_symbol_error_proxy,test_symbol_order_proxy,test_symbol_order_scaling_error_proxy,test_symplectic_defect_proxy,test_tokenizer_active_fraction,test_tokenizer_covering_radius,test_tokenizer_phase_window_diameter,test_tokenizer_reconstruction_error,test_transport_budget,test_transported_input_norm,test_transported_input_shift_norm,test_transported_landing_gate,test_transported_landing_norm,test_transported_synthesis_shift_norm,test_wavefront_confidence_proxy,test_wf_transport_error_proxy,token_refine_scale,transport_highpass_cutoff,transport_parameterization,transport_proxy_weight,transport_stencil,transported_decoder_channels,transported_decoder_scale,transported_decoder_transport_gate,transported_input_scale,transported_synthesis_mode,transported_synthesis_scale,wavefront_confidence_scale,weight_decay,width,window_type
full,2,0.0002922176026913803,branch_id_v3_controls,0.02,2.0,12,0.0,1.0,2.0,24,wave,0.0,0.0002373382544647029,0.0,5.201043813940487e-05,1.0126118439757192e-05,0.014412546734092757,3.3783850080885505e-09,0.006345935621842121,0.07037735722648601,0.07985437277238816,0.06627747657087942,gabor_gaussian,12,1.0,64,1.0,0.16,1,0.0001,0.05,proxy_0.20_0.05,16,0,0,0,2.0,shell_balanced,MiNO-Plus,MiNO-Plus_wingaussian_modshell_balanced_K12_modes16_patch16_ref0.05_rlp0.16_hfc0.16_rb-5_pdo0_diss0_symord0_symparspectral_order_wfconf2_trhamiltonian_verlet_framegabor_gaussian_sparse1_sklp0.16_tsyn1_tin1_tsmwarp_tdec1x16_tdgate1_tref0,False,1,0.05,1062677,16,-2.0,0.0,0.05,,0.16,synthetic,2,0.5,-5.0,0.05,run,branch_id_v3_controls_wave_bicharacteristic_control_proxy_0p20_0p05_full_7_hamiltonian_verlet_gabor_gaussian_True_2p0_0p16_0p16_0p16_1p0_1p0_warp_16_1p0_0p0_2p0_0p01_0p05_1p0_2p0_12_12,144.4054683999998,wave_bicharacteristic_control,7,0.16,synthetic,True,8,0.0,0.01,0.0,0.05,3.9996693885768764e-05,0.05992905143648386,1.0,0.0,0.8497826159000397,0.0001777647321432596,0.01830283273011446,18395.574369119015,0.0030223532376112416,0.0,0.0,1.2700338959693909,0.001073127168638166,0.0007652979256818071,1.7237639496063442e-14,0.0006555866566486657,3.771350454151445e-09,3.771350454151445e-09,0.05991115514189005,3.771350454151445e-09,0.006334427162073553,0.06105503020808101,0.061628099996596575,0.9825321162740389,0.9825321162740389,-0.2735896444272233,2.541534051299095,0.0,0.9011479467153549,0.25,1.0774961709976196,4.878527939319611,0.20697928437342247,9.438888430595398,7.681392073631287,,5.16885980963707,1.1893249452114105,1.413810799519221,0.001818892895244062,0.0,0.16,hamiltonian_verlet,0.2,12,16,1.0,True,1.0,warp,1.0,2.0,0.0001,64,gaussian
full,2,6.925966999915545e-05,branch_id_v3_controls,0.02,2.0,12,0.0,1.0,2.0,24,wave,0.0,0.00014972409887074414,0.0,4.050823501226356e-05,2.2488395264493494e-05,0.019449866260401905,1.1704971465455645e-09,0.006349262461299077,0.10641582015280922,0.0794143221185853,0.06911788686799507,gabor_gaussian,12,1.0,64,1.0,0.16,1,0.0001,0.05,proxy_0.20_0.05,16,0,0,0,2.0,shell_balanced,MiNO-Plus,MiNO-Plus_wingaussian_modshell_balanced_K12_modes16_patch16_ref0.05_rlp0.16_hfc0.16_rb-5_pdo0_diss0_symord0_symparspectral_order_wfconf2_trhamiltonian_verlet_framegabor_gaussian_sparse1_sklp0.16_tsyn1_tin1_tsmwarp_tdec1x16_tdgate1_tref0,False,1,0.05,1062677,16,-2.0,0.0,0.05,,0.16,synthetic,2,0.5,-5.0,0.05,run,branch_id_v3_controls_wave_bicharacteristic_control_proxy_0p20_0p05_full_11_hamiltonian_verlet_gabor_gaussian_True_2p0_0p16_0p16_0p16_1p0_1p0_warp_16_1p0_0p0_2p0_0p01_0p05_1p0_2p0_12_12,138.5517845999998,wave_bicharacteristic_control,11,0.16,synthetic,True,8,0.0,0.01,0.0,0.05,3.995676661361358e-05,0.05252568470314145,1.0,0.0,1.014713698066771,0.0001327296517956711,0.01831166516058147,40293.03851157427,0.004404009363497607,0.0,0.0,1.2336980700492859,0.0005567512998823076,0.0004213337888359092,2.1798465107148173e-14,0.00032770822144811973,1.1718484307920995e-09,1.1718484307920995e-09,0.05251217260956764,1.1718484307920995e-09,0.006415776850190014,0.05328219151124358,0.05347204161807895,0.8504461795091629,0.8504461795091629,-0.024315844212348264,1.9010310024023056,0.0,0.8805006220936775,0.25,1.0774961709976196,3.7669263035058975,0.19552983002116284,8.580036342144012,7.270569443702698,,4.840043693780899,0.9623342156410217,1.4004509349664052,0.0014487900043604895,0.0,0.16,hamiltonian_verlet,0.2,12,16,1.0,True,1.0,warp,1.0,2.0,0.0001,64,gaussian
full,2,0.00016179136400751304,branch_id_v3_controls,0.02,2.0,12,0.0,1.0,2.0,24,wave,0.0,0.00019185612669995558,0.0,2.834063075359457e-05,7.626205501765071e-06,0.019924390323770542,1.955578117264952e-09,0.006362022880542402,0.010728330147685483,0.062155001874392234,0.06739629168684284,gabor_gaussian,12,1.0,64,1.0,0.16,1,0.0001,0.05,proxy_0.20_0.05,16,0,0,0,2.0,shell_balanced,MiNO-Plus,MiNO-Plus_wingaussian_modshell_balanced_K12_modes16_patch16_ref0.05_rlp0.16_hfc0.16_rb-5_pdo0_diss0_symord0_symparspectral_order_wfconf2_trhamiltonian_verlet_framegabor_gaussian_sparse1_sklp0.16_tsyn1_tin1_tsmwarp_tdec1x16_tdgate1_tref0,False,1,0.05,1062677,16,-2.0,0.0,0.05,,0.16,synthetic,2,0.5,-5.0,0.05,run,branch_id_v3_controls_wave_bicharacteristic_control_proxy_0p20_0p05_full_19_hamiltonian_verlet_gabor_gaussian_True_2p0_0p16_0p16_0p16_1p0_1p0_warp_16_1p0_0p0_2p0_0p01_0p05_1p0_2p0_12_12,158.8292494999996,wave_bicharacteristic_control,19,0.16,synthetic,True,8,0.0,0.01,0.0,0.05,3.428660875215428e-05,0.06737453024834394,1.0,0.0,0.8155764378607273,0.00027087067792308517,0.01831816299818456,664.7166335582733,0.008997076627565548,0.0,0.0,1.1783003360033035,0.0009330365355708636,0.0005919525829085615,2.29352313914832e-14,0.0006919511142768897,1.7264472698674815e-09,1.7264472698674815e-09,0.06735584838315845,1.7264472698674815e-09,0.006346616544760764,0.0677094585262239,0.06762467185035348,1.1095042216281097,1.1095042216281097,-0.0807214311498683,1.2166094332933426,0.0,0.9121492132544518,0.25,1.0774961709976196,2.1458764150738716,0.22557509131729603,10.369248867034912,9.031688064336777,,6.420361042022705,0.49134938791394234,1.3288284291823704,0.0009225537505699322,0.0,0.16,hamiltonian_verlet,0.2,12,16,1.0,True,1.0,warp,1.0,2.0,0.0001,64,gaussian
full_no_flow_supervision,2,0.0002359262616664637,branch_id_v3_controls,0.02,2.0,12,0.0,1.0,0.0,24,wave,0.0,0.00020128519099671394,0.0,3.87602458810458e-05,0.0,0.009214988841752833,4.008660875465253e-09,0.0063370180141646415,0.026673752853336435,0.1026277073348562,0.06625595789713164,gabor_gaussian,12,1.0,64,1.0,0.16,1,0.0001,0.05,proxy_0.20_0.05,16,0,0,0,2.0,shell_balanced,MiNO-Plus,MiNO-Plus_wingaussian_modshell_balanced_K12_modes16_patch16_ref0.05_rlp0.16_hfc0.16_rb-5_pdo0_diss0_symord0_symparspectral_order_wfconf2_trhamiltonian_verlet_framegabor_gaussian_sparse1_sklp0.16_tsyn1_tin1_tsmwarp_tdec1x16_tdgate1_tref0,False,1,0.05,1062677,16,-2.0,0.0,0.05,,0.16,synthetic,2,0.5,-5.0,0.05,run,branch_id_v3_controls_wave_bicharacteristic_control_proxy_0p20_0p05_full_no_flow_supervision_7_hamiltonian_verlet_gabor_gaussian_True_2p0_0p16_0p16_0p16_1p0_1p0_warp_16_1p0_0p0_2p0_0p01_0p05_1p0_2p0_12_12,169.3882622000001,wave_bicharacteristic_control,7,0.16,synthetic,True,8,0.0,0.01,0.0,0.05,0.0015520152810495347,0.05243147537112236,1.0,0.0,0.517283390276134,0.00014536871185555356,0.016767871798947453,13265.813982889522,0.004382653583888896,0.0,0.0,1.1847605109214783,0.0010218985698884353,0.0007316379123949446,1.7514772159262578e-14,0.0006206345606187824,3.454788469192671e-09,3.454788469192671e-09,0.05241074878722429,3.454788469192671e-09,0.0063514632056467235,0.05297622364014387,0.053042827639728785,0.8878671079874039,0.8878671079874039,0.17453105499347052,1.8194728791713715,0.0,0.9011479467153549,0.25,1.0774961709976196,4.878527939319611,0.20395862342168888,9.300323843955994,7.343687891960144,,5.1289476454257965,0.97667146474123,1.423467216392358,0.0024605307553429157,0.0,0.16,hamiltonian_verlet,0.2,12,16,1.0,True,1.0,warp,1.0,2.0,0.0001,64,gaussian
full_no_flow_supervision,2,7.867089470892097e-05,branch_id_v3_controls,0.02,2.0,12,0.0,1.0,0.0,24,wave,0.0,0.00015230764006446407,0.0,3.744087132417917e-05,0.0,0.010114520434096145,1.8531203452530158e-09,0.006341774375565971,0.011169157583661141,0.10149278623672824,0.06911033174643914,gabor_gaussian,12,1.0,64,1.0,0.16,1,0.0001,0.05,proxy_0.20_0.05,16,0,0,0,2.0,shell_balanced,MiNO-Plus,MiNO-Plus_wingaussian_modshell_balanced_K12_modes16_patch16_ref0.05_rlp0.16_hfc0.16_rb-5_pdo0_diss0_symord0_symparspectral_order_wfconf2_trhamiltonian_verlet_framegabor_gaussian_sparse1_sklp0.16_tsyn1_tin1_tsmwarp_tdec1x16_tdgate1_tref0,False,1,0.05,1062677,16,-2.0,0.0,0.05,,0.16,synthetic,2,0.5,-5.0,0.05,run,branch_id_v3_controls_wave_bicharacteristic_control_proxy_0p20_0p05_full_no_flow_supervision_11_hamiltonian_verlet_gabor_gaussian_True_2p0_0p16_0p16_0p16_1p0_1p0_warp_16_1p0_0p0_2p0_0p01_0p05_1p0_2p0_12_12,183.53671349999968,wave_bicharacteristic_control,11,0.16,synthetic,True,8,0.0,0.01,0.0,0.05,0.0014883021649438888,0.053631849586963654,1.0,0.0,1.065603081136942,0.00013578087236965075,0.016864245757460594,40578.44423146546,0.0044694692915072665,0.0,0.0,1.2134862393140793,0.000656435910059372,0.0005120733330841176,2.1191970882189254e-14,0.0003692449172376655,1.7185720138646055e-09,1.7185720138646055e-09,0.053615514654666185,1.7185720138646055e-09,0.006414848321583122,0.05445045605301857,0.05466584535315633,0.8371578430136045,0.8371578430136045,0.21367843348222473,2.223500967025757,0.0,0.8805006220936775,0.25,1.0774961709976196,3.7669263035058975,0.18924866151064634,8.452191233634949,6.973302006721497,,4.906046211719513,1.4167689681053162,1.3994128654400508,0.0021835981679032557,0.0,0.16,hamiltonian_verlet,0.2,12,16,1.0,True,1.0,warp,1.0,2.0,0.0001,64,gaussian
full_no_flow_supervision,2,0.00019732813780137803,branch_id_v3_controls,0.02,2.0,12,0.0,1.0,0.0,24,wave,0.0,0.0002255945419165073,0.0,3.6294161399534154e-05,0.0,0.015237806966373077,3.6887299823447814e-09,0.006353135492342214,0.03313453355804086,0.06800973586117227,0.06741967339379092,gabor_gaussian,12,1.0,64,1.0,0.16,1,0.0001,0.05,proxy_0.20_0.05,16,0,0,0,2.0,shell_balanced,MiNO-Plus,MiNO-Plus_wingaussian_modshell_balanced_K12_modes16_patch16_ref0.05_rlp0.16_hfc0.16_rb-5_pdo0_diss0_symord0_symparspectral_order_wfconf2_trhamiltonian_verlet_framegabor_gaussian_sparse1_sklp0.16_tsyn1_tin1_tsmwarp_tdec1x16_tdgate1_tref0,False,1,0.05,1062677,16,-2.0,0.0,0.05,,0.16,synthetic,2,0.5,-5.0,0.05,run,branch_id_v3_controls_wave_bicharacteristic_control_proxy_0p20_0p05_full_no_flow_supervision_19_hamiltonian_verlet_gabor_gaussian_True_2p0_0p16_0p16_0p16_1p0_1p0_warp_16_1p0_0p0_2p0_0p01_0p05_1p0_2p0_12_12,191.4583564000004,wave_bicharacteristic_control,19,0.16,synthetic,True,8,0.0,0.01,0.0,0.05,0.001074010186130181,0.0724712423980236,1.0,0.0,1.0430920161306858,0.0003159416501148371,0.01725056883879006,651.095155255869,0.009296064512454905,0.0,0.0,1.1085148975253105,0.0012515897979028523,0.0008258010966528673,2.296404215839287e-14,0.0008905907598091289,3.4152395633757493e-09,3.4152395633757493e-09,0.07244905550032854,3.4152395633757493e-09,0.006340228545013815,0.07293440774083138,0.07291409419849515,1.0981483583648999,1.0981483583648999,-0.16200399119406939,1.9869300425052643,0.0,0.9121492132544518,0.25,1.0774961709976196,2.1458764150738716,0.22875241159150997,10.223916828632355,8.648941397666931,,6.490569233894348,0.6028149873018265,1.4146652991573017,0.0008913832862162963,0.0,0.16,hamiltonian_verlet,0.2,12,16,1.0,True,1.0,warp,1.0,2.0,0.0001,64,gaussian
no_transport,2,0.00023343366774497554,branch_id_v3_controls,0.02,2.0,12,0.0,1.0,2.0,24,wave,0.0,0.0002592826288794943,0.0,0.00016418875251626255,0.9999998211860657,0.009258991376555059,5.170993462126165e-09,0.006324100143198545,0.05547570235406359,0.10458239951791863,0.06653729818450908,gabor_gaussian,12,1.0,64,1.0,0.16,1,0.0001,0.05,proxy_0.20_0.05,16,0,0,0,2.0,shell_balanced,MiNO-Plus,MiNO-Plus_wingaussian_modshell_balanced_K12_modes16_patch16_ref0.05_rlp0.16_hfc0.16_rb-5_pdo0_diss0_symord0_symparspectral_order_wfconf2_trhamiltonian_verlet_framegabor_gaussian_sparse1_sklp0.16_tsyn1_tin1_tsmwarp_tdec1x16_tdgate1_tref0,False,1,0.05,349913,16,-2.0,0.0,0.05,,0.16,synthetic,2,0.5,-5.0,0.05,run,branch_id_v3_controls_wave_bicharacteristic_control_proxy_0p20_0p05_no_transport_7_hamiltonian_verlet_gabor_gaussian_True_2p0_0p16_0p16_0p16_1p0_1p0_warp_16_1p0_0p0_2p0_0p01_0p05_1p0_2p0_12_12,67.74095959999977,wave_bicharacteristic_control,7,0.16,synthetic,True,8,0.0,0.01,0.0,0.05,0.018309833481907845,0.06695177918300033,1.0,0.0,0.8479146100580692,0.00021161087352083996,0.0,16503.457188080996,0.006121953862020746,0.0,0.0,1.2515443488955498,0.001242744954652153,0.000989135543932207,1.4383365256888077e-14,0.0006651638759649359,5.789825674451521e-09,5.789825674451521e-09,0.0669394712895155,5.789825674451521e-09,0.006308852054644376,0.06854404229670763,0.06937397224828601,0.9249086404840151,0.9249086404840151,0.2364522939381762,2.3100724071264267,0.0,0.9011479467153549,0.25,1.0774961709976196,4.878527939319611,0.0,10.44059431552887,3.527180615492398e-05,,9.970741033554077,2.1482594725341642e-07,0.0,0.006329309966531582,0.0,0.16,hamiltonian_verlet,0.2,12,16,1.0,True,1.0,warp,1.0,2.0,0.0001,64,gaussian
no_transport,2,0.00046457651296805125,branch_id_v3_controls,0.02,2.0,12,0.0,1.0,2.0,24,wave,0.0,0.00036265283173027757,0.0,0.0003001747269687864,0.9999998211860657,0.009142463762448946,3.6105380710656685e-09,0.006338948189901809,0.0944158296721677,0.11306618821496765,0.0691873151032875,gabor_gaussian,12,1.0,64,1.0,0.16,1,0.0001,0.05,proxy_0.20_0.05,16,0,0,0,2.0,shell_balanced,MiNO-Plus,MiNO-Plus_wingaussian_modshell_balanced_K12_modes16_patch16_ref0.05_rlp0.16_hfc0.16_rb-5_pdo0_diss0_symord0_symparspectral_order_wfconf2_trhamiltonian_verlet_framegabor_gaussian_sparse1_sklp0.16_tsyn1_tin1_tsmwarp_tdec1x16_tdgate1_tref0,False,1,0.05,349913,16,-2.0,0.0,0.05,,0.16,synthetic,2,0.5,-5.0,0.05,run,branch_id_v3_controls_wave_bicharacteristic_control_proxy_0p20_0p05_no_transport_11_hamiltonian_verlet_gabor_gaussian_True_2p0_0p16_0p16_0p16_1p0_1p0_warp_16_1p0_0p0_2p0_0p01_0p05_1p0_2p0_12_12,62.32829630000015,wave_bicharacteristic_control,11,0.16,synthetic,True,8,0.0,0.01,0.0,0.05,0.018309833481907845,0.0969857582822442,1.0,0.0,1.3604167960584164,0.000483687928863219,0.0,44093.07031355798,0.00566397633519955,0.0,0.0,1.265079602599144,0.0010629182725097053,0.000906369874428492,2.1958455231324407e-14,0.00048049629913293757,5.310489353815839e-09,5.310489353815839e-09,0.09696823079138994,5.310489353815839e-09,0.006323801237158477,0.09821905475109816,0.09916816372424364,0.8616938292980194,0.8616938292980194,0.3078121847162644,2.2166959196329117,0.0,0.8805006220936775,0.25,1.0774961709976196,3.7669263035058975,0.0,9.323403596878052,2.858986908904626e-05,,9.004811346530914,1.8078633878815253e-07,0.0,0.006587767245946452,0.0,0.16,hamiltonian_verlet,0.2,12,16,1.0,True,1.0,warp,1.0,2.0,0.0001,64,gaussian
no_transport,2,0.0006238023015612271,branch_id_v3_controls,0.02,2.0,12,0.0,1.0,2.0,24,wave,0.0,0.0005963599169263034,0.0,0.00046717186743687006,0.9999998211860657,0.007260565243389768,2.0934683264695053e-08,0.006333209933169807,0.039414824064200125,0.09602892127198477,0.0676967609518518,gabor_gaussian,12,1.0,64,1.0,0.16,1,0.0001,0.05,proxy_0.20_0.05,16,0,0,0,2.0,shell_balanced,MiNO-Plus,MiNO-Plus_wingaussian_modshell_balanced_K12_modes16_patch16_ref0.05_rlp0.16_hfc0.16_rb-5_pdo0_diss0_symord0_symparspectral_order_wfconf2_trhamiltonian_verlet_framegabor_gaussian_sparse1_sklp0.16_tsyn1_tin1_tsmwarp_tdec1x16_tdgate1_tref0,False,1,0.05,349913,16,-2.0,0.0,0.05,,0.16,synthetic,2,0.5,-5.0,0.05,run,branch_id_v3_controls_wave_bicharacteristic_control_proxy_0p20_0p05_no_transport_19_hamiltonian_verlet_gabor_gaussian_True_2p0_0p16_0p16_0p16_1p0_1p0_warp_16_1p0_0p0_2p0_0p01_0p05_1p0_2p0_12_12,62.768916199999694,wave_bicharacteristic_control,19,0.16,synthetic,True,8,0.0,0.01,0.0,0.05,0.018309833481907845,0.10734942741692066,1.0,0.0,1.3613506108522415,0.0006809382139181253,0.0,601.1135425670072,0.018505790823837742,0.0,0.0,1.2570348232984543,0.00292608659947291,0.002052072188234888,1.4879220885309586e-14,0.0019172758620698005,2.0168025804956358e-08,2.0168025804956358e-08,0.10731690842658281,2.0168025804956358e-08,0.006318012659903616,0.1081840330734849,0.10866442043334246,0.9360065770645937,0.9360065770645937,0.20209044388805827,1.2162845879793167,0.0,0.9121492132544518,0.25,1.0774961709976196,2.1458764150738716,0.0,11.226778864860535,3.251042608098942e-05,,11.935611605644226,1.7665601603766845e-07,0.0,0.0035718438011826947,0.0,0.16,hamiltonian_verlet,0.2,12,16,1.0,True,1.0,warp,1.0,2.0,0.0001,64,gaussian
identity_transport,2,0.00025249701138818637,branch_id_v3_controls,0.02,2.0,12,0.0,1.0,2.0,24,wave,0.0,0.0002759009736716204,0.0,0.00017287072262206493,0.9999999403953552,0.009254857223519744,5.158956706274864e-09,0.006330967434526731,0.028446733641127746,0.10442208056338131,0.06653729740840693,gabor_gaussian,12,1.0,64,1.0,0.16,1,0.0001,0.05,proxy_0.20_0.05,16,0,0,0,2.0,shell_balanced,MiNO-Plus,MiNO-Plus_wingaussian_modshell_balanced_K12_modes16_patch16_ref0.05_rlp0.16_hfc0.16_rb-5_pdo0_diss0_symord0_symparspectral_order_wfconf2_trhamiltonian_verlet_framegabor_gaussian_sparse1_sklp0.16_tsyn1_tin1_tsmwarp_tdec1x16_tdgate1_tref0,False,1,0.05,1062677,16,-2.0,0.0,0.05,,0.16,synthetic,2,0.5,-5.0,0.05,run,branch_id_v3_controls_wave_bicharacteristic_control_proxy_0p20_0p05_identity_transport_7_hamiltonian_verlet_gabor_gaussian_True_2p0_0p16_0p16_0p16_1p0_1p0_warp_16_1p0_0p0_2p0_0p01_0p05_1p0_2p0_12_12,200.43884550000075,wave_bicharacteristic_control,7,0.16,synthetic,True,8,0.0,0.01,0.0,0.05,0.018309833481907845,0.06902506574988365,1.0,0.0,0.9036710858345032,0.00022337512928061187,0.0,14289.056596078444,0.007597657197038643,0.0,0.0,1.281049445271492,0.0012422709696693346,0.0009966010475181974,1.304988944071775e-14,0.0006570644109160639,5.8251226342509455e-09,5.8251226342509455e-09,0.06901154341176152,5.8251226342509455e-09,0.006316088256426156,0.0704448763281107,0.07138614729046822,0.8864586167037487,0.8864586167037487,0.17054886257392354,2.651708886027336,0.0,0.9011479467153549,0.25,1.0774961709976196,4.878527939319611,0.20595739440371594,10.44260847568512,3.5295374118504697e-05,,9.963168978691101,2.4724897507155674e-07,1.3321843147277832,0.006314656318863854,0.0,0.16,hamiltonian_verlet,0.2,12,16,1.0,True,1.0,warp,1.0,2.0,0.0001,64,gaussian
identity_transport,2,0.00048602504102746025,branch_id_v3_controls,0.02,2.0,12,0.0,1.0,2.0,24,wave,0.0,0.00038168063201737823,0.0,0.0003182087936390114,0.9999999403953552,0.00914218028143902,3.164867286066982e-09,0.006337360847586145,0.06349996997353931,0.11308135635529955,0.06918731603461008,gabor_gaussian,12,1.0,64,1.0,0.16,1,0.0001,0.05,proxy_0.20_0.05,16,0,0,0,2.0,shell_balanced,MiNO-Plus,MiNO-Plus_wingaussian_modshell_balanced_K12_modes16_patch16_ref0.05_rlp0.16_hfc0.16_rb-5_pdo0_diss0_symord0_symparspectral_order_wfconf2_trhamiltonian_verlet_framegabor_gaussian_sparse1_sklp0.16_tsyn1_tin1_tsmwarp_tdec1x16_tdgate1_tref0,False,1,0.05,1062677,16,-2.0,0.0,0.05,,0.16,synthetic,2,0.5,-5.0,0.05,run,branch_id_v3_controls_wave_bicharacteristic_control_proxy_0p20_0p05_identity_transport_11_hamiltonian_verlet_gabor_gaussian_True_2p0_0p16_0p16_0p16_1p0_1p0_warp_16_1p0_0p0_2p0_0p01_0p05_1p0_2p0_12_12,174.90919440000016,wave_bicharacteristic_control,11,0.16,synthetic,True,8,0.0,0.01,0.0,0.05,0.018309833481907845,0.09851237945258617,1.0,0.0,1.3185795359313488,0.000498087689265958,0.0,40791.35066021234,0.005694749488611706,0.0,0.0,1.2565840184688568,0.0010157662181882188,0.0008530411578249186,2.1690155215941002e-14,0.00047857477329671383,4.686418558774719e-09,4.686418558774719e-09,0.09849570319056511,4.686418558774719e-09,0.0063221598393283784,0.09970493242144585,0.10060507338494062,0.8299844128390154,0.8299844128390154,0.2523027982873221,1.8226620852947235,0.0,0.8805006220936775,0.25,1.0774961709976196,3.7669263035058975,0.1840398351972302,9.287622034549713,2.8489121859820443e-05,,8.989565372467041,1.7468623525473959e-07,1.3321843147277832,0.006680038495687768,0.0,0.16,hamiltonian_verlet,0.2,12,16,1.0,True,1.0,warp,1.0,2.0,0.0001,64,gaussian
identity_transport,2,0.0006535933098348323,branch_id_v3_controls,0.02,2.0,12,0.0,1.0,2.0,24,wave,0.0,0.000625071575086622,0.0,0.0004874317642133974,0.9999999403953552,0.007258672502454526,2.6140585159447245e-08,0.006333097776708503,0.03465023710547636,0.09606973291374743,0.06769676180556417,gabor_gaussian,12,1.0,64,1.0,0.16,1,0.0001,0.05,proxy_0.20_0.05,16,0,0,0,2.0,shell_balanced,MiNO-Plus,MiNO-Plus_wingaussian_modshell_balanced_K12_modes16_patch16_ref0.05_rlp0.16_hfc0.16_rb-5_pdo0_diss0_symord0_symparspectral_order_wfconf2_trhamiltonian_verlet_framegabor_gaussian_sparse1_sklp0.16_tsyn1_tin1_tsmwarp_tdec1x16_tdgate1_tref0,False,1,0.05,1062677,16,-2.0,0.0,0.05,,0.16,synthetic,2,0.5,-5.0,0.05,run,branch_id_v3_controls_wave_bicharacteristic_control_proxy_0p20_0p05_identity_transport_19_hamiltonian_verlet_gabor_gaussian_True_2p0_0p16_0p16_0p16_1p0_1p0_warp_16_1p0_0p0_2p0_0p01_0p05_1p0_2p0_12_12,171.66847870000038,wave_bicharacteristic_control,19,0.16,synthetic,True,8,0.0,0.01,0.0,0.05,0.018309833481907845,0.11033408250659704,1.0,0.0,1.3581581264734268,0.0007190361284301616,0.0,633.76187133044,0.018598563241539523,0.0,0.0,1.3459409177303314,0.003293379850219935,0.0023092607298167422,1.6448259422847532e-14,0.002151561391656287,2.5590190300128768e-08,2.5590190300128768e-08,0.11029730644077063,2.5590190300128768e-08,0.006317897466942668,0.11113851144909859,0.11161339282989502,0.9250084596375624,0.9250084596375624,0.19473837931097174,1.4188970178365707,0.0,0.9121492132544518,0.25,1.0774961709976196,2.1458764150738716,0.22221348620951176,11.22306764125824,3.248552047807607e-05,,11.938803672790527,1.739816717361009e-07,1.3321843147277832,0.003702673115185462,0.0,0.16,hamiltonian_verlet,0.2,12,16,1.0,True,1.0,warp,1.0,2.0,0.0001,64,gaussian
no_transport_no_carrier,2,0.039114866172894835,branch_id_v3_controls,0.02,2.0,12,0.0,1.0,2.0,24,wave,0.0,0.03431663192653408,0.0,0.024898226620280184,0.9999998211860657,0.00792590152923367,8.596552424933179e-05,0.006434616817083831,0.04018215392716229,0.10114524303935468,0.06653729872778058,gabor_gaussian,12,1.0,64,1.0,0.16,1,0.0001,0.05,proxy_0.20_0.05,16,0,0,0,2.0,shell_balanced,MiNO-Plus,MiNO-Plus_wingaussian_modshell_balanced_K12_modes16_patch16_ref0.05_rlp0.16_hfc0.16_rb-5_pdo0_diss0_symord0_symparspectral_order_wfconf2_trhamiltonian_verlet_framegabor_gaussian_sparse1_sklp0.16_tsyn1_tin1_tsmwarp_tdec1x16_tdgate1_tref0,False,1,0.05,349913,16,-2.0,0.0,0.05,,0.16,synthetic,2,0.5,-5.0,0.05,run,branch_id_v3_controls_wave_bicharacteristic_control_proxy_0p20_0p05_no_transport_no_carrier_7_hamiltonian_verlet_gabor_gaussian_True_2p0_0p16_0p16_0p16_1p0_1p0_warp_16_1p0_0p0_2p0_0p01_0p05_1p0_2p0_12_12,55.46749380000074,wave_bicharacteristic_control,7,0.16,synthetic,True,8,0.0,0.01,0.0,0.05,0.018309833481907845,0.8196150660514832,1.0,0.0,3.1931373476982117,0.033655389212071896,0.0,67228.31211179495,0.18717724364250898,0.0,0.0,1.5570913255214691,0.1253081439062953,0.12492712400853634,2.012367641196966e-14,0.008927300747018307,9.635430387788801e-05,9.635430387788801e-05,0.8152877315878868,9.635430387788801e-05,0.00643197214230895,0.8183798864483833,0.8212824240326881,0.9805597141385078,0.9805597141385078,0.20016078231856227,4.020764857530594,0.0,0.9011479467153549,0.25,1.0774961709976196,4.878527939319611,0.0,0.0,0.0,,0.0,0.0,0.0,0.12847511284053326,0.0,0.16,hamiltonian_verlet,0.2,12,16,1.0,True,1.0,warp,1.0,2.0,0.0001,64,gaussian
no_transport_no_carrier,2,0.03166536404751241,branch_id_v3_controls,0.02,2.0,12,0.0,1.0,2.0,24,wave,0.0,0.030540097737684846,0.0,0.02200781984720379,0.9999998211860657,0.008171444021475812,9.301113831838848e-05,0.006447885534726083,0.06426465651020408,0.11031449617197116,0.06918731797486544,gabor_gaussian,12,1.0,64,1.0,0.16,1,0.0001,0.05,proxy_0.20_0.05,16,0,0,0,2.0,shell_balanced,MiNO-Plus,MiNO-Plus_wingaussian_modshell_balanced_K12_modes16_patch16_ref0.05_rlp0.16_hfc0.16_rb-5_pdo0_diss0_symord0_symparspectral_order_wfconf2_trhamiltonian_verlet_framegabor_gaussian_sparse1_sklp0.16_tsyn1_tin1_tsmwarp_tdec1x16_tdgate1_tref0,False,1,0.05,349913,16,-2.0,0.0,0.05,,0.16,synthetic,2,0.5,-5.0,0.05,run,branch_id_v3_controls_wave_bicharacteristic_control_proxy_0p20_0p05_no_transport_no_carrier_11_hamiltonian_verlet_gabor_gaussian_True_2p0_0p16_0p16_0p16_1p0_1p0_warp_16_1p0_0p0_2p0_0p01_0p05_1p0_2p0_12_12,53.822877900000094,wave_bicharacteristic_control,11,0.16,synthetic,True,8,0.0,0.01,0.0,0.05,0.018309833481907845,0.7955929934978485,1.0,0.0,4.208556815981865,0.027780440635979176,0.0,232131.52741646767,0.25064982660114765,0.0,0.0,1.4440570324659348,0.04040498868562281,0.04027183470316231,2.321592646350025e-14,0.002920660932431929,1.0346762167046109e-05,1.0346762167046109e-05,0.7940986230969429,1.0346762167046109e-05,0.006490781321190298,0.7969319894909859,0.7996501624584198,0.9138234357039133,0.9138234357039133,0.26657938087979954,4.129562318325043,0.0,0.8805006220936775,0.25,1.0774961709976196,3.7669263035058975,0.0,0.0,0.0,,0.0,0.0,0.0,0.08295547240413725,0.0,0.16,hamiltonian_verlet,0.2,12,16,1.0,True,1.0,warp,1.0,2.0,0.0001,64,gaussian
no_transport_no_carrier,2,0.03095922083593905,branch_id_v3_controls,0.02,2.0,12,0.0,1.0,2.0,24,wave,0.0,0.0349520081654191,0.0,0.026445874750303727,0.9999998211860657,0.006522975803818554,7.910349972917174e-05,0.0064465963320496185,0.04809408844448626,0.09411227672050397,0.06769676234883566,gabor_gaussian,12,1.0,64,1.0,0.16,1,0.0001,0.05,proxy_0.20_0.05,16,0,0,0,2.0,shell_balanced,MiNO-Plus,MiNO-Plus_wingaussian_modshell_balanced_K12_modes16_patch16_ref0.05_rlp0.16_hfc0.16_rb-5_pdo0_diss0_symord0_symparspectral_order_wfconf2_trhamiltonian_verlet_framegabor_gaussian_sparse1_sklp0.16_tsyn1_tin1_tsmwarp_tdec1x16_tdgate1_tref0,False,1,0.05,349913,16,-2.0,0.0,0.05,,0.16,synthetic,2,0.5,-5.0,0.05,run,branch_id_v3_controls_wave_bicharacteristic_control_proxy_0p20_0p05_no_transport_no_carrier_19_hamiltonian_verlet_gabor_gaussian_True_2p0_0p16_0p16_0p16_1p0_1p0_warp_16_1p0_0p0_2p0_0p01_0p05_1p0_2p0_12_12,52.316554499999256,wave_bicharacteristic_control,19,0.16,synthetic,True,8,0.0,0.01,0.0,0.05,0.018309833481907845,0.8382221087813377,1.0,0.0,3.7143924087285995,0.03844123985618353,0.0,2259.326207175851,0.2591116172261536,0.0,0.0,1.4993723779916763,0.144984632730484,0.14464660733938217,2.2568455113893774e-14,0.009447314485441893,0.00010434410296511487,0.00010434410296511487,0.8333396539092064,0.00010434410296511487,0.0064412643550895154,0.8349644169211388,0.8367558866739273,1.0033323044578235,1.0033323044578235,0.2252158533471326,3.648381143808365,0.0,0.9121492132544518,0.25,1.0774961709976196,2.1458764150738716,0.0,0.0,0.0,,0.0,0.0,0.0,0.06304546957835555,0.0,0.16,hamiltonian_verlet,0.2,12,16,1.0,True,1.0,warp,1.0,2.0,0.0001,64,gaussian
randomized_metadata,2,0.03145004971884191,branch_id_v3_controls,0.02,2.0,12,0.0,1.0,2.0,24,wave,0.0,0.02689728734549135,0.0,0.02666026346560102,765.9859682718912,0.009259489221828213,3.0177738895760995e-09,0.006411187719398488,0.0014765658221828442,0.13180655908460417,0.04134383665708204,gabor_gaussian,12,1.0,64,1.0,0.16,1,0.0001,0.05,proxy_0.20_0.05,16,0,0,0,2.0,shell_balanced,MiNO-Plus,MiNO-Plus_wingaussian_modshell_balanced_K12_modes16_patch16_ref0.05_rlp0.16_hfc0.16_rb-5_pdo0_diss0_symord0_symparspectral_order_wfconf2_trhamiltonian_verlet_framegabor_gaussian_sparse1_sklp0.16_tsyn1_tin1_tsmwarp_tdec1x16_tdgate1_tref0,False,1,0.05,1062677,16,-2.0,0.0,0.05,,0.16,synthetic,2,0.5,-5.0,0.05,run,branch_id_v3_controls_wave_bicharacteristic_control_proxy_0p20_0p05_randomized_metadata_7_hamiltonian_verlet_gabor_gaussian_True_2p0_0p16_0p16_0p16_1p0_1p0_warp_16_1p0_0p0_2p0_0p01_0p05_1p0_2p0_12_12,185.88416299999972,wave_bicharacteristic_control,7,0.16,synthetic,True,8,0.0,0.01,0.0,0.05,0.46159638464450836,0.7339995354413986,1.0,0.0,4.956520229578018,0.028671523788943887,0.46237822994589806,57824.15658299625,0.16676566377282143,0.0,0.0,1.502712070941925,0.0008125294261844829,0.0008108791153063066,3.599412881583676e-15,5.1502939641068224e-05,3.55445617383765e-09,3.55445617383765e-09,0.7323916181921959,3.55445617383765e-09,0.006524252123199403,0.7397680357098579,0.7448347806930542,0.8824154945711294,0.8824154945711294,0.050193969412551574,4.451550632715225,0.0,0.9011479467153549,0.25,1.0774961709976196,4.878527939319611,0.17265851236879826,5.350817978382111,11.90215277671814,,7.239898860454559,0.7815349511802197,0.0,0.17266454361379147,0.0,0.16,hamiltonian_verlet,0.2,12,16,1.0,True,1.0,warp,1.0,2.0,0.0001,64,gaussian
randomized_metadata,2,0.0285063988994807,branch_id_v3_controls,0.02,2.0,12,0.0,1.0,2.0,24,wave,0.0,0.023125039059474755,0.0,0.022962310826793935,771.2060508728027,0.009190508879934592,1.2956849077446393e-09,0.006378206162480637,0.021595908134865265,0.14044714742340147,0.04192318623730292,gabor_gaussian,12,1.0,64,1.0,0.16,1,0.0001,0.05,proxy_0.20_0.05,16,0,0,0,2.0,shell_balanced,MiNO-Plus,MiNO-Plus_wingaussian_modshell_balanced_K12_modes16_patch16_ref0.05_rlp0.16_hfc0.16_rb-5_pdo0_diss0_symord0_symparspectral_order_wfconf2_trhamiltonian_verlet_framegabor_gaussian_sparse1_sklp0.16_tsyn1_tin1_tsmwarp_tdec1x16_tdgate1_tref0,False,1,0.05,1062677,16,-2.0,0.0,0.05,,0.16,synthetic,2,0.5,-5.0,0.05,run,branch_id_v3_controls_wave_bicharacteristic_control_proxy_0p20_0p05_randomized_metadata_11_hamiltonian_verlet_gabor_gaussian_True_2p0_0p16_0p16_0p16_1p0_1p0_warp_16_1p0_0p0_2p0_0p01_0p05_1p0_2p0_12_12,182.07018900000003,wave_bicharacteristic_control,11,0.16,synthetic,True,8,0.0,0.01,0.0,0.05,0.4571344740688801,0.7003847435116768,1.0,0.0,9.355147033929825,0.022675755782984197,0.45759962871670723,211305.09190899134,0.2429065965116024,0.0,0.0,1.4827342331409454,0.0007842701161280274,0.0007831794646335766,3.238611362645945e-15,4.081605993633275e-05,3.770506545874852e-09,3.770506545874852e-09,0.6957151927053928,3.770506545874852e-09,0.006523422664031386,0.7059859409928322,0.711303599178791,0.8636065609753132,0.8636065609753132,0.15501992567442358,4.5523949563503265,0.0,0.8805006220936775,0.25,1.0774961709976196,3.7669263035058975,0.16515804237375656,5.058848202228546,10.377936124801636,,7.002916038036346,1.34445159137249,0.0,0.08346485020592809,0.0,0.16,hamiltonian_verlet,0.2,12,16,1.0,True,1.0,warp,1.0,2.0,0.0001,64,gaussian
randomized_metadata,2,0.022709278855472803,branch_id_v3_controls,0.02,2.0,12,0.0,1.0,2.0,24,wave,0.0,0.02782929197807486,0.0,0.027655265876092017,771.3581911722819,0.007314047536056023,4.103470128506241e-09,0.006394059824136396,0.0009215241467851835,0.12077390658669174,0.040879604794705905,gabor_gaussian,12,1.0,64,1.0,0.16,1,0.0001,0.05,proxy_0.20_0.05,16,0,0,0,2.0,shell_balanced,MiNO-Plus,MiNO-Plus_wingaussian_modshell_balanced_K12_modes16_patch16_ref0.05_rlp0.16_hfc0.16_rb-5_pdo0_diss0_symord0_symparspectral_order_wfconf2_trhamiltonian_verlet_framegabor_gaussian_sparse1_sklp0.16_tsyn1_tin1_tsmwarp_tdec1x16_tdgate1_tref0,False,1,0.05,1062677,16,-2.0,0.0,0.05,,0.16,synthetic,2,0.5,-5.0,0.05,run,branch_id_v3_controls_wave_bicharacteristic_control_proxy_0p20_0p05_randomized_metadata_19_hamiltonian_verlet_gabor_gaussian_True_2p0_0p16_0p16_0p16_1p0_1p0_warp_16_1p0_0p0_2p0_0p01_0p05_1p0_2p0_12_12,170.09801880000032,wave_bicharacteristic_control,19,0.16,synthetic,True,8,0.0,0.01,0.0,0.05,0.4623052328824997,0.7395111918449402,1.0,0.0,9.432674825191498,0.030927026877179742,0.4627750292420387,2254.7216696590185,0.23968198476359248,0.0,0.0,1.496753767132759,0.0008980038401205093,0.000892048112291377,7.110953215260432e-15,0.00010274342275806703,3.71685787703413e-09,3.71685787703413e-09,0.7371217906475067,3.71685787703413e-09,0.006382413790561259,0.7438662871718407,0.7483085840940475,0.9133202942709128,0.9133202942709128,0.03141954952540497,4.498035907745361,0.0,0.9121492132544518,0.25,1.0774961709976196,2.1458764150738716,0.17752270555744568,5.226055890321732,12.006097912788391,,7.836094558238983,0.7353775650262833,0.0,0.11119580687955022,0.0,0.16,hamiltonian_verlet,0.2,12,16,1.0,True,1.0,warp,1.0,2.0,0.0001,64,gaussian
no_symbol,2,0.0002027249274760834,branch_id_v3_controls,0.02,2.0,12,0.0,1.0,2.0,24,wave,0.0,0.00017563987429033054,0.0,3.4540242457599866e-05,8.742841089315334e-06,0.009196578626870178,2.3803771523334127e-09,0.006280190806137398,0.0,0.10487424271802108,0.06627404503524303,gabor_gaussian,12,1.0,64,1.0,0.16,1,0.0001,0.05,proxy_0.20_0.05,16,0,0,0,2.0,shell_balanced,MiNO-Plus,MiNO-Plus_wingaussian_modshell_balanced_K12_modes16_patch16_ref0.05_rlp0.16_hfc0.16_rb-5_pdo0_diss0_symord0_symparspectral_order_wfconf2_trhamiltonian_verlet_framegabor_gaussian_sparse1_sklp0.16_tsyn1_tin1_tsmwarp_tdec1x16_tdgate1_tref0,False,1,0.05,857621,16,-2.0,0.0,0.05,,0.16,synthetic,2,0.5,-5.0,0.05,run,branch_id_v3_controls_wave_bicharacteristic_control_proxy_0p20_0p05_no_symbol_7_hamiltonian_verlet_gabor_gaussian_True_2p0_0p16_0p16_0p16_1p0_1p0_warp_16_1p0_0p0_2p0_0p01_0p05_1p0_2p0_12_12,158.42527810000047,wave_bicharacteristic_control,7,0.16,synthetic,True,8,0.0,0.01,0.0,0.05,3.3363629427185515e-05,0.04680469864979386,1.0,0.0,0.44755752570927143,0.00011785045489887125,0.01831363793462515,11349.563717215322,0.004224459815304726,0.0,0.0,1.1790378987789154,0.000911631366761867,0.000650988717097789,1.6058495412223453e-14,0.0005652033614751417,2.616061131610614e-09,2.616061131610614e-09,0.04678786359727383,2.616061131610614e-09,0.006263296527322382,0.04725450789555907,0.047293991316109896,0.0,0.0,0.0,1.3479240983724594,0.0,0.9011479467153549,0.25,1.0774961709976196,4.878527939319611,0.6939655585835377,9.4589684009552,7.6984164118766785,,5.051742672920227,0.30399391800165176,0.821305975317955,0.0013414123131951783,0.0,0.16,hamiltonian_verlet,0.2,12,16,1.0,True,1.0,warp,1.0,2.0,0.0001,64,gaussian
no_symbol,2,5.2177083261994994e-05,branch_id_v3_controls,0.02,2.0,12,0.0,1.0,2.0,24,wave,0.0,9.474850673996116e-05,0.0,2.1748204716232067e-05,1.11907087993283e-05,0.009125858739328882,6.302366614696631e-10,0.006311947382831325,0.0,0.11345096817240119,0.06911925001380344,gabor_gaussian,12,1.0,64,1.0,0.16,1,0.0001,0.05,proxy_0.20_0.05,16,0,0,0,2.0,shell_balanced,MiNO-Plus,MiNO-Plus_wingaussian_modshell_balanced_K12_modes16_patch16_ref0.05_rlp0.16_hfc0.16_rb-5_pdo0_diss0_symord0_symparspectral_order_wfconf2_trhamiltonian_verlet_framegabor_gaussian_sparse1_sklp0.16_tsyn1_tin1_tsmwarp_tdec1x16_tdgate1_tref0,False,1,0.05,857621,16,-2.0,0.0,0.05,,0.16,synthetic,2,0.5,-5.0,0.05,run,branch_id_v3_controls_wave_bicharacteristic_control_proxy_0p20_0p05_no_symbol_11_hamiltonian_verlet_gabor_gaussian_True_2p0_0p16_0p16_0p16_1p0_1p0_warp_16_1p0_0p0_2p0_0p01_0p05_1p0_2p0_12_12,157.3391216,wave_bicharacteristic_control,11,0.16,synthetic,True,8,0.0,0.01,0.0,0.05,3.3645075745880604e-05,0.04485176922753453,1.0,0.0,0.9879694310948253,0.00010367137883804389,0.018315217224881053,30319.753319188952,0.00279343020520173,0.0,0.0,1.1593305319547653,0.0005408782890299335,0.0003982631387771107,2.3075518046998642e-14,0.0003293864574516192,1.077736278692898e-09,1.077736278692898e-09,0.04483896866440773,1.077736278692898e-09,0.006295765226241201,0.04537655273452401,0.0455251969397068,0.0,0.0,0.0,1.0199876427650452,0.0,0.8805006220936775,0.25,1.0774961709976196,3.7669263035058975,0.6003621860096852,8.543514013290405,7.242373496294022,,4.779690057039261,0.25621764548122883,0.9251464779178301,0.001266519451746717,0.0,0.16,hamiltonian_verlet,0.2,12,16,1.0,True,1.0,warp,1.0,2.0,0.0001,64,gaussian
no_symbol,2,0.0001221843967869063,branch_id_v3_controls,0.02,2.0,12,0.0,1.0,2.0,24,wave,0.0,0.00014487863374294344,0.0,2.780958960594641e-05,8.16468798348069e-06,0.007259435122250579,1.7118624700644218e-09,0.006335398541220154,0.0,0.0963392925914377,0.06740221971025069,gabor_gaussian,12,1.0,64,1.0,0.16,1,0.0001,0.05,proxy_0.20_0.05,16,0,0,0,2.0,shell_balanced,MiNO-Plus,MiNO-Plus_wingaussian_modshell_balanced_K12_modes16_patch16_ref0.05_rlp0.16_hfc0.16_rb-5_pdo0_diss0_symord0_symparspectral_order_wfconf2_trhamiltonian_verlet_framegabor_gaussian_sparse1_sklp0.16_tsyn1_tin1_tsmwarp_tdec1x16_tdgate1_tref0,False,1,0.05,857621,16,-2.0,0.0,0.05,,0.16,synthetic,2,0.5,-5.0,0.05,run,branch_id_v3_controls_wave_bicharacteristic_control_proxy_0p20_0p05_no_symbol_19_hamiltonian_verlet_gabor_gaussian_True_2p0_0p16_0p16_0p16_1p0_1p0_warp_16_1p0_0p0_2p0_0p01_0p05_1p0_2p0_12_12,162.09225960000003,wave_bicharacteristic_control,19,0.16,synthetic,True,8,0.0,0.01,0.0,0.05,4.055380941281328e-05,0.05726446211338043,1.0,0.0,0.8475580904632807,0.00019212719143979484,0.01830719318240881,581.2635377859697,0.007340263415244408,0.0,0.0,1.1817875504493713,0.0008075565056060441,0.0005303624784573913,2.2860802818166202e-14,0.0005829934380017221,1.388946332947505e-09,1.388946332947505e-09,0.057247142773121595,1.388946332947505e-09,0.006320248881820589,0.05755397118628025,0.05757410963997245,0.0,0.0,0.0,1.2568520307540894,0.0,0.9121492132544518,0.25,1.0774961709976196,2.1458764150738716,0.695596152295669,10.313641846179962,8.978115439414978,,6.34588897228241,0.4368189424276352,0.9818928887446722,0.0009177493266179226,0.0,0.16,hamiltonian_verlet,0.2,12,16,1.0,True,1.0,warp,1.0,2.0,0.0001,64,gaussian
full,2,4.62901900846191e-05,branch_id_v3_controls,0.02,2.0,12,0.0,1.0,2.0,24,wave,0.0,2.4840895624341403e-05,0.0,5.764715382383656e-06,1.2667294247611002e-05,0.008673189877299592,4.5924485395087977e-10,0.006344627734506503,0.034225371782667935,0.04335232581555223,0.10853551871453722,gabor_gaussian,12,1.0,64,1.0,0.16,1,0.0001,0.05,proxy_0.20_0.05,16,0,0,0,2.0,shell_balanced,MiNO-Plus,MiNO-Plus_wingaussian_modshell_balanced_K12_modes16_patch16_ref0.05_rlp0.16_hfc0.16_rb-5_pdo0_diss0_symord0_symparspectral_order_wfconf2_trhamiltonian_verlet_framegabor_gaussian_sparse1_sklp0.16_tsyn1_tin1_tsmwarp_tdec1x16_tdgate1_tref0,False,1,0.05,1062677,16,-2.0,0.0,0.05,,0.16,synthetic,2,0.5,-5.0,0.05,run,branch_id_v3_controls_wave_chirp_propagation_proxy_0p20_0p05_full_7_hamiltonian_verlet_gabor_gaussian_True_2p0_0p16_0p16_0p16_1p0_1p0_warp_16_1p0_0p0_2p0_0p01_0p05_1p0_2p0_12_12,203.92130810000072,wave_chirp_propagation,7,0.16,synthetic,True,8,0.0,0.01,0.0,0.05,2.897629974540905e-05,0.060745112132281065,1.0,0.0,2.3411854775622487,2.794647366499703e-05,0.01753589930012822,600746.197265625,0.00822692972724326,0.0,0.0,1.4439354836940765,0.00014574719898519106,0.00011969597380812047,1.2554108351195599e-14,8.28894599180785e-05,4.983714274597872e-10,4.983714274597872e-10,0.06074040988460183,4.983714274597872e-10,0.006329154537525028,0.06233255285769701,0.06283581722527742,0.966109232356151,0.966109232356151,-0.17016208684071898,0.843642458319664,0.0,0.49816644191741943,0.25,1.0774961709976196,0.454564830288291,0.20817100908607244,4.195439428091049,3.9078824520111084,,1.9765695929527283,0.46936608478426933,1.4142648950219154,0.0011581800572457723,0.0,0.16,hamiltonian_verlet,0.2,12,16,1.0,True,1.0,warp,1.0,2.0,0.0001,64,gaussian
full,2,2.2250462734518806e-05,branch_id_v3_controls,0.02,2.0,12,0.0,1.0,2.0,24,wave,0.0,3.600730432632796e-05,0.0,1.7806657600279625e-05,2.441479724287395e-05,0.006952993814290191,2.5412311404487964e-10,0.006353563386558865,0.01141550405494248,0.04755461885361001,0.10865282593294978,gabor_gaussian,12,1.0,64,1.0,0.16,1,0.0001,0.05,proxy_0.20_0.05,16,0,0,0,2.0,shell_balanced,MiNO-Plus,MiNO-Plus_wingaussian_modshell_balanced_K12_modes16_patch16_ref0.05_rlp0.16_hfc0.16_rb-5_pdo0_diss0_symord0_symparspectral_order_wfconf2_trhamiltonian_verlet_framegabor_gaussian_sparse1_sklp0.16_tsyn1_tin1_tsmwarp_tdec1x16_tdgate1_tref0,False,1,0.05,1062677,16,-2.0,0.0,0.05,,0.16,synthetic,2,0.5,-5.0,0.05,run,branch_id_v3_controls_wave_chirp_propagation_proxy_0p20_0p05_full_11_hamiltonian_verlet_gabor_gaussian_True_2p0_0p16_0p16_0p16_1p0_1p0_warp_16_1p0_0p0_2p0_0p01_0p05_1p0_2p0_12_12,203.38827219999985,wave_chirp_propagation,11,0.16,synthetic,True,8,0.0,0.01,0.0,0.05,7.484022808057489e-05,0.05450644111260772,1.0,0.0,2.3863368472084403,2.074040594379767e-05,0.017550565535202622,711942.892578125,0.004631191564840265,0.0,0.0,1.3991186618804932,0.00011574136715353234,7.576307143608574e-05,6.2740250798992995e-15,8.266229451692197e-05,2.1227679163071667e-10,2.1227679163071667e-10,0.05450641689822078,2.1227679163071667e-10,0.006369093258399516,0.057973855175077915,0.06011816207319498,0.8941327892243862,0.8941327892243862,-0.09693944116588682,1.0978101417422295,0.0,0.4822225645184517,0.25,1.0774961709976196,0.596028883010149,0.2118050434316198,4.457869619131088,4.872794568538666,,1.3928382322192192,0.6330932006239891,1.4198423822720845,0.0017552880890434608,0.0,0.16,hamiltonian_verlet,0.2,12,16,1.0,True,1.0,warp,1.0,2.0,0.0001,64,gaussian
full,2,2.2090977267907874e-05,branch_id_v3_controls,0.02,2.0,12,0.0,1.0,2.0,24,wave,0.0,3.8771677537852156e-05,0.0,1.4476129801247831e-05,8.364376952840757e-06,0.007647234131582081,1.477465076642435e-10,0.006342389475321397,0.012144270178396255,0.03951461698549489,0.10928926601385076,gabor_gaussian,12,1.0,64,1.0,0.16,1,0.0001,0.05,proxy_0.20_0.05,16,0,0,0,2.0,shell_balanced,MiNO-Plus,MiNO-Plus_wingaussian_modshell_balanced_K12_modes16_patch16_ref0.05_rlp0.16_hfc0.16_rb-5_pdo0_diss0_symord0_symparspectral_order_wfconf2_trhamiltonian_verlet_framegabor_gaussian_sparse1_sklp0.16_tsyn1_tin1_tsmwarp_tdec1x16_tdgate1_tref0,False,1,0.05,1062677,16,-2.0,0.0,0.05,,0.16,synthetic,2,0.5,-5.0,0.05,run,branch_id_v3_controls_wave_chirp_propagation_proxy_0p20_0p05_full_19_hamiltonian_verlet_gabor_gaussian_True_2p0_0p16_0p16_0p16_1p0_1p0_warp_16_1p0_0p0_2p0_0p01_0p05_1p0_2p0_12_12,200.00005710000005,wave_chirp_propagation,19,0.16,synthetic,True,8,0.0,0.01,0.0,0.05,3.0021367138033384e-05,0.055160271003842354,1.0,0.0,3.5677167614921927,2.672647462986788e-05,0.01754350448027253,380007.8231201172,0.010874606450670399,0.0,0.0,1.460464894771576,0.00014565911260433495,6.997566515565268e-05,6.6362812191052625e-15,0.0001241746513187536,1.6626191048918493e-10,1.6626191048918493e-10,0.055157150607556105,1.6626191048918493e-10,0.006328303599730134,0.055860317312180996,0.05631212145090103,1.0361173550287883,1.0361173550287883,-0.10194242586536954,0.798394188284874,0.0,0.5098054744303226,0.25,1.0774961709976196,0.7291370816528797,0.22636932972818613,4.417807251214981,5.2020039558410645,,2.4047089964151382,0.5085775554180145,1.3614737863341968,0.0009042069286806509,0.0,0.16,hamiltonian_verlet,0.2,12,16,1.0,True,1.0,warp,1.0,2.0,0.0001,64,gaussian
full_no_flow_supervision,2,4.46193680545548e-05,branch_id_v3_controls,0.02,2.0,12,0.0,1.0,0.0,24,wave,0.0,2.446064437814736e-05,0.0,5.609167857301145e-06,0.0,0.008938209241023287,4.44008185542429e-10,0.006340738182188943,0.021043839980848134,0.04295742333245774,0.10829099671294291,gabor_gaussian,12,1.0,64,1.0,0.16,1,0.0001,0.05,proxy_0.20_0.05,16,0,0,0,2.0,shell_balanced,MiNO-Plus,MiNO-Plus_wingaussian_modshell_balanced_K12_modes16_patch16_ref0.05_rlp0.16_hfc0.16_rb-5_pdo0_diss0_symord0_symparspectral_order_wfconf2_trhamiltonian_verlet_framegabor_gaussian_sparse1_sklp0.16_tsyn1_tin1_tsmwarp_tdec1x16_tdgate1_tref0,False,1,0.05,1062677,16,-2.0,0.0,0.05,,0.16,synthetic,2,0.5,-5.0,0.05,run,branch_id_v3_controls_wave_chirp_propagation_proxy_0p20_0p05_full_no_flow_supervision_7_hamiltonian_verlet_gabor_gaussian_True_2p0_0p16_0p16_0p16_1p0_1p0_warp_16_1p0_0p0_2p0_0p01_0p05_1p0_2p0_12_12,200.77403680000043,wave_chirp_propagation,7,0.16,synthetic,True,8,0.0,0.01,0.0,0.05,0.0014730233087902889,0.057268638629466295,1.0,0.0,1.9520801194012165,2.5336999328828824e-05,0.016723820008337498,551750.326171875,0.011383860284695402,0.0,0.0,1.3884564638137817,0.00014278227354225237,0.00011706125314958626,1.2935254436856076e-14,8.143591912812553e-05,4.768738043336995e-10,4.768738043336995e-10,0.05726435501128435,4.768738043336995e-10,0.006325256021227688,0.05797855881974101,0.05815244000405073,0.9908138041694959,0.9908138041694959,-0.1267507796486219,0.6729203313589096,0.0,0.49816644191741943,0.25,1.0774961709976196,0.454564830288291,0.205039716946582,4.123084634542465,3.7602419257164,,2.0286283046007156,1.076182335615158,1.3905160675446193,0.0015732722895336337,0.0,0.16,hamiltonian_verlet,0.2,12,16,1.0,True,1.0,warp,1.0,2.0,0.0001,64,gaussian
full_no_flow_supervision,2,3.070853517783689e-05,branch_id_v3_controls,0.02,2.0,12,0.0,1.0,0.0,24,wave,0.0,8.232583165105704e-05,0.0,6.373801447049725e-05,0.0,0.0015871819662910032,3.407089564181713e-10,0.006355168773249413,0.00939265446504578,0.07083560972629736,0.1015686010941863,gabor_gaussian,12,1.0,64,1.0,0.16,1,0.0001,0.05,proxy_0.20_0.05,16,0,0,0,2.0,shell_balanced,MiNO-Plus,MiNO-Plus_wingaussian_modshell_balanced_K12_modes16_patch16_ref0.05_rlp0.16_hfc0.16_rb-5_pdo0_diss0_symord0_symparspectral_order_wfconf2_trhamiltonian_verlet_framegabor_gaussian_sparse1_sklp0.16_tsyn1_tin1_tsmwarp_tdec1x16_tdgate1_tref0,False,1,0.05,1062677,16,-2.0,0.0,0.05,,0.16,synthetic,2,0.5,-5.0,0.05,run,branch_id_v3_controls_wave_chirp_propagation_proxy_0p20_0p05_full_no_flow_supervision_11_hamiltonian_verlet_gabor_gaussian_True_2p0_0p16_0p16_0p16_1p0_1p0_warp_16_1p0_0p0_2p0_0p01_0p05_1p0_2p0_12_12,302.2122104,wave_chirp_propagation,11,0.16,synthetic,True,8,0.0,0.01,0.0,0.05,0.004659994272515178,0.06394945830106735,1.0,0.0,1.6385483015328646,3.0236552674978157e-05,0.014077860163524747,599523.4521484375,0.0037188630158198066,0.0,0.0,1.4099967926740646,0.00012511320892372169,9.645352474763058e-05,9.408414173522846e-15,7.580218516523018e-05,3.4014946068139373e-10,3.4014946068139373e-10,0.0639501684345305,3.4014946068139373e-10,0.006629498500842601,0.0654366547241807,0.06627459963783622,0.8432843511303266,0.8432843511303266,0.2601137755749126,1.1515658050775528,0.0,0.4822225645184517,0.25,1.0774961709976196,0.596028883010149,0.19532868824899197,4.280187666416168,4.527128219604492,,1.511661872267723,0.7100656405091286,1.331879752377669,0.0029012231825618073,0.0,0.16,hamiltonian_verlet,0.2,12,16,1.0,True,1.0,warp,1.0,2.0,0.0001,64,gaussian
full_no_flow_supervision,2,4.7581784428984975e-05,branch_id_v3_controls,0.02,2.0,12,0.0,1.0,0.0,24,wave,0.0,8.437013275397476e-05,0.0,6.469768565390648e-05,0.0,0.0012245369637563879,1.353461669273646e-10,0.006395558370665337,0.013648193368377784,0.06322107106097974,0.094371665113916,gabor_gaussian,12,1.0,64,1.0,0.16,1,0.0001,0.05,proxy_0.20_0.05,16,0,0,0,2.0,shell_balanced,MiNO-Plus,MiNO-Plus_wingaussian_modshell_balanced_K12_modes16_patch16_ref0.05_rlp0.16_hfc0.16_rb-5_pdo0_diss0_symord0_symparspectral_order_wfconf2_trhamiltonian_verlet_framegabor_gaussian_sparse1_sklp0.16_tsyn1_tin1_tsmwarp_tdec1x16_tdgate1_tref0,False,1,0.05,1062677,16,-2.0,0.0,0.05,,0.16,synthetic,2,0.5,-5.0,0.05,run,branch_id_v3_controls_wave_chirp_propagation_proxy_0p20_0p05_full_no_flow_supervision_19_hamiltonian_verlet_gabor_gaussian_True_2p0_0p16_0p16_0p16_1p0_1p0_warp_16_1p0_0p0_2p0_0p01_0p05_1p0_2p0_12_12,297.0644824000001,wave_chirp_propagation,19,0.16,synthetic,True,8,0.0,0.01,0.0,0.05,0.005641255062073469,0.07896043825894594,1.0,0.0,3.758411175571382,5.602471355814487e-05,0.014000564231537282,412610.587890625,0.016138457853230648,0.0,0.0,1.4562671482563019,0.00012035167037538486,7.026702405710239e-05,3.772573812224343e-15,9.72728303167969e-05,1.6121696425758225e-10,1.6121696425758225e-10,0.07895978633314371,1.6121696425758225e-10,0.006660941115114838,0.07971616741269827,0.08033538050949574,0.8783144317567348,0.8783144317567348,0.23241232987493277,1.3815895766019821,0.0,0.5098054744303226,0.25,1.0774961709976196,0.7291370816528797,0.23137119133025408,4.314260423183441,4.882451295852661,,2.4164173305034637,0.37603386864066124,1.4360693246126175,0.0017238221771549433,0.0,0.16,hamiltonian_verlet,0.2,12,16,1.0,True,1.0,warp,1.0,2.0,0.0001,64,gaussian
no_transport,2,7.627135755683412e-05,branch_id_v3_controls,0.02,2.0,12,0.0,1.0,2.0,24,wave,0.0,8.044740146336456e-05,0.0,6.422134240816983e-05,1.0,0.001334903214683436,5.947661720767661e-10,0.006343254150124267,0.04346171425034603,0.0650145797796237,0.10872964685161908,gabor_gaussian,12,1.0,64,1.0,0.16,1,0.0001,0.05,proxy_0.20_0.05,16,0,0,0,2.0,shell_balanced,MiNO-Plus,MiNO-Plus_wingaussian_modshell_balanced_K12_modes16_patch16_ref0.05_rlp0.16_hfc0.16_rb-5_pdo0_diss0_symord0_symparspectral_order_wfconf2_trhamiltonian_verlet_framegabor_gaussian_sparse1_sklp0.16_tsyn1_tin1_tsmwarp_tdec1x16_tdgate1_tref0,False,1,0.05,349913,16,-2.0,0.0,0.05,,0.16,synthetic,2,0.5,-5.0,0.05,run,branch_id_v3_controls_wave_chirp_propagation_proxy_0p20_0p05_no_transport_7_hamiltonian_verlet_gabor_gaussian_True_2p0_0p16_0p16_0p16_1p0_1p0_warp_16_1p0_0p0_2p0_0p01_0p05_1p0_2p0_12_12,122.05465019999974,wave_chirp_propagation,7,0.16,synthetic,True,8,0.0,0.01,0.0,0.05,0.017541948705911636,0.09156219754368067,1.0,0.0,2.742292035371065,6.437404908865574e-05,0.0,559188.537109375,0.015296696743462235,0.0,0.0,1.4070914387702942,0.00017139730516646523,0.00013833634693583008,1.4133963711228219e-14,9.839843824011041e-05,6.642915939547578e-10,6.642915939547578e-10,0.09155923500657082,6.642915939547578e-10,0.006328125076834112,0.09255881793797016,0.09333017561584711,0.9373366634051005,0.9373366634051005,0.2100296300292636,0.9263102114200592,0.0,0.49816644191741943,0.25,1.0774961709976196,0.454564830288291,0.0,4.414681136608124,1.494770140197943e-05,,4.570755958557129,3.927232796741009e-07,0.0,0.002763213007710874,0.0,0.16,hamiltonian_verlet,0.2,12,16,1.0,True,1.0,warp,1.0,2.0,0.0001,64,gaussian
no_transport,2,8.766145606386999e-05,branch_id_v3_controls,0.02,2.0,12,0.0,1.0,2.0,24,wave,0.0,8.361910503632923e-05,0.0,7.436614312913055e-05,1.0,0.001441424559288862,5.480622738048465e-10,0.0063391342797937495,0.10756404806549351,0.07072746709066753,0.10865428873027365,gabor_gaussian,12,1.0,64,1.0,0.16,1,0.0001,0.05,proxy_0.20_0.05,16,0,0,0,2.0,shell_balanced,MiNO-Plus,MiNO-Plus_wingaussian_modshell_balanced_K12_modes16_patch16_ref0.05_rlp0.16_hfc0.16_rb-5_pdo0_diss0_symord0_symparspectral_order_wfconf2_trhamiltonian_verlet_framegabor_gaussian_sparse1_sklp0.16_tsyn1_tin1_tsmwarp_tdec1x16_tdgate1_tref0,False,1,0.05,349913,16,-2.0,0.0,0.05,,0.16,synthetic,2,0.5,-5.0,0.05,run,branch_id_v3_controls_wave_chirp_propagation_proxy_0p20_0p05_no_transport_11_hamiltonian_verlet_gabor_gaussian_True_2p0_0p16_0p16_0p16_1p0_1p0_warp_16_1p0_0p0_2p0_0p01_0p05_1p0_2p0_12_12,117.45311870000023,wave_chirp_propagation,11,0.16,synthetic,True,8,0.0,0.01,0.0,0.05,0.017541948705911636,0.10545622883364558,1.0,0.0,2.1168615594506264,8.595250346843386e-05,0.0,625161.67578125,0.01212083493010141,0.0,0.0,1.3745901584625244,0.00014043132523511304,0.00010583433868305292,1.055165755998685e-14,8.603339119872544e-05,4.144860617921742e-10,4.144860617921742e-10,0.1054553366266191,4.144860617921742e-10,0.006324160262010992,0.10724581591784954,0.10850790608674288,0.8912284299731255,0.8912284299731255,0.3280072808265686,0.8800291940569878,0.0,0.4822225645184517,0.25,1.0774961709976196,0.596028883010149,0.0,4.717346251010895,1.3614005979434296e-05,,5.192838937044144,3.8085473619275945e-07,0.0,0.007045585021842271,0.0,0.16,hamiltonian_verlet,0.2,12,16,1.0,True,1.0,warp,1.0,2.0,0.0001,64,gaussian
no_transport,2,0.00012450833219190827,branch_id_v3_controls,0.02,2.0,12,0.0,1.0,2.0,24,wave,0.0,0.00012928656838084862,0.0,0.00010789520698987569,1.0,0.0011460338802180559,4.820968157378628e-10,0.006340309909622495,0.045287536922842264,0.06025519440299831,0.1092707677744329,gabor_gaussian,12,1.0,64,1.0,0.16,1,0.0001,0.05,proxy_0.20_0.05,16,0,0,0,2.0,shell_balanced,MiNO-Plus,MiNO-Plus_wingaussian_modshell_balanced_K12_modes16_patch16_ref0.05_rlp0.16_hfc0.16_rb-5_pdo0_diss0_symord0_symparspectral_order_wfconf2_trhamiltonian_verlet_framegabor_gaussian_sparse1_sklp0.16_tsyn1_tin1_tsmwarp_tdec1x16_tdgate1_tref0,False,1,0.05,349913,16,-2.0,0.0,0.05,,0.16,synthetic,2,0.5,-5.0,0.05,run,branch_id_v3_controls_wave_chirp_propagation_proxy_0p20_0p05_no_transport_19_hamiltonian_verlet_gabor_gaussian_True_2p0_0p16_0p16_0p16_1p0_1p0_warp_16_1p0_0p0_2p0_0p01_0p05_1p0_2p0_12_12,122.00417780000043,wave_chirp_propagation,19,0.16,synthetic,True,8,0.0,0.01,0.0,0.05,0.017541948705911636,0.11411670129746199,1.0,0.0,4.086462460458279,0.00010060287695523584,0.0,417715.30908203125,0.016252173139946535,0.0,0.0,1.4954139739274979,0.00021781298528367188,0.00012900494130008155,1.4446640417992986e-14,0.0001659144963923609,5.937445032161426e-10,5.937445032161426e-10,0.11411270685493946,5.937445032161426e-10,0.006327425595372915,0.11521531455218792,0.11607891321182251,0.9418850069244703,0.9418850069244703,0.2126382648323973,0.6422362178564072,0.0,0.5098054744303226,0.25,1.0774961709976196,0.7291370816528797,0.0,4.627333045005798,1.607710760254122e-05,,6.0420398116111755,4.19699677678409e-07,0.0,0.00688327904936159,0.0,0.16,hamiltonian_verlet,0.2,12,16,1.0,True,1.0,warp,1.0,2.0,0.0001,64,gaussian
identity_transport,2,8.381452153116697e-05,branch_id_v3_controls,0.02,2.0,12,0.0,1.0,2.0,24,wave,0.0,9.14510830322494e-05,0.0,7.381110109842363e-05,0.9999998807907104,0.0013338668204596615,6.50082744579894e-10,0.006339249560066189,0.02485002561782797,0.06516426297215124,0.10872964980080724,gabor_gaussian,12,1.0,64,1.0,0.16,1,0.0001,0.05,proxy_0.20_0.05,16,0,0,0,2.0,shell_balanced,MiNO-Plus,MiNO-Plus_wingaussian_modshell_balanced_K12_modes16_patch16_ref0.05_rlp0.16_hfc0.16_rb-5_pdo0_diss0_symord0_symparspectral_order_wfconf2_trhamiltonian_verlet_framegabor_gaussian_sparse1_sklp0.16_tsyn1_tin1_tsmwarp_tdec1x16_tdgate1_tref0,False,1,0.05,1062677,16,-2.0,0.0,0.05,,0.16,synthetic,2,0.5,-5.0,0.05,run,branch_id_v3_controls_wave_chirp_propagation_proxy_0p20_0p05_identity_transport_7_hamiltonian_verlet_gabor_gaussian_True_2p0_0p16_0p16_0p16_1p0_1p0_warp_16_1p0_0p0_2p0_0p01_0p05_1p0_2p0_12_12,247.0429695999992,wave_chirp_propagation,7,0.16,synthetic,True,8,0.0,0.01,0.0,0.05,0.017541948705911636,0.09677857905626297,1.0,0.0,2.7326050624251366,7.274294875969645e-05,0.0,562653.78515625,0.014426784066017717,0.0,0.0,1.427865132689476,0.00018159118371841032,0.00014570319217455108,1.4340958128867317e-14,0.00010434752311994089,7.410759089720997e-10,7.410759089720997e-10,0.09677539020776749,7.410759089720997e-10,0.006324243848212063,0.09771998226642609,0.0984574593603611,0.872670155018568,0.872670155018568,0.15899848313226053,0.8313086479902267,0.0,0.49816644191741943,0.25,1.0774961709976196,0.454564830288291,0.21454244013875723,4.420212507247925,1.4973109387028671e-05,,4.563155233860016,3.861688071538083e-07,1.3321843147277832,0.002728457904595416,0.0,0.16,hamiltonian_verlet,0.2,12,16,1.0,True,1.0,warp,1.0,2.0,0.0001,64,gaussian
identity_transport,2,9.074097715711105e-05,branch_id_v3_controls,0.02,2.0,12,0.0,1.0,2.0,24,wave,0.0,8.775429781356554e-05,0.0,7.787566570035172e-05,0.9999998807907104,0.0014515668970792224,5.665777152996654e-10,0.006337290930484111,0.09344268109028538,0.07085398281924427,0.10865429028247793,gabor_gaussian,12,1.0,64,1.0,0.16,1,0.0001,0.05,proxy_0.20_0.05,16,0,0,0,2.0,shell_balanced,MiNO-Plus,MiNO-Plus_wingaussian_modshell_balanced_K12_modes16_patch16_ref0.05_rlp0.16_hfc0.16_rb-5_pdo0_diss0_symord0_symparspectral_order_wfconf2_trhamiltonian_verlet_framegabor_gaussian_sparse1_sklp0.16_tsyn1_tin1_tsmwarp_tdec1x16_tdgate1_tref0,False,1,0.05,1062677,16,-2.0,0.0,0.05,,0.16,synthetic,2,0.5,-5.0,0.05,run,branch_id_v3_controls_wave_chirp_propagation_proxy_0p20_0p05_identity_transport_11_hamiltonian_verlet_gabor_gaussian_True_2p0_0p16_0p16_0p16_1p0_1p0_warp_16_1p0_0p0_2p0_0p01_0p05_1p0_2p0_12_12,191.06225200000154,wave_chirp_propagation,11,0.16,synthetic,True,8,0.0,0.01,0.0,0.05,0.017541948705911636,0.10751053970307112,1.0,0.0,1.9645488671958447,9.071086196854594e-05,0.0,606331.96484375,0.012117200254579075,0.0,0.0,1.3156959861516953,0.0001422998693669797,0.00010761423072835896,1.0762584486902253e-14,8.661282345201471e-05,4.2967288581274854e-10,4.2967288581274854e-10,0.10750934947282076,4.2967288581274854e-10,0.006322180794086307,0.10925116995349526,0.11035161511972547,0.829735370973746,0.829735370973746,0.30538067749391,0.8070298433303833,0.0,0.4822225645184517,0.25,1.0774961709976196,0.596028883010149,0.18935040136178335,4.717499792575836,1.3606887023343006e-05,,5.238797038793564,3.377735264820103e-07,1.3321843147277832,0.007146538817323744,0.0,0.16,hamiltonian_verlet,0.2,12,16,1.0,True,1.0,warp,1.0,2.0,0.0001,64,gaussian
identity_transport,2,0.00012541417981992709,branch_id_v3_controls,0.02,2.0,12,0.0,1.0,2.0,24,wave,0.0,0.00011579983447518316,0.0,9.948771582912741e-05,0.9999998807907104,0.0011641198324241486,5.023873367373625e-10,0.006341595648943136,0.02794472686946392,0.0605855937077043,0.10927076730877161,gabor_gaussian,12,1.0,64,1.0,0.16,1,0.0001,0.05,proxy_0.20_0.05,16,0,0,0,2.0,shell_balanced,MiNO-Plus,MiNO-Plus_wingaussian_modshell_balanced_K12_modes16_patch16_ref0.05_rlp0.16_hfc0.16_rb-5_pdo0_diss0_symord0_symparspectral_order_wfconf2_trhamiltonian_verlet_framegabor_gaussian_sparse1_sklp0.16_tsyn1_tin1_tsmwarp_tdec1x16_tdgate1_tref0,False,1,0.05,1062677,16,-2.0,0.0,0.05,,0.16,synthetic,2,0.5,-5.0,0.05,run,branch_id_v3_controls_wave_chirp_propagation_proxy_0p20_0p05_identity_transport_19_hamiltonian_verlet_gabor_gaussian_True_2p0_0p16_0p16_0p16_1p0_1p0_warp_16_1p0_0p0_2p0_0p01_0p05_1p0_2p0_12_12,191.2510409000006,wave_chirp_propagation,19,0.16,synthetic,True,8,0.0,0.01,0.0,0.05,0.017541948705911636,0.11591794434934855,1.0,0.0,4.779948115348816,0.00010280196147505194,0.0,463310.06591796875,0.016261687531368807,0.0,0.0,1.429276704788208,0.00021960146477795206,0.00013166770077077672,1.4920465566489358e-14,0.0001655454616411589,6.204816035970673e-10,6.204816035970673e-10,0.11591372825205326,6.204816035970673e-10,0.006326399103272706,0.11734124645590782,0.11871287506073713,0.8906811115642389,0.8906811115642389,0.16783912833003947,1.2646576017141342,0.0,0.5098054744303226,0.25,1.0774961709976196,0.7291370816528797,0.22785988605270782,4.631169766187668,1.6100249467854155e-05,,6.045856595039368,3.3883375039067687e-07,1.3321843147277832,0.006773456196242478,0.0,0.16,hamiltonian_verlet,0.2,12,16,1.0,True,1.0,warp,1.0,2.0,0.0001,64,gaussian
no_transport_no_carrier,2,0.006092933297622949,branch_id_v3_controls,0.02,2.0,12,0.0,1.0,2.0,24,wave,0.0,0.006199137395014986,0.0,0.0051964333494349075,1.0,0.0008696429498134725,2.8389662530085385e-07,0.006401341651023055,0.033203596947714686,0.06311055123417948,0.1087296490247051,gabor_gaussian,12,1.0,64,1.0,0.16,1,0.0001,0.05,proxy_0.20_0.05,16,0,0,0,2.0,shell_balanced,MiNO-Plus,MiNO-Plus_wingaussian_modshell_balanced_K12_modes16_patch16_ref0.05_rlp0.16_hfc0.16_rb-5_pdo0_diss0_symord0_symparspectral_order_wfconf2_trhamiltonian_verlet_framegabor_gaussian_sparse1_sklp0.16_tsyn1_tin1_tsmwarp_tdec1x16_tdgate1_tref0,False,1,0.05,349913,16,-2.0,0.0,0.05,,0.16,synthetic,2,0.5,-5.0,0.05,run,branch_id_v3_controls_wave_chirp_propagation_proxy_0p20_0p05_no_transport_no_carrier_7_hamiltonian_verlet_gabor_gaussian_True_2p0_0p16_0p16_0p16_1p0_1p0_warp_16_1p0_0p0_2p0_0p01_0p05_1p0_2p0_12_12,69.27979580000101,wave_chirp_propagation,7,0.16,synthetic,True,8,0.0,0.01,0.0,0.05,0.017541948705911636,0.8237068429589272,1.0,0.0,9.219497427344322,0.005250208923825994,0.0,2479060.8203125,0.4362653214484453,0.0,0.0,1.5588439404964447,0.0019026616791961715,0.0018846338862203993,2.0630241501459778e-14,0.00021966255917504895,1.5255268726033222e-07,1.5255268726033222e-07,0.8235202953219414,1.5255268726033222e-07,0.006440257129725069,0.8253626450896263,0.8271676376461983,1.0158771028121312,1.0158771028121312,0.1831006827803018,1.9575918540358543,0.0,0.49816644191741943,0.25,1.0774961709976196,0.454564830288291,0.0,0.0,0.0,,0.0,0.0,0.0,0.05058191227726638,0.0,0.16,hamiltonian_verlet,0.2,12,16,1.0,True,1.0,warp,1.0,2.0,0.0001,64,gaussian
no_transport_no_carrier,2,0.005953581887297332,branch_id_v3_controls,0.02,2.0,12,0.0,1.0,2.0,24,wave,0.0,0.0062712873332202435,0.0,0.004798114377384384,1.0,0.0009810776845521711,1.6460941953585124e-06,0.006413751679550235,0.09636758733540773,0.06854119652416557,0.10865429261078437,gabor_gaussian,12,1.0,64,1.0,0.16,1,0.0001,0.05,proxy_0.20_0.05,16,0,0,0,2.0,shell_balanced,MiNO-Plus,MiNO-Plus_wingaussian_modshell_balanced_K12_modes16_patch16_ref0.05_rlp0.16_hfc0.16_rb-5_pdo0_diss0_symord0_symparspectral_order_wfconf2_trhamiltonian_verlet_framegabor_gaussian_sparse1_sklp0.16_tsyn1_tin1_tsmwarp_tdec1x16_tdgate1_tref0,False,1,0.05,349913,16,-2.0,0.0,0.05,,0.16,synthetic,2,0.5,-5.0,0.05,run,branch_id_v3_controls_wave_chirp_propagation_proxy_0p20_0p05_no_transport_no_carrier_11_hamiltonian_verlet_gabor_gaussian_True_2p0_0p16_0p16_0p16_1p0_1p0_warp_16_1p0_0p0_2p0_0p01_0p05_1p0_2p0_12_12,65.92372930000056,wave_chirp_propagation,11,0.16,synthetic,True,8,0.0,0.01,0.0,0.05,0.017541948705911636,0.8537785187363625,1.0,0.0,4.251039996743202,0.005445992137538269,0.0,2501540.58984375,0.5199526958167553,0.0,0.0,1.4427213221788406,0.001211102913657669,0.001197680951008806,1.712172372544596e-14,0.00015001333485997748,7.062684467817881e-08,7.062684467817881e-08,0.8536689355969429,7.062684467817881e-08,0.006509848986752331,0.8547767177224159,0.8557996973395348,0.9431944315632185,0.9431944315632185,0.30987781441460055,1.1820885241031647,0.0,0.4822225645184517,0.25,1.0774961709976196,0.596028883010149,0.0,0.0,0.0,,0.0,0.0,0.0,0.1069443910382688,0.0,0.16,hamiltonian_verlet,0.2,12,16,1.0,True,1.0,warp,1.0,2.0,0.0001,64,gaussian
no_transport_no_carrier,2,0.006483621895313263,branch_id_v3_controls,0.02,2.0,12,0.0,1.0,2.0,24,wave,0.0,0.006561872010934167,0.0,0.005308794153582615,1.0,0.0008167315172234643,8.312251301341907e-07,0.006385969347320497,0.05793906911276281,0.05839804041897878,0.10927076730877161,gabor_gaussian,12,1.0,64,1.0,0.16,1,0.0001,0.05,proxy_0.20_0.05,16,0,0,0,2.0,shell_balanced,MiNO-Plus,MiNO-Plus_wingaussian_modshell_balanced_K12_modes16_patch16_ref0.05_rlp0.16_hfc0.16_rb-5_pdo0_diss0_symord0_symparspectral_order_wfconf2_trhamiltonian_verlet_framegabor_gaussian_sparse1_sklp0.16_tsyn1_tin1_tsmwarp_tdec1x16_tdgate1_tref0,False,1,0.05,349913,16,-2.0,0.0,0.05,,0.16,synthetic,2,0.5,-5.0,0.05,run,branch_id_v3_controls_wave_chirp_propagation_proxy_0p20_0p05_no_transport_no_carrier_19_hamiltonian_verlet_gabor_gaussian_True_2p0_0p16_0p16_0p16_1p0_1p0_warp_16_1p0_0p0_2p0_0p01_0p05_1p0_2p0_12_12,59.89448570000059,wave_chirp_propagation,19,0.16,synthetic,True,8,0.0,0.01,0.0,0.05,0.017541948705911636,0.9095212072134018,1.0,0.0,21.017815083265305,0.006689462810754776,0.0,1880446.5576171875,0.5245935395359993,0.0,0.0,1.4462516903877258,0.0035304518532939255,0.0035002960066776723,2.4042830519796e-14,0.0003865891012537759,5.018907991427568e-07,5.018907991427568e-07,0.909190759062767,5.018907991427568e-07,0.00641941063804552,0.912021815776825,0.914617545902729,1.0072574404378731,1.0072574404378731,0.23837004213904342,1.9680074900388718,0.0,0.5098054744303226,0.25,1.0774961709976196,0.7291370816528797,0.0,0.0,0.0,,0.0,0.0,0.0,0.09544858010485768,0.0,0.16,hamiltonian_verlet,0.2,12,16,1.0,True,1.0,warp,1.0,2.0,0.0001,64,gaussian
randomized_metadata,2,0.004581083238008432,branch_id_v3_controls,0.02,2.0,12,0.0,1.0,2.0,24,wave,0.0,0.0061801208794349805,0.0,0.00611116859363392,834.6296691894531,0.0013876608230323957,2.803371623380513e-10,0.006402585888281465,0.0005009619611276624,0.08193709976815929,0.036972732904056706,gabor_gaussian,12,1.0,64,1.0,0.16,1,0.0001,0.05,proxy_0.20_0.05,16,0,0,0,2.0,shell_balanced,MiNO-Plus,MiNO-Plus_wingaussian_modshell_balanced_K12_modes16_patch16_ref0.05_rlp0.16_hfc0.16_rb-5_pdo0_diss0_symord0_symparspectral_order_wfconf2_trhamiltonian_verlet_framegabor_gaussian_sparse1_sklp0.16_tsyn1_tin1_tsmwarp_tdec1x16_tdgate1_tref0,False,1,0.05,1062677,16,-2.0,0.0,0.05,,0.16,synthetic,2,0.5,-5.0,0.05,run,branch_id_v3_controls_wave_chirp_propagation_proxy_0p20_0p05_randomized_metadata_7_hamiltonian_verlet_gabor_gaussian_True_2p0_0p16_0p16_0p16_1p0_1p0_warp_16_1p0_0p0_2p0_0p01_0p05_1p0_2p0_12_12,190.34829010000067,wave_chirp_propagation,7,0.16,synthetic,True,8,0.0,0.01,0.0,0.05,0.4615747407078743,0.8116501495242119,1.0,0.0,20.83595836162567,0.0053184958233032376,0.4623298682272434,3004504.3828125,0.5208570472896099,0.0,0.0,1.53781196475029,0.00011699367769324454,9.754611892276444e-05,7.483197805208434e-15,6.453737387346337e-05,3.315272431581029e-10,3.315272431581029e-10,0.8035015910863876,3.315272431581029e-10,0.006391960778273642,0.8168894946575165,0.8217355236411095,0.9140903862814108,0.9140903862814108,0.024691321210411843,2.3090485632419586,0.0,0.49816644191741943,0.25,1.0774961709976196,0.454564830288291,0.1566925598308444,2.4203631579875946,5.03544282913208,,3.9605422616004944,2.4804324209690094,0.0,0.21720318449661136,0.0,0.16,hamiltonian_verlet,0.2,12,16,1.0,True,1.0,warp,1.0,2.0,0.0001,64,gaussian
randomized_metadata,2,0.006185180915053934,branch_id_v3_controls,0.02,2.0,12,0.0,1.0,2.0,24,wave,0.0,0.0055181265124701895,0.0,0.005479768534617809,840.2145207722982,0.0015285429837301006,2.1766062014103951e-10,0.006393001152900979,0.023250954730125766,0.08866562581776331,0.03720971953589469,gabor_gaussian,12,1.0,64,1.0,0.16,1,0.0001,0.05,proxy_0.20_0.05,16,0,0,0,2.0,shell_balanced,MiNO-Plus,MiNO-Plus_wingaussian_modshell_balanced_K12_modes16_patch16_ref0.05_rlp0.16_hfc0.16_rb-5_pdo0_diss0_symord0_symparspectral_order_wfconf2_trhamiltonian_verlet_framegabor_gaussian_sparse1_sklp0.16_tsyn1_tin1_tsmwarp_tdec1x16_tdgate1_tref0,False,1,0.05,1062677,16,-2.0,0.0,0.05,,0.16,synthetic,2,0.5,-5.0,0.05,run,branch_id_v3_controls_wave_chirp_propagation_proxy_0p20_0p05_randomized_metadata_11_hamiltonian_verlet_gabor_gaussian_True_2p0_0p16_0p16_0p16_1p0_1p0_warp_16_1p0_0p0_2p0_0p01_0p05_1p0_2p0_12_12,188.30518969999866,wave_chirp_propagation,11,0.16,synthetic,True,8,0.0,0.01,0.0,0.05,0.457119207829237,0.8692731931805611,1.0,0.0,13.011357575654984,0.006085657398216426,0.4575578570365906,3429822.15234375,0.6045010723173618,0.0,0.0,1.5228968560695648,0.0008915931466617621,0.0008912552730180323,1.4314808898296597e-15,2.4443778329441557e-05,2.925700903766426e-08,2.925700903766426e-08,0.8874358534812927,2.925700903766426e-08,0.006665951339527965,0.8742258623242378,0.8779837861657143,0.8652614367504915,0.8652614367504915,0.1597816919287046,1.703052006661892,0.0,0.4822225645184517,0.25,1.0774961709976196,0.596028883010149,0.172331386556228,2.121670141816139,5.279509246349335,,3.5053718090057373,2.5278317630290985,0.0,0.25777762569487095,0.0,0.16,hamiltonian_verlet,0.2,12,16,1.0,True,1.0,warp,1.0,2.0,0.0001,64,gaussian
randomized_metadata,2,0.0062059023475740105,branch_id_v3_controls,0.02,2.0,12,0.0,1.0,2.0,24,wave,0.0,0.005820481053281886,0.0,0.005774051668898513,840.3702303568522,0.0012275178766761503,1.0352507414691792e-10,0.006373091600835323,0.004014414036646485,0.07499396480852738,0.03678856607681761,gabor_gaussian,12,1.0,64,1.0,0.16,1,0.0001,0.05,proxy_0.20_0.05,16,0,0,0,2.0,shell_balanced,MiNO-Plus,MiNO-Plus_wingaussian_modshell_balanced_K12_modes16_patch16_ref0.05_rlp0.16_hfc0.16_rb-5_pdo0_diss0_symord0_symparspectral_order_wfconf2_trhamiltonian_verlet_framegabor_gaussian_sparse1_sklp0.16_tsyn1_tin1_tsmwarp_tdec1x16_tdgate1_tref0,False,1,0.05,1062677,16,-2.0,0.0,0.05,,0.16,synthetic,2,0.5,-5.0,0.05,run,branch_id_v3_controls_wave_chirp_propagation_proxy_0p20_0p05_randomized_metadata_19_hamiltonian_verlet_gabor_gaussian_True_2p0_0p16_0p16_0p16_1p0_1p0_warp_16_1p0_0p0_2p0_0p01_0p05_1p0_2p0_12_12,194.5737439000004,wave_chirp_propagation,19,0.16,synthetic,True,8,0.0,0.01,0.0,0.05,0.46229925751686096,0.8405618369579315,1.0,0.0,22.04793867468834,0.00581551535287872,0.4627360366284847,1332436.083984375,0.4393780827522278,0.0,0.0,1.5035902112722397,0.0001249166853085626,9.79468004516093e-05,5.178993802941386e-15,7.748091138637392e-05,3.1557125489134474e-10,3.1557125489134474e-10,0.8447520509362221,3.1557125489134474e-10,0.006570004625245929,0.8446245193481445,0.8483498618006706,0.9128896966576576,0.9128896966576576,0.06191344868663388,2.3481297194957733,0.0,0.5098054744303226,0.25,1.0774961709976196,0.7291370816528797,0.18851065697769323,2.263943389058113,5.1643257439136505,,3.260536342859268,0.7351421192288399,0.0,0.1600769953802228,0.0,0.16,hamiltonian_verlet,0.2,12,16,1.0,True,1.0,warp,1.0,2.0,0.0001,64,gaussian
no_symbol,2,4.31838369649995e-05,branch_id_v3_controls,0.02,2.0,12,0.0,1.0,2.0,24,wave,0.0,2.5421251166335423e-05,0.0,8.133943651955633e-06,5.273196578059469e-06,0.0013231244834059908,4.2079388960549374e-10,0.006339348231752713,0.0,0.06535819578372563,0.10852512468894322,gabor_gaussian,12,1.0,64,1.0,0.16,1,0.0001,0.05,proxy_0.20_0.05,16,0,0,0,2.0,shell_balanced,MiNO-Plus,MiNO-Plus_wingaussian_modshell_balanced_K12_modes16_patch16_ref0.05_rlp0.16_hfc0.16_rb-5_pdo0_diss0_symord0_symparspectral_order_wfconf2_trhamiltonian_verlet_framegabor_gaussian_sparse1_sklp0.16_tsyn1_tin1_tsmwarp_tdec1x16_tdgate1_tref0,False,1,0.05,857621,16,-2.0,0.0,0.05,,0.16,synthetic,2,0.5,-5.0,0.05,run,branch_id_v3_controls_wave_chirp_propagation_proxy_0p20_0p05_no_symbol_7_hamiltonian_verlet_gabor_gaussian_True_2p0_0p16_0p16_0p16_1p0_1p0_warp_16_1p0_0p0_2p0_0p01_0p05_1p0_2p0_12_12,164.88643260000026,wave_chirp_propagation,7,0.16,synthetic,True,8,0.0,0.01,0.0,0.05,1.9293688410471077e-05,0.059446392115205526,1.0,0.0,2.9577239118516445,2.6767879376166093e-05,0.017540227388963103,596191.119140625,0.009658488241257146,0.0,0.0,1.401854932308197,0.00014119446859695017,0.00011399843606341165,1.2069662468331842e-14,8.310923658427782e-05,4.5202846327141444e-10,4.5202846327141444e-10,0.059442813973873854,4.5202846327141444e-10,0.006324205722194165,0.06092314003035426,0.06188364885747433,0.0,0.0,0.0,1.2005204111337662,0.0,0.49816644191741943,0.25,1.0774961709976196,0.454564830288291,0.6847530119121075,4.210842341184616,3.92898428440094,,1.9356273151934147,0.5435297042131424,1.2739813178777695,0.0012227314364281483,0.0,0.16,hamiltonian_verlet,0.2,12,16,1.0,True,1.0,warp,1.0,2.0,0.0001,64,gaussian
no_symbol,2,1.8002449564846756e-05,branch_id_v3_controls,0.02,2.0,12,0.0,1.0,2.0,24,wave,0.0,2.5406866370758507e-05,0.0,1.1747526732127275e-05,8.167525019568226e-06,0.001428011508626999,2.7105798508508805e-10,0.006339662097161636,0.0,0.06973372135932247,0.10864510418226321,gabor_gaussian,12,1.0,64,1.0,0.16,1,0.0001,0.05,proxy_0.20_0.05,16,0,0,0,2.0,shell_balanced,MiNO-Plus,MiNO-Plus_wingaussian_modshell_balanced_K12_modes16_patch16_ref0.05_rlp0.16_hfc0.16_rb-5_pdo0_diss0_symord0_symparspectral_order_wfconf2_trhamiltonian_verlet_framegabor_gaussian_sparse1_sklp0.16_tsyn1_tin1_tsmwarp_tdec1x16_tdgate1_tref0,False,1,0.05,857621,16,-2.0,0.0,0.05,,0.16,synthetic,2,0.5,-5.0,0.05,run,branch_id_v3_controls_wave_chirp_propagation_proxy_0p20_0p05_no_symbol_11_hamiltonian_verlet_gabor_gaussian_True_2p0_0p16_0p16_0p16_1p0_1p0_warp_16_1p0_0p0_2p0_0p01_0p05_1p0_2p0_12_12,167.62929629999962,wave_chirp_propagation,11,0.16,synthetic,True,8,0.0,0.01,0.0,0.05,3.249308997510525e-05,0.04776989854872227,1.0,0.0,1.802628903184086,1.6684309798620234e-05,0.017527922289445996,576729.330078125,0.004751543514430523,0.0,0.0,1.4059535562992096,0.00012025164596707327,8.825575332593871e-05,7.999708437927858e-15,7.748978623567382e-05,2.854451154610249e-10,2.854451154610249e-10,0.047768985852599144,2.854451154610249e-10,0.006505040219053626,0.049722081515938044,0.05102164810523391,0.0,0.0,0.0,1.3779013901948929,0.0,0.4822225645184517,0.25,1.0774961709976196,0.596028883010149,0.629797155658404,4.463056802749634,4.874443978071213,,1.3974817283451557,0.7154200971126556,1.297360027829806,0.001345373566437047,0.0,0.16,hamiltonian_verlet,0.2,12,16,1.0,True,1.0,warp,1.0,2.0,0.0001,64,gaussian
no_symbol,2,1.9673056101510156e-05,branch_id_v3_controls,0.02,2.0,12,0.0,1.0,2.0,24,wave,0.0,1.8799637444999462e-05,0.0,7.203513301116497e-06,1.4846063711123255e-05,0.0011666848619521868,8.402679788944989e-11,0.006338156817946583,0.0,0.06037062743174223,0.10931237709398071,gabor_gaussian,12,1.0,64,1.0,0.16,1,0.0001,0.05,proxy_0.20_0.05,16,0,0,0,2.0,shell_balanced,MiNO-Plus,MiNO-Plus_wingaussian_modshell_balanced_K12_modes16_patch16_ref0.05_rlp0.16_hfc0.16_rb-5_pdo0_diss0_symord0_symparspectral_order_wfconf2_trhamiltonian_verlet_framegabor_gaussian_sparse1_sklp0.16_tsyn1_tin1_tsmwarp_tdec1x16_tdgate1_tref0,False,1,0.05,857621,16,-2.0,0.0,0.05,,0.16,synthetic,2,0.5,-5.0,0.05,run,branch_id_v3_controls_wave_chirp_propagation_proxy_0p20_0p05_no_symbol_19_hamiltonian_verlet_gabor_gaussian_True_2p0_0p16_0p16_0p16_1p0_1p0_warp_16_1p0_0p0_2p0_0p01_0p05_1p0_2p0_12_12,169.38605370000005,wave_chirp_propagation,19,0.16,synthetic,True,8,0.0,0.01,0.0,0.05,3.272669960097119e-05,0.05132362153381109,1.0,0.0,4.012623829767108,2.19831982803953e-05,0.017543044639751315,379738.3955078125,0.009156759566394612,0.0,0.0,1.4160296618938446,0.00011542903030203888,5.1206161515438e-05,3.321858541560596e-15,0.00010165219555346994,8.706899003868562e-11,8.706899003868562e-11,0.051322429440915585,8.706899003868562e-11,0.006322782428469509,0.05307836830615997,0.054356584791094065,0.0,0.0,0.0,1.5023994445800781,0.0,0.5098054744303226,0.25,1.0774961709976196,0.7291370816528797,0.6057105517635742,4.396968364715576,5.159936249256134,,2.3760653883218765,0.6582204028964043,1.2787817567586899,0.0009760771717992611,0.0,0.16,hamiltonian_verlet,0.2,12,16,1.0,True,1.0,warp,1.0,2.0,0.0001,64,gaussian
full,2,1.548174782328715e-05,branch_id_v3_controls,0.02,2.0,12,0.0,1.0,2.0,24,wave,0.0,3.369968182672286e-05,0.0,2.3249028288319096e-05,8.809919089950805e-06,0.013383863435592502,2.4776776752962376e-10,0.006341486936435103,0.028466890294415254,0.05336589824097852,0.08614466246217489,gabor_gaussian,12,1.0,64,1.0,0.16,1,0.0001,0.05,proxy_0.20_0.05,16,0,0,0,2.0,shell_balanced,MiNO-Plus,MiNO-Plus_wingaussian_modshell_balanced_K12_modes16_patch16_ref0.05_rlp0.16_hfc0.16_rb-5_pdo0_diss0_symord0_symparspectral_order_wfconf2_trhamiltonian_verlet_framegabor_gaussian_sparse1_sklp0.16_tsyn1_tin1_tsmwarp_tdec1x16_tdgate1_tref0,False,1,0.05,1062677,16,-2.0,0.0,0.05,,0.16,synthetic,2,0.5,-5.0,0.05,run,branch_id_v3_controls_wave_two_packet_no_interaction_proxy_0p20_0p05_full_7_hamiltonian_verlet_gabor_gaussian_True_2p0_0p16_0p16_0p16_1p0_1p0_warp_16_1p0_0p0_2p0_0p01_0p05_1p0_2p0_12_12,181.8624075000007,wave_two_packet_no_interaction,7,0.16,synthetic,True,8,0.0,0.01,0.0,0.05,2.967898603856156e-05,0.03698110254481435,1.0,0.0,0.14561662077903748,1.4866057199469651e-05,0.01609634840860963,111990.283203125,0.0012143224739702418,0.0,0.0,1.2526544630527496,0.00013674565889232326,0.00010533589738770388,9.97481689972012e-15,8.719932611711556e-05,2.500232382240952e-10,2.500232382240952e-10,0.0369797395542264,2.500232382240952e-10,0.006479411385953426,0.03742385096848011,0.03769552195444703,0.9434935810665289,0.9434935810665289,-0.16034012374439044,1.6810661554336548,0.0,0.758769117295742,0.25,1.0774961709976196,0.6156100779771805,0.22362154318640629,5.6928282380104065,5.6405938267707825,,1.7428265511989594,0.5145208463072777,1.4135289366046588,0.0006407499713532161,0.0,0.16,hamiltonian_verlet,0.2,12,16,1.0,True,1.0,warp,1.0,2.0,0.0001,64,gaussian
full,2,1.3837939263794397e-05,branch_id_v3_controls,0.02,2.0,12,0.0,1.0,2.0,24,wave,0.0,1.8576771860049728e-05,0.0,1.0966117789242466e-05,2.07278512978822e-05,0.01225855112231026,1.5600212296730995e-10,0.006349116466784229,0.04924250541565319,0.05408743668037156,0.08611942299952109,gabor_gaussian,12,1.0,64,1.0,0.16,1,0.0001,0.05,proxy_0.20_0.05,16,0,0,0,2.0,shell_balanced,MiNO-Plus,MiNO-Plus_wingaussian_modshell_balanced_K12_modes16_patch16_ref0.05_rlp0.16_hfc0.16_rb-5_pdo0_diss0_symord0_symparspectral_order_wfconf2_trhamiltonian_verlet_framegabor_gaussian_sparse1_sklp0.16_tsyn1_tin1_tsmwarp_tdec1x16_tdgate1_tref0,False,1,0.05,1062677,16,-2.0,0.0,0.05,,0.16,synthetic,2,0.5,-5.0,0.05,run,branch_id_v3_controls_wave_two_packet_no_interaction_proxy_0p20_0p05_full_11_hamiltonian_verlet_gabor_gaussian_True_2p0_0p16_0p16_0p16_1p0_1p0_warp_16_1p0_0p0_2p0_0p01_0p05_1p0_2p0_12_12,184.3135388999999,wave_two_packet_no_interaction,11,0.16,synthetic,True,8,0.0,0.01,0.0,0.05,2.934018561973062e-05,0.03556535067036748,1.0,0.0,0.13846245221793652,1.3709435279452009e-05,0.016098964493721724,106850.8046875,0.0009780320688150823,0.0,0.0,1.2729297429323196,0.0001226863132615108,8.705152868060395e-05,6.7964834720952245e-15,8.645187517686281e-05,1.7075801016230852e-10,1.7075801016230852e-10,0.035565655678510666,1.7075801016230852e-10,0.0064874220988713205,0.03622718574479222,0.03652402525767684,0.9173908072213331,0.9173908072213331,-0.2655765110005935,1.793135166168213,0.0,0.7631536796689034,0.25,1.0774961709976196,0.6170949414372444,0.1953744115307927,5.668491303920746,5.610415995121002,,1.7585195004940033,0.7109282091259956,1.3925758774081867,0.0003722906330949627,0.0,0.16,hamiltonian_verlet,0.2,12,16,1.0,True,1.0,warp,1.0,2.0,0.0001,64,gaussian
full,2,1.4675184729640023e-05,branch_id_v3_controls,0.02,2.0,12,0.0,1.0,2.0,24,wave,0.0,1.5575619102037308e-05,0.0,6.946335853778389e-06,9.458544307487196e-06,0.012489134271163493,8.09728070184923e-11,0.0063448725365257514,0.04626277694478631,0.055782387809207044,0.08612378469357888,gabor_gaussian,12,1.0,64,1.0,0.16,1,0.0001,0.05,proxy_0.20_0.05,16,0,0,0,2.0,shell_balanced,MiNO-Plus,MiNO-Plus_wingaussian_modshell_balanced_K12_modes16_patch16_ref0.05_rlp0.16_hfc0.16_rb-5_pdo0_diss0_symord0_symparspectral_order_wfconf2_trhamiltonian_verlet_framegabor_gaussian_sparse1_sklp0.16_tsyn1_tin1_tsmwarp_tdec1x16_tdgate1_tref0,False,1,0.05,1062677,16,-2.0,0.0,0.05,,0.16,synthetic,2,0.5,-5.0,0.05,run,branch_id_v3_controls_wave_two_packet_no_interaction_proxy_0p20_0p05_full_19_hamiltonian_verlet_gabor_gaussian_True_2p0_0p16_0p16_0p16_1p0_1p0_warp_16_1p0_0p0_2p0_0p01_0p05_1p0_2p0_12_12,184.2951266,wave_two_packet_no_interaction,19,0.16,synthetic,True,8,0.0,0.01,0.0,0.05,3.554148634066223e-05,0.036916233599185944,1.0,0.0,0.16323366947472095,1.4765436276320543e-05,0.016102338209748268,119167.41796875,0.0011410296574467793,0.0,0.0,1.2555313259363174,0.0001259005057363538,5.8998921758757206e-05,3.8059277726955104e-15,0.00011122076466563158,7.843610309865579e-11,7.843610309865579e-11,0.03691519983112812,7.843610309865579e-11,0.006360167113598436,0.03803212381899357,0.0385580756701529,0.9589692875742912,0.9589692875742912,-0.2229539961598069,2.0092387944459915,0.0,0.7692920714616776,0.25,1.0774961709976196,0.6212729960680008,0.24350478686392307,5.699215114116669,5.642323672771454,,1.8051646053791046,0.7241353690624237,1.391933523118496,0.0004121917299926281,0.0,0.16,hamiltonian_verlet,0.2,12,16,1.0,True,1.0,warp,1.0,2.0,0.0001,64,gaussian
full_no_flow_supervision,2,2.945736059700721e-05,branch_id_v3_controls,0.02,2.0,12,0.0,1.0,0.0,24,wave,0.0,0.00015769620957447236,0.0,0.00011545884012775787,0.0,0.013276986661367118,2.4837541167295935e-10,0.006348361474617074,0.001609439924019777,0.03915238884898523,0.0857681514074405,gabor_gaussian,12,1.0,64,1.0,0.16,1,0.0001,0.05,proxy_0.20_0.05,16,0,0,0,2.0,shell_balanced,MiNO-Plus,MiNO-Plus_wingaussian_modshell_balanced_K12_modes16_patch16_ref0.05_rlp0.16_hfc0.16_rb-5_pdo0_diss0_symord0_symparspectral_order_wfconf2_trhamiltonian_verlet_framegabor_gaussian_sparse1_sklp0.16_tsyn1_tin1_tsmwarp_tdec1x16_tdgate1_tref0,False,1,0.05,1062677,16,-2.0,0.0,0.05,,0.16,synthetic,2,0.5,-5.0,0.05,run,branch_id_v3_controls_wave_two_packet_no_interaction_proxy_0p20_0p05_full_no_flow_supervision_7_hamiltonian_verlet_gabor_gaussian_True_2p0_0p16_0p16_0p16_1p0_1p0_warp_16_1p0_0p0_2p0_0p01_0p05_1p0_2p0_12_12,184.46380229999886,wave_two_packet_no_interaction,7,0.16,synthetic,True,8,0.0,0.01,0.0,0.05,0.0027179487806279212,0.05193822830915451,1.0,0.0,0.23493298701941967,2.923689908129745e-05,0.013761046808212996,199803.458984375,0.0015543759218417108,0.0,0.0,1.3109696954488754,0.00023399094789056107,0.0002217255241703242,5.0101785483668275e-15,7.476329756173072e-05,1.1077922051905276e-09,1.1077922051905276e-09,0.05193738453090191,1.1077922051905276e-09,0.006635055877268314,0.05326113197952509,0.05437260353937745,0.9655055068433285,0.9655055068433285,-0.23778535813714066,3.0258909165859222,0.0,0.758769117295742,0.25,1.0774961709976196,0.6156100779771805,0.2150873113423586,5.5353111028671265,5.2626471519470215,,1.8022010922431946,4.668849587440491,1.3534405032793682,0.0009586020969436504,0.0,0.16,hamiltonian_verlet,0.2,12,16,1.0,True,1.0,warp,1.0,2.0,0.0001,64,gaussian
full_no_flow_supervision,2,2.7125106271341792e-05,branch_id_v3_controls,0.02,2.0,12,0.0,1.0,0.0,24,wave,0.0,6.051547381957789e-05,0.0,5.351144492730479e-05,0.0,0.002054119924044547,1.4666860376673826e-10,0.0063478550970709575,0.017734939717532445,0.08445742245142658,0.07950183982029557,gabor_gaussian,12,1.0,64,1.0,0.16,1,0.0001,0.05,proxy_0.20_0.05,16,0,0,0,2.0,shell_balanced,MiNO-Plus,MiNO-Plus_wingaussian_modshell_balanced_K12_modes16_patch16_ref0.05_rlp0.16_hfc0.16_rb-5_pdo0_diss0_symord0_symparspectral_order_wfconf2_trhamiltonian_verlet_framegabor_gaussian_sparse1_sklp0.16_tsyn1_tin1_tsmwarp_tdec1x16_tdgate1_tref0,False,1,0.05,1062677,16,-2.0,0.0,0.05,,0.16,synthetic,2,0.5,-5.0,0.05,run,branch_id_v3_controls_wave_two_packet_no_interaction_proxy_0p20_0p05_full_no_flow_supervision_11_hamiltonian_verlet_gabor_gaussian_True_2p0_0p16_0p16_0p16_1p0_1p0_warp_16_1p0_0p0_2p0_0p01_0p05_1p0_2p0_12_12,183.14728530000139,wave_two_packet_no_interaction,11,0.16,synthetic,True,8,0.0,0.01,0.0,0.05,0.0058549350942485034,0.04963875841349363,1.0,0.0,0.24174745194613934,2.6745632567326538e-05,0.012213002541102469,158856.033203125,0.001346951277810149,0.0,0.0,1.2822339981794357,0.00034792615042533726,0.0003381763417564798,3.0089566431458666e-15,8.178850202966714e-05,2.5769937850306235e-09,2.5769937850306235e-09,0.04963981034234166,2.5769937850306235e-09,0.006661316321697086,0.05166981555521488,0.05326147982850671,0.7777793481945992,0.7777793481945992,0.2269181523976537,2.9806642532348633,0.0,0.7631536796689034,0.25,1.0774961709976196,0.6170949414372444,0.2048144501944383,5.633237719535828,5.455766797065735,,1.7498107105493546,1.508523166179657,1.3396521906057994,0.0020126769231865183,0.0,0.16,hamiltonian_verlet,0.2,12,16,1.0,True,1.0,warp,1.0,2.0,0.0001,64,gaussian
full_no_flow_supervision,2,2.8607401873159688e-05,branch_id_v3_controls,0.02,2.0,12,0.0,1.0,0.0,24,wave,0.0,0.00021870843799357922,0.0,0.00018554897754559838,0.0,0.0020302175253164023,7.310702867732721e-11,0.006349570767876382,0.030775244735802215,0.08150083695848782,0.08448965614661574,gabor_gaussian,12,1.0,64,1.0,0.16,1,0.0001,0.05,proxy_0.20_0.05,16,0,0,0,2.0,shell_balanced,MiNO-Plus,MiNO-Plus_wingaussian_modshell_balanced_K12_modes16_patch16_ref0.05_rlp0.16_hfc0.16_rb-5_pdo0_diss0_symord0_symparspectral_order_wfconf2_trhamiltonian_verlet_framegabor_gaussian_sparse1_sklp0.16_tsyn1_tin1_tsmwarp_tdec1x16_tdgate1_tref0,False,1,0.05,1062677,16,-2.0,0.0,0.05,,0.16,synthetic,2,0.5,-5.0,0.05,run,branch_id_v3_controls_wave_two_packet_no_interaction_proxy_0p20_0p05_full_no_flow_supervision_19_hamiltonian_verlet_gabor_gaussian_True_2p0_0p16_0p16_0p16_1p0_1p0_warp_16_1p0_0p0_2p0_0p01_0p05_1p0_2p0_12_12,181.62342309999985,wave_two_packet_no_interaction,19,0.16,synthetic,True,8,0.0,0.01,0.0,0.05,0.004717619682196528,0.05176263162866235,1.0,0.0,0.25633370876312256,2.903427935052605e-05,0.01261922053527087,159107.912109375,0.0015841913264011964,0.0,0.0,1.2674636095762253,0.00011365592854417628,5.2856562433589716e-05,2.620048215207853e-15,0.00010061732882604701,6.29546805311354e-11,6.29546805311354e-11,0.05176189308986068,6.29546805311354e-11,0.006598388950806111,0.053576186299324036,0.05515026114881039,0.8607399687170982,0.8607399687170982,0.19004434859380126,3.22397243976593,0.0,0.7692920714616776,0.25,1.0774961709976196,0.6212729960680008,0.23195900085071722,5.568429708480835,5.481827020645142,,1.7849315851926804,2.4807887971401215,1.4307598248124123,0.0020156882237643003,0.0,0.16,hamiltonian_verlet,0.2,12,16,1.0,True,1.0,warp,1.0,2.0,0.0001,64,gaussian
no_transport,2,2.392196461187268e-05,branch_id_v3_controls,0.02,2.0,12,0.0,1.0,2.0,24,wave,0.0,2.8469858193602704e-05,0.0,2.2174804939822934e-05,1.0,0.001986683414240057,2.7866399523549895e-10,0.006325899109166737,0.04358485255700847,0.08523759727055828,0.08597371152912577,gabor_gaussian,12,1.0,64,1.0,0.16,1,0.0001,0.05,proxy_0.20_0.05,16,0,0,0,2.0,shell_balanced,MiNO-Plus,MiNO-Plus_wingaussian_modshell_balanced_K12_modes16_patch16_ref0.05_rlp0.16_hfc0.16_rb-5_pdo0_diss0_symord0_symparspectral_order_wfconf2_trhamiltonian_verlet_framegabor_gaussian_sparse1_sklp0.16_tsyn1_tin1_tsmwarp_tdec1x16_tdgate1_tref0,False,1,0.05,349913,16,-2.0,0.0,0.05,,0.16,synthetic,2,0.5,-5.0,0.05,run,branch_id_v3_controls_wave_two_packet_no_interaction_proxy_0p20_0p05_no_transport_7_hamiltonian_verlet_gabor_gaussian_True_2p0_0p16_0p16_0p16_1p0_1p0_warp_16_1p0_0p0_2p0_0p01_0p05_1p0_2p0_12_12,71.18366529999912,wave_two_packet_no_interaction,7,0.16,synthetic,True,8,0.0,0.01,0.0,0.05,0.01609968952834606,0.04641825379803777,1.0,0.0,0.1909689623862505,2.3355473786068615e-05,0.0,96440.67578125,0.002268564945552498,0.0,0.0,1.222120776772499,0.00015101479039003607,0.00011077303497586399,1.1338541109469846e-14,0.00010263877447869163,2.7650360126529883e-10,2.7650360126529883e-10,0.046416673343628645,2.7650360126529883e-10,0.0063109034090302885,0.04720482602715492,0.04770904453471303,0.9521895249684652,0.9521895249684652,0.20893714732180038,1.6941517889499664,0.0,0.758769117295742,0.25,1.0774961709976196,0.6156100779771805,0.0,6.456698298454285,1.7172491880046437e-05,,5.830786466598511,2.318479808138818e-07,0.0,0.00045958593182149343,0.0,0.16,hamiltonian_verlet,0.2,12,16,1.0,True,1.0,warp,1.0,2.0,0.0001,64,gaussian
no_transport,2,3.3566809179319534e-05,branch_id_v3_controls,0.02,2.0,12,0.0,1.0,2.0,24,wave,0.0,3.6068928087236905e-05,0.0,2.9689940561183903e-05,1.0,0.001977670021005906,1.9471810622229135e-10,0.006294475325072805,0.10418058776607116,0.08527339606856306,0.08595640351995826,gabor_gaussian,12,1.0,64,1.0,0.16,1,0.0001,0.05,proxy_0.20_0.05,16,0,0,0,2.0,shell_balanced,MiNO-Plus,MiNO-Plus_wingaussian_modshell_balanced_K12_modes16_patch16_ref0.05_rlp0.16_hfc0.16_rb-5_pdo0_diss0_symord0_symparspectral_order_wfconf2_trhamiltonian_verlet_framegabor_gaussian_sparse1_sklp0.16_tsyn1_tin1_tsmwarp_tdec1x16_tdgate1_tref0,False,1,0.05,349913,16,-2.0,0.0,0.05,,0.16,synthetic,2,0.5,-5.0,0.05,run,branch_id_v3_controls_wave_two_packet_no_interaction_proxy_0p20_0p05_no_transport_11_hamiltonian_verlet_gabor_gaussian_True_2p0_0p16_0p16_0p16_1p0_1p0_warp_16_1p0_0p0_2p0_0p01_0p05_1p0_2p0_12_12,68.52638800000022,wave_two_packet_no_interaction,11,0.16,synthetic,True,8,0.0,0.01,0.0,0.05,0.01609968952834606,0.05578149016946554,1.0,0.0,0.26728715747594833,3.371705088284216e-05,0.0,130108.84375,0.002706236147787422,0.0,0.0,1.1848748326301575,0.0001323350425082026,9.212092845700681e-05,8.746876306579994e-15,9.500473424850497e-05,1.9123651794072938e-10,1.9123651794072938e-10,0.05578079028055072,1.9123651794072938e-10,0.006277876265812665,0.05782502889633179,0.058604355435818434,0.9042043089866638,0.9042043089866638,0.3230477509399255,1.8854051679372787,0.0,0.7631536796689034,0.25,1.0774961709976196,0.6170949414372444,0.0,6.440454065799713,1.7122551071224734e-05,,5.773428499698639,2.6094470229054423e-07,0.0,0.0007287131156772375,0.0,0.16,hamiltonian_verlet,0.2,12,16,1.0,True,1.0,warp,1.0,2.0,0.0001,64,gaussian
no_transport,2,2.5411092792637646e-05,branch_id_v3_controls,0.02,2.0,12,0.0,1.0,2.0,24,wave,0.0,2.6535883534961613e-05,0.0,2.000073137272314e-05,1.0,0.0019392800774464074,1.9678463112487998e-10,0.0063357121058894945,0.04721202522826692,0.08539402034754555,0.08597278393184145,gabor_gaussian,12,1.0,64,1.0,0.16,1,0.0001,0.05,proxy_0.20_0.05,16,0,0,0,2.0,shell_balanced,MiNO-Plus,MiNO-Plus_wingaussian_modshell_balanced_K12_modes16_patch16_ref0.05_rlp0.16_hfc0.16_rb-5_pdo0_diss0_symord0_symparspectral_order_wfconf2_trhamiltonian_verlet_framegabor_gaussian_sparse1_sklp0.16_tsyn1_tin1_tsmwarp_tdec1x16_tdgate1_tref0,False,1,0.05,349913,16,-2.0,0.0,0.05,,0.16,synthetic,2,0.5,-5.0,0.05,run,branch_id_v3_controls_wave_two_packet_no_interaction_proxy_0p20_0p05_no_transport_19_hamiltonian_verlet_gabor_gaussian_True_2p0_0p16_0p16_0p16_1p0_1p0_warp_16_1p0_0p0_2p0_0p01_0p05_1p0_2p0_12_12,77.12118929999997,wave_two_packet_no_interaction,19,0.16,synthetic,True,8,0.0,0.01,0.0,0.05,0.01609968952834606,0.04833192704245448,1.0,0.0,0.20108354277908802,2.5309121838290594e-05,0.0,98926.1650390625,0.0021360557002481073,0.0,0.0,1.1603714972734451,0.00015262756824085955,9.318150659964886e-05,9.826642779278965e-15,0.00012088050516467774,1.9565569824020468e-10,1.9565569824020468e-10,0.04833079315721989,1.9565569824020468e-10,0.006350401847157627,0.049137106630951166,0.04976632073521614,0.9271164909005165,0.9271164909005165,0.21703380579128861,2.070986583828926,0.0,0.7692920714616776,0.25,1.0774961709976196,0.6212729960680008,0.0,6.458514869213104,1.7179630503960652e-05,,5.888742983341217,2.451577039153108e-07,0.0,0.00029206910403445363,0.0,0.16,hamiltonian_verlet,0.2,12,16,1.0,True,1.0,warp,1.0,2.0,0.0001,64,gaussian
identity_transport,2,3.072765071010508e-05,branch_id_v3_controls,0.02,2.0,12,0.0,1.0,2.0,24,wave,0.0,3.202910083170233e-05,0.0,2.579858740621906e-05,1.0,0.0019953928034131727,3.098516778802611e-10,0.006337791118615617,0.03423714412686726,0.08517260616645217,0.0859737116843462,gabor_gaussian,12,1.0,64,1.0,0.16,1,0.0001,0.05,proxy_0.20_0.05,16,0,0,0,2.0,shell_balanced,MiNO-Plus,MiNO-Plus_wingaussian_modshell_balanced_K12_modes16_patch16_ref0.05_rlp0.16_hfc0.16_rb-5_pdo0_diss0_symord0_symparspectral_order_wfconf2_trhamiltonian_verlet_framegabor_gaussian_sparse1_sklp0.16_tsyn1_tin1_tsmwarp_tdec1x16_tdgate1_tref0,False,1,0.05,1062677,16,-2.0,0.0,0.05,,0.16,synthetic,2,0.5,-5.0,0.05,run,branch_id_v3_controls_wave_two_packet_no_interaction_proxy_0p20_0p05_identity_transport_7_hamiltonian_verlet_gabor_gaussian_True_2p0_0p16_0p16_0p16_1p0_1p0_warp_16_1p0_0p0_2p0_0p01_0p05_1p0_2p0_12_12,180.09361659999922,wave_two_packet_no_interaction,7,0.16,synthetic,True,8,0.0,0.01,0.0,0.05,0.01609968952834606,0.05273534869775176,1.0,0.0,0.22250588238239288,3.014340131812787e-05,0.0,129549.3408203125,0.0023202966549433768,0.0,0.0,1.1956436187028885,0.00015923267528705765,0.00011696063666022383,1.2503039358377098e-14,0.00010805159672599984,3.082565522283254e-10,3.082565522283254e-10,0.052734517958015203,3.082565522283254e-10,0.006322727887891233,0.05394964385777712,0.054819578770548105,0.8670393228530884,0.8670393228530884,0.1851681035477668,2.3008424043655396,0.0,0.758769117295742,0.25,1.0774961709976196,0.6156100779771805,0.21575251190612713,6.450905680656433,1.715329199214466e-05,,5.825047492980957,2.653763004900611e-07,1.3321843147277832,0.0007004566068644635,0.0,0.16,hamiltonian_verlet,0.2,12,16,1.0,True,1.0,warp,1.0,2.0,0.0001,64,gaussian
identity_transport,2,3.0585198601329466e-05,branch_id_v3_controls,0.02,2.0,12,0.0,1.0,2.0,24,wave,0.0,3.388407124778799e-05,0.0,2.744172009746156e-05,1.0,0.001974402335084354,2.3476369112596096e-10,0.0063021470365735395,0.08146502853681643,0.08518154329309861,0.08595640258863568,gabor_gaussian,12,1.0,64,1.0,0.16,1,0.0001,0.05,proxy_0.20_0.05,16,0,0,0,2.0,shell_balanced,MiNO-Plus,MiNO-Plus_wingaussian_modshell_balanced_K12_modes16_patch16_ref0.05_rlp0.16_hfc0.16_rb-5_pdo0_diss0_symord0_symparspectral_order_wfconf2_trhamiltonian_verlet_framegabor_gaussian_sparse1_sklp0.16_tsyn1_tin1_tsmwarp_tdec1x16_tdgate1_tref0,False,1,0.05,1062677,16,-2.0,0.0,0.05,,0.16,synthetic,2,0.5,-5.0,0.05,run,branch_id_v3_controls_wave_two_packet_no_interaction_proxy_0p20_0p05_identity_transport_11_hamiltonian_verlet_gabor_gaussian_True_2p0_0p16_0p16_0p16_1p0_1p0_warp_16_1p0_0p0_2p0_0p01_0p05_1p0_2p0_12_12,189.4232886000009,wave_two_packet_no_interaction,11,0.16,synthetic,True,8,0.0,0.01,0.0,0.05,0.01609968952834606,0.053118323907256126,1.0,0.0,0.2610495612025261,3.057459116462269e-05,0.0,129973.591796875,0.0025066067173611373,0.0,0.0,1.2097823172807693,0.00014093554818828125,0.00010123560150532285,1.1141603408134379e-14,9.804929686652031e-05,2.3095348897217427e-10,2.3095348897217427e-10,0.053117739502340555,2.3095348897217427e-10,0.006286423478741199,0.055183122865855694,0.056004331447184086,0.8149456543227037,0.8149456543227037,0.2864236291497946,1.934748187661171,0.0,0.7631536796689034,0.25,1.0774961709976196,0.6170949414372444,0.19066691181312004,6.451000511646271,1.7154435909105814e-05,,5.772732794284821,2.6694513621805527e-07,1.3321843147277832,0.0007135046835173853,0.0,0.16,hamiltonian_verlet,0.2,12,16,1.0,True,1.0,warp,1.0,2.0,0.0001,64,gaussian
identity_transport,2,3.267979582233238e-05,branch_id_v3_controls,0.02,2.0,12,0.0,1.0,2.0,24,wave,0.0,3.277574023741181e-05,0.0,2.498927915439708e-05,1.0,0.001943715731613338,2.6968422518295715e-10,0.006333607607909168,0.036428626937170826,0.08569486190875371,0.0859727873466909,gabor_gaussian,12,1.0,64,1.0,0.16,1,0.0001,0.05,proxy_0.20_0.05,16,0,0,0,2.0,shell_balanced,MiNO-Plus,MiNO-Plus_wingaussian_modshell_balanced_K12_modes16_patch16_ref0.05_rlp0.16_hfc0.16_rb-5_pdo0_diss0_symord0_symparspectral_order_wfconf2_trhamiltonian_verlet_framegabor_gaussian_sparse1_sklp0.16_tsyn1_tin1_tsmwarp_tdec1x16_tdgate1_tref0,False,1,0.05,1062677,16,-2.0,0.0,0.05,,0.16,synthetic,2,0.5,-5.0,0.05,run,branch_id_v3_controls_wave_two_packet_no_interaction_proxy_0p20_0p05_identity_transport_19_hamiltonian_verlet_gabor_gaussian_True_2p0_0p16_0p16_0p16_1p0_1p0_warp_16_1p0_0p0_2p0_0p01_0p05_1p0_2p0_12_12,172.74250459999894,wave_two_packet_no_interaction,19,0.16,synthetic,True,8,0.0,0.01,0.0,0.05,0.01609968952834606,0.054565517231822014,1.0,0.0,0.20156119391322136,3.2260207717627054e-05,0.0,118411.9853515625,0.0022581680677831173,0.0,0.0,1.238858312368393,0.00017298515740549192,0.00010881320304179098,1.3332250626542049e-14,0.00013447356832330115,2.668068474487306e-10,2.668068474487306e-10,0.05456409137696028,2.668068474487306e-10,0.006348296243231744,0.055249190889298916,0.055737681686878204,0.8862950764596462,0.8862950764596462,0.19020838911334673,1.8589307814836502,0.0,0.7692920714616776,0.25,1.0774961709976196,0.6212729960680008,0.22719165465484062,6.462289810180664,1.7176280607600347e-05,,5.928695797920227,2.3191975451197777e-07,1.3321843147277832,0.0004312324781494681,0.0,0.16,hamiltonian_verlet,0.2,12,16,1.0,True,1.0,warp,1.0,2.0,0.0001,64,gaussian
no_transport_no_carrier,2,0.007666672405321151,branch_id_v3_controls,0.02,2.0,12,0.0,1.0,2.0,24,wave,0.0,0.00788270560830521,0.0,0.0072023591977388906,1.0,0.0012050904527616997,2.179889149189762e-07,0.0063845434342511,0.030200349593845505,0.08183925319463015,0.08597371339177091,gabor_gaussian,12,1.0,64,1.0,0.16,1,0.0001,0.05,proxy_0.20_0.05,16,0,0,0,2.0,shell_balanced,MiNO-Plus,MiNO-Plus_wingaussian_modshell_balanced_K12_modes16_patch16_ref0.05_rlp0.16_hfc0.16_rb-5_pdo0_diss0_symord0_symparspectral_order_wfconf2_trhamiltonian_verlet_framegabor_gaussian_sparse1_sklp0.16_tsyn1_tin1_tsmwarp_tdec1x16_tdgate1_tref0,False,1,0.05,349913,16,-2.0,0.0,0.05,,0.16,synthetic,2,0.5,-5.0,0.05,run,branch_id_v3_controls_wave_two_packet_no_interaction_proxy_0p20_0p05_no_transport_no_carrier_7_hamiltonian_verlet_gabor_gaussian_True_2p0_0p16_0p16_0p16_1p0_1p0_warp_16_1p0_0p0_2p0_0p01_0p05_1p0_2p0_12_12,59.45615389999875,wave_two_packet_no_interaction,7,0.16,synthetic,True,8,0.0,0.01,0.0,0.05,0.01609968952834606,0.8413438871502876,1.0,0.0,1.3660518825054169,0.007668715144973248,0.0,1085315.90625,0.20037285424768925,0.0,0.0,1.4433542490005493,0.0016487575485371053,0.0016345018811989576,2.1991837011533935e-14,0.00021629044931614771,6.022324550158942e-08,6.022324550158942e-08,0.8412852361798286,6.022324550158942e-08,0.006442082754801959,0.8445734158158302,0.8476611226797104,0.9997988094886144,0.9997988094886144,0.1713454775745049,3.856229394674301,0.0,0.758769117295742,0.25,1.0774961709976196,0.6156100779771805,0.0,0.0,0.0,,0.0,0.0,0.0,0.10056761000305414,0.0,0.16,hamiltonian_verlet,0.2,12,16,1.0,True,1.0,warp,1.0,2.0,0.0001,64,gaussian
no_transport_no_carrier,2,0.007089275517500937,branch_id_v3_controls,0.02,2.0,12,0.0,1.0,2.0,24,wave,0.0,0.007271169063945611,0.0,0.0066571319960833835,1.0,0.0009020851151338624,3.637082706120509e-07,0.006405473783767472,0.11694739681358139,0.08045667099455993,0.08595640351995826,gabor_gaussian,12,1.0,64,1.0,0.16,1,0.0001,0.05,proxy_0.20_0.05,16,0,0,0,2.0,shell_balanced,MiNO-Plus,MiNO-Plus_wingaussian_modshell_balanced_K12_modes16_patch16_ref0.05_rlp0.16_hfc0.16_rb-5_pdo0_diss0_symord0_symparspectral_order_wfconf2_trhamiltonian_verlet_framegabor_gaussian_sparse1_sklp0.16_tsyn1_tin1_tsmwarp_tdec1x16_tdgate1_tref0,False,1,0.05,349913,16,-2.0,0.0,0.05,,0.16,synthetic,2,0.5,-5.0,0.05,run,branch_id_v3_controls_wave_two_packet_no_interaction_proxy_0p20_0p05_no_transport_no_carrier_11_hamiltonian_verlet_gabor_gaussian_True_2p0_0p16_0p16_0p16_1p0_1p0_warp_16_1p0_0p0_2p0_0p01_0p05_1p0_2p0_12_12,55.67881789999956,wave_two_packet_no_interaction,11,0.16,synthetic,True,8,0.0,0.01,0.0,0.05,0.01609968952834606,0.8081810623407364,1.0,0.0,1.6264955401420593,0.0070740386145189404,0.0,760627.6875,0.10560607817023993,0.0,0.0,1.432569682598114,0.0048290067934431136,0.004756815440487117,2.3545600368659334e-14,0.0008318642649101093,5.099007722719762e-07,5.099007722719762e-07,0.8080233931541443,5.099007722719762e-07,0.00639093853533268,0.8121329471468925,0.8161054477095604,1.1040433781842391,1.1040433781842391,0.34282762215783197,4.312541842460632,0.0,0.7631536796689034,0.25,1.0774961709976196,0.6170949414372444,0.0,0.0,0.0,,0.0,0.0,0.0,0.11976489890366793,0.0,0.16,hamiltonian_verlet,0.2,12,16,1.0,True,1.0,warp,1.0,2.0,0.0001,64,gaussian
no_transport_no_carrier,2,0.007487143739126623,branch_id_v3_controls,0.02,2.0,12,0.0,1.0,2.0,24,wave,0.0,0.008053637468644107,0.0,0.0072509148546184106,1.0,0.0011172047888976522,9.634811659609e-08,0.006405919411918148,0.04535366043758889,0.08126510012273987,0.08597278657058875,gabor_gaussian,12,1.0,64,1.0,0.16,1,0.0001,0.05,proxy_0.20_0.05,16,0,0,0,2.0,shell_balanced,MiNO-Plus,MiNO-Plus_wingaussian_modshell_balanced_K12_modes16_patch16_ref0.05_rlp0.16_hfc0.16_rb-5_pdo0_diss0_symord0_symparspectral_order_wfconf2_trhamiltonian_verlet_framegabor_gaussian_sparse1_sklp0.16_tsyn1_tin1_tsmwarp_tdec1x16_tdgate1_tref0,False,1,0.05,349913,16,-2.0,0.0,0.05,,0.16,synthetic,2,0.5,-5.0,0.05,run,branch_id_v3_controls_wave_two_packet_no_interaction_proxy_0p20_0p05_no_transport_no_carrier_19_hamiltonian_verlet_gabor_gaussian_True_2p0_0p16_0p16_0p16_1p0_1p0_warp_16_1p0_0p0_2p0_0p01_0p05_1p0_2p0_12_12,64.2128816000004,wave_two_packet_no_interaction,19,0.16,synthetic,True,8,0.0,0.01,0.0,0.05,0.01609968952834606,0.8352291211485863,1.0,0.0,1.2476283013820648,0.007558303535915911,0.0,601610.2890625,0.17682034894824028,0.0,0.0,1.3003304153680801,0.0004056102225149516,0.0003914134649676271,1.832305885489415e-14,0.000106356503238203,3.4529627490620385e-09,3.4529627490620385e-09,0.8352162763476372,3.4529627490620385e-09,0.0065799475414678454,0.8377417773008347,0.8401359394192696,0.9198448906342188,0.9198448906342188,0.20345511908332506,3.7098410427570343,0.0,0.7692920714616776,0.25,1.0774961709976196,0.6212729960680008,0.0,0.0,0.0,,0.0,0.0,0.0,0.09021779801696539,0.0,0.16,hamiltonian_verlet,0.2,12,16,1.0,True,1.0,warp,1.0,2.0,0.0001,64,gaussian
randomized_metadata,2,0.00850429106503725,branch_id_v3_controls,0.02,2.0,12,0.0,1.0,2.0,24,wave,0.0,0.008465511569132408,0.0,0.008405728401460996,979.1403668721517,0.002031342218591211,3.1826278880838408e-09,0.006414679693989456,0.001401063178491313,0.13047912375380596,0.0198029043385759,gabor_gaussian,12,1.0,64,1.0,0.16,1,0.0001,0.05,proxy_0.20_0.05,16,0,0,0,2.0,shell_balanced,MiNO-Plus,MiNO-Plus_wingaussian_modshell_balanced_K12_modes16_patch16_ref0.05_rlp0.16_hfc0.16_rb-5_pdo0_diss0_symord0_symparspectral_order_wfconf2_trhamiltonian_verlet_framegabor_gaussian_sparse1_sklp0.16_tsyn1_tin1_tsmwarp_tdec1x16_tdgate1_tref0,False,1,0.05,1062677,16,-2.0,0.0,0.05,,0.16,synthetic,2,0.5,-5.0,0.05,run,branch_id_v3_controls_wave_two_packet_no_interaction_proxy_0p20_0p05_randomized_metadata_7_hamiltonian_verlet_gabor_gaussian_True_2p0_0p16_0p16_0p16_1p0_1p0_warp_16_1p0_0p0_2p0_0p01_0p05_1p0_2p0_12_12,178.11989360000007,wave_two_packet_no_interaction,7,0.16,synthetic,True,8,0.0,0.01,0.0,0.05,0.4594760313630104,0.8830831423401833,1.0,0.0,1.9779666811227798,0.008597296546213329,0.4599880203604698,667312.0546875,0.37929633632302284,0.0,0.0,1.522900253534317,0.00039715817183605395,0.0003937387009500526,2.6952918195085674e-15,5.200212353884126e-05,3.493358130546298e-09,3.493358130546298e-09,0.8906703293323517,3.493358130546298e-09,0.006424444727599621,0.8885000646114349,0.8935698717832565,0.8789655528962612,0.8789655528962612,0.0372915423164765,4.699619233608246,0.0,0.758769117295742,0.25,1.0774961709976196,0.6156100779771805,0.1560006683381895,3.6469704508781433,7.270797848701477,,4.273231685161591,1.8981645703315735,0.0,0.19303742982447147,0.0,0.16,hamiltonian_verlet,0.2,12,16,1.0,True,1.0,warp,1.0,2.0,0.0001,64,gaussian
randomized_metadata,2,0.008353208191692829,branch_id_v3_controls,0.02,2.0,12,0.0,1.0,2.0,24,wave,0.0,0.008413230127189308,0.0,0.008371095755137503,989.1918067932129,0.002032036500168033,5.109145245763003e-09,0.0064155431076263385,0.006240514252567664,0.13072081996748844,0.018701958120800555,gabor_gaussian,12,1.0,64,1.0,0.16,1,0.0001,0.05,proxy_0.20_0.05,16,0,0,0,2.0,shell_balanced,MiNO-Plus,MiNO-Plus_wingaussian_modshell_balanced_K12_modes16_patch16_ref0.05_rlp0.16_hfc0.16_rb-5_pdo0_diss0_symord0_symparspectral_order_wfconf2_trhamiltonian_verlet_framegabor_gaussian_sparse1_sklp0.16_tsyn1_tin1_tsmwarp_tdec1x16_tdgate1_tref0,False,1,0.05,1062677,16,-2.0,0.0,0.05,,0.16,synthetic,2,0.5,-5.0,0.05,run,branch_id_v3_controls_wave_two_packet_no_interaction_proxy_0p20_0p05_randomized_metadata_11_hamiltonian_verlet_gabor_gaussian_True_2p0_0p16_0p16_0p16_1p0_1p0_warp_16_1p0_0p0_2p0_0p01_0p05_1p0_2p0_12_12,189.71672600000056,wave_two_packet_no_interaction,11,0.16,synthetic,True,8,0.0,0.01,0.0,0.05,0.45513083785772324,0.8940224871039391,1.0,0.0,2.006347730755806,0.008452446782030165,0.45541707426309586,594209.375,0.3957814425230026,0.0,0.0,1.4989143908023834,0.0005246377913863398,0.0005240326208877377,4.973071411376156e-15,2.515120922907954e-05,6.187903855980892e-09,6.187903855980892e-09,0.8831977620720863,6.187903855980892e-09,0.006449266045819968,0.8996269702911377,0.9047553986310959,0.838380716741085,0.838380716741085,0.08061332129485284,4.432543873786926,0.0,0.7631536796689034,0.25,1.0774961709976196,0.6170949414372444,0.15251792346437773,3.7394766211509705,7.239316642284393,,4.16380649805069,1.5520907044410706,0.0,0.19296200200915337,0.0,0.16,hamiltonian_verlet,0.2,12,16,1.0,True,1.0,warp,1.0,2.0,0.0001,64,gaussian
randomized_metadata,2,0.008325623697601259,branch_id_v3_controls,0.02,2.0,12,0.0,1.0,2.0,24,wave,0.0,0.008477143206012746,0.0,0.008450061218657842,985.1686325073242,0.002032326126936823,5.963266512531984e-10,0.006410614800794671,0.0034610805936002484,0.13083740696310997,0.018377491389401257,gabor_gaussian,12,1.0,64,1.0,0.16,1,0.0001,0.05,proxy_0.20_0.05,16,0,0,0,2.0,shell_balanced,MiNO-Plus,MiNO-Plus_wingaussian_modshell_balanced_K12_modes16_patch16_ref0.05_rlp0.16_hfc0.16_rb-5_pdo0_diss0_symord0_symparspectral_order_wfconf2_trhamiltonian_verlet_framegabor_gaussian_sparse1_sklp0.16_tsyn1_tin1_tsmwarp_tdec1x16_tdgate1_tref0,False,1,0.05,1062677,16,-2.0,0.0,0.05,,0.16,synthetic,2,0.5,-5.0,0.05,run,branch_id_v3_controls_wave_two_packet_no_interaction_proxy_0p20_0p05_randomized_metadata_19_hamiltonian_verlet_gabor_gaussian_True_2p0_0p16_0p16_0p16_1p0_1p0_warp_16_1p0_0p0_2p0_0p01_0p05_1p0_2p0_12_12,179.92833120000068,wave_two_packet_no_interaction,19,0.16,synthetic,True,8,0.0,0.01,0.0,0.05,0.45926397293806076,0.881119467318058,1.0,0.0,1.8078829944133759,0.008598335436545312,0.459513109177351,681388.8515625,0.41247420385479927,0.0,0.0,1.5094639956951141,0.00017619160462345462,0.0001579840372869512,4.305671599982272e-15,7.800186267559184e-05,5.6241286627845e-10,5.6241286627845e-10,0.8906876966357231,5.6241286627845e-10,0.006399241741746664,0.8856157809495926,0.8899917900562286,0.8968255954484144,0.8968255954484144,0.05954615247901529,4.7495198249816895,0.0,0.7692920714616776,0.25,1.0774961709976196,0.6212729960680008,0.19378031603991985,3.3402525186538696,7.1690568923950195,,3.8826751708984375,1.5687597841024399,0.0,0.16126295272260904,0.0,0.16,hamiltonian_verlet,0.2,12,16,1.0,True,1.0,warp,1.0,2.0,0.0001,64,gaussian
no_symbol,2,1.080178606116533e-05,branch_id_v3_controls,0.02,2.0,12,0.0,1.0,2.0,24,wave,0.0,3.328098087725569e-05,0.0,2.640202050467148e-05,2.033901233744473e-05,0.0019171592478717987,2.545906651006217e-10,0.006339835565692435,0.0,0.08385201124474406,0.08613227556149165,gabor_gaussian,12,1.0,64,1.0,0.16,1,0.0001,0.05,proxy_0.20_0.05,16,0,0,0,2.0,shell_balanced,MiNO-Plus,MiNO-Plus_wingaussian_modshell_balanced_K12_modes16_patch16_ref0.05_rlp0.16_hfc0.16_rb-5_pdo0_diss0_symord0_symparspectral_order_wfconf2_trhamiltonian_verlet_framegabor_gaussian_sparse1_sklp0.16_tsyn1_tin1_tsmwarp_tdec1x16_tdgate1_tref0,False,1,0.05,857621,16,-2.0,0.0,0.05,,0.16,synthetic,2,0.5,-5.0,0.05,run,branch_id_v3_controls_wave_two_packet_no_interaction_proxy_0p20_0p05_no_symbol_7_hamiltonian_verlet_gabor_gaussian_True_2p0_0p16_0p16_0p16_1p0_1p0_warp_16_1p0_0p0_2p0_0p01_0p05_1p0_2p0_12_12,167.7828324000002,wave_two_packet_no_interaction,7,0.16,synthetic,True,8,0.0,0.01,0.0,0.05,5.608036053672549e-05,0.03130466607399285,1.0,0.0,0.17483751848340034,1.0625622280713287e-05,0.016112910816445947,164145.759765625,0.0007216771773528308,0.0,0.0,1.272748053073883,0.00013646109073306434,0.00010786170059873257,1.0982608759429406e-14,8.359115054190625e-05,2.621573305661151e-10,2.621573305661151e-10,0.03130445466376841,2.621573305661151e-10,0.006443810532800853,0.03245464991778135,0.033355371095240116,0.0,0.0,0.0,2.5770487189292908,0.0,0.758769117295742,0.25,1.0774961709976196,0.6156100779771805,0.6459500472992659,5.693764567375183,5.628853917121887,,1.7610452473163605,0.43494872748851776,1.269495685895284,0.0007018398318905383,0.0,0.16,hamiltonian_verlet,0.2,12,16,1.0,True,1.0,warp,1.0,2.0,0.0001,64,gaussian
no_symbol,2,8.776845106694964e-06,branch_id_v3_controls,0.02,2.0,12,0.0,1.0,2.0,24,wave,0.0,1.0529619392703657e-05,0.0,7.019814972863969e-06,3.7944077367531768e-06,0.0018989378368132748,1.5414715048382247e-10,0.006305618124315515,0.0,0.08445397096996506,0.08611621723199885,gabor_gaussian,12,1.0,64,1.0,0.16,1,0.0001,0.05,proxy_0.20_0.05,16,0,0,0,2.0,shell_balanced,MiNO-Plus,MiNO-Plus_wingaussian_modshell_balanced_K12_modes16_patch16_ref0.05_rlp0.16_hfc0.16_rb-5_pdo0_diss0_symord0_symparspectral_order_wfconf2_trhamiltonian_verlet_framegabor_gaussian_sparse1_sklp0.16_tsyn1_tin1_tsmwarp_tdec1x16_tdgate1_tref0,False,1,0.05,857621,16,-2.0,0.0,0.05,,0.16,synthetic,2,0.5,-5.0,0.05,run,branch_id_v3_controls_wave_two_packet_no_interaction_proxy_0p20_0p05_no_symbol_11_hamiltonian_verlet_gabor_gaussian_True_2p0_0p16_0p16_0p16_1p0_1p0_warp_16_1p0_0p0_2p0_0p01_0p05_1p0_2p0_12_12,160.4825680999984,wave_two_packet_no_interaction,11,0.16,synthetic,True,8,0.0,0.01,0.0,0.05,2.2859696173327393e-05,0.028555293567478657,1.0,0.0,0.14975984953343868,8.839683459882508e-06,0.016098338644951582,98492.5986328125,0.0007700205605942756,0.0,0.0,1.2766780257225037,0.00011765190174628515,8.339915802935138e-05,6.72042446623388e-15,8.298494958580704e-05,1.567302745919541e-10,1.567302745919541e-10,0.02855517785064876,1.567302745919541e-10,0.0063518889946863055,0.029369156807661057,0.029962382977828383,0.0,0.0,0.0,2.1506586372852325,0.0,0.7631536796689034,0.25,1.0774961709976196,0.6170949414372444,0.46304903738200665,5.669194161891937,5.610606074333191,,1.724176287651062,0.3458061143755913,1.2998191838463147,0.00036855223152088,0.0,0.16,hamiltonian_verlet,0.2,12,16,1.0,True,1.0,warp,1.0,2.0,0.0001,64,gaussian
no_symbol,2,1.289141812321759e-05,branch_id_v3_controls,0.02,2.0,12,0.0,1.0,2.0,24,wave,0.0,1.27521140408741e-05,0.0,8.254498141013755e-06,3.8348824157689405e-06,0.0018683740757599783,9.006298065545686e-11,0.0063384456346587585,0.0,0.08425015723332763,0.08613617702697714,gabor_gaussian,12,1.0,64,1.0,0.16,1,0.0001,0.05,proxy_0.20_0.05,16,0,0,0,2.0,shell_balanced,MiNO-Plus,MiNO-Plus_wingaussian_modshell_balanced_K12_modes16_patch16_ref0.05_rlp0.16_hfc0.16_rb-5_pdo0_diss0_symord0_symparspectral_order_wfconf2_trhamiltonian_verlet_framegabor_gaussian_sparse1_sklp0.16_tsyn1_tin1_tsmwarp_tdec1x16_tdgate1_tref0,False,1,0.05,857621,16,-2.0,0.0,0.05,,0.16,synthetic,2,0.5,-5.0,0.05,run,branch_id_v3_controls_wave_two_packet_no_interaction_proxy_0p20_0p05_no_symbol_19_hamiltonian_verlet_gabor_gaussian_True_2p0_0p16_0p16_0p16_1p0_1p0_warp_16_1p0_0p0_2p0_0p01_0p05_1p0_2p0_12_12,163.44499449999967,wave_two_packet_no_interaction,19,0.16,synthetic,True,8,0.0,0.01,0.0,0.05,2.2503268155560363e-05,0.034366950392723083,1.0,0.0,0.1963221486657858,1.2803552863260848e-05,0.016098705818876624,155196.392578125,0.0009788800671231002,0.0,0.0,1.2922306954860687,0.00012641854300454725,6.220158138603438e-05,4.290750002885644e-15,0.00011005724991264287,8.718269942781243e-11,8.718269942781243e-11,0.034366169944405556,8.718269942781243e-11,0.006382739637047052,0.035872156731784344,0.03696284117177129,0.0,0.0,0.0,2.631757140159607,0.0,0.7692920714616776,0.25,1.0774961709976196,0.6212729960680008,0.5644539513935646,5.6852739453315735,5.629601240158081,,1.7418533265590668,0.45459477975964546,1.2850050404667854,0.0006750365064362995,0.0,0.16,hamiltonian_verlet,0.2,12,16,1.0,True,1.0,warp,1.0,2.0,0.0001,64,gaussian
full,2,0.0001809002715162933,branch_id_v3_controls,0.02,2.0,12,0.0,1.0,2.0,24,wave,0.0,0.0002124351152209177,0.0,0.0001290143000005628,0.0,0.021012240186488878,1.304205007879311e-09,0.006348162210391213,0.024072262943567086,0.058673914444322385,0.06763193019044896,gabor_gaussian,12,1.0,64,1.0,0.16,1,0.0001,0.05,proxy_0.20_0.05,16,0,0,0,2.0,shell_balanced,MiNO-Plus,MiNO-Plus_wingaussian_modshell_balanced_K12_modes16_patch16_ref0.05_rlp0.16_hfc0.16_rb-5_pdo0_diss0_symord0_symparspectral_order_wfconf2_trhamiltonian_verlet_framegabor_gaussian_sparse1_sklp0.16_tsyn1_tin1_tsmwarp_tdec1x16_tdgate1_tref0,False,1,0.05,1062677,16,-2.0,0.0,0.05,,0.16,synthetic,2,0.5,-5.0,0.05,run,branch_id_v3_controls_wave_variable_speed_nocaustic_proxy_0p20_0p05_full_7_hamiltonian_verlet_gabor_gaussian_True_2p0_0p16_0p16_0p16_1p0_1p0_warp_16_1p0_0p0_2p0_0p01_0p05_1p0_2p0_12_12,174.05342029999883,wave_variable_speed_nocaustic,7,0.16,synthetic,True,8,0.0,0.01,0.0,0.05,0.008759675081819296,0.06991815147921443,1.0,0.0,0.659696452319622,0.0002436688246234553,0.008759675081819296,12165.823711678386,0.007385277887806296,0.0,0.0,1.3358145505189896,0.0006241065566428006,0.0004609913630702067,2.0867070854720896e-14,0.00038130216853460297,1.3195779677288577e-09,1.3195779677288577e-09,0.06991122383624315,1.3195779677288577e-09,0.006336481019388884,0.07249724306166172,0.07440088503062725,1.0885804072022438,1.0885804072022438,-0.1026676759744684,0.8563455790281296,0.0,0.8809789419174194,0.25,1.0774961709976196,4.721535868942738,0.2498282433177034,8.393645167350769,4.623380184173584,,3.8393687158823013,0.598394364118576,1.3727395708362262,0.002317813487024978,0.0,0.16,hamiltonian_verlet,0.2,12,16,1.0,True,1.0,warp,1.0,2.0,0.0001,64,gaussian
full,2,0.00022158056344778743,branch_id_v3_controls,0.02,2.0,12,0.0,1.0,2.0,24,wave,0.0,0.0002953589504007444,0.0,0.0001823767008014935,0.0,0.01392071593242387,4.997545010922607e-10,0.006357845743574823,0.0013382766546049159,0.057658569111178316,0.06810466774428885,gabor_gaussian,12,1.0,64,1.0,0.16,1,0.0001,0.05,proxy_0.20_0.05,16,0,0,0,2.0,shell_balanced,MiNO-Plus,MiNO-Plus_wingaussian_modshell_balanced_K12_modes16_patch16_ref0.05_rlp0.16_hfc0.16_rb-5_pdo0_diss0_symord0_symparspectral_order_wfconf2_trhamiltonian_verlet_framegabor_gaussian_sparse1_sklp0.16_tsyn1_tin1_tsmwarp_tdec1x16_tdgate1_tref0,False,1,0.05,1062677,16,-2.0,0.0,0.05,,0.16,synthetic,2,0.5,-5.0,0.05,run,branch_id_v3_controls_wave_variable_speed_nocaustic_proxy_0p20_0p05_full_11_hamiltonian_verlet_gabor_gaussian_True_2p0_0p16_0p16_0p16_1p0_1p0_warp_16_1p0_0p0_2p0_0p01_0p05_1p0_2p0_12_12,183.3822814999985,wave_variable_speed_nocaustic,11,0.16,synthetic,True,8,0.0,0.01,0.0,0.05,0.008643720764666796,0.07329180836677551,1.0,0.0,0.5390156395733356,0.0001788867439245223,0.008643720764666796,46290.775027275085,0.00638596573844552,0.0,0.0,1.321221724152565,0.0005532186041818932,0.0005425414274213836,6.566683221746896e-15,0.00010405916964373318,2.4327610342878003e-09,2.4327610342878003e-09,0.07328897621482611,2.4327610342878003e-09,0.006598030333407223,0.07599896565079689,0.0779700493440032,0.8467995847264925,0.8467995847264925,0.3407560037449002,1.1192461550235748,0.0,0.8481345549225807,0.25,1.0774961709976196,7.217818915843964,0.22236612190802893,7.785707116127014,3.7717535197734833,,2.488133579492569,0.2718617208302021,1.3329077810049057,0.0027689724520314485,0.0,0.16,hamiltonian_verlet,0.2,12,16,1.0,True,1.0,warp,1.0,2.0,0.0001,64,gaussian
full,2,0.00017280379324802198,branch_id_v3_controls,0.02,2.0,12,0.0,1.0,2.0,24,wave,0.0,0.0002119141431649041,0.0,0.00014483212635241216,0.0,0.016740123586108286,1.034907009337301e-09,0.0063489131280221045,7.338910842628772e-05,0.05312015407253057,0.06927387944112222,gabor_gaussian,12,1.0,64,1.0,0.16,1,0.0001,0.05,proxy_0.20_0.05,16,0,0,0,2.0,shell_balanced,MiNO-Plus,MiNO-Plus_wingaussian_modshell_balanced_K12_modes16_patch16_ref0.05_rlp0.16_hfc0.16_rb-5_pdo0_diss0_symord0_symparspectral_order_wfconf2_trhamiltonian_verlet_framegabor_gaussian_sparse1_sklp0.16_tsyn1_tin1_tsmwarp_tdec1x16_tdgate1_tref0,False,1,0.05,1062677,16,-2.0,0.0,0.05,,0.16,synthetic,2,0.5,-5.0,0.05,run,branch_id_v3_controls_wave_variable_speed_nocaustic_proxy_0p20_0p05_full_19_hamiltonian_verlet_gabor_gaussian_True_2p0_0p16_0p16_0p16_1p0_1p0_warp_16_1p0_0p0_2p0_0p01_0p05_1p0_2p0_12_12,174.9294487999996,wave_variable_speed_nocaustic,19,0.16,synthetic,True,8,0.0,0.01,0.0,0.05,0.009659422445110977,0.07191995158791542,1.0,0.0,0.6817555241286755,0.00016441484876850154,0.009659422445110977,30678.937023982406,0.0034104575897799805,0.0,0.0,1.3631591200828552,0.0004200150760880206,0.0003027896964340471,2.437792945922401e-14,0.00027456178759166505,8.545253948888387e-10,8.545253948888387e-10,0.07191718462854624,8.545253948888387e-10,0.006363939377479255,0.07505699619650841,0.07751547731459141,1.1200056336820126,1.1200056336820126,-0.017221144090096157,0.2873205244541168,0.0,0.8498883619904518,0.25,1.0774961709976196,2.104289725422859,0.2678319724897544,7.952306568622589,4.976338863372803,,2.9703326523303986,2.229090303182602,1.5011178255081177,0.0021157016017241403,0.0,0.16,hamiltonian_verlet,0.2,12,16,1.0,True,1.0,warp,1.0,2.0,0.0001,64,gaussian
full_no_flow_supervision,2,0.00017627073975745589,branch_id_v3_controls,0.02,2.0,12,0.0,1.0,0.0,24,wave,0.0,0.0002075367325839276,0.0,0.00012481664778836907,0.0,0.021095367012700688,1.3801780817760771e-09,0.006341766177987059,0.05672277098832031,0.06056458483605335,0.0676322888272504,gabor_gaussian,12,1.0,64,1.0,0.16,1,0.0001,0.05,proxy_0.20_0.05,16,0,0,0,2.0,shell_balanced,MiNO-Plus,MiNO-Plus_wingaussian_modshell_balanced_K12_modes16_patch16_ref0.05_rlp0.16_hfc0.16_rb-5_pdo0_diss0_symord0_symparspectral_order_wfconf2_trhamiltonian_verlet_framegabor_gaussian_sparse1_sklp0.16_tsyn1_tin1_tsmwarp_tdec1x16_tdgate1_tref0,False,1,0.05,1062677,16,-2.0,0.0,0.05,,0.16,synthetic,2,0.5,-5.0,0.05,run,branch_id_v3_controls_wave_variable_speed_nocaustic_proxy_0p20_0p05_full_no_flow_supervision_7_hamiltonian_verlet_gabor_gaussian_True_2p0_0p16_0p16_0p16_1p0_1p0_warp_16_1p0_0p0_2p0_0p01_0p05_1p0_2p0_12_12,185.13378699999885,wave_variable_speed_nocaustic,7,0.16,synthetic,True,8,0.0,0.01,0.0,0.05,0.008652044809423387,0.06729153264313936,1.0,0.0,0.6272347308695316,0.00021891606411372777,0.008652044809423387,11344.882149115205,0.007321961064008065,0.0,0.0,1.3294276893138885,0.0006430193461710587,0.00047273258860514034,2.179766190815594e-14,0.00039497247234976385,1.3892889547117981e-09,1.3892889547117981e-09,0.06728481315076351,1.3892889547117981e-09,0.006329330033622682,0.07010294497013092,0.07190406508743763,1.047440239538749,1.047440239538749,-0.23048786415408054,1.447484776377678,0.0,0.8809789419174194,0.25,1.0774961709976196,4.721535868942738,0.23926758176336685,8.397608697414398,4.568119019269943,,3.801342621445656,0.2773407809436321,1.382736712694168,0.0023456078924937174,0.0,0.16,hamiltonian_verlet,0.2,12,16,1.0,True,1.0,warp,1.0,2.0,0.0001,64,gaussian
full_no_flow_supervision,2,0.00037350610182329547,branch_id_v3_controls,0.02,2.0,12,0.0,1.0,0.0,24,wave,0.0,0.0004903681598686186,0.0,0.00020088976892414698,0.0,0.007861205507651903,7.803542243870847e-08,0.006341969604060675,0.0008665188989205319,0.06885527885363747,0.06805642267378668,gabor_gaussian,12,1.0,64,1.0,0.16,1,0.0001,0.05,proxy_0.20_0.05,16,0,0,0,2.0,shell_balanced,MiNO-Plus,MiNO-Plus_wingaussian_modshell_balanced_K12_modes16_patch16_ref0.05_rlp0.16_hfc0.16_rb-5_pdo0_diss0_symord0_symparspectral_order_wfconf2_trhamiltonian_verlet_framegabor_gaussian_sparse1_sklp0.16_tsyn1_tin1_tsmwarp_tdec1x16_tdgate1_tref0,False,1,0.05,1062644,16,-2.0,0.0,0.05,,0.16,synthetic,2,0.5,-5.0,0.05,run,branch_id_v3_controls_wave_variable_speed_nocaustic_proxy_0p20_0p05_full_no_flow_supervision_11_hamiltonian_verlet_gabor_gaussian_True_2p0_0p16_0p16_0p16_1p0_1p0_warp_16_1p0_True_0p0_2p0_0p01_0p05_1p0_2p0_12_12,163.02151709999998,wave_variable_speed_nocaustic,11,0.16,synthetic,True,8,0.0,0.01,0.0,0.05,0.009012942435219884,0.10455550905317068,1.0,0.0,0.5365570895373821,0.0005263205075607402,0.009012942435219884,34289.14241087437,0.008274318417534232,0.0,0.0,1.3184996992349625,0.0007527547786594369,0.0006417865297407843,2.0686082148507518e-14,0.00033860573239508085,3.739394335844359e-09,3.739394335844359e-09,0.10454916302114725,3.739394335844359e-09,0.006535983236972243,0.10638011991977692,0.10767644830048084,0.7155759943028291,0.7155759943028291,0.004926255710112552,1.2816428989171982,0.0,0.8481345549225807,0.25,1.0774961709976196,7.217818915843964,0.23156405535216132,7.689410209655762,3.761984169483185,0.5486874245107174,2.292842462658882,0.2600259352475405,1.3263516028722127,0.0033789614390116185,0.0,0.16,hamiltonian_verlet,0.2,12,16,1.0,True,1.0,warp,1.0,2.0,0.0001,64,gaussian
full_no_flow_supervision,2,0.00023331932607106864,branch_id_v3_controls,0.02,2.0,12,0.0,1.0,0.0,24,wave,0.0,0.00044698819419863867,0.0,0.0001317595438194985,0.0,0.006670871453631359,8.924687860956126e-08,0.006340205135832851,9.437100039202025e-05,0.09013617240513365,0.06925241051552196,gabor_gaussian,12,1.0,64,1.0,0.16,1,0.0001,0.05,proxy_0.20_0.05,16,0,0,0,2.0,shell_balanced,MiNO-Plus,MiNO-Plus_wingaussian_modshell_balanced_K12_modes16_patch16_ref0.05_rlp0.16_hfc0.16_rb-5_pdo0_diss0_symord0_symparspectral_order_wfconf2_trhamiltonian_verlet_framegabor_gaussian_sparse1_sklp0.16_tsyn1_tin1_tsmwarp_tdec1x16_tdgate1_tref0,False,1,0.05,1062644,16,-2.0,0.0,0.05,,0.16,synthetic,2,0.5,-5.0,0.05,run,branch_id_v3_controls_wave_variable_speed_nocaustic_proxy_0p20_0p05_full_no_flow_supervision_19_hamiltonian_verlet_gabor_gaussian_True_2p0_0p16_0p16_0p16_1p0_1p0_warp_16_1p0_True_0p0_2p0_0p01_0p05_1p0_2p0_12_12,158.419927500001,wave_variable_speed_nocaustic,19,0.16,synthetic,True,8,0.0,0.01,0.0,0.05,0.009061398566700518,0.08533322159200907,1.0,0.0,0.6052436735481024,0.00023555416191811673,0.009061398566700518,23300.009462311864,0.007997325592441484,0.0,0.0,1.359079658985138,0.0018799639074131846,0.0015475446634809487,2.4728866008941544e-14,0.0009328967571491376,2.1721128784513155e-08,2.1721128784513155e-08,0.08531171083450317,2.1721128784513155e-08,0.0064443855080753565,0.08720955066382885,0.08862411323934793,0.7209138410786787,0.7209138410786787,-0.006733140636545916,0.8095782995223999,0.0,0.8498883619904518,0.25,1.0774961709976196,2.104289725422859,0.2336331671103835,7.870759010314941,5.015210807323456,0.5048753805458546,2.8738118708133698,0.3244156502187252,1.3300377031167347,0.0030129075603326783,0.0,0.16,hamiltonian_verlet,0.2,12,16,1.0,True,1.0,warp,1.0,2.0,0.0001,64,gaussian
no_transport,2,0.0011659578522085212,branch_id_v3_controls,0.02,2.0,12,0.0,1.0,2.0,24,wave,0.0,0.000844739919254304,0.0,0.000584233498860461,0.0,0.007249849688378163,5.45940926077737e-08,0.006340162498721232,2.6814260201587132e-05,0.09746714696908991,0.06765882663118343,gabor_gaussian,12,1.0,64,1.0,0.16,1,0.0001,0.05,proxy_0.20_0.05,16,0,0,0,2.0,shell_balanced,MiNO-Plus,MiNO-Plus_wingaussian_modshell_balanced_K12_modes16_patch16_ref0.05_rlp0.16_hfc0.16_rb-5_pdo0_diss0_symord0_symparspectral_order_wfconf2_trhamiltonian_verlet_framegabor_gaussian_sparse1_sklp0.16_tsyn1_tin1_tsmwarp_tdec1x16_tdgate1_tref0,False,1,0.05,349880,16,-2.0,0.0,0.05,,0.16,synthetic,2,0.5,-5.0,0.05,run,branch_id_v3_controls_wave_variable_speed_nocaustic_proxy_0p20_0p05_no_transport_7_hamiltonian_verlet_gabor_gaussian_True_2p0_0p16_0p16_0p16_1p0_1p0_warp_16_1p0_True_0p0_2p0_0p01_0p05_1p0_2p0_12_12,62.158646099998805,wave_variable_speed_nocaustic,7,0.16,synthetic,True,8,0.0,0.01,0.0,0.05,0.0,0.14960464648902416,1.0,0.0,0.6917568072676659,0.0014816740695096087,0.0,3373.4883762598038,0.017324716551229358,0.0,0.0,1.3404206782579422,0.002895959114539437,0.0025651404430391267,2.442654703281404e-14,0.0011536948513821699,3.841173090712857e-08,3.841173090712857e-08,0.14955811016261578,3.841173090712857e-08,0.006384334235917777,0.15111155062913895,0.1523821661248803,0.8351155531903108,0.8351155531903108,-0.0016504357724140088,2.396624907851219,0.0,0.8809789419174194,0.25,1.0774961709976196,4.721535868942738,0.0,9.724125623703003,3.091773828600708e-05,0.4947059750556946,5.374902069568634,2.616798653320984e-07,0.0,0.008998826757306233,0.0,0.16,hamiltonian_verlet,0.2,12,16,1.0,True,1.0,warp,1.0,2.0,0.0001,64,gaussian
no_transport,2,0.0012580540351336822,branch_id_v3_controls,0.02,2.0,12,0.0,1.0,2.0,24,wave,0.0,0.0009642178905172235,0.0,0.0006838479112047935,0.0,0.006409816439069497,7.721169727285352e-07,0.006339648272842169,1.4576354519967432e-05,0.09191667016906042,0.06829148647375405,gabor_gaussian,12,1.0,64,1.0,0.16,1,0.0001,0.05,proxy_0.20_0.05,16,0,0,0,2.0,shell_balanced,MiNO-Plus,MiNO-Plus_wingaussian_modshell_balanced_K12_modes16_patch16_ref0.05_rlp0.16_hfc0.16_rb-5_pdo0_diss0_symord0_symparspectral_order_wfconf2_trhamiltonian_verlet_framegabor_gaussian_sparse1_sklp0.16_tsyn1_tin1_tsmwarp_tdec1x16_tdgate1_tref0,False,1,0.05,349880,16,-2.0,0.0,0.05,,0.16,synthetic,2,0.5,-5.0,0.05,run,branch_id_v3_controls_wave_variable_speed_nocaustic_proxy_0p20_0p05_no_transport_11_hamiltonian_verlet_gabor_gaussian_True_2p0_0p16_0p16_0p16_1p0_1p0_warp_16_1p0_True_0p0_2p0_0p01_0p05_1p0_2p0_12_12,62.817633800001204,wave_variable_speed_nocaustic,11,0.16,synthetic,True,8,0.0,0.01,0.0,0.05,0.0,0.14298266172409058,1.0,0.0,0.6172817833721638,0.000819743268948514,0.0,31723.549780368805,0.010787895560497418,0.0,0.0,1.3370422273874283,0.008554329921025783,0.007885011087637395,2.522345193497512e-14,0.0027421445411164314,5.98952059505109e-07,5.98952059505109e-07,0.14288153033703566,5.98952059505109e-07,0.006354091165121645,0.14482424315065145,0.14646342117339373,0.7248759133120378,0.7248759133120378,-0.001104597351513803,1.5726570338010788,0.0,0.8481345549225807,0.25,1.0774961709976196,7.217818915843964,0.0,8.946717917919159,2.7616160878096707e-05,0.5896528325974941,3.8757316768169403,2.179172833294274e-07,0.0,0.009659966977778822,0.0,0.16,hamiltonian_verlet,0.2,12,16,1.0,True,1.0,warp,1.0,2.0,0.0001,64,gaussian
no_transport,2,0.0005873376267118147,branch_id_v3_controls,0.02,2.0,12,0.0,1.0,2.0,24,wave,0.0,0.0009247703974324395,0.0,0.0006432344959345452,0.0,0.006706511750962818,1.821430319163634e-07,0.00634023990520897,9.273127765368344e-06,0.09373881140102942,0.06948020014291008,gabor_gaussian,12,1.0,64,1.0,0.16,1,0.0001,0.05,proxy_0.20_0.05,16,0,0,0,2.0,shell_balanced,MiNO-Plus,MiNO-Plus_wingaussian_modshell_balanced_K12_modes16_patch16_ref0.05_rlp0.16_hfc0.16_rb-5_pdo0_diss0_symord0_symparspectral_order_wfconf2_trhamiltonian_verlet_framegabor_gaussian_sparse1_sklp0.16_tsyn1_tin1_tsmwarp_tdec1x16_tdgate1_tref0,False,1,0.05,349880,16,-2.0,0.0,0.05,,0.16,synthetic,2,0.5,-5.0,0.05,run,branch_id_v3_controls_wave_variable_speed_nocaustic_proxy_0p20_0p05_no_transport_19_hamiltonian_verlet_gabor_gaussian_True_2p0_0p16_0p16_0p16_1p0_1p0_warp_16_1p0_True_0p0_2p0_0p01_0p05_1p0_2p0_12_12,61.431418800000756,wave_variable_speed_nocaustic,19,0.16,synthetic,True,8,0.0,0.01,0.0,0.05,0.0,0.1386210024356842,1.0,0.0,0.7267043590545654,0.0006008256968925707,0.0,8759.362197890878,0.010735432151705027,0.0,0.0,1.3691738545894623,0.006425358937121928,0.005369026184780523,2.469796603526747e-14,0.003045087607461028,2.61520345823385e-07,2.61520345823385e-07,0.13859137892723083,2.61520345823385e-07,0.006325202586594969,0.14065904263406992,0.14241913985460997,0.773260743667682,0.773260743667682,0.002216375432908535,1.8974946588277817,0.0,0.8498883619904518,0.25,1.0774961709976196,2.104289725422859,0.0,9.154742658138275,3.0828611215838464e-05,0.5479773953557014,5.409616589546204,2.396806229043591e-07,0.0,0.004847764357691631,0.0,0.16,hamiltonian_verlet,0.2,12,16,1.0,True,1.0,warp,1.0,2.0,0.0001,64,gaussian
identity_transport,2,0.0011622948841250036,branch_id_v3_controls,0.02,2.0,12,0.0,1.0,2.0,24,wave,0.0,0.0008460464456826836,0.0,0.0005850726044324498,0.0,0.007248599131950566,5.499255419557277e-08,0.006340167038918783,6.085252575157204e-05,0.09712999667196225,0.06765882585508128,gabor_gaussian,12,1.0,64,1.0,0.16,1,0.0001,0.05,proxy_0.20_0.05,16,0,0,0,2.0,shell_balanced,MiNO-Plus,MiNO-Plus_wingaussian_modshell_balanced_K12_modes16_patch16_ref0.05_rlp0.16_hfc0.16_rb-5_pdo0_diss0_symord0_symparspectral_order_wfconf2_trhamiltonian_verlet_framegabor_gaussian_sparse1_sklp0.16_tsyn1_tin1_tsmwarp_tdec1x16_tdgate1_tref0,False,1,0.05,1062644,16,-2.0,0.0,0.05,,0.16,synthetic,2,0.5,-5.0,0.05,run,branch_id_v3_controls_wave_variable_speed_nocaustic_proxy_0p20_0p05_identity_transport_7_hamiltonian_verlet_gabor_gaussian_True_2p0_0p16_0p16_0p16_1p0_1p0_warp_16_1p0_True_0p0_2p0_0p01_0p05_1p0_2p0_12_12,158.39591109999856,wave_variable_speed_nocaustic,7,0.16,synthetic,True,8,0.0,0.01,0.0,0.05,0.0,0.14988358970731497,1.0,0.0,0.7009191438555717,0.0014843859171378426,0.0,4872.1606767475605,0.01733772736042738,0.0,0.0,1.3460598438978195,0.002895873272791505,0.002564000023994595,2.4874203310163226e-14,0.001154633609985467,3.841304963003722e-08,3.841304963003722e-08,0.14983678236603737,3.841304963003722e-08,0.0063843418611213565,0.1514052078127861,0.1526919361203909,0.7561587505042553,0.7561587505042553,0.003628479256197655,1.690565600991249,0.0,0.8809789419174194,0.25,1.0774961709976196,4.721535868942738,0.22345838012794653,9.714841902256012,3.0906075380698894e-05,0.49477332830429077,5.369950592517853,3.1521623000685395e-07,1.3321843147277832,0.009135961852734908,0.0,0.16,hamiltonian_verlet,0.2,12,16,1.0,True,1.0,warp,1.0,2.0,0.0001,64,gaussian
identity_transport,2,0.0012841480238421354,branch_id_v3_controls,0.02,2.0,12,0.0,1.0,2.0,24,wave,0.0,0.0009832441201069742,0.0,0.0006978296163045646,0.0,0.0064032610777455074,8.22596085618225e-07,0.0063402116162857665,2.056984844567289e-05,0.0919803516396011,0.0682914888796707,gabor_gaussian,12,1.0,64,1.0,0.16,1,0.0001,0.05,proxy_0.20_0.05,16,0,0,0,2.0,shell_balanced,MiNO-Plus,MiNO-Plus_wingaussian_modshell_balanced_K12_modes16_patch16_ref0.05_rlp0.16_hfc0.16_rb-5_pdo0_diss0_symord0_symparspectral_order_wfconf2_trhamiltonian_verlet_framegabor_gaussian_sparse1_sklp0.16_tsyn1_tin1_tsmwarp_tdec1x16_tdgate1_tref0,False,1,0.05,1062644,16,-2.0,0.0,0.05,,0.16,synthetic,2,0.5,-5.0,0.05,run,branch_id_v3_controls_wave_variable_speed_nocaustic_proxy_0p20_0p05_identity_transport_11_hamiltonian_verlet_gabor_gaussian_True_2p0_0p16_0p16_0p16_1p0_1p0_warp_16_1p0_True_0p0_2p0_0p01_0p05_1p0_2p0_12_12,177.72041619999982,wave_variable_speed_nocaustic,11,0.16,synthetic,True,8,0.0,0.01,0.0,0.05,0.0,0.14464678522199392,1.0,0.0,0.6183300688862801,0.0008350228890776634,0.0,32876.67863076925,0.010863968316698447,0.0,0.0,1.3338246643543243,0.00884781958302483,0.00816036359174177,2.4457478770223634e-14,0.0028310890775173903,6.400095156067209e-07,6.400095156067209e-07,0.14453867077827454,6.400095156067209e-07,0.006354644661769271,0.146491888910532,0.14812463149428368,0.6663767440865437,0.6663767440865437,0.004255529493093491,1.8061347901821136,0.0,0.8481345549225807,0.25,1.0774961709976196,7.217818915843964,0.2099093503008286,8.99540388584137,2.7764779588324018e-05,0.589649673551321,3.886638253927231,2.2160044466090767e-07,1.3321843147277832,0.010122485546162352,0.0,0.16,hamiltonian_verlet,0.2,12,16,1.0,True,1.0,warp,1.0,2.0,0.0001,64,gaussian
identity_transport,2,0.0005855476701981388,branch_id_v3_controls,0.02,2.0,12,0.0,1.0,2.0,24,wave,0.0,0.0009169167157475991,0.0,0.0006376125438691815,0.0,0.006697864314446633,1.7541776398122266e-07,0.006340236635878682,1.0538229950590727e-05,0.09369107657888283,0.06948019975485902,gabor_gaussian,12,1.0,64,1.0,0.16,1,0.0001,0.05,proxy_0.20_0.05,16,0,0,0,2.0,shell_balanced,MiNO-Plus,MiNO-Plus_wingaussian_modshell_balanced_K12_modes16_patch16_ref0.05_rlp0.16_hfc0.16_rb-5_pdo0_diss0_symord0_symparspectral_order_wfconf2_trhamiltonian_verlet_framegabor_gaussian_sparse1_sklp0.16_tsyn1_tin1_tsmwarp_tdec1x16_tdgate1_tref0,False,1,0.05,1062644,16,-2.0,0.0,0.05,,0.16,synthetic,2,0.5,-5.0,0.05,run,branch_id_v3_controls_wave_variable_speed_nocaustic_proxy_0p20_0p05_identity_transport_19_hamiltonian_verlet_gabor_gaussian_True_2p0_0p16_0p16_0p16_1p0_1p0_warp_16_1p0_True_0p0_2p0_0p01_0p05_1p0_2p0_12_12,160.4498145000016,wave_variable_speed_nocaustic,19,0.16,synthetic,True,8,0.0,0.01,0.0,0.05,0.0,0.13792826514691114,1.0,0.0,0.7258584797382355,0.000594620327319717,0.0,9671.278661888093,0.01185355668712873,0.0,0.0,1.3702912628650665,0.0063002368551678956,0.005262078688247129,2.4327968067863162e-14,0.0029886808624723926,2.5104233447592605e-07,2.5104233447592605e-07,0.1379001084715128,2.5104233447592605e-07,0.006325199385173619,0.13997945003211498,0.1417388655245304,0.7248514841000239,0.7248514841000239,-0.0010116025805473328,1.7497058361768723,0.0,0.8498883619904518,0.25,1.0774961709976196,2.104289725422859,0.2123683476820588,9.132214486598969,3.075063477808726e-05,0.5479834116995335,5.398008823394775,2.604587718835205e-07,1.3321843147277832,0.0048074542719405144,0.0,0.16,hamiltonian_verlet,0.2,12,16,1.0,True,1.0,warp,1.0,2.0,0.0001,64,gaussian
no_transport_no_carrier,2,0.023083689506165683,branch_id_v3_controls,0.02,2.0,12,0.0,1.0,2.0,24,wave,0.0,0.02234626974677667,0.0,0.019855082161181297,0.0,0.006418073141200391,7.073557677964952e-05,0.006376073297966893,0.0001011863775678042,0.09555041207931936,0.06765882748489578,gabor_gaussian,12,1.0,64,1.0,0.16,1,0.0001,0.05,proxy_0.20_0.05,16,0,0,0,2.0,shell_balanced,MiNO-Plus,MiNO-Plus_wingaussian_modshell_balanced_K12_modes16_patch16_ref0.05_rlp0.16_hfc0.16_rb-5_pdo0_diss0_symord0_symparspectral_order_wfconf2_trhamiltonian_verlet_framegabor_gaussian_sparse1_sklp0.16_tsyn1_tin1_tsmwarp_tdec1x16_tdgate1_tref0,False,1,0.05,349880,16,-2.0,0.0,0.05,,0.16,synthetic,2,0.5,-5.0,0.05,run,branch_id_v3_controls_wave_variable_speed_nocaustic_proxy_0p20_0p05_no_transport_no_carrier_7_hamiltonian_verlet_gabor_gaussian_True_2p0_0p16_0p16_0p16_1p0_1p0_warp_16_1p0_True_0p0_2p0_0p01_0p05_1p0_2p0_12_12,55.47119889999885,wave_variable_speed_nocaustic,7,0.16,synthetic,True,8,0.0,0.01,0.0,0.05,0.0,0.7164780348539352,1.0,0.0,1.7291871458292007,0.024103738367557526,0.0,45752.45757365227,0.23410045448690653,0.0,0.0,1.495118796825409,0.1364941941574216,0.13544577732682228,2.4522944252651025e-14,0.016639937995932996,0.00010381033189332811,0.00010381033189332811,0.7124987617135048,0.00010381033189332811,0.006364596134517342,0.7159407585859299,0.7192756310105324,0.9182596616446972,0.9182596616446972,0.0025734587106853724,0.7326797470450401,0.0,0.8809789419174194,0.25,1.0774961709976196,4.721535868942738,0.0,0.0,0.0,0.11669487413018942,0.0,0.0,0.0,0.06590816844254732,0.0,0.16,hamiltonian_verlet,0.2,12,16,1.0,True,1.0,warp,1.0,2.0,0.0001,64,gaussian
no_transport_no_carrier,2,0.02972661377862096,branch_id_v3_controls,0.02,2.0,12,0.0,1.0,2.0,24,wave,0.0,0.025413575194155175,0.0,0.023213481831286725,0.0,0.005363371428150761,4.400617295156432e-05,0.00639137713975894,4.980997290759959e-05,0.08926706745599707,0.06829148763790727,gabor_gaussian,12,1.0,64,1.0,0.16,1,0.0001,0.05,proxy_0.20_0.05,16,0,0,0,2.0,shell_balanced,MiNO-Plus,MiNO-Plus_wingaussian_modshell_balanced_K12_modes16_patch16_ref0.05_rlp0.16_hfc0.16_rb-5_pdo0_diss0_symord0_symparspectral_order_wfconf2_trhamiltonian_verlet_framegabor_gaussian_sparse1_sklp0.16_tsyn1_tin1_tsmwarp_tdec1x16_tdgate1_tref0,False,1,0.05,349880,16,-2.0,0.0,0.05,,0.16,synthetic,2,0.5,-5.0,0.05,run,branch_id_v3_controls_wave_variable_speed_nocaustic_proxy_0p20_0p05_no_transport_no_carrier_11_hamiltonian_verlet_gabor_gaussian_True_2p0_0p16_0p16_0p16_1p0_1p0_warp_16_1p0_True_0p0_2p0_0p01_0p05_1p0_2p0_12_12,48.10002429999986,wave_variable_speed_nocaustic,11,0.16,synthetic,True,8,0.0,0.01,0.0,0.05,0.0,0.8003285005688667,1.0,0.0,1.6443284898996353,0.01940267428290099,0.0,264025.9583544731,0.2578550670295954,0.0,0.0,1.5036602765321732,0.07900754455476999,0.07871412020176649,2.682655157314629e-14,0.005192474432988092,5.637540107272798e-05,5.637540107272798e-05,0.7980921790003777,5.637540107272798e-05,0.006378272315487266,0.8022769391536713,0.805975653231144,0.835040744394064,0.835040744394064,0.0028127352513062456,0.7057861909270287,0.0,0.8481345549225807,0.25,1.0774961709976196,7.217818915843964,0.0,0.0,0.0,0.21684461273252964,0.0,0.0,0.0,0.1283108724746853,0.0,0.16,hamiltonian_verlet,0.2,12,16,1.0,True,1.0,warp,1.0,2.0,0.0001,64,gaussian
no_transport_no_carrier,2,0.020478098653256893,branch_id_v3_controls,0.02,2.0,12,0.0,1.0,2.0,24,wave,0.0,0.023255416977917776,0.0,0.021021546989989776,0.0,0.005749136450807176,6.66342851805742e-05,0.006387495998448382,2.4896444041762795e-05,0.09152414925241222,0.06948020146228373,gabor_gaussian,12,1.0,64,1.0,0.16,1,0.0001,0.05,proxy_0.20_0.05,16,0,0,0,2.0,shell_balanced,MiNO-Plus,MiNO-Plus_wingaussian_modshell_balanced_K12_modes16_patch16_ref0.05_rlp0.16_hfc0.16_rb-5_pdo0_diss0_symord0_symparspectral_order_wfconf2_trhamiltonian_verlet_framegabor_gaussian_sparse1_sklp0.16_tsyn1_tin1_tsmwarp_tdec1x16_tdgate1_tref0,False,1,0.05,349880,16,-2.0,0.0,0.05,,0.16,synthetic,2,0.5,-5.0,0.05,run,branch_id_v3_controls_wave_variable_speed_nocaustic_proxy_0p20_0p05_no_transport_no_carrier_19_hamiltonian_verlet_gabor_gaussian_True_2p0_0p16_0p16_0p16_1p0_1p0_warp_16_1p0_True_0p0_2p0_0p01_0p05_1p0_2p0_12_12,54.415673499999684,wave_variable_speed_nocaustic,19,0.16,synthetic,True,8,0.0,0.01,0.0,0.05,0.0,0.7540486976504326,1.0,0.0,1.2677965760231018,0.01949163677636534,0.0,108321.42549413443,0.2795842867344618,0.0,0.0,1.5010630786418915,0.06486292323097587,0.06459402665495872,2.5289675935406776e-14,0.005768777569755912,3.7358478493842995e-05,3.7358478493842995e-05,0.7519412487745285,3.7358478493842995e-05,0.006425970117561519,0.7548736706376076,0.7577693983912468,0.9384999709824721,0.9384999709824721,0.0010769234407537927,1.418793261051178,0.0,0.8498883619904518,0.25,1.0774961709976196,2.104289725422859,0.0,0.0,0.0,0.11126920767128468,0.0,0.0,0.0,0.07679951703175902,0.0,0.16,hamiltonian_verlet,0.2,12,16,1.0,True,1.0,warp,1.0,2.0,0.0001,64,gaussian
randomized_metadata,2,0.02410296315792948,branch_id_v3_controls,0.02,2.0,12,0.0,1.0,2.0,24,wave,0.0,0.022949809072694432,0.0,0.02228442651297276,0.0,0.007282958319895745,2.4679544935457542e-09,0.006471271558742349,0.0001442428676352303,0.12153734476305544,0.04300077321628729,gabor_gaussian,12,1.0,64,1.0,0.16,1,0.0001,0.05,proxy_0.20_0.05,16,0,0,0,2.0,shell_balanced,MiNO-Plus,MiNO-Plus_wingaussian_modshell_balanced_K12_modes16_patch16_ref0.05_rlp0.16_hfc0.16_rb-5_pdo0_diss0_symord0_symparspectral_order_wfconf2_trhamiltonian_verlet_framegabor_gaussian_sparse1_sklp0.16_tsyn1_tin1_tsmwarp_tdec1x16_tdgate1_tref0,False,1,0.05,1062644,16,-2.0,0.0,0.05,,0.16,synthetic,2,0.5,-5.0,0.05,run,branch_id_v3_controls_wave_variable_speed_nocaustic_proxy_0p20_0p05_randomized_metadata_7_hamiltonian_verlet_gabor_gaussian_True_2p0_0p16_0p16_0p16_1p0_1p0_warp_16_1p0_True_0p0_2p0_0p01_0p05_1p0_2p0_12_12,161.70145349999984,wave_variable_speed_nocaustic,7,0.16,synthetic,True,8,0.0,0.01,0.0,0.05,0.4619026258587837,0.6889883801341057,1.0,0.0,3.064279228448868,0.022823230596259236,0.4619026258587837,28025.38664996624,0.20613662712275982,0.0,0.0,1.5045514702796936,0.0008568208795622922,0.0008536489331163466,5.77075958078543e-15,7.117805944290012e-05,3.837960144137398e-09,3.837960144137398e-09,0.6973910331726074,3.837960144137398e-09,0.006594462727662176,0.6955318301916122,0.7017390206456184,0.7848719768226147,0.7848719768226147,0.0005273952459295591,0.9142480790615082,0.0,0.8809789419174194,0.25,1.0774961709976196,4.721535868942738,0.2609037406121691,5.483703255653381,11.211995601654053,0.36910007894039154,5.420652985572815,0.9270944409072399,0.0,0.08883241610601544,0.0,0.16,hamiltonian_verlet,0.2,12,16,1.0,True,1.0,warp,1.0,2.0,0.0001,64,gaussian
randomized_metadata,2,0.031084445072337985,branch_id_v3_controls,0.02,2.0,12,0.0,1.0,2.0,24,wave,0.0,0.025903546445382137,0.0,0.025468234554864466,0.0,0.0064665641997028915,6.368020578443693e-10,0.006492058503984784,3.904913495237731e-05,0.11720639079188307,0.040603253059089184,gabor_gaussian,12,1.0,64,1.0,0.16,1,0.0001,0.05,proxy_0.20_0.05,16,0,0,0,2.0,shell_balanced,MiNO-Plus,MiNO-Plus_wingaussian_modshell_balanced_K12_modes16_patch16_ref0.05_rlp0.16_hfc0.16_rb-5_pdo0_diss0_symord0_symparspectral_order_wfconf2_trhamiltonian_verlet_framegabor_gaussian_sparse1_sklp0.16_tsyn1_tin1_tsmwarp_tdec1x16_tdgate1_tref0,False,1,0.05,1062644,16,-2.0,0.0,0.05,,0.16,synthetic,2,0.5,-5.0,0.05,run,branch_id_v3_controls_wave_variable_speed_nocaustic_proxy_0p20_0p05_randomized_metadata_11_hamiltonian_verlet_gabor_gaussian_True_2p0_0p16_0p16_0p16_1p0_1p0_warp_16_1p0_True_0p0_2p0_0p01_0p05_1p0_2p0_12_12,149.84805680000136,wave_variable_speed_nocaustic,11,0.16,synthetic,True,8,0.0,0.01,0.0,0.05,0.4571785740554333,0.8069251552224159,1.0,0.0,2.633650556206703,0.01876030513085425,0.4571785740554333,349492.2054057121,0.3069773707538843,0.0,0.0,1.5204229205846786,0.00037418077772599645,0.0003709234224515967,5.160901787992965e-15,4.8919086111709476e-05,1.1180756182005425e-09,1.1180756182005425e-09,0.8021179735660553,1.1180756182005425e-09,0.006638452992774546,0.8162020146846771,0.8216029852628708,0.6661480814218521,0.6661480814218521,-0.006253899899699415,0.8109370172023773,0.0,0.8481345549225807,0.25,1.0774961709976196,7.217818915843964,0.2077960092574358,4.634261667728424,10.293919086456299,0.5055443421006203,5.88017737865448,3.7877339720726013,0.0,0.1481479974463582,0.0,0.16,hamiltonian_verlet,0.2,12,16,1.0,True,1.0,warp,1.0,2.0,0.0001,64,gaussian
randomized_metadata,2,0.020236377720721066,branch_id_v3_controls,0.02,2.0,12,0.0,1.0,2.0,24,wave,0.0,0.02386857020125414,0.0,0.023313360832010705,0.0,0.006754415021229458,3.0876276119196078e-09,0.00647436337506709,2.20192201157698e-05,0.11896074710724254,0.04121969384141266,gabor_gaussian,12,1.0,64,1.0,0.16,1,0.0001,0.05,proxy_0.20_0.05,16,0,0,0,2.0,shell_balanced,MiNO-Plus,MiNO-Plus_wingaussian_modshell_balanced_K12_modes16_patch16_ref0.05_rlp0.16_hfc0.16_rb-5_pdo0_diss0_symord0_symparspectral_order_wfconf2_trhamiltonian_verlet_framegabor_gaussian_sparse1_sklp0.16_tsyn1_tin1_tsmwarp_tdec1x16_tdgate1_tref0,False,1,0.05,1062644,16,-2.0,0.0,0.05,,0.16,synthetic,2,0.5,-5.0,0.05,run,branch_id_v3_controls_wave_variable_speed_nocaustic_proxy_0p20_0p05_randomized_metadata_19_hamiltonian_verlet_gabor_gaussian_True_2p0_0p16_0p16_0p16_1p0_1p0_warp_16_1p0_True_0p0_2p0_0p01_0p05_1p0_2p0_12_12,144.45861869999953,wave_variable_speed_nocaustic,19,0.16,synthetic,True,8,0.0,0.01,0.0,0.05,0.4624006599187851,0.7382556200027466,1.0,0.0,2.5634577870368958,0.019673712900839746,0.4624006599187851,191019.02761173248,0.26783251389861107,0.0,0.0,1.511738508939743,0.0006504479897557758,0.0006483770994236693,9.967858629937544e-15,5.095400820209761e-05,3.45667960921503e-09,3.45667960921503e-09,0.7552405074238777,3.45667960921503e-09,0.006535134976729751,0.7445624023675919,0.7501543089747429,0.7672754550973574,0.7672754550973574,0.005313057413635154,1.1274283230304718,0.0,0.8498883619904518,0.25,1.0774961709976196,2.104289725422859,0.22304460934052864,4.3831592202186584,10.122674345970154,0.41034653037786484,5.178653508424759,2.152209222316742,0.0,0.1033640680834651,0.0,0.16,hamiltonian_verlet,0.2,12,16,1.0,True,1.0,warp,1.0,2.0,0.0001,64,gaussian
no_symbol,2,0.00030445896118180826,branch_id_v3_controls,0.02,2.0,12,0.0,1.0,2.0,24,wave,0.0,0.0003960891023477113,0.0,0.00011564042286712113,0.0,0.007224361612315988,6.751753965176614e-08,0.006327530679603417,0.0,0.09770950911721836,0.06761975966704388,gabor_gaussian,12,1.0,64,1.0,0.16,1,0.0001,0.05,proxy_0.20_0.05,16,0,0,0,2.0,shell_balanced,MiNO-Plus,MiNO-Plus_wingaussian_modshell_balanced_K12_modes16_patch16_ref0.05_rlp0.16_hfc0.16_rb-5_pdo0_diss0_symord0_symparspectral_order_wfconf2_trhamiltonian_verlet_framegabor_gaussian_sparse1_sklp0.16_tsyn1_tin1_tsmwarp_tdec1x16_tdgate1_tref0,False,1,0.05,857588,16,-2.0,0.0,0.05,,0.16,synthetic,2,0.5,-5.0,0.05,run,branch_id_v3_controls_wave_variable_speed_nocaustic_proxy_0p20_0p05_no_symbol_7_hamiltonian_verlet_gabor_gaussian_True_2p0_0p16_0p16_0p16_1p0_1p0_warp_16_1p0_True_0p0_2p0_0p01_0p05_1p0_2p0_12_12,128.02080110000043,wave_variable_speed_nocaustic,7,0.16,synthetic,True,8,0.0,0.01,0.0,0.05,0.008571609389036894,0.11603995691984892,1.0,0.0,0.6184508129954338,0.0011607761352934176,0.008571609389036894,6651.819958329201,0.010869577730773017,0.0,0.0,1.3275993913412094,0.003988959972048178,0.0035925266129197553,2.4886701916574674e-14,0.0014846420963294804,7.593254647275671e-08,7.593254647275671e-08,0.11597664654254913,7.593254647275671e-08,0.0063423196552321315,0.11744420509785414,0.11855192389339209,0.0,0.0,0.0,1.8252029716968536,0.0,0.8809789419174194,0.25,1.0774961709976196,4.721535868942738,0.697606910020113,8.299777448177338,4.584954142570496,0.4544060565531254,3.189868450164795,0.10097909811884165,0.8768191350003084,0.0030063533486099914,0.0,0.16,hamiltonian_verlet,0.2,12,16,1.0,True,1.0,warp,1.0,2.0,0.0001,64,gaussian
no_symbol,2,0.0003551472873368766,branch_id_v3_controls,0.02,2.0,12,0.0,1.0,2.0,24,wave,0.0,0.00041886743262390763,0.0,0.00013126705850178647,0.0,0.006405358649014185,8.32260847090834e-08,0.006325999051720525,0.0,0.09212237437410901,0.06814365577884018,gabor_gaussian,12,1.0,64,1.0,0.16,1,0.0001,0.05,proxy_0.20_0.05,16,0,0,0,2.0,shell_balanced,MiNO-Plus,MiNO-Plus_wingaussian_modshell_balanced_K12_modes16_patch16_ref0.05_rlp0.16_hfc0.16_rb-5_pdo0_diss0_symord0_symparspectral_order_wfconf2_trhamiltonian_verlet_framegabor_gaussian_sparse1_sklp0.16_tsyn1_tin1_tsmwarp_tdec1x16_tdgate1_tref0,False,1,0.05,857588,16,-2.0,0.0,0.05,,0.16,synthetic,2,0.5,-5.0,0.05,run,branch_id_v3_controls_wave_variable_speed_nocaustic_proxy_0p20_0p05_no_symbol_11_hamiltonian_verlet_gabor_gaussian_True_2p0_0p16_0p16_0p16_1p0_1p0_warp_16_1p0_True_0p0_2p0_0p01_0p05_1p0_2p0_12_12,127.87414559999979,wave_variable_speed_nocaustic,11,0.16,synthetic,True,8,0.0,0.01,0.0,0.05,0.009158691740594804,0.10425151139497757,1.0,0.0,0.5296556763350964,0.0004954323758283863,0.009158691740594804,30576.109132140875,0.006882098503410816,0.0,0.0,1.3176266849040985,0.0026026534469565377,0.0022331755026243627,2.4086277380759515e-14,0.001115666796977166,4.7149442683469545e-08,4.7149442683469545e-08,0.10423690732568502,4.7149442683469545e-08,0.006371341063641012,0.10594443697482347,0.10713736806064844,0.0,0.0,0.0,2.0482746213674545,0.0,0.8481345549225807,0.25,1.0774961709976196,7.217818915843964,0.5836605783551931,7.656309127807617,3.8169899582862854,0.5482940375804901,2.3792855739593506,0.09618715196847916,0.987898321201404,0.004090583068318665,0.0,0.16,hamiltonian_verlet,0.2,12,16,1.0,True,1.0,warp,1.0,2.0,0.0001,64,gaussian
no_symbol,2,0.00021618331447825767,branch_id_v3_controls,0.02,2.0,12,0.0,1.0,2.0,24,wave,0.0,0.0004377556209268126,0.0,0.00011902355511968683,0.0,0.006715013553730387,8.268364948271767e-08,0.006330711155897006,0.0,0.09381542692426592,0.06930779541532199,gabor_gaussian,12,1.0,64,1.0,0.16,1,0.0001,0.05,proxy_0.20_0.05,16,0,0,0,2.0,shell_balanced,MiNO-Plus,MiNO-Plus_wingaussian_modshell_balanced_K12_modes16_patch16_ref0.05_rlp0.16_hfc0.16_rb-5_pdo0_diss0_symord0_symparspectral_order_wfconf2_trhamiltonian_verlet_framegabor_gaussian_sparse1_sklp0.16_tsyn1_tin1_tsmwarp_tdec1x16_tdgate1_tref0,False,1,0.05,857588,16,-2.0,0.0,0.05,,0.16,synthetic,2,0.5,-5.0,0.05,run,branch_id_v3_controls_wave_variable_speed_nocaustic_proxy_0p20_0p05_no_symbol_19_hamiltonian_verlet_gabor_gaussian_True_2p0_0p16_0p16_0p16_1p0_1p0_warp_16_1p0_True_0p0_2p0_0p01_0p05_1p0_2p0_12_12,129.01207900000009,wave_variable_speed_nocaustic,19,0.16,synthetic,True,8,0.0,0.01,0.0,0.05,0.009333428810350597,0.08416289370507002,1.0,0.0,0.6042409315705299,0.0002290266020281706,0.009333428810350597,25722.05359236151,0.00794617846258916,0.0,0.0,1.356102094054222,0.004503159550949931,0.003783206455409527,2.511681472208054e-14,0.002118797754519619,1.3001822507519023e-07,1.3001822507519023e-07,0.08410908747464418,1.3001822507519023e-07,0.006315326259937137,0.08600758668035269,0.08742063120007515,0.0,0.0,0.0,1.172878459095955,0.0,0.8498883619904518,0.25,1.0774961709976196,2.104289725422859,0.6605363475779692,7.833029687404633,5.081870943307877,0.5045779347419739,2.861618310213089,0.2232409343123436,0.8776378445327282,0.0030171695398166776,0.0,0.16,hamiltonian_verlet,0.2,12,16,1.0,True,1.0,warp,1.0,2.0,0.0001,64,gaussian
full,2,0.0018000929558183998,branch_id_v3_controls,0.02,2.0,12,0.0,1.0,2.0,24,wave,0.0,0.0014718756853350594,0.0,0.0007242408931536678,0.0,0.01621347029382984,6.042030044802378e-08,0.006368816888425499,0.003421461625966534,0.05057077393090973,0.06246395409107208,gabor_gaussian,12,1.0,64,1.0,0.16,1,0.0001,0.05,proxy_0.20_0.05,16,0,0,0,2.0,shell_balanced,MiNO-Plus,MiNO-Plus_wingaussian_modshell_balanced_K12_modes16_patch16_ref0.05_rlp0.16_hfc0.16_rb-5_pdo0_diss0_symord0_symparspectral_order_wfconf2_trhamiltonian_verlet_framegabor_gaussian_sparse1_sklp0.16_tsyn1_tin1_tsmwarp_tdec1x16_tdgate1_tref0,False,1,0.05,1062644,16,-2.0,0.0,0.05,,0.16,synthetic,2,0.5,-5.0,0.05,run,branch_id_v3_controls_wave_synth_proxy_0p20_0p05_full_7_hamiltonian_verlet_gabor_gaussian_True_2p0_0p16_0p16_0p16_1p0_1p0_warp_16_1p0_True_0p0_2p0_0p01_0p05_1p0_2p0_12_12,142.07112490000054,wave_synth,7,0.16,synthetic,True,8,0.0,0.01,0.0,0.05,0.011960679665207863,0.17040791548788548,1.0,0.0,0.8034276366233826,0.0013586539789685048,0.011960679665207863,2024.811829334125,0.012067695643054321,0.0,0.0,1.400716096162796,0.0038797998859081417,0.003211226867279038,2.3273677381602286e-14,0.001729433744912967,6.680303865636006e-08,6.680303865636006e-08,0.17040854506194592,6.680303865636006e-08,0.006359867635183036,0.17520357854664326,0.1788436882197857,1.0899940555294354,1.0899940555294354,-0.009542079952855905,0.38544952869415283,0.0,0.8898277878761292,0.25,1.0774961709976196,3.9681008085608482,0.2886960819984476,9.193059980869293,6.188134998083115,0.5321904309093952,3.719167083501816,3.535571724176407,1.3398738925655682,0.010569860285613686,0.0,0.16,hamiltonian_verlet,0.2,12,16,1.0,True,1.0,warp,1.0,2.0,0.0001,64,gaussian
full,2,0.0013889249457861297,branch_id_v3_controls,0.02,2.0,12,0.0,1.0,2.0,24,wave,0.0,0.0012626114415373497,0.0,0.0006607832056033658,0.0,0.007409827929222956,1.0329213243990647e-07,0.006341836812983577,0.0025165727290049253,0.09986617082419495,0.06336410211709638,gabor_gaussian,12,1.0,64,1.0,0.16,1,0.0001,0.05,proxy_0.20_0.05,16,0,0,0,2.0,shell_balanced,MiNO-Plus,MiNO-Plus_wingaussian_modshell_balanced_K12_modes16_patch16_ref0.05_rlp0.16_hfc0.16_rb-5_pdo0_diss0_symord0_symparspectral_order_wfconf2_trhamiltonian_verlet_framegabor_gaussian_sparse1_sklp0.16_tsyn1_tin1_tsmwarp_tdec1x16_tdgate1_tref0,False,1,0.05,1062644,16,-2.0,0.0,0.05,,0.16,synthetic,2,0.5,-5.0,0.05,run,branch_id_v3_controls_wave_synth_proxy_0p20_0p05_full_11_hamiltonian_verlet_gabor_gaussian_True_2p0_0p16_0p16_0p16_1p0_1p0_warp_16_1p0_True_0p0_2p0_0p01_0p05_1p0_2p0_12_12,141.3672564999997,wave_synth,11,0.16,synthetic,True,8,0.0,0.01,0.0,0.05,0.011448198580183089,0.18872514925897121,1.0,0.0,0.8446342423558235,0.0015659000200685114,0.011448198580183089,18291.607841841877,0.015483622380997986,0.0,0.0,1.3880876004695892,0.004358015023171902,0.003652030776720494,2.2151030712981514e-14,0.001876313122920692,1.2535054072504437e-07,1.2535054072504437e-07,0.18867390975356102,1.2535054072504437e-07,0.006329296622425318,0.1928135734051466,0.1960403509438038,0.7693495315810045,0.7693495315810045,0.0006012291026612123,1.3878006041049957,0.0,0.840242326259613,0.25,1.0774961709976196,6.832262247800827,0.2811795501038432,7.400544822216034,4.345863193273544,0.5289360396564007,2.809366390109062,0.6081710010766983,1.3393749246994655,0.010962174914311618,0.0,0.16,hamiltonian_verlet,0.2,12,16,1.0,True,1.0,warp,1.0,2.0,0.0001,64,gaussian
full,2,0.0013200692847021855,branch_id_v3_controls,0.02,2.0,12,0.0,1.0,2.0,24,wave,0.0,0.001475146587229877,0.0,0.0006535622699933205,0.0,0.007005401770584285,3.3159441470420603e-07,0.006340946866354595,8.02111138649882e-05,0.09178124585499366,0.0640811927927037,gabor_gaussian,12,1.0,64,1.0,0.16,1,0.0001,0.05,proxy_0.20_0.05,16,0,0,0,2.0,shell_balanced,MiNO-Plus,MiNO-Plus_wingaussian_modshell_balanced_K12_modes16_patch16_ref0.05_rlp0.16_hfc0.16_rb-5_pdo0_diss0_symord0_symparspectral_order_wfconf2_trhamiltonian_verlet_framegabor_gaussian_sparse1_sklp0.16_tsyn1_tin1_tsmwarp_tdec1x16_tdgate1_tref0,False,1,0.05,1062644,16,-2.0,0.0,0.05,,0.16,synthetic,2,0.5,-5.0,0.05,run,branch_id_v3_controls_wave_synth_proxy_0p20_0p05_full_19_hamiltonian_verlet_gabor_gaussian_True_2p0_0p16_0p16_0p16_1p0_1p0_warp_16_1p0_True_0p0_2p0_0p01_0p05_1p0_2p0_12_12,142.7488942,wave_synth,19,0.16,synthetic,True,8,0.0,0.01,0.0,0.05,0.011531677097082138,0.17828396148979664,1.0,0.0,0.7642057985067368,0.001229769637575373,0.011531677097082138,14989.866163302213,0.02081665536388755,0.0,0.0,1.4210621118545532,0.004987593914847821,0.004264138289727271,2.1980103699390332e-14,0.001987692252441775,1.5400093023032468e-07,1.5400093023032468e-07,0.17822785302996635,1.5400093023032468e-07,0.006385038257576525,0.18246568366885185,0.1857542283833027,0.7642732101182143,0.7642732101182143,-0.008807886275462806,0.5987435951828957,0.0,0.8824138939380646,0.25,1.0774961709976196,3.000800520181656,0.23479245727260908,8.079937100410461,5.57507997751236,0.5333600975573063,2.7839014381170273,1.1287267804145813,1.3372302030523617,0.011208894196897745,0.0,0.16,hamiltonian_verlet,0.2,12,16,1.0,True,1.0,warp,1.0,2.0,0.0001,64,gaussian
full_no_flow_supervision,2,0.0018076260457746685,branch_id_v3_controls,0.02,2.0,12,0.0,1.0,0.0,24,wave,0.0,0.0014245387180077766,0.0,0.0007081328761463131,0.0,0.013857834914233536,6.787486468244157e-08,0.00635336444247514,0.0001704754202842551,0.04859102350504448,0.06246562713446716,gabor_gaussian,12,1.0,64,1.0,0.16,1,0.0001,0.05,proxy_0.20_0.05,16,0,0,0,2.0,shell_balanced,MiNO-Plus,MiNO-Plus_wingaussian_modshell_balanced_K12_modes16_patch16_ref0.05_rlp0.16_hfc0.16_rb-5_pdo0_diss0_symord0_symparspectral_order_wfconf2_trhamiltonian_verlet_framegabor_gaussian_sparse1_sklp0.16_tsyn1_tin1_tsmwarp_tdec1x16_tdgate1_tref0,False,1,0.05,1062644,16,-2.0,0.0,0.05,,0.16,synthetic,2,0.5,-5.0,0.05,run,branch_id_v3_controls_wave_synth_proxy_0p20_0p05_full_no_flow_supervision_7_hamiltonian_verlet_gabor_gaussian_True_2p0_0p16_0p16_0p16_1p0_1p0_warp_16_1p0_True_0p0_2p0_0p01_0p05_1p0_2p0_12_12,142.77798410000014,wave_synth,7,0.16,synthetic,True,8,0.0,0.01,0.0,0.05,0.01179407152812928,0.17160453461110592,1.0,0.0,0.8165155053138733,0.0013723350857617334,0.01179407152812928,2368.8171024806798,0.012125002162065357,0.0,0.0,1.4021154046058655,0.003574735950678587,0.0029496528150048107,2.497396134497668e-14,0.0016059314220910892,5.6402993831028425e-08,5.6402993831028425e-08,0.17160619050264359,5.6402993831028425e-08,0.006367636087816209,0.17663593962788582,0.1804417297244072,0.9939254932105541,0.9939254932105541,-0.013724022544920444,0.352719783782959,0.0,0.8898277878761292,0.25,1.0774961709976196,3.9681008085608482,0.33352386734137934,9.202091097831726,6.133036494255066,0.5323674641549587,3.7256048172712326,3.7038317918777466,1.3376199379563332,0.010224949393887073,0.0,0.16,hamiltonian_verlet,0.2,12,16,1.0,True,1.0,warp,1.0,2.0,0.0001,64,gaussian
full_no_flow_supervision,2,0.0013932144647696987,branch_id_v3_controls,0.02,2.0,12,0.0,1.0,0.0,24,wave,0.0,0.0012437243312888313,0.0,0.0006492824729017835,0.0,0.007391498411986201,1.0486171212834942e-07,0.0063408288891271996,4.690468008677895e-05,0.10029126734783252,0.06334515823982656,gabor_gaussian,12,1.0,64,1.0,0.16,1,0.0001,0.05,proxy_0.20_0.05,16,0,0,0,2.0,shell_balanced,MiNO-Plus,MiNO-Plus_wingaussian_modshell_balanced_K12_modes16_patch16_ref0.05_rlp0.16_hfc0.16_rb-5_pdo0_diss0_symord0_symparspectral_order_wfconf2_trhamiltonian_verlet_framegabor_gaussian_sparse1_sklp0.16_tsyn1_tin1_tsmwarp_tdec1x16_tdgate1_tref0,False,1,0.05,1062644,16,-2.0,0.0,0.05,,0.16,synthetic,2,0.5,-5.0,0.05,run,branch_id_v3_controls_wave_synth_proxy_0p20_0p05_full_no_flow_supervision_11_hamiltonian_verlet_gabor_gaussian_True_2p0_0p16_0p16_0p16_1p0_1p0_warp_16_1p0_True_0p0_2p0_0p01_0p05_1p0_2p0_12_12,142.27988920000007,wave_synth,11,0.16,synthetic,True,8,0.0,0.01,0.0,0.05,0.011424353928305209,0.18929375894367695,1.0,0.0,0.8511437848210335,0.0015638647237210535,0.011424353928305209,18146.55518975854,0.014100656728260219,0.0,0.0,1.392098993062973,0.002325583904166706,0.0019506608005031012,2.105778180510286e-14,0.0010121759041794576,3.533810161160389e-08,3.533810161160389e-08,0.18926902115345,3.533810161160389e-08,0.006414214905817062,0.19348929822444916,0.19680382125079632,0.6935180202126503,0.6935180202126503,0.011380461199829975,0.5944467484951019,0.0,0.840242326259613,0.25,1.0774961709976196,6.832262247800827,0.2486921806509296,7.422469615936279,4.335990846157074,0.5288668945431709,2.859153836965561,1.2817612290382385,1.3263911803563435,0.010833382955752313,0.0,0.16,hamiltonian_verlet,0.2,12,16,1.0,True,1.0,warp,1.0,2.0,0.0001,64,gaussian
full_no_flow_supervision,2,0.001325798970356118,branch_id_v3_controls,0.02,2.0,12,0.0,1.0,0.0,24,wave,0.0,0.0014787635858131882,0.0,0.0006570359182660468,0.0,0.007019527150987415,3.293878935162198e-07,0.006340900183810542,0.00014093805302128892,0.09106863429769874,0.0640871450304985,gabor_gaussian,12,1.0,64,1.0,0.16,1,0.0001,0.05,proxy_0.20_0.05,16,0,0,0,2.0,shell_balanced,MiNO-Plus,MiNO-Plus_wingaussian_modshell_balanced_K12_modes16_patch16_ref0.05_rlp0.16_hfc0.16_rb-5_pdo0_diss0_symord0_symparspectral_order_wfconf2_trhamiltonian_verlet_framegabor_gaussian_sparse1_sklp0.16_tsyn1_tin1_tsmwarp_tdec1x16_tdgate1_tref0,False,1,0.05,1062644,16,-2.0,0.0,0.05,,0.16,synthetic,2,0.5,-5.0,0.05,run,branch_id_v3_controls_wave_synth_proxy_0p20_0p05_full_no_flow_supervision_19_hamiltonian_verlet_gabor_gaussian_True_2p0_0p16_0p16_0p16_1p0_1p0_warp_16_1p0_True_0p0_2p0_0p01_0p05_1p0_2p0_12_12,141.32005389999995,wave_synth,19,0.16,synthetic,True,8,0.0,0.01,0.0,0.05,0.011357029317878187,0.17851116880774498,1.0,0.0,0.7652564197778702,0.001236667245393619,0.011357029317878187,19468.48209925508,0.02086298807989806,0.0,0.0,1.419064223766327,0.00380048542865552,0.003249025030527264,2.147954576756214e-14,0.0015279468134394847,8.862731171177529e-08,8.862731171177529e-08,0.17847136035561562,8.862731171177529e-08,0.006414823583327234,0.1826416403055191,0.18592090718448162,0.7669172113140424,0.7669172113140424,0.009562779916450381,0.7549091950058937,0.0,0.8824138939380646,0.25,1.0774961709976196,3.000800520181656,0.23330069364358982,8.089746177196503,5.509414479136467,0.5332849994301796,2.8119109719991684,1.0385786294937134,1.3379039640227954,0.011303269129712135,0.0,0.16,hamiltonian_verlet,0.2,12,16,1.0,True,1.0,warp,1.0,2.0,0.0001,64,gaussian
no_transport,2,0.0026166948809986934,branch_id_v3_controls,0.02,2.0,12,0.0,1.0,2.0,24,wave,0.0,0.0019979034307956076,0.0,0.0013080676787164218,0.0,0.00693374593538465,7.628249027817151e-08,0.006340217786297823,4.5004436482809496e-05,0.09395163964169721,0.06260194870022436,gabor_gaussian,12,1.0,64,1.0,0.16,1,0.0001,0.05,proxy_0.20_0.05,16,0,0,0,2.0,shell_balanced,MiNO-Plus,MiNO-Plus_wingaussian_modshell_balanced_K12_modes16_patch16_ref0.05_rlp0.16_hfc0.16_rb-5_pdo0_diss0_symord0_symparspectral_order_wfconf2_trhamiltonian_verlet_framegabor_gaussian_sparse1_sklp0.16_tsyn1_tin1_tsmwarp_tdec1x16_tdgate1_tref0,False,1,0.05,349880,16,-2.0,0.0,0.05,,0.16,synthetic,2,0.5,-5.0,0.05,run,branch_id_v3_controls_wave_synth_proxy_0p20_0p05_no_transport_7_hamiltonian_verlet_gabor_gaussian_True_2p0_0p16_0p16_0p16_1p0_1p0_warp_16_1p0_True_0p0_2p0_0p01_0p05_1p0_2p0_12_12,56.17438039999979,wave_synth,7,0.16,synthetic,True,8,0.0,0.01,0.0,0.05,0.0,0.21261694468557835,1.0,0.0,0.8578478395938873,0.002432097120617982,0.0,688.4699306199327,0.018728360068053007,0.0,0.0,1.4053625017404556,0.004519107460509986,0.003675496351206675,2.4717107709325997e-14,0.0021467943297466263,8.742543444739681e-08,8.742543444739681e-08,0.21259977109730244,8.742543444739681e-08,0.006325200782157481,0.21676421537995338,0.22010518983006477,0.8175393864512444,0.8175393864512444,0.004343055848342677,2.2310577780008316,0.0,0.8898277878761292,0.25,1.0774961709976196,3.9681008085608482,0.0,10.997751116752625,3.1087002071217285e-05,0.5741841606795788,7.206272184848785,2.538027139564747e-07,0.0,0.013391000335104764,0.0,0.16,hamiltonian_verlet,0.2,12,16,1.0,True,1.0,warp,1.0,2.0,0.0001,64,gaussian
no_transport,2,0.0028626686544157565,branch_id_v3_controls,0.02,2.0,12,0.0,1.0,2.0,24,wave,0.0,0.0021900266122732623,0.0,0.0016031053764891112,0.0,0.007499149411160033,7.378063829518074e-07,0.006340064147176842,4.710273238247205e-06,0.10105544313167532,0.0634369090354691,gabor_gaussian,12,1.0,64,1.0,0.16,1,0.0001,0.05,proxy_0.20_0.05,16,0,0,0,2.0,shell_balanced,MiNO-Plus,MiNO-Plus_wingaussian_modshell_balanced_K12_modes16_patch16_ref0.05_rlp0.16_hfc0.16_rb-5_pdo0_diss0_symord0_symparspectral_order_wfconf2_trhamiltonian_verlet_framegabor_gaussian_sparse1_sklp0.16_tsyn1_tin1_tsmwarp_tdec1x16_tdgate1_tref0,False,1,0.05,349880,16,-2.0,0.0,0.05,,0.16,synthetic,2,0.5,-5.0,0.05,run,branch_id_v3_controls_wave_synth_proxy_0p20_0p05_no_transport_11_hamiltonian_verlet_gabor_gaussian_True_2p0_0p16_0p16_0p16_1p0_1p0_warp_16_1p0_True_0p0_2p0_0p01_0p05_1p0_2p0_12_12,55.905294300000605,wave_synth,11,0.16,synthetic,True,8,0.0,0.01,0.0,0.05,0.0,0.23059317097067833,1.0,0.0,0.8916409611701965,0.002043026950559579,0.0,3924.5308138020337,0.01987689593806863,0.0,0.0,1.412167727947235,0.0107375243678689,0.009651080996263772,2.2878034644686907e-14,0.0036603689077310264,8.562597608730016e-07,8.562597608730016e-07,0.23044703528285027,8.562597608730016e-07,0.006324813643004745,0.23434119299054146,0.23749827593564987,0.7440807943542799,0.7440807943542799,0.001865479590681692,1.8570602089166641,0.0,0.840242326259613,0.25,1.0774961709976196,6.832262247800827,0.0,8.718511521816254,2.6716385150393762e-05,0.5663755908608437,5.003091484308243,3.8741179597678865e-07,0.0,0.010423153755255044,0.0,0.16,hamiltonian_verlet,0.2,12,16,1.0,True,1.0,warp,1.0,2.0,0.0001,64,gaussian
no_transport,2,0.0022601812597713433,branch_id_v3_controls,0.02,2.0,12,0.0,1.0,2.0,24,wave,0.0,0.0022172801291162614,0.0,0.00143135893267754,0.0,0.007044422036415199,7.409049825509347e-07,0.006335303924667339,1.2160671963736455e-05,0.09610784306035687,0.06414487476771076,gabor_gaussian,12,1.0,64,1.0,0.16,1,0.0001,0.05,proxy_0.20_0.05,16,0,0,0,2.0,shell_balanced,MiNO-Plus,MiNO-Plus_wingaussian_modshell_balanced_K12_modes16_patch16_ref0.05_rlp0.16_hfc0.16_rb-5_pdo0_diss0_symord0_symparspectral_order_wfconf2_trhamiltonian_verlet_framegabor_gaussian_sparse1_sklp0.16_tsyn1_tin1_tsmwarp_tdec1x16_tdgate1_tref0,False,1,0.05,349880,16,-2.0,0.0,0.05,,0.16,synthetic,2,0.5,-5.0,0.05,run,branch_id_v3_controls_wave_synth_proxy_0p20_0p05_no_transport_19_hamiltonian_verlet_gabor_gaussian_True_2p0_0p16_0p16_0p16_1p0_1p0_warp_16_1p0_True_0p0_2p0_0p01_0p05_1p0_2p0_12_12,56.69806709999921,wave_synth,19,0.16,synthetic,True,8,0.0,0.01,0.0,0.05,0.0,0.21268007718026638,1.0,0.0,0.7815021649003029,0.0017045166168827564,0.0,6651.693703431636,0.0229778935899958,0.0,0.0,1.4297640025615692,0.011640548473224044,0.00999359757406637,2.270205253846651e-14,0.004507989273406565,8.467167589287783e-07,8.467167589287783e-07,0.21255567111074924,8.467167589287783e-07,0.006320168089587241,0.2163858637213707,0.21943622455000877,0.7968164769311746,0.7968164769311746,0.002425557767007073,1.463925540447235,0.0,0.8824138939380646,0.25,1.0774961709976196,3.000800520181656,0.0,9.740743100643158,3.205388406968268e-05,0.5719614028930664,6.174831241369247,3.827894268226828e-07,0.0,0.012185159255750477,0.0,0.16,hamiltonian_verlet,0.2,12,16,1.0,True,1.0,warp,1.0,2.0,0.0001,64,gaussian
identity_transport,2,0.0026552104245638475,branch_id_v3_controls,0.02,2.0,12,0.0,1.0,2.0,24,wave,0.0,0.0020325036020949483,0.0,0.001333470267127268,0.0,0.006930728867397799,8.574141815061627e-08,0.006340280602065225,3.589723461369885e-05,0.09371813891145091,0.06260194901066522,gabor_gaussian,12,1.0,64,1.0,0.16,1,0.0001,0.05,proxy_0.20_0.05,16,0,0,0,2.0,shell_balanced,MiNO-Plus,MiNO-Plus_wingaussian_modshell_balanced_K12_modes16_patch16_ref0.05_rlp0.16_hfc0.16_rb-5_pdo0_diss0_symord0_symparspectral_order_wfconf2_trhamiltonian_verlet_framegabor_gaussian_sparse1_sklp0.16_tsyn1_tin1_tsmwarp_tdec1x16_tdgate1_tref0,False,1,0.05,1062644,16,-2.0,0.0,0.05,,0.16,synthetic,2,0.5,-5.0,0.05,run,branch_id_v3_controls_wave_synth_proxy_0p20_0p05_identity_transport_7_hamiltonian_verlet_gabor_gaussian_True_2p0_0p16_0p16_0p16_1p0_1p0_warp_16_1p0_True_0p0_2p0_0p01_0p05_1p0_2p0_12_12,142.97541360000014,wave_synth,7,0.16,synthetic,True,8,0.0,0.01,0.0,0.05,0.0,0.21494424529373646,1.0,0.0,0.8627468124032021,0.0024779410305200145,0.0,781.2259284369648,0.021634358214214444,0.0,0.0,1.405188426375389,0.00478163396473974,0.003892647073371336,2.4163651722908827e-14,0.0022722216235706583,9.779109966245869e-08,9.779109966245869e-08,0.21492576971650124,9.779109966245869e-08,0.006325256894342601,0.21907605975866318,0.22241699881851673,0.7737699548403422,0.7737699548403422,-0.00302369671408087,1.6885797381401062,0.0,0.8898277878761292,0.25,1.0774961709976196,3.9681008085608482,0.25355634434769553,11.060014128684998,3.12652100546984e-05,0.5742057114839554,7.233704626560211,3.2893841428460746e-07,1.3321843147277832,0.013469939061906189,0.0,0.16,hamiltonian_verlet,0.2,12,16,1.0,True,1.0,warp,1.0,2.0,0.0001,64,gaussian
identity_transport,2,0.0028596969495993108,branch_id_v3_controls,0.02,2.0,12,0.0,1.0,2.0,24,wave,0.0,0.002179236131875465,0.0,0.00159723040087556,0.0,0.007480821540715017,7.262055773023709e-07,0.006340242582761372,1.4424746718653495e-05,0.10097975904742877,0.06343691159660618,gabor_gaussian,12,1.0,64,1.0,0.16,1,0.0001,0.05,proxy_0.20_0.05,16,0,0,0,2.0,shell_balanced,MiNO-Plus,MiNO-Plus_wingaussian_modshell_balanced_K12_modes16_patch16_ref0.05_rlp0.16_hfc0.16_rb-5_pdo0_diss0_symord0_symparspectral_order_wfconf2_trhamiltonian_verlet_framegabor_gaussian_sparse1_sklp0.16_tsyn1_tin1_tsmwarp_tdec1x16_tdgate1_tref0,False,1,0.05,1062644,16,-2.0,0.0,0.05,,0.16,synthetic,2,0.5,-5.0,0.05,run,branch_id_v3_controls_wave_synth_proxy_0p20_0p05_identity_transport_11_hamiltonian_verlet_gabor_gaussian_True_2p0_0p16_0p16_0p16_1p0_1p0_warp_16_1p0_True_0p0_2p0_0p01_0p05_1p0_2p0_12_12,141.22363060000043,wave_synth,11,0.16,synthetic,True,8,0.0,0.01,0.0,0.05,0.0,0.2301115095615387,1.0,0.0,0.8929941207170486,0.002033810829743743,0.0,3700.037829808891,0.01987304398790002,0.0,0.0,1.4146074652671814,0.01066627970431,0.009574030409567058,2.2785764169368943e-14,0.0036533574166242033,8.417535788396435e-07,8.417535788396435e-07,0.2299682218581438,8.417535788396435e-07,0.006325118243694305,0.23387432657182217,0.23705579340457916,0.7116871817658345,0.7116871817658345,-0.0009048278443515301,1.52537901699543,0.0,0.840242326259613,0.25,1.0774961709976196,6.832262247800827,0.19460445611427227,8.6957568526268,2.6649197707229177e-05,0.5663924515247345,4.998737931251526,4.2839614522449665e-07,1.3321843147277832,0.010457337833940983,0.0,0.16,hamiltonian_verlet,0.2,12,16,1.0,True,1.0,warp,1.0,2.0,0.0001,64,gaussian
identity_transport,2,0.002246960902994033,branch_id_v3_controls,0.02,2.0,12,0.0,1.0,2.0,24,wave,0.0,0.002204104333941359,0.0,0.001420377847656103,0.0,0.007026661670048877,8.270238559167827e-07,0.006339501618640497,7.947658199780605e-06,0.09599489117196451,0.06414487476771076,gabor_gaussian,12,1.0,64,1.0,0.16,1,0.0001,0.05,proxy_0.20_0.05,16,0,0,0,2.0,shell_balanced,MiNO-Plus,MiNO-Plus_wingaussian_modshell_balanced_K12_modes16_patch16_ref0.05_rlp0.16_hfc0.16_rb-5_pdo0_diss0_symord0_symparspectral_order_wfconf2_trhamiltonian_verlet_framegabor_gaussian_sparse1_sklp0.16_tsyn1_tin1_tsmwarp_tdec1x16_tdgate1_tref0,False,1,0.05,1062644,16,-2.0,0.0,0.05,,0.16,synthetic,2,0.5,-5.0,0.05,run,branch_id_v3_controls_wave_synth_proxy_0p20_0p05_identity_transport_19_hamiltonian_verlet_gabor_gaussian_True_2p0_0p16_0p16_0p16_1p0_1p0_warp_16_1p0_True_0p0_2p0_0p01_0p05_1p0_2p0_12_12,141.60248880000017,wave_synth,19,0.16,synthetic,True,8,0.0,0.01,0.0,0.05,0.0,0.21230989508330822,1.0,0.0,0.7821742743253708,0.0016962773079285398,0.0,5175.293653661385,0.022975073603447527,0.0,0.0,1.4345643669366837,0.012298207031562924,0.010606158582959324,2.2537362651982437e-14,0.0046957810409367085,9.516067862591626e-07,9.516067862591626e-07,0.21217577531933784,9.516067862591626e-07,0.006324496760498732,0.21599668264389038,0.21904483437538147,0.7407515496015549,0.7407515496015549,-0.00039791354599098366,1.706289529800415,0.0,0.8824138939380646,0.25,1.0774961709976196,3.000800520181656,0.2216396862640977,9.66636610031128,3.181488114023523e-05,0.57200151309371,6.131723761558533,4.0606220252925596e-07,1.3321843147277832,0.012182253412902355,0.0,0.16,hamiltonian_verlet,0.2,12,16,1.0,True,1.0,warp,1.0,2.0,0.0001,64,gaussian
no_transport_no_carrier,2,0.022734936559572816,branch_id_v3_controls,0.02,2.0,12,0.0,1.0,2.0,24,wave,0.0,0.026684696689092863,0.0,0.022743270519034315,0.0,0.00579094911760573,7.72221326788743e-05,0.0063954448463240015,3.24337361216435e-05,0.09119871126798292,0.06260194970915715,gabor_gaussian,12,1.0,64,1.0,0.16,1,0.0001,0.05,proxy_0.20_0.05,16,0,0,0,2.0,shell_balanced,MiNO-Plus,MiNO-Plus_wingaussian_modshell_balanced_K12_modes16_patch16_ref0.05_rlp0.16_hfc0.16_rb-5_pdo0_diss0_symord0_symparspectral_order_wfconf2_trhamiltonian_verlet_framegabor_gaussian_sparse1_sklp0.16_tsyn1_tin1_tsmwarp_tdec1x16_tdgate1_tref0,False,1,0.05,349880,16,-2.0,0.0,0.05,,0.16,synthetic,2,0.5,-5.0,0.05,run,branch_id_v3_controls_wave_synth_proxy_0p20_0p05_no_transport_no_carrier_7_hamiltonian_verlet_gabor_gaussian_True_2p0_0p16_0p16_0p16_1p0_1p0_warp_16_1p0_True_0p0_2p0_0p01_0p05_1p0_2p0_12_12,47.871352000000115,wave_synth,7,0.16,synthetic,True,8,0.0,0.01,0.0,0.05,0.0,0.7758260518312454,1.0,0.0,1.2819249629974365,0.028846754343248904,0.0,5529.488807782531,0.22470666375011206,0.0,0.0,1.512241929769516,0.12611588183790445,0.12518789060413837,2.4292967819449667e-14,0.014706677291542292,9.984913640437298e-05,9.984913640437298e-05,0.7722059935331345,9.984913640437298e-05,0.006385550426784903,0.7756252661347389,0.7789430096745491,0.9210537398854891,0.9210537398854891,0.00440496054943651,0.4080251306295395,0.0,0.8898277878761292,0.25,1.0774961709976196,3.9681008085608482,0.0,0.0,0.0,0.20669751055538654,0.0,0.0,0.0,0.1013707579113543,0.0,0.16,hamiltonian_verlet,0.2,12,16,1.0,True,1.0,warp,1.0,2.0,0.0001,64,gaussian
no_transport_no_carrier,2,0.02836434612981975,branch_id_v3_controls,0.02,2.0,12,0.0,1.0,2.0,24,wave,0.0,0.026146230520680547,0.0,0.022089397146676976,0.0,0.006353403397952206,8.142828113477663e-05,0.0063942226697690785,0.00019223758665345056,0.09852169873192906,0.06343691245031853,gabor_gaussian,12,1.0,64,1.0,0.16,1,0.0001,0.05,proxy_0.20_0.05,16,0,0,0,2.0,shell_balanced,MiNO-Plus,MiNO-Plus_wingaussian_modshell_balanced_K12_modes16_patch16_ref0.05_rlp0.16_hfc0.16_rb-5_pdo0_diss0_symord0_symparspectral_order_wfconf2_trhamiltonian_verlet_framegabor_gaussian_sparse1_sklp0.16_tsyn1_tin1_tsmwarp_tdec1x16_tdgate1_tref0,False,1,0.05,349880,16,-2.0,0.0,0.05,,0.16,synthetic,2,0.5,-5.0,0.05,run,branch_id_v3_controls_wave_synth_proxy_0p20_0p05_no_transport_no_carrier_11_hamiltonian_verlet_gabor_gaussian_True_2p0_0p16_0p16_0p16_1p0_1p0_warp_16_1p0_True_0p0_2p0_0p01_0p05_1p0_2p0_12_12,48.5915399000005,wave_synth,11,0.16,synthetic,True,8,0.0,0.01,0.0,0.05,0.0,0.7996124476194382,1.0,0.0,1.1893451362848282,0.02053476287983358,0.0,43399.721364960074,0.2986729806289077,0.0,0.0,1.5185528546571732,0.00045551751827588305,0.0004531146369117778,3.8180488141707194e-15,4.532630100584356e-05,1.5796604163620387e-09,1.5796604163620387e-09,0.7996152862906456,1.5796604163620387e-09,0.006692850962281227,0.8018775880336761,0.8041680082678795,0.7139747055868307,0.7139747055868307,0.016173713260892935,0.2555844485759735,0.0,0.840242326259613,0.25,1.0774961709976196,6.832262247800827,0.0,0.0,0.0,0.1896727904677391,0.0,0.0,0.0,0.08591079502366483,0.0,0.16,hamiltonian_verlet,0.2,12,16,1.0,True,1.0,warp,1.0,2.0,0.0001,64,gaussian
no_transport_no_carrier,2,0.023691438138484955,branch_id_v3_controls,0.02,2.0,12,0.0,1.0,2.0,24,wave,0.0,0.02434245925784732,0.0,0.020122219822951593,0.0,0.006145262358283314,0.00011011579687192352,0.006385999731719494,4.6983950380607986e-05,0.09399552647179614,0.06414487585425377,gabor_gaussian,12,1.0,64,1.0,0.16,1,0.0001,0.05,proxy_0.20_0.05,16,0,0,0,2.0,shell_balanced,MiNO-Plus,MiNO-Plus_wingaussian_modshell_balanced_K12_modes16_patch16_ref0.05_rlp0.16_hfc0.16_rb-5_pdo0_diss0_symord0_symparspectral_order_wfconf2_trhamiltonian_verlet_framegabor_gaussian_sparse1_sklp0.16_tsyn1_tin1_tsmwarp_tdec1x16_tdgate1_tref0,False,1,0.05,349880,16,-2.0,0.0,0.05,,0.16,synthetic,2,0.5,-5.0,0.05,run,branch_id_v3_controls_wave_synth_proxy_0p20_0p05_no_transport_no_carrier_19_hamiltonian_verlet_gabor_gaussian_True_2p0_0p16_0p16_0p16_1p0_1p0_warp_16_1p0_True_0p0_2p0_0p01_0p05_1p0_2p0_12_12,48.34733950000009,wave_synth,19,0.16,synthetic,True,8,0.0,0.01,0.0,0.05,0.0,0.743334524333477,1.0,0.0,1.1317425668239594,0.021317306091077626,0.0,62640.62344571948,0.23745140433311462,0.0,0.0,1.5209658294916153,0.11951022036373615,0.11858653742820024,2.2254157397826198e-14,0.013964076759293675,0.00011572781568247592,0.00011572781568247592,0.7397907748818398,0.00011572781568247592,0.006376113917212933,0.742772713303566,0.7455685921013355,0.9492370747029781,0.9492370747029781,-0.0005320599739206955,0.29246941208839417,0.0,0.8824138939380646,0.25,1.0774961709976196,3.000800520181656,0.0,0.0,0.0,0.20348036102950573,0.0,0.0,0.0,0.09809286205563694,0.0,0.16,hamiltonian_verlet,0.2,12,16,1.0,True,1.0,warp,1.0,2.0,0.0001,64,gaussian
randomized_metadata,2,0.02239953092066571,branch_id_v3_controls,0.02,2.0,12,0.0,1.0,2.0,24,wave,0.0,0.027272928855381906,0.0,0.02637512780105074,0.0,0.006938086863859401,3.3789207450526013e-09,0.006459847247848908,4.550491842753949e-05,0.11915418117617567,0.040375706972554326,gabor_gaussian,12,1.0,64,1.0,0.16,1,0.0001,0.05,proxy_0.20_0.05,16,0,0,0,2.0,shell_balanced,MiNO-Plus,MiNO-Plus_wingaussian_modshell_balanced_K12_modes16_patch16_ref0.05_rlp0.16_hfc0.16_rb-5_pdo0_diss0_symord0_symparspectral_order_wfconf2_trhamiltonian_verlet_framegabor_gaussian_sparse1_sklp0.16_tsyn1_tin1_tsmwarp_tdec1x16_tdgate1_tref0,False,1,0.05,1062644,16,-2.0,0.0,0.05,,0.16,synthetic,2,0.5,-5.0,0.05,run,branch_id_v3_controls_wave_synth_proxy_0p20_0p05_randomized_metadata_7_hamiltonian_verlet_gabor_gaussian_True_2p0_0p16_0p16_0p16_1p0_1p0_warp_16_1p0_True_0p0_2p0_0p01_0p05_1p0_2p0_12_12,143.39454139999998,wave_synth,7,0.16,synthetic,True,8,0.0,0.01,0.0,0.05,0.46172723919153214,0.7833361253142357,1.0,0.0,1.8668962717056274,0.03004475391935557,0.46172723919153214,5546.620785862207,0.19325208105146885,0.0,0.0,1.5247815698385239,0.0007746243427391164,0.0007722762384219095,3.8862584980587565e-15,5.851221021657693e-05,3.4309713681235365e-09,3.4309713681235365e-09,0.7810010686516762,3.4309713681235365e-09,0.006610100332181901,0.7901424765586853,0.7960119247436523,0.7543094915648302,0.7543094915648302,-0.010907665671159824,0.5038137137889862,0.0,0.8898277878761292,0.25,1.0774961709976196,3.9681008085608482,0.2500436498473088,5.28557014465332,12.446780920028687,0.4228447675704956,5.87543785572052,0.9625813141465187,0.0,0.12644967762753367,0.0,0.16,hamiltonian_verlet,0.2,12,16,1.0,True,1.0,warp,1.0,2.0,0.0001,64,gaussian
randomized_metadata,2,0.028314405353739858,branch_id_v3_controls,0.02,2.0,12,0.0,1.0,2.0,24,wave,0.0,0.025563058889626216,0.0,0.024567367072449997,0.0,0.007545797712130782,1.8620173123281198e-09,0.006483605975518003,0.00041902930352459106,0.12551443612513444,0.041861115916011236,gabor_gaussian,12,1.0,64,1.0,0.16,1,0.0001,0.05,proxy_0.20_0.05,16,0,0,0,2.0,shell_balanced,MiNO-Plus,MiNO-Plus_wingaussian_modshell_balanced_K12_modes16_patch16_ref0.05_rlp0.16_hfc0.16_rb-5_pdo0_diss0_symord0_symparspectral_order_wfconf2_trhamiltonian_verlet_framegabor_gaussian_sparse1_sklp0.16_tsyn1_tin1_tsmwarp_tdec1x16_tdgate1_tref0,False,1,0.05,1062644,16,-2.0,0.0,0.05,,0.16,synthetic,2,0.5,-5.0,0.05,run,branch_id_v3_controls_wave_synth_proxy_0p20_0p05_randomized_metadata_11_hamiltonian_verlet_gabor_gaussian_True_2p0_0p16_0p16_0p16_1p0_1p0_warp_16_1p0_True_0p0_2p0_0p01_0p05_1p0_2p0_12_12,148.01859590000004,wave_synth,11,0.16,synthetic,True,8,0.0,0.01,0.0,0.05,0.4571308083832264,0.7699654027819633,1.0,0.0,2.1249239295721054,0.01916172041092068,0.4571308083832264,44081.70593827963,0.29154946096241474,0.0,0.0,1.506499007344246,0.0003733554622158408,0.00036399310920387506,1.8011873349633024e-14,6.922315060364781e-05,1.1133162343412994e-09,1.1133162343412994e-09,0.7706327810883522,1.1133162343412994e-09,0.006543915253132582,0.7764684334397316,0.7819808647036552,0.7612940557301044,0.7612940557301044,-0.0001638606966783603,0.5265356600284576,0.0,0.840242326259613,0.25,1.0774961709976196,6.832262247800827,0.21246138494461775,4.937690436840057,10.126829981803894,0.4847370758652687,6.6914079785346985,2.6012803614139557,0.0,0.12931721890345216,0.0,0.16,hamiltonian_verlet,0.2,12,16,1.0,True,1.0,warp,1.0,2.0,0.0001,64,gaussian
randomized_metadata,2,0.02304029674269259,branch_id_v3_controls,0.02,2.0,12,0.0,1.0,2.0,24,wave,0.0,0.023753522254992276,0.0,0.022808185662142932,0.0,0.007155313676776132,4.752514266385492e-09,0.006490480377882098,4.2247466957689994e-05,0.12063440525283416,0.042118212984253965,gabor_gaussian,12,1.0,64,1.0,0.16,1,0.0001,0.05,proxy_0.20_0.05,16,0,0,0,2.0,shell_balanced,MiNO-Plus,MiNO-Plus_wingaussian_modshell_balanced_K12_modes16_patch16_ref0.05_rlp0.16_hfc0.16_rb-5_pdo0_diss0_symord0_symparspectral_order_wfconf2_trhamiltonian_verlet_framegabor_gaussian_sparse1_sklp0.16_tsyn1_tin1_tsmwarp_tdec1x16_tdgate1_tref0,False,1,0.05,1062644,16,-2.0,0.0,0.05,,0.16,synthetic,2,0.5,-5.0,0.05,run,branch_id_v3_controls_wave_synth_proxy_0p20_0p05_randomized_metadata_19_hamiltonian_verlet_gabor_gaussian_True_2p0_0p16_0p16_0p16_1p0_1p0_warp_16_1p0_True_0p0_2p0_0p01_0p05_1p0_2p0_12_12,145.50602530000015,wave_synth,19,0.16,synthetic,True,8,0.0,0.01,0.0,0.05,0.4625081233680248,0.7663576677441597,1.0,0.0,1.8199647516012192,0.02390150143764913,0.4625081233680248,58144.31127747893,0.24487608205527067,0.0,0.0,1.5447383373975754,0.00079527978959959,0.0007924383244244382,4.492724109185926e-15,6.444258224291843e-05,4.331174613403377e-09,4.331174613403377e-09,0.7862031534314156,4.331174613403377e-09,0.006482375436462462,0.7724957540631294,0.7779064923524857,0.7802634512384733,0.7802634512384733,0.010877942108587982,0.5873843729496002,0.0,0.8824138939380646,0.25,1.0774961709976196,3.000800520181656,0.23793922861417136,5.053722679615021,11.091799557209015,0.4581315219402313,6.001944184303284,1.1755284070968628,0.0,0.09125078795477748,0.0,0.16,hamiltonian_verlet,0.2,12,16,1.0,True,1.0,warp,1.0,2.0,0.0001,64,gaussian
no_symbol,2,0.0018062938761431724,branch_id_v3_controls,0.02,2.0,12,0.0,1.0,2.0,24,wave,0.0,0.0013745407632086426,0.0,0.0006634936823199192,0.0,0.006858077222811214,7.251033337651869e-08,0.006339118990581483,0.0,0.09390006400644779,0.06246024455564717,gabor_gaussian,12,1.0,64,1.0,0.16,1,0.0001,0.05,proxy_0.20_0.05,16,0,0,0,2.0,shell_balanced,MiNO-Plus,MiNO-Plus_wingaussian_modshell_balanced_K12_modes16_patch16_ref0.05_rlp0.16_hfc0.16_rb-5_pdo0_diss0_symord0_symparspectral_order_wfconf2_trhamiltonian_verlet_framegabor_gaussian_sparse1_sklp0.16_tsyn1_tin1_tsmwarp_tdec1x16_tdgate1_tref0,False,1,0.05,857588,16,-2.0,0.0,0.05,,0.16,synthetic,2,0.5,-5.0,0.05,run,branch_id_v3_controls_wave_synth_proxy_0p20_0p05_no_symbol_7_hamiltonian_verlet_gabor_gaussian_True_2p0_0p16_0p16_0p16_1p0_1p0_warp_16_1p0_True_0p0_2p0_0p01_0p05_1p0_2p0_12_12,127.9168824999997,wave_synth,7,0.16,synthetic,True,8,0.0,0.01,0.0,0.05,0.010869516874663532,0.16800447553396225,1.0,0.0,0.7693462669849396,0.0013315335017978214,0.010869516874663532,1474.174958145246,0.010653281467966735,0.0,0.0,1.389333188533783,0.003682490496430546,0.003037836169824004,2.400135512801722e-14,0.0016615609492873773,5.989656304272728e-08,5.989656304272728e-08,0.16800286434590816,5.989656304272728e-08,0.006353578937705606,0.17232035472989082,0.17562474682927132,0.0,0.0,0.0,1.9007927924394608,0.0,0.8898277878761292,0.25,1.0774961709976196,3.9681008085608482,0.7024646295855442,9.186596512794495,6.130488932132721,0.5319888815283775,3.6945264637470245,0.2566169202327728,1.016649454832077,0.01139241422060877,0.0,0.16,hamiltonian_verlet,0.2,12,16,1.0,True,1.0,warp,1.0,2.0,0.0001,64,gaussian
no_symbol,2,0.0013756756816292182,branch_id_v3_controls,0.02,2.0,12,0.0,1.0,2.0,24,wave,0.0,0.001239897006598767,0.0,0.0006455849555398648,0.0,0.007467280704683314,1.0014242673994644e-07,0.006333150153902049,0.0,0.1012095312277476,0.0633637341670692,gabor_gaussian,12,1.0,64,1.0,0.16,1,0.0001,0.05,proxy_0.20_0.05,16,0,0,0,2.0,shell_balanced,MiNO-Plus,MiNO-Plus_wingaussian_modshell_balanced_K12_modes16_patch16_ref0.05_rlp0.16_hfc0.16_rb-5_pdo0_diss0_symord0_symparspectral_order_wfconf2_trhamiltonian_verlet_framegabor_gaussian_sparse1_sklp0.16_tsyn1_tin1_tsmwarp_tdec1x16_tdgate1_tref0,False,1,0.05,857588,16,-2.0,0.0,0.05,,0.16,synthetic,2,0.5,-5.0,0.05,run,branch_id_v3_controls_wave_synth_proxy_0p20_0p05_no_symbol_11_hamiltonian_verlet_gabor_gaussian_True_2p0_0p16_0p16_0p16_1p0_1p0_warp_16_1p0_True_0p0_2p0_0p01_0p05_1p0_2p0_12_12,129.26176729999952,wave_synth,11,0.16,synthetic,True,8,0.0,0.01,0.0,0.05,0.010927305091172457,0.1890840958803892,1.0,0.0,0.8372836112976074,0.0015640462952433154,0.010927305091172457,18061.302588172257,0.014087573974393308,0.0,0.0,1.3817225843667984,0.00225987120938953,0.0018999371386598796,1.9964688327770027e-14,0.000985381455393508,3.3139424704398124e-08,3.3139424704398124e-08,0.18906070850789547,3.3139424704398124e-08,0.006409446126781404,0.19312252290546894,0.196274908259511,0.0,0.0,0.0,2.2631763368844986,0.0,0.840242326259613,0.25,1.0774961709976196,6.832262247800827,0.582579905167222,7.42035984992981,4.323995441198349,0.5283326543867588,2.8810377568006516,0.17602501064538956,0.958781685680151,0.01115228293929249,0.0,0.16,hamiltonian_verlet,0.2,12,16,1.0,True,1.0,warp,1.0,2.0,0.0001,64,gaussian
no_symbol,2,0.0012919558212161064,branch_id_v3_controls,0.02,2.0,12,0.0,1.0,2.0,24,wave,0.0,0.0014686766153317876,0.0,0.0006349947564861699,0.0,0.00707192153276992,3.392966608783965e-07,0.006335287762340158,0.0,0.0960023890947923,0.06412295228801668,gabor_gaussian,12,1.0,64,1.0,0.16,1,0.0001,0.05,proxy_0.20_0.05,16,0,0,0,2.0,shell_balanced,MiNO-Plus,MiNO-Plus_wingaussian_modshell_balanced_K12_modes16_patch16_ref0.05_rlp0.16_hfc0.16_rb-5_pdo0_diss0_symord0_symparspectral_order_wfconf2_trhamiltonian_verlet_framegabor_gaussian_sparse1_sklp0.16_tsyn1_tin1_tsmwarp_tdec1x16_tdgate1_tref0,False,1,0.05,857588,16,-2.0,0.0,0.05,,0.16,synthetic,2,0.5,-5.0,0.05,run,branch_id_v3_controls_wave_synth_proxy_0p20_0p05_no_symbol_19_hamiltonian_verlet_gabor_gaussian_True_2p0_0p16_0p16_0p16_1p0_1p0_warp_16_1p0_True_0p0_2p0_0p01_0p05_1p0_2p0_12_12,129.3307503999995,wave_synth,19,0.16,synthetic,True,8,0.0,0.01,0.0,0.05,0.011294710217043757,0.17770750634372234,1.0,0.0,0.7563159689307213,0.0012213052905281074,0.011294710217043757,13660.299711436033,0.020745709887705743,0.0,0.0,1.4164161384105682,0.00813795201247558,0.007021103549050167,2.310221631373786e-14,0.003145085138385184,4.1805698813845993e-07,4.1805698813845993e-07,0.17762282863259315,4.1805698813845993e-07,0.006320179090835154,0.18174528144299984,0.18492146581411362,0.0,0.0,0.0,2.0735216289758682,0.0,0.8824138939380646,0.25,1.0774961709976196,3.000800520181656,0.645641972621282,8.040360033512115,5.547327786684036,0.5331813357770443,2.832441136240959,0.19270536676049232,0.8160629036525885,0.011649900174234062,0.0,0.16,hamiltonian_verlet,0.2,12,16,1.0,True,1.0,warp,1.0,2.0,0.0001,64,gaussian
