collection_timestamp,track,source_dir,source_file,run_id,scenario,family,regime,source_kind,model,model_variant,seed,epochs,batch_size,hardware_profile,loss_config,ablation,rollout_steps,test_relative_l2,mean_relative_l2,final_relative_l2,test_loss,best_val_loss,test_phase_error,test_packet_consistency,transport_budget,symbol_budget,residual_budget,final_train_transport_proxy,final_train_symbol_proxy,spectral_energy_error,enstrophy_error,high_frequency_energy_drift,runtime_seconds,parameters,height,width,reference_source,learning_rate,weight_decay,grad_clip_norm,transport_proxy_weight,symbol_proxy_weight,proxy_temperature,in_channels,out_channels,test_topk_capture,campaign,core_field_weight,dissipative_symbol_scale,dissipative_time_step,final_train_core_field_loss,final_train_residual_energy,final_train_route_l1,local_refine_scale,max_modes,max_test_samples,max_train_samples,max_val_samples,mode_strategy,oom_fallback,patch_size,pdo_symbol_order,pdo_symbol_scale,requested_batch_size,residual_energy_weight,route_bias_init,route_l1_weight,row_type,stride,test_core_relative_l2,test_dissipative_multiplier_mean,test_dissipative_symbol_norm,test_pdo_identity_norm,test_refine_correction_norm,test_refine_relative_energy,test_route_mean,transport_stencil,window_type,device,loss,packet_amplitude_error,packet_energy_cascade_error,packet_residual_energy,packet_trajectory_consistency,rollout_stability
2026-05-03T08:43:57,one_step_benchmark,generated/benchmark_default_highk_smoke,generated/benchmark_default_highk_smoke/benchmark_results.csv,helmholtz_highk_positive_MiNO-Plus_7,helmholtz_highk_positive,helmholtz_highk,positive,tcno_cache,MiNO-Plus,MiNO-Plus,7,2,2,,,,,0.583506907025973,,,0.34214748193820316,0.34147102758288383,1.541137009859085,0.44817569603522617,,,,,,,,,50.60604620000231,804266,192,192,,0.0001,0.0001,1.0,0.0,0.0,0.05,3,1,,,,,,,,,,,,,,,,,,,,,,,,,,,,,,,,,,,,,,,,
2026-05-03T08:43:57,one_step_benchmark,generated/benchmark_focus_e8,generated/benchmark_focus_e8/benchmark_results.csv,wave_synth_MiNO_7,wave_synth,,,,MiNO,,7,8,2,,,,,0.6029719859361649,,,0.01734228595159948,0.01617478730622679,1.431813895702362,1226.668195206672,,,,,,,,,23.348791399999755,424948,64,64,,0.0001,0.0001,1.0,,,,1,1,,,,,,,,,,,,,,,,,,,,,,,,,,,,,,,,,,,,,,,,
2026-05-03T08:43:57,one_step_benchmark,generated/benchmark_focus_e8,generated/benchmark_focus_e8/benchmark_results.csv,wave_synth_FNOStyle_7,wave_synth,,,,FNOStyle,,7,8,2,,,,,0.1527570653706789,,,0.0011098476679762825,0.0009650815554778092,1.417463093996048,709.0313459886238,,,,,,,,,3.6400847000040812,175297,64,64,,0.0001,0.0001,1.0,,,,1,1,,,,,,,,,,,,,,,,,,,,,,,,,,,,,,,,,,,,,,,,
2026-05-03T08:43:57,one_step_benchmark,generated/benchmark_focus_e8,generated/benchmark_focus_e8/benchmark_results.csv,helmholtz_dirichlet_control_MiNO_7,helmholtz_dirichlet_control,,,,MiNO,,7,8,2,,,,,0.16255523264408112,,,0.02654276881366968,0.03001545835286379,1.5213812291622162,0.07829367369413376,,,,,,,,,37.280104999998,425206,192,192,,0.0001,0.0001,1.0,,,,3,1,,,,,,,,,,,,,,,,,,,,,,,,,,,,,,,,,,,,,,,,
2026-05-03T08:43:57,one_step_benchmark,generated/benchmark_focus_e8,generated/benchmark_focus_e8/benchmark_results.csv,helmholtz_dirichlet_control_FNOStyle_7,helmholtz_dirichlet_control,,,,FNOStyle,,7,8,2,,,,,0.07764582335948944,,,0.006264555035158992,0.006930597475729883,1.3947890996932983,0.03100545797497034,,,,,,,,,1.5341084999963641,175361,192,192,,0.0001,0.0001,1.0,,,,3,1,,,,,,,,,,,,,,,,,,,,,,,,,,,,,,,,,,,,,,,,
2026-05-03T08:43:57,one_step_benchmark,generated/benchmark_focus_e8,generated/benchmark_focus_e8/benchmark_results.csv,helmholtz_dirichlet_positive_MiNO_7,helmholtz_dirichlet_positive,,,,MiNO,,7,8,2,,,,,0.37295442074537277,,,0.14472480490803719,0.21127987653017044,1.5248576998710632,0.3056638538837433,,,,,,,,,38.08198080000875,425206,192,192,,0.0001,0.0001,1.0,,,,3,1,,,,,,,,,,,,,,,,,,,,,,,,,,,,,,,,,,,,,,,,
2026-05-03T08:43:57,one_step_benchmark,generated/benchmark_focus_e8,generated/benchmark_focus_e8/benchmark_results.csv,helmholtz_dirichlet_positive_FNOStyle_7,helmholtz_dirichlet_positive,,,,FNOStyle,,7,8,2,,,,,0.1867283098399639,,,0.03511935379356146,0.040137605741620064,1.4575539827346802,0.20810294151306152,,,,,,,,,1.5041151000041282,175361,192,192,,0.0001,0.0001,1.0,,,,3,1,,,,,,,,,,,,,,,,,,,,,,,,,,,,,,,,,,,,,,,,
2026-05-03T08:43:57,one_step_benchmark,generated/benchmark_focus_e8,generated/benchmark_focus_e8/benchmark_results.csv,diffusion_neumann_control_MiNO_7,diffusion_neumann_control,,,,MiNO,,7,8,2,,,,,0.00451199256349355,,,2.190184583620673e-05,2.0774370871852927e-05,1.5795390009880066,0.002464945719111711,,,,,,,,,58.34786449999956,425206,192,192,,0.0001,0.0001,1.0,,,,3,1,,,,,,,,,,,,,,,,,,,,,,,,,,,,,,,,,,,,,,,,
2026-05-03T08:43:57,one_step_benchmark,generated/benchmark_focus_e8,generated/benchmark_focus_e8/benchmark_results.csv,diffusion_neumann_control_FNOStyle_7,diffusion_neumann_control,,,,FNOStyle,,7,8,2,,,,,0.05904503477116426,,,0.0034970355918630958,0.0035982190941770873,1.5029703974723816,0.015771068787823122,,,,,,,,,2.282461200011312,175361,192,192,,0.0001,0.0001,1.0,,,,3,1,,,,,,,,,,,,,,,,,,,,,,,,,,,,,,,,,,,,,,,,
2026-05-03T08:43:57,one_step_benchmark,generated/benchmark_focus_e8,generated/benchmark_focus_e8/benchmark_results.csv,diffusion_neumann_positive_MiNO_7,diffusion_neumann_positive,,,,MiNO,,7,8,2,,,,,0.006205486211304863,,,3.9539224720404796e-05,3.844099228444975e-05,1.5906935532887776,0.0028869601665064692,,,,,,,,,58.109555400005775,425206,192,192,,0.0001,0.0001,1.0,,,,3,1,,,,,,,,,,,,,,,,,,,,,,,,,,,,,,,,,,,,,,,,
2026-05-03T08:43:57,one_step_benchmark,generated/benchmark_focus_e8,generated/benchmark_focus_e8/benchmark_results.csv,diffusion_neumann_positive_FNOStyle_7,diffusion_neumann_positive,,,,FNOStyle,,7,8,2,,,,,0.059099333360791206,,,0.003503455275980135,0.0036058491872002683,1.511829137802124,0.01580677383268873,,,,,,,,,2.3233130000007804,175361,192,192,,0.0001,0.0001,1.0,,,,3,1,,,,,,,,,,,,,,,,,,,,,,,,,,,,,,,,,,,,,,,,
2026-05-03T08:43:57,one_step_benchmark,generated/benchmark_mino_tune_lf0,generated/benchmark_mino_tune_lf0/benchmark_results.csv,wave_synth_MiNO_7,wave_synth,,,,MiNO,MiNO_w64_d4_ps16_st8_m12_winhann_lf0p0,7,8,2,,,,,0.6035861298441887,,,0.017370010900776833,0.016200861427932978,1.4318748712539673,1225.7112961206585,,,,,,,,,44.154014899992035,424948,64,64,,0.0001,0.0001,1.0,,,,1,1,,,,,,,,,,,,,,,,,,,,,,,,,,,,,,,,,,,,,,,,
2026-05-03T08:43:57,one_step_benchmark,generated/benchmark_mino_tune_lf0,generated/benchmark_mino_tune_lf0/benchmark_results.csv,helmholtz_dirichlet_control_MiNO_7,helmholtz_dirichlet_control,,,,MiNO,MiNO_w64_d4_ps16_st8_m12_winhann_lf0p0,7,8,2,,,,,0.16255510225892067,,,0.026542728766798973,0.030015400145202875,1.5213803052902222,0.07829372957348824,,,,,,,,,33.778453799997806,425206,192,192,,0.0001,0.0001,1.0,,,,3,1,,,,,,,,,,,,,,,,,,,,,,,,,,,,,,,,,,,,,,,,
2026-05-03T08:43:57,one_step_benchmark,generated/benchmark_mino_tune_lf0,generated/benchmark_mino_tune_lf0/benchmark_results.csv,helmholtz_dirichlet_positive_MiNO_7,helmholtz_dirichlet_positive,,,,MiNO,MiNO_w64_d4_ps16_st8_m12_winhann_lf0p0,7,8,2,,,,,0.3729540780186653,,,0.14472495391964912,0.21128074824810028,1.5248579680919647,0.3056628033518791,,,,,,,,,33.399482900000294,425206,192,192,,0.0001,0.0001,1.0,,,,3,1,,,,,,,,,,,,,,,,,,,,,,,,,,,,,,,,,,,,,,,,
2026-05-03T08:43:57,one_step_benchmark,generated/benchmark_mino_tune_patch24,generated/benchmark_mino_tune_patch24/benchmark_results.csv,wave_synth_MiNO_7,wave_synth,,,,MiNO,MiNO_w64_d4_ps24_st12_m24,7,8,2,,,,,0.6031774617731571,,,0.017354436015011743,0.01618841744493693,1.4364561140537262,422.7615294903517,,,,,,,,,24.049891500006197,424948,64,64,,0.0001,0.0001,1.0,,,,1,1,,,,,,,,,,,,,,,,,,,,,,,,,,,,,,,,,,,,,,,,
2026-05-03T08:43:57,one_step_benchmark,generated/benchmark_mino_tune_patch24,generated/benchmark_mino_tune_patch24/benchmark_results.csv,helmholtz_dirichlet_control_MiNO_7,helmholtz_dirichlet_control,,,,MiNO,MiNO_w64_d4_ps24_st12_m24,7,8,2,,,,,0.1953488625586033,,,0.03864152915775776,0.044011822901666164,1.545064389705658,0.10841714963316917,,,,,,,,,107.14319989999058,425206,192,192,,0.0001,0.0001,1.0,,,,3,1,,,,,,,,,,,,,,,,,,,,,,,,,,,,,,,,,,,,,,,,
2026-05-03T08:43:57,one_step_benchmark,generated/benchmark_mino_tune_patch24,generated/benchmark_mino_tune_patch24/benchmark_results.csv,helmholtz_dirichlet_positive_MiNO_7,helmholtz_dirichlet_positive,,,,MiNO,MiNO_w64_d4_ps24_st12_m24,7,8,2,,,,,0.4867504686117172,,,0.23801329731941223,0.2590230368077755,1.5124483108520508,0.4068964347243309,,,,,,,,,103.22962440000265,425206,192,192,,0.0001,0.0001,1.0,,,,3,1,,,,,,,,,,,,,,,,,,,,,,,,,,,,,,,,,,,,,,,,
2026-05-03T08:43:57,one_step_benchmark,generated/benchmark_smoke,generated/benchmark_smoke/benchmark_results.csv,darcy_synth_MiNO_7,darcy_synth,,,,MiNO,,7,2,2,,,,,0.9987415224313736,,,52.22808504104614,52.09852838516235,1.5663918554782867,0.9260646551847458,,,,,,,,,6.478038699991885,424948,64,64,,0.0001,0.0001,1.0,,,,1,1,,,,,,,,,,,,,,,,,,,,,,,,,,,,,,,,,,,,,,,,
2026-05-03T08:43:57,one_step_benchmark,generated/benchmark_smoke,generated/benchmark_smoke/benchmark_results.csv,darcy_synth_FNOStyle_7,darcy_synth,,,,FNOStyle,,7,2,2,,,,,1.0004138052463531,,,52.397000789642334,51.67042112350464,1.5747028440237045,0.99143997579813,,,,,,,,,0.9680611999938264,175297,64,64,,0.0001,0.0001,1.0,,,,1,1,,,,,,,,,,,,,,,,,,,,,,,,,,,,,,,,,,,,,,,,
2026-05-03T08:43:57,one_step_benchmark,generated/benchmark_smoke,generated/benchmark_smoke/benchmark_results.csv,darcy_synth_LocalKernel_7,darcy_synth,,,,LocalKernel,,7,2,2,,,,,1.000119462609291,,,52.36684274673462,51.677841663360596,1.571774736046791,0.9975686445832253,,,,,,,,,0.45814200000313576,9857,64,64,,0.0001,0.0001,1.0,,,,1,1,,,,,,,,,,,,,,,,,,,,,,,,,,,,,,,,,,,,,,,,
2026-05-03T08:43:57,one_step_benchmark,generated/benchmark_smoke,generated/benchmark_smoke/benchmark_results.csv,navier_stokes_synth_MiNO_7,navier_stokes_synth,,,,MiNO,,7,2,2,,,,,1.2791306972503662,,,0.16356545127928257,0.16747120395302773,1.5457234233617783,0.17924670595675707,,,,,,,,,5.536555300001055,424948,64,64,,0.0001,0.0001,1.0,,,,1,1,,,,,,,,,,,,,,,,,,,,,,,,,,,,,,,,,,,,,,,,
2026-05-03T08:43:57,one_step_benchmark,generated/benchmark_smoke,generated/benchmark_smoke/benchmark_results.csv,navier_stokes_synth_FNOStyle_7,navier_stokes_synth,,,,FNOStyle,,7,2,2,,,,,0.8628102168440819,,,0.07398444600403309,0.07259325962513685,1.451986774802208,0.5243314206600189,,,,,,,,,0.879986399988411,175297,64,64,,0.0001,0.0001,1.0,,,,1,1,,,,,,,,,,,,,,,,,,,,,,,,,,,,,,,,,,,,,,,,
2026-05-03T08:43:57,one_step_benchmark,generated/benchmark_smoke,generated/benchmark_smoke/benchmark_results.csv,navier_stokes_synth_LocalKernel_7,navier_stokes_synth,,,,LocalKernel,,7,2,2,,,,,0.8766645416617393,,,0.07617184054106474,0.07610346470028162,1.4720908254384995,0.6100555285811424,,,,,,,,,0.446938199995202,9857,64,64,,0.0001,0.0001,1.0,,,,1,1,,,,,,,,,,,,,,,,,,,,,,,,,,,,,,,,,,,,,,,,
2026-05-03T08:43:57,one_step_benchmark,generated/benchmark_smoke,generated/benchmark_smoke/benchmark_results.csv,wave_synth_MiNO_7,wave_synth,,,,MiNO,,7,2,2,,,,,0.6173311769962311,,,0.01815457595512271,0.016886104072909802,1.431720182299614,170.54732748121023,,,,,,,,,5.580106199995498,424948,64,64,,0.0001,0.0001,1.0,,,,1,1,,,,,,,,,,,,,,,,,,,,,,,,,,,,,,,,,,,,,,,,
2026-05-03T08:43:57,one_step_benchmark,generated/benchmark_smoke,generated/benchmark_smoke/benchmark_results.csv,wave_synth_FNOStyle_7,wave_synth,,,,FNOStyle,,7,2,2,,,,,0.23934043012559414,,,0.0027477428811835125,0.002412053640000522,1.41903418302536,2508.842770129442,,,,,,,,,0.8997042999981204,175297,64,64,,0.0001,0.0001,1.0,,,,1,1,,,,,,,,,,,,,,,,,,,,,,,,,,,,,,,,,,,,,,,,
2026-05-03T08:43:57,one_step_benchmark,generated/benchmark_smoke,generated/benchmark_smoke/benchmark_results.csv,wave_synth_LocalKernel_7,wave_synth,,,,LocalKernel,,7,2,2,,,,,0.48941774293780327,,,0.011221812921576202,0.010481400764547288,1.4347233772277832,3059.1643799990416,,,,,,,,,0.44126690000121016,9857,64,64,,0.0001,0.0001,1.0,,,,1,1,,,,,,,,,,,,,,,,,,,,,,,,,,,,,,,,,,,,,,,,
2026-05-03T08:43:57,one_step_benchmark,generated/benchmark_smoke,generated/benchmark_smoke/benchmark_results.csv,helmholtz_dirichlet_control_MiNO_7,helmholtz_dirichlet_control,,,,MiNO,,7,2,2,,,,,0.21537866815924644,,,0.046687545254826546,0.05328257754445076,1.5494551062583923,0.14583101496100426,,,,,,,,,9.05023799999617,425206,192,192,,0.0001,0.0001,1.0,,,,3,1,,,,,,,,,,,,,,,,,,,,,,,,,,,,,,,,,,,,,,,,
2026-05-03T08:43:57,one_step_benchmark,generated/benchmark_smoke,generated/benchmark_smoke/benchmark_results.csv,helmholtz_dirichlet_control_FNOStyle_7,helmholtz_dirichlet_control,,,,FNOStyle,,7,2,2,,,,,0.20075111836194992,,,0.04048177320510149,0.04569929279386997,1.3963124752044678,0.1405198909342289,,,,,,,,,0.3838224000064656,175361,192,192,,0.0001,0.0001,1.0,,,,3,1,,,,,,,,,,,,,,,,,,,,,,,,,,,,,,,,,,,,,,,,
2026-05-03T08:43:57,one_step_benchmark,generated/benchmark_smoke,generated/benchmark_smoke/benchmark_results.csv,helmholtz_dirichlet_control_LocalKernel_7,helmholtz_dirichlet_control,,,,LocalKernel,,7,2,2,,,,,0.7683190703392029,,,0.5904311984777451,0.5919534713029861,1.4910660684108734,0.7366956174373627,,,,,,,,,0.2083855999953812,10433,192,192,,0.0001,0.0001,1.0,,,,3,1,,,,,,,,,,,,,,,,,,,,,,,,,,,,,,,,,,,,,,,,
2026-05-03T08:43:57,one_step_benchmark,generated/benchmark_smoke,generated/benchmark_smoke/benchmark_results.csv,diffusion_neumann_control_MiNO_7,diffusion_neumann_control,,,,MiNO,,7,2,2,,,,,0.0047211313697819906,,,2.3991187087328097e-05,2.283235395831677e-05,1.5863872170448303,0.0026801325536022582,,,,,,,,,14.45204790000571,425206,192,192,,0.0001,0.0001,1.0,,,,3,1,,,,,,,,,,,,,,,,,,,,,,,,,,,,,,,,,,,,,,,,
2026-05-03T08:43:57,one_step_benchmark,generated/benchmark_smoke,generated/benchmark_smoke/benchmark_results.csv,diffusion_neumann_control_FNOStyle_7,diffusion_neumann_control,,,,FNOStyle,,7,2,2,,,,,0.08286771674950917,,,0.006877800139288108,0.007128215782965223,1.469283938407898,0.04745147377252579,,,,,,,,,0.6622272000095109,175361,192,192,,0.0001,0.0001,1.0,,,,3,1,,,,,,,,,,,,,,,,,,,,,,,,,,,,,,,,,,,,,,,,
2026-05-03T08:43:57,one_step_benchmark,generated/benchmark_smoke,generated/benchmark_smoke/benchmark_results.csv,diffusion_neumann_control_LocalKernel_7,diffusion_neumann_control,,,,LocalKernel,,7,2,2,,,,,0.4021451522906621,,,0.16177114099264145,0.15902327497800192,1.5259815454483032,0.3406899372736613,,,,,,,,,0.35461639999994077,10433,192,192,,0.0001,0.0001,1.0,,,,3,1,,,,,,,,,,,,,,,,,,,,,,,,,,,,,,,,,,,,,,,,
2026-05-03T08:43:57,one_step_benchmark,generated/benchmark_stage0_smoke,generated/benchmark_stage0_smoke/benchmark_results.csv,wave_synth_MiNO-Core_7,wave_synth,wave,synthetic,synthetic,MiNO-Core,MiNO-Core,7,2,2,,,,,0.6173375174403191,,,0.01815511065069586,0.016886508907191455,1.431068241596222,129.55369420908391,,,,,,,,,5.216929100000016,424948,64,64,,0.0001,0.0001,1.0,,,,1,1,,,,,,,,,,,,,,,,,,,,,,,,,,,,,,,,,,,,,,,,
2026-05-03T08:43:57,one_step_benchmark,generated/benchmark_stage0_smoke,generated/benchmark_stage0_smoke/benchmark_results.csv,wave_synth_MiNO-Plus_7,wave_synth,wave,synthetic,synthetic,MiNO-Plus,MiNO-Plus,7,2,2,,,,,0.4917898625135422,,,0.011654579924652353,0.01074825384421274,1.4281612187623978,879.2161096315831,,,,,,,,,6.064251400000103,804008,64,64,,0.0001,0.0001,1.0,,,,1,1,,,,,,,,,,,,,,,,,,,,,,,,,,,,,,,,,,,,,,,,
2026-05-03T08:43:57,one_step_benchmark,generated/benchmark_stage0_smoke,generated/benchmark_stage0_smoke/benchmark_results.csv,wave_synth_FNO_7,wave_synth,wave,synthetic,synthetic,FNO,FNO,7,2,2,,,,,0.9786894619464874,,,0.04514374700374901,0.04175707069225609,1.4486417919397354,5408.073299407959,,,,,,,,,0.9590097000000242,446759,64,64,,0.0001,0.0001,1.0,,,,1,1,,,,,,,,,,,,,,,,,,,,,,,,,,,,,,,,,,,,,,,,
2026-05-03T08:43:57,one_step_benchmark,generated/benchmark_stage0_smoke,generated/benchmark_stage0_smoke/benchmark_results.csv,wave_synth_UNO_7,wave_synth,wave,synthetic,synthetic,UNO,UNO,7,2,2,,,,,0.9588131904602051,,,0.04328026995062828,0.040121382335200906,1.4801079630851746,8422.801145628095,,,,,,,,,1.995354000000134,1195431,64,64,,0.0001,0.0001,1.0,,,,1,1,,,,,,,,,,,,,,,,,,,,,,,,,,,,,,,,,,,,,,,,
2026-05-03T08:43:57,one_step_benchmark,generated/benchmark_stage0_smoke,generated/benchmark_stage0_smoke/benchmark_results.csv,helmholtz_dirichlet_control_MiNO-Core_7,helmholtz_dirichlet_control,helmholtz_dirichlet,control,tcno_cache,MiNO-Core,MiNO-Core,7,2,2,,,,,0.1645909585058689,,,0.027837914569924276,0.0312673794105649,1.5597545504570007,0.089461924508214,,,,,,,,,29.03949760000023,425206,192,192,,0.0001,0.0001,1.0,,,,3,1,,,,,,,,,,,,,,,,,,,,,,,,,,,,,,,,,,,,,,,,
2026-05-03T08:43:57,one_step_benchmark,generated/benchmark_stage0_smoke,generated/benchmark_stage0_smoke/benchmark_results.csv,helmholtz_dirichlet_control_MiNO-Plus_7,helmholtz_dirichlet_control,helmholtz_dirichlet,control,tcno_cache,MiNO-Plus,MiNO-Plus,7,2,2,,,,,0.15180225111544132,,,0.023680573639770348,0.02704056662817796,1.503594885269801,0.05930170634140571,,,,,,,,,44.10868040000014,804266,192,192,,0.0001,0.0001,1.0,,,,3,1,,,,,,,,,,,,,,,,,,,,,,,,,,,,,,,,,,,,,,,,
2026-05-03T08:43:57,one_step_benchmark,generated/benchmark_stage0_smoke,generated/benchmark_stage0_smoke/benchmark_results.csv,helmholtz_dirichlet_control_FNO_7,helmholtz_dirichlet_control,helmholtz_dirichlet,control,tcno_cache,FNO,FNO,7,2,2,,,,,0.95084115366141,,,0.9040994594494501,0.9040108571449915,1.4067543546358745,0.9513316601514816,,,,,,,,,1.0583366000000751,446753,192,192,,0.0001,0.0001,1.0,,,,3,1,,,,,,,,,,,,,,,,,,,,,,,,,,,,,,,,,,,,,,,,
2026-05-03T08:43:57,one_step_benchmark,generated/benchmark_stage0_smoke,generated/benchmark_stage0_smoke/benchmark_results.csv,helmholtz_dirichlet_control_UNO_7,helmholtz_dirichlet_control,helmholtz_dirichlet,control,tcno_cache,UNO,UNO,7,2,2,,,,,0.22815673922499022,,,0.053084129157165684,0.05622301840533813,1.539398084084193,0.07286130078136921,,,,,,,,,2.1131303000001935,1195425,192,192,,0.0001,0.0001,1.0,,,,3,1,,,,,,,,,,,,,,,,,,,,,,,,,,,,,,,,,,,,,,,,
2026-05-03T08:43:57,one_step_benchmark,generated/benchmark_stage0_smoke,generated/benchmark_stage0_smoke/benchmark_results.csv,diffusion_neumann_control_MiNO-Core_7,diffusion_neumann_control,diffusion_neumann,control,tcno_cache,MiNO-Core,MiNO-Core,7,2,2,,,,,0.004816082422621548,,,2.473660636799953e-05,2.646774661722399e-05,1.5464296539624531,0.002891293251498913,,,,,,,,,28.90943490000018,425206,192,192,,0.0001,0.0001,1.0,,,,3,1,,,,,,,,,,,,,,,,,,,,,,,,,,,,,,,,,,,,,,,,
2026-05-03T08:43:57,one_step_benchmark,generated/benchmark_stage0_smoke,generated/benchmark_stage0_smoke/benchmark_results.csv,diffusion_neumann_control_MiNO-Plus_7,diffusion_neumann_control,diffusion_neumann,control,tcno_cache,MiNO-Plus,MiNO-Plus,7,2,2,,,,,0.004761474362264077,,,2.4835914473442244e-05,2.753175097799006e-05,1.6706509788831074,0.0028725706700546048,,,,,,,,,44.06270220000033,804266,192,192,,0.0001,0.0001,1.0,,,,3,1,,,,,,,,,,,,,,,,,,,,,,,,,,,,,,,,,,,,,,,,
2026-05-03T08:43:57,one_step_benchmark,generated/benchmark_stage0_smoke,generated/benchmark_stage0_smoke/benchmark_results.csv,diffusion_neumann_control_FNO_7,diffusion_neumann_control,diffusion_neumann,control,tcno_cache,FNO,FNO,7,2,2,,,,,0.9056343187888464,,,0.8201853980620702,0.8202105412880579,1.5721644163131714,0.8944485237201055,,,,,,,,,1.0202633999997488,446753,192,192,,0.0001,0.0001,1.0,,,,3,1,,,,,,,,,,,,,,,,,,,,,,,,,,,,,,,,,,,,,,,,
2026-05-03T08:43:57,one_step_benchmark,generated/benchmark_stage0_smoke,generated/benchmark_stage0_smoke/benchmark_results.csv,diffusion_neumann_control_UNO_7,diffusion_neumann_control,diffusion_neumann,control,tcno_cache,UNO,UNO,7,2,2,,,,,0.18365065505107245,,,0.033803358829269804,0.03337418039639791,1.4271949132283528,0.094545712073644,,,,,,,,,1.963535999999749,1195425,192,192,,0.0001,0.0001,1.0,,,,3,1,,,,,,,,,,,,,,,,,,,,,,,,,,,,,,,,,,,,,,,,
2026-05-03T08:43:57,one_step_benchmark,generated/benchmark_stage0_smoke_v2,generated/benchmark_stage0_smoke_v2/benchmark_results.csv,diffusion_neumann_control_FNO_7,diffusion_neumann_control,diffusion_neumann,control,tcno_cache,FNO,FNO,7,2,2,,,,,0.9056343187888464,,,0.8201854030291239,0.8202105462551117,1.5721833606561024,0.894448533654213,,,,,,,,,1.3940583999997216,446753,192,192,,0.0001,0.0001,1.0,,,,3,1,,,,,,,,,,,,,,,,,,,,,,,,,,,,,,,,,,,,,,,,
2026-05-03T08:43:57,one_step_benchmark,generated/benchmark_stage0_smoke_v2,generated/benchmark_stage0_smoke_v2/benchmark_results.csv,diffusion_neumann_control_MiNO-Core_7,diffusion_neumann_control,diffusion_neumann,control,tcno_cache,MiNO-Core,MiNO-Core,7,2,2,,,,,0.004816082403218995,,,2.473660530692238e-05,2.6467745556146838e-05,1.5464313328266144,0.0028912932126938054,,,,,,,,,28.901715800000147,425206,192,192,,0.0001,0.0001,1.0,,,,3,1,,,,,,,,,,,,,,,,,,,,,,,,,,,,,,,,,,,,,,,,
2026-05-03T08:43:57,one_step_benchmark,generated/benchmark_stage0_smoke_v2,generated/benchmark_stage0_smoke_v2/benchmark_results.csv,diffusion_neumann_control_MiNO-Plus_7,diffusion_neumann_control,diffusion_neumann,control,tcno_cache,MiNO-Plus,MiNO-Plus,7,2,2,,,,,0.004761469783261418,,,2.4835877638906823e-05,2.7531722783654306e-05,1.6706444223721821,0.0028725702043933174,,,,,,,,,44.09605670000019,804266,192,192,,0.0001,0.0001,1.0,,,,3,1,,,,,,,,,,,,,,,,,,,,,,,,,,,,,,,,,,,,,,,,
2026-05-03T08:43:57,one_step_benchmark,generated/benchmark_stage0_smoke_v2,generated/benchmark_stage0_smoke_v2/benchmark_results.csv,diffusion_neumann_control_UNO_7,diffusion_neumann_control,diffusion_neumann,control,tcno_cache,UNO,UNO,7,2,2,,,,,0.1836503433684508,,,0.033803243500490986,0.03337410930544138,1.427219529946645,0.09454467395941417,,,,,,,,,2.430480699999862,1195425,192,192,,0.0001,0.0001,1.0,,,,3,1,,,,,,,,,,,,,,,,,,,,,,,,,,,,,,,,,,,,,,,,
2026-05-03T08:43:57,one_step_benchmark,generated/benchmark_stage0_smoke_v2,generated/benchmark_stage0_smoke_v2/benchmark_results.csv,helmholtz_dirichlet_control_FNO_7,helmholtz_dirichlet_control,helmholtz_dirichlet,control,tcno_cache,FNO,FNO,7,2,2,,,,,0.95084115366141,,,0.9040994594494501,0.9040108571449915,1.4067968626817067,0.9513316651185354,,,,,,,,,1.0159472000000278,446753,192,192,,0.0001,0.0001,1.0,,,,3,1,,,,,,,,,,,,,,,,,,,,,,,,,,,,,,,,,,,,,,,,
2026-05-03T08:43:57,one_step_benchmark,generated/benchmark_stage0_smoke_v2,generated/benchmark_stage0_smoke_v2/benchmark_results.csv,helmholtz_dirichlet_control_MiNO-Core_7,helmholtz_dirichlet_control,helmholtz_dirichlet,control,tcno_cache,MiNO-Core,MiNO-Core,7,2,2,,,,,0.16459754233558974,,,0.027840092157324154,0.031269162427634,1.5596701502799988,0.08946822459499042,,,,,,,,,29.023620900000424,425206,192,192,,0.0001,0.0001,1.0,,,,3,1,,,,,,,,,,,,,,,,,,,,,,,,,,,,,,,,,,,,,,,,
2026-05-03T08:43:57,one_step_benchmark,generated/benchmark_stage0_smoke_v2,generated/benchmark_stage0_smoke_v2/benchmark_results.csv,helmholtz_dirichlet_control_MiNO-Plus_7,helmholtz_dirichlet_control,helmholtz_dirichlet,control,tcno_cache,MiNO-Plus,MiNO-Plus,7,2,2,,,,,0.15180137443045774,,,0.023680312947059672,0.0270402814882497,1.503658910592397,0.059302245577176414,,,,,,,,,44.07775790000005,804266,192,192,,0.0001,0.0001,1.0,,,,3,1,,,,,,,,,,,,,,,,,,,,,,,,,,,,,,,,,,,,,,,,
2026-05-03T08:43:57,one_step_benchmark,generated/benchmark_stage0_smoke_v2,generated/benchmark_stage0_smoke_v2/benchmark_results.csv,helmholtz_dirichlet_control_UNO_7,helmholtz_dirichlet_control,helmholtz_dirichlet,control,tcno_cache,UNO,UNO,7,2,2,,,,,0.22815610095858574,,,0.05308382833997408,0.0562227259700497,1.5393741925557454,0.07286146065841119,,,,,,,,,1.965241700000206,1195425,192,192,,0.0001,0.0001,1.0,,,,3,1,,,,,,,,,,,,,,,,,,,,,,,,,,,,,,,,,,,,,,,,
2026-05-03T08:43:57,one_step_benchmark,generated/benchmark_stage0_smoke_v2,generated/benchmark_stage0_smoke_v2/benchmark_results.csv,wave_synth_FNO_7,wave_synth,wave,synthetic,synthetic,FNO,FNO,7,2,2,,,,,0.9786894619464874,,,0.04514374723657966,0.04175707185640931,1.448839083313942,5408.08990471065,,,,,,,,,0.9474339999997028,446759,64,64,,0.0001,0.0001,1.0,,,,1,1,,,,,,,,,,,,,,,,,,,,,,,,,,,,,,,,,,,,,,,,
2026-05-03T08:43:57,one_step_benchmark,generated/benchmark_stage0_smoke_v2,generated/benchmark_stage0_smoke_v2/benchmark_results.csv,wave_synth_MiNO-Core_7,wave_synth,wave,synthetic,synthetic,MiNO-Core,MiNO-Core,7,2,2,,,,,0.6173375174403191,,,0.01815511065069586,0.016886508907191455,1.431068241596222,129.55369420908391,,,,,,,,,4.011500599999636,424948,64,64,,0.0001,0.0001,1.0,,,,1,1,,,,,,,,,,,,,,,,,,,,,,,,,,,,,,,,,,,,,,,,
2026-05-03T08:43:57,one_step_benchmark,generated/benchmark_stage0_smoke_v2,generated/benchmark_stage0_smoke_v2/benchmark_results.csv,wave_synth_MiNO-Plus_7,wave_synth,wave,synthetic,synthetic,MiNO-Plus,MiNO-Plus,7,2,2,,,,,0.4917898513376713,,,0.01165457908064127,0.01074825378600508,1.4281627535820007,879.2107315715402,,,,,,,,,6.050323399999797,804008,64,64,,0.0001,0.0001,1.0,,,,1,1,,,,,,,,,,,,,,,,,,,,,,,,,,,,,,,,,,,,,,,,
2026-05-03T08:43:57,one_step_benchmark,generated/benchmark_stage0_smoke_v2,generated/benchmark_stage0_smoke_v2/benchmark_results.csv,wave_synth_UNO_7,wave_synth,wave,synthetic,synthetic,UNO,UNO,7,2,2,,,,,0.9588131606578827,,,0.04328027809970081,0.04012137930840254,1.4801470041275024,8422.875268295407,,,,,,,,,1.8565859000000273,1195431,64,64,,0.0001,0.0001,1.0,,,,1,1,,,,,,,,,,,,,,,,,,,,,,,,,,,,,,,,,,,,,,,,
2026-05-03T08:43:57,one_step_benchmark,generated/benchmark_stage0_smoke_v2,generated/benchmark_stage0_smoke_v2/benchmark_results.csv,diffusion_neumann_control_FNO_7,diffusion_neumann_control,diffusion_neumann,control,tcno_reference,FNO,FNO [tcno-ref],7,36,8,,,,,0.011545656183298442,,,,0.00013268455222714692,3.144140865372078e-05,,,,,,,,,,21.667732399999977,446753,192,192,<LOCAL_ROOT>\tcno_icml2026_draft\generated\trainable_runs\train96_val24_test24_ep36_b8_h32_l3_m12_a1p0_s0p015_ps32_st16_tmlearned_local\diffusion_neumann_control\fno\seed-0007\result.json,,,,,,,3,1,0.9999621245863598,,,,,,,,,,,,,,,,,,,,,,,,,,,,,,,,,,,,,,,
2026-05-03T08:43:57,one_step_benchmark,generated/benchmark_stage0_smoke_v2,generated/benchmark_stage0_smoke_v2/benchmark_results.csv,diffusion_neumann_control_FNO_11,diffusion_neumann_control,diffusion_neumann,control,tcno_reference,FNO,FNO [tcno-ref],11,36,8,,,,,0.01184913939742823,,,,0.00014938993263058364,2.328631085720049e-05,,,,,,,,,,20.22388809999393,446753,192,192,<LOCAL_ROOT>\tcno_icml2026_draft\generated\trainable_runs\train96_val24_test24_ep36_b8_h32_l3_m12_a1p0_s0p015_ps32_st16_tmlocal\diffusion_neumann_control\fno\seed-0011\result.json,,,,,,,3,1,0.9999577687194363,,,,,,,,,,,,,,,,,,,,,,,,,,,,,,,,,,,,,,,
2026-05-03T08:43:57,one_step_benchmark,generated/benchmark_stage0_smoke_v2,generated/benchmark_stage0_smoke_v2/benchmark_results.csv,diffusion_neumann_control_FNO_19,diffusion_neumann_control,diffusion_neumann,control,tcno_reference,FNO,FNO [tcno-ref],19,36,8,,,,,0.009499287818756598,,,,9.017657430376858e-05,4.147658105419727e-05,,,,,,,,,,21.3672613000017,446753,192,192,<LOCAL_ROOT>\tcno_icml2026_draft\generated\trainable_runs\train96_val24_test24_ep36_b8_h32_l3_m12_a1p0_s0p015_ps32_st16_tmlocal\diffusion_neumann_control\fno\seed-0019\result.json,,,,,,,3,1,0.9999708482792146,,,,,,,,,,,,,,,,,,,,,,,,,,,,,,,,,,,,,,,
2026-05-03T08:43:57,one_step_benchmark,generated/benchmark_stage0_smoke_v2,generated/benchmark_stage0_smoke_v2/benchmark_results.csv,helmholtz_dirichlet_control_FNO_7,helmholtz_dirichlet_control,helmholtz_dirichlet,control,tcno_reference,FNO,FNO [tcno-ref],7,36,8,,,,,0.04444130601692007,,,,0.0022702873684465885,0.0007269228114129469,,,,,,,,,,21.39798990000054,446753,192,192,<LOCAL_ROOT>\tcno_icml2026_draft\generated\trainable_runs\train96_val24_test24_ep36_b8_h32_l3_m12_a1p0_s0p015_ps32_st16_tmlocal\helmholtz_dirichlet_control\fno\seed-0007\result.json,,,,,,,3,1,0.9773321890536341,,,,,,,,,,,,,,,,,,,,,,,,,,,,,,,,,,,,,,,
2026-05-03T08:43:57,one_step_benchmark,generated/benchmark_stage0_smoke_v2,generated/benchmark_stage0_smoke_v2/benchmark_results.csv,helmholtz_dirichlet_control_FNO_11,helmholtz_dirichlet_control,helmholtz_dirichlet,control,tcno_reference,FNO,FNO [tcno-ref],11,36,8,,,,,0.045086145831364076,,,,0.002336065052077174,0.000721537697543787,,,,,,,,,,21.133239599999797,446753,192,192,<LOCAL_ROOT>\tcno_icml2026_draft\generated\trainable_runs\train96_val24_test24_ep36_b8_h32_l3_m12_a1p0_s0p015_ps32_st16_tmlocal\helmholtz_dirichlet_control\fno\seed-0011\result.json,,,,,,,3,1,0.9771754344894132,,,,,,,,,,,,,,,,,,,,,,,,,,,,,,,,,,,,,,,
2026-05-03T08:43:57,one_step_benchmark,generated/benchmark_stage0_smoke_v2,generated/benchmark_stage0_smoke_v2/benchmark_results.csv,helmholtz_dirichlet_control_FNO_19,helmholtz_dirichlet_control,helmholtz_dirichlet,control,tcno_reference,FNO,FNO [tcno-ref],19,36,8,,,,,0.04092345167537351,,,,0.0019166574347764254,0.0007292629469042314,,,,,,,,,,19.847833899999387,446753,192,192,<LOCAL_ROOT>\tcno_icml2026_draft\generated\trainable_runs\train96_val24_test24_ep36_b8_h32_l3_m12_a1p0_s0p015_ps32_st16_tmlearned_local\helmholtz_dirichlet_control\fno\seed-0019\result.json,,,,,,,3,1,0.977599319736744,,,,,,,,,,,,,,,,,,,,,,,,,,,,,,,,,,,,,,,
2026-05-03T08:43:57,one_step_benchmark,generated/benchmark_stage0_smoke_v2,generated/benchmark_stage0_smoke_v2/benchmark_results.csv,helmholtz_dirichlet_control_UNO_7,helmholtz_dirichlet_control,helmholtz_dirichlet,control,tcno_reference,UNO,UNO [tcno-ref],7,36,8,,,,,0.026272997287401605,,,,0.0007956273038871586,0.00379625590185489,,,,,,,,,,34.41298349999852,1195425,192,192,<LOCAL_ROOT>\tcno_icml2026_draft\generated\trainable_runs\train96_val24_test24_ep36_b8_h32_l3_m12_a1p0_s0p015_ps32_st16_tmlocal\helmholtz_dirichlet_control\uno\seed-0007\result.json,,,,,,,3,1,0.9784361896370476,,,,,,,,,,,,,,,,,,,,,,,,,,,,,,,,,,,,,,,
2026-05-03T08:43:57,one_step_benchmark,generated/benchmark_stage0_smoke_v2,generated/benchmark_stage0_smoke_v2/benchmark_results.csv,helmholtz_dirichlet_control_WNO-style_7,helmholtz_dirichlet_control,helmholtz_dirichlet,control,tcno_reference,WNO-style,WNO-style [tcno-ref],7,36,8,,,,,0.026843124400967085,,,,0.0008122894796542823,0.0015486039343302364,,,,,,,,,,35.53293940000003,399297,192,192,<LOCAL_ROOT>\tcno_icml2026_draft\generated\trainable_runs\train96_val24_test24_ep36_b8_h32_l3_m12_a1p0_s0p015_ps32_st16_tmlocal\helmholtz_dirichlet_control\wno-style\seed-0007\result.json,,,,,,,3,1,0.9785185388807993,,,,,,,,,,,,,,,,,,,,,,,,,,,,,,,,,,,,,,,
2026-05-03T08:43:57,one_step_benchmark,generated/benchmark_stage0_smoke_v2,generated/benchmark_stage0_smoke_v2/benchmark_results.csv,diffusion_neumann_control_UNO_7,diffusion_neumann_control,diffusion_neumann,control,tcno_reference,UNO,UNO [tcno-ref],7,36,8,,,,,0.010492982590912652,,,,0.00011102268763352185,3.288851262437645e-05,,,,,,,,,,39.74708889999988,1195425,192,192,<LOCAL_ROOT>\tcno_icml2026_draft\generated\trainable_runs\train96_val24_test24_ep36_b8_h32_l3_m12_a1p0_s0p015_ps32_st16_tmlearned_local\diffusion_neumann_control\uno\seed-0007\result.json,,,,,,,3,1,0.9999192639817949,,,,,,,,,,,,,,,,,,,,,,,,,,,,,,,,,,,,,,,
2026-05-03T08:43:57,one_step_benchmark,generated/benchmark_stage0_smoke_v2,generated/benchmark_stage0_smoke_v2/benchmark_results.csv,diffusion_neumann_control_UNO_11,diffusion_neumann_control,diffusion_neumann,control,tcno_reference,UNO,UNO [tcno-ref],11,36,8,,,,,0.010807818200842971,,,,0.00011688195081660524,1.653368664546564e-05,,,,,,,,,,40.651018499999964,1195425,192,192,<LOCAL_ROOT>\tcno_icml2026_draft\generated\trainable_runs\train96_val24_test24_ep36_b8_h32_l3_m12_a1p0_s0p015_ps32_st16_tmlearned_local\diffusion_neumann_control\uno\seed-0011\result.json,,,,,,,3,1,0.999926042364423,,,,,,,,,,,,,,,,,,,,,,,,,,,,,,,,,,,,,,,
2026-05-03T08:43:57,one_step_benchmark,generated/benchmark_stage0_smoke_v2,generated/benchmark_stage0_smoke_v2/benchmark_results.csv,diffusion_neumann_control_UNO_19,diffusion_neumann_control,diffusion_neumann,control,tcno_reference,UNO,UNO [tcno-ref],19,36,8,,,,,0.011639606056100696,,,,0.00013074095477350056,2.7804589115104915e-05,,,,,,,,,,41.42380520000006,1195425,192,192,<LOCAL_ROOT>\tcno_icml2026_draft\generated\trainable_runs\train96_val24_test24_ep36_b8_h32_l3_m12_a1p0_s0p015_ps32_st16_tmlocal\diffusion_neumann_control\uno\seed-0019\result.json,,,,,,,3,1,0.999890492132864,,,,,,,,,,,,,,,,,,,,,,,,,,,,,,,,,,,,,,,
2026-05-03T08:43:57,one_step_benchmark,generated/benchmark_stage0_smoke_v2,generated/benchmark_stage0_smoke_v2/benchmark_results.csv,helmholtz_dirichlet_control_UNO_11,helmholtz_dirichlet_control,helmholtz_dirichlet,control,tcno_reference,UNO,UNO [tcno-ref],11,36,8,,,,,0.01778533878045648,,,,0.0003533619164954871,0.0038163346742676476,,,,,,,,,,37.03937190000215,1195425,192,192,<LOCAL_ROOT>\tcno_icml2026_draft\generated\trainable_runs\train96_val24_test24_ep36_b8_h32_l3_m12_a1p0_s0p015_ps32_st16_tmlocal\helmholtz_dirichlet_control\uno\seed-0011\result.json,,,,,,,3,1,0.9787514172331772,,,,,,,,,,,,,,,,,,,,,,,,,,,,,,,,,,,,,,,
2026-05-03T08:43:57,one_step_benchmark,generated/benchmark_stage0_smoke_v2,generated/benchmark_stage0_smoke_v2/benchmark_results.csv,helmholtz_dirichlet_control_UNO_19,helmholtz_dirichlet_control,helmholtz_dirichlet,control,tcno_reference,UNO,UNO [tcno-ref],19,36,8,,,,,0.014151907585585858,,,,0.00023336621234193444,0.003298468732907725,,,,,,,,,,32.51377910000156,1195425,192,192,<LOCAL_ROOT>\tcno_icml2026_draft\generated\trainable_runs\train96_val24_test24_ep36_b8_h32_l3_m12_a1p0_s0p015_ps32_st16_tmlearned_local\helmholtz_dirichlet_control\uno\seed-0019\result.json,,,,,,,3,1,0.9788853115893219,,,,,,,,,,,,,,,,,,,,,,,,,,,,,,,,,,,,,,,
2026-05-03T08:43:57,one_step_benchmark,generated/benchmark_stage0_smoke_v2,generated/benchmark_stage0_smoke_v2/benchmark_results.csv,diffusion_neumann_control_WNO-style_7,diffusion_neumann_control,diffusion_neumann,control,tcno_reference,WNO-style,WNO-style [tcno-ref],7,36,8,,,,,0.004249553121155957,,,,1.9975530449301004e-05,1.548342719704021e-05,,,,,,,,,,38.118350700000065,399297,192,192,<LOCAL_ROOT>\tcno_icml2026_draft\generated\trainable_runs\train96_val24_test24_ep36_b8_h32_l3_m12_a1p0_s0p015_ps32_st16_tmlearned_local\diffusion_neumann_control\wno-style\seed-0007\result.json,,,,,,,3,1,0.9999914960666013,,,,,,,,,,,,,,,,,,,,,,,,,,,,,,,,,,,,,,,
2026-05-03T08:43:57,one_step_benchmark,generated/benchmark_stage0_smoke_v2,generated/benchmark_stage0_smoke_v2/benchmark_results.csv,diffusion_neumann_control_Conv-FNO_7,diffusion_neumann_control,diffusion_neumann,control,tcno_reference,Conv-FNO,Conv-FNO [tcno-ref],7,36,8,,,,,0.020515529684591343,,,,0.0003890666412189603,5.915787764272149e-05,,,,,,,,,,50.359746000001905,458049,192,192,<LOCAL_ROOT>\tcno_icml2026_draft\generated\trainable_runs\train96_val24_test24_ep36_b8_h32_l3_m12_a1p0_s0p015_ps32_st16_tb4_te0p001_whann_tmlearned_local\diffusion_neumann_control\conv-fno\seed-0007\result.json,,,,,,,3,1,0.9996172898415142,,,,,,,,,,,,,,,,,,,,,,,,,,,,,,,,,,,,,,,
2026-05-03T08:43:57,one_step_benchmark,generated/benchmark_stage0_smoke_v2,generated/benchmark_stage0_smoke_v2/benchmark_results.csv,diffusion_neumann_control_Conv-FNO_11,diffusion_neumann_control,diffusion_neumann,control,tcno_reference,Conv-FNO,Conv-FNO [tcno-ref],11,36,8,,,,,0.015253473861845127,,,,0.0002198467991547659,5.762717301628946e-05,,,,,,,,,,50.751888199996756,458049,192,192,<LOCAL_ROOT>\tcno_icml2026_draft\generated\trainable_runs\train96_val24_test24_ep36_b8_h32_l3_m12_a1p0_s0p015_ps32_st16_tb4_te0p001_whann_tmlearned_local\diffusion_neumann_control\conv-fno\seed-0011\result.json,,,,,,,3,1,0.9997871336284602,,,,,,,,,,,,,,,,,,,,,,,,,,,,,,,,,,,,,,,
2026-05-03T08:43:57,one_step_benchmark,generated/benchmark_stage0_smoke_v2,generated/benchmark_stage0_smoke_v2/benchmark_results.csv,diffusion_neumann_control_Conv-FNO_19,diffusion_neumann_control,diffusion_neumann,control,tcno_reference,Conv-FNO,Conv-FNO [tcno-ref],19,36,8,,,,,0.016843396966355104,,,,0.00026193048688583076,6.06687585608869e-05,,,,,,,,,,49.2776116999994,458049,192,192,<LOCAL_ROOT>\tcno_icml2026_draft\generated\trainable_runs\train96_val24_test24_ep36_b8_h32_l3_m12_a1p0_s0p015_ps32_st16_tb4_te0p001_whann_tmlearned_local\diffusion_neumann_control\conv-fno\seed-0019\result.json,,,,,,,3,1,0.9997436040967426,,,,,,,,,,,,,,,,,,,,,,,,,,,,,,,,,,,,,,,
2026-05-03T08:43:57,one_step_benchmark,generated/benchmark_stage0_smoke_v2,generated/benchmark_stage0_smoke_v2/benchmark_results.csv,helmholtz_dirichlet_control_Conv-FNO_7,helmholtz_dirichlet_control,helmholtz_dirichlet,control,tcno_reference,Conv-FNO,Conv-FNO [tcno-ref],7,36,8,,,,,0.02413524992318362,,,,0.0006643471424467862,0.004078039956350947,,,,,,,,,,25.977265500001522,458049,192,192,<LOCAL_ROOT>\tcno_icml2026_draft\generated\trainable_runs\train96_val24_test24_ep36_b8_h32_l3_m12_a1p0_s0p015_ps32_st16_tb4_te0p001_whann_tmlearned_local\helmholtz_dirichlet_control\conv-fno\seed-0007\result.json,,,,,,,3,1,0.978531685979044,,,,,,,,,,,,,,,,,,,,,,,,,,,,,,,,,,,,,,,
2026-05-03T08:43:57,one_step_benchmark,generated/benchmark_stage0_smoke_v2,generated/benchmark_stage0_smoke_v2/benchmark_results.csv,helmholtz_dirichlet_control_Conv-FNO_11,helmholtz_dirichlet_control,helmholtz_dirichlet,control,tcno_reference,Conv-FNO,Conv-FNO [tcno-ref],11,36,8,,,,,0.020162013062258944,,,,0.0004587042494677007,0.002424458489532126,,,,,,,,,,25.90126500000042,458049,192,192,<LOCAL_ROOT>\tcno_icml2026_draft\generated\trainable_runs\train96_val24_test24_ep36_b8_h32_l3_m12_a1p0_s0p015_ps32_st16_tb4_te0p001_whann_tmlearned_local\helmholtz_dirichlet_control\conv-fno\seed-0011\result.json,,,,,,,3,1,0.9785061065908636,,,,,,,,,,,,,,,,,,,,,,,,,,,,,,,,,,,,,,,
2026-05-03T08:43:57,one_step_benchmark,generated/benchmark_stage0_smoke_v2,generated/benchmark_stage0_smoke_v2/benchmark_results.csv,helmholtz_dirichlet_control_Conv-FNO_19,helmholtz_dirichlet_control,helmholtz_dirichlet,control,tcno_reference,Conv-FNO,Conv-FNO [tcno-ref],19,36,8,,,,,0.02197986744670144,,,,0.0005463624838739634,0.002658944649246457,,,,,,,,,,26.147450699998444,458049,192,192,<LOCAL_ROOT>\tcno_icml2026_draft\generated\trainable_runs\train96_val24_test24_ep36_b8_h32_l3_m12_a1p0_s0p015_ps32_st16_tb4_te0p001_whann_tmlearned_local\helmholtz_dirichlet_control\conv-fno\seed-0019\result.json,,,,,,,3,1,0.9786047878243332,,,,,,,,,,,,,,,,,,,,,,,,,,,,,,,,,,,,,,,
2026-05-03T08:43:57,one_step_benchmark,generated/benchmark_stage0_smoke_v2,generated/benchmark_stage0_smoke_v2/benchmark_results.csv,diffusion_neumann_control_FNO+LearnedLocalTC_7,diffusion_neumann_control,diffusion_neumann,control,tcno_reference,FNO+LearnedLocalTC,FNO+LearnedLocalTC [tcno-ref],7,36,8,,,,,0.010843376758127693,,,,0.00012061926099704579,6.592285807254958e-05,,,,,,,,,,28.44625330000008,453800,192,192,<LOCAL_ROOT>\tcno_icml2026_draft\generated\trainable_runs\train96_val24_test24_ep36_b8_h32_l3_m12_a1p0_s0p015_ps32_st16_tmlearned_local\diffusion_neumann_control\fnopluslearnedlocaltc\seed-0007\result.json,,,,,,,3,1,0.9999638843681445,,,,,,,,,,,,,,,,,,,,,,,,,,,,,,,,,,,,,,,
2026-05-03T08:43:57,one_step_benchmark,generated/benchmark_stage0_smoke_v2,generated/benchmark_stage0_smoke_v2/benchmark_results.csv,diffusion_neumann_control_FNO+LearnedLocalTC_11,diffusion_neumann_control,diffusion_neumann,control,tcno_reference,FNO+LearnedLocalTC,FNO+LearnedLocalTC [tcno-ref],11,36,8,,,,,0.011589037887559024,,,,0.00012442834849935025,3.580912122808634e-05,,,,,,,,,,29.016427399999884,453800,192,192,<LOCAL_ROOT>\tcno_icml2026_draft\generated\trainable_runs\train96_val24_test24_ep36_b8_h32_l3_m12_a1p0_s0p015_ps32_st16_tmlearned_local\diffusion_neumann_control\fnopluslearnedlocaltc\seed-0011\result.json,,,,,,,3,1,0.9999606499168933,,,,,,,,,,,,,,,,,,,,,,,,,,,,,,,,,,,,,,,
2026-05-03T08:43:57,one_step_benchmark,generated/benchmark_stage0_smoke_v2,generated/benchmark_stage0_smoke_v2/benchmark_results.csv,diffusion_neumann_control_FNO+LearnedLocalTC_19,diffusion_neumann_control,diffusion_neumann,control,tcno_reference,FNO+LearnedLocalTC,FNO+LearnedLocalTC [tcno-ref],19,36,8,,,,,0.011307298772487422,,,,0.00012424157466739416,5.9560622934786815e-05,,,,,,,,,,29.813055000000077,453800,192,192,<LOCAL_ROOT>\tcno_icml2026_draft\generated\trainable_runs\train96_val24_test24_ep36_b8_h32_l3_m12_a1p0_s0p015_ps32_st16_tmlearned_local\diffusion_neumann_control\fnopluslearnedlocaltc\seed-0019\result.json,,,,,,,3,1,0.9999557606131463,,,,,,,,,,,,,,,,,,,,,,,,,,,,,,,,,,,,,,,
2026-05-03T08:43:57,one_step_benchmark,generated/benchmark_stage0_smoke_v2,generated/benchmark_stage0_smoke_v2/benchmark_results.csv,diffusion_neumann_control_WNO-style_11,diffusion_neumann_control,diffusion_neumann,control,tcno_reference,WNO-style,WNO-style [tcno-ref],11,36,8,,,,,0.005553387084320703,,,,3.6121382436249405e-05,1.5472055468836627e-05,,,,,,,,,,33.451946399996814,399297,192,192,<LOCAL_ROOT>\tcno_icml2026_draft\generated\trainable_runs\train96_val24_test24_ep36_b8_h32_l3_m12_a1p0_s0p015_ps32_st16_tmlocal\diffusion_neumann_control\wno-style\seed-0011\result.json,,,,,,,3,1,0.9999847770466858,,,,,,,,,,,,,,,,,,,,,,,,,,,,,,,,,,,,,,,
2026-05-03T08:43:57,one_step_benchmark,generated/benchmark_stage0_smoke_v2,generated/benchmark_stage0_smoke_v2/benchmark_results.csv,diffusion_neumann_control_WNO-style_19,diffusion_neumann_control,diffusion_neumann,control,tcno_reference,WNO-style,WNO-style [tcno-ref],19,36,8,,,,,0.004634102270709271,,,,2.290489101142157e-05,1.6805245432202765e-05,,,,,,,,,,37.98222629999509,399297,192,192,<LOCAL_ROOT>\tcno_icml2026_draft\generated\trainable_runs\train96_val24_test24_ep36_b8_h32_l3_m12_a1p0_s0p015_ps32_st16_tmlocal\diffusion_neumann_control\wno-style\seed-0019\result.json,,,,,,,3,1,0.9999907657353869,,,,,,,,,,,,,,,,,,,,,,,,,,,,,,,,,,,,,,,
2026-05-03T08:43:57,one_step_benchmark,generated/benchmark_stage0_smoke_v2,generated/benchmark_stage0_smoke_v2/benchmark_results.csv,helmholtz_dirichlet_control_FNO+LearnedLocalTC_7,helmholtz_dirichlet_control,helmholtz_dirichlet,control,tcno_reference,FNO+LearnedLocalTC,FNO+LearnedLocalTC [tcno-ref],7,36,8,,,,,0.035536032276740744,,,,0.0014414824545383453,0.00021543330820124646,,,,,,,,,,36.58265019999999,453800,192,192,<LOCAL_ROOT>\tcno_icml2026_draft\generated\trainable_runs\train96_val24_test24_ep36_b8_h32_l3_m12_a1p0_s0p015_ps32_st16_tmlearned_local\helmholtz_dirichlet_control\fnopluslearnedlocaltc\seed-0007\result.json,,,,,,,3,1,0.9779091778815726,,,,,,,,,,,,,,,,,,,,,,,,,,,,,,,,,,,,,,,
2026-05-03T08:43:57,one_step_benchmark,generated/benchmark_stage0_smoke_v2,generated/benchmark_stage0_smoke_v2/benchmark_results.csv,helmholtz_dirichlet_control_FNO+LearnedLocalTC_11,helmholtz_dirichlet_control,helmholtz_dirichlet,control,tcno_reference,FNO+LearnedLocalTC,FNO+LearnedLocalTC [tcno-ref],11,36,8,,,,,0.03033149581155878,,,,0.001064352341927588,0.0003467424147719665,,,,,,,,,,27.45973109999977,453800,192,192,<LOCAL_ROOT>\tcno_icml2026_draft\generated\trainable_runs\train96_val24_test24_ep36_b8_h32_l3_m12_a1p0_s0p015_ps32_st16_tmlearned_local\helmholtz_dirichlet_control\fnopluslearnedlocaltc\seed-0011\result.json,,,,,,,3,1,0.9781400218624943,,,,,,,,,,,,,,,,,,,,,,,,,,,,,,,,,,,,,,,
2026-05-03T08:43:57,one_step_benchmark,generated/benchmark_stage0_smoke_v2,generated/benchmark_stage0_smoke_v2/benchmark_results.csv,helmholtz_dirichlet_control_FNO+LearnedLocalTC_19,helmholtz_dirichlet_control,helmholtz_dirichlet,control,tcno_reference,FNO+LearnedLocalTC,FNO+LearnedLocalTC [tcno-ref],19,36,8,,,,,0.04047276999759438,,,,0.00187926203943789,0.0001549864203023154,,,,,,,,,,27.195158500000616,453800,192,192,<LOCAL_ROOT>\tcno_icml2026_draft\generated\trainable_runs\train96_val24_test24_ep36_b8_h32_l3_m12_a1p0_s0p015_ps32_st16_tmlearned_local\helmholtz_dirichlet_control\fnopluslearnedlocaltc\seed-0019\result.json,,,,,,,3,1,0.9776368903835116,,,,,,,,,,,,,,,,,,,,,,,,,,,,,,,,,,,,,,,
2026-05-03T08:43:57,one_step_benchmark,generated/benchmark_stage0_smoke_v2,generated/benchmark_stage0_smoke_v2/benchmark_results.csv,helmholtz_dirichlet_control_WNO-style_11,helmholtz_dirichlet_control,helmholtz_dirichlet,control,tcno_reference,WNO-style,WNO-style [tcno-ref],11,36,8,,,,,0.03197021582257172,,,,0.0011829070281237364,0.0015905260379572449,,,,,,,,,,35.07770779999919,399297,192,192,<LOCAL_ROOT>\tcno_icml2026_draft\generated\trainable_runs\train96_val24_test24_ep36_b8_h32_l3_m12_a1p0_s0p015_ps32_st16_tmlocal\helmholtz_dirichlet_control\wno-style\seed-0011\result.json,,,,,,,3,1,0.9782104305426111,,,,,,,,,,,,,,,,,,,,,,,,,,,,,,,,,,,,,,,
2026-05-03T08:43:57,one_step_benchmark,generated/benchmark_stage0_smoke_v2,generated/benchmark_stage0_smoke_v2/benchmark_results.csv,helmholtz_dirichlet_control_WNO-style_19,helmholtz_dirichlet_control,helmholtz_dirichlet,control,tcno_reference,WNO-style,WNO-style [tcno-ref],19,36,8,,,,,0.028582837761225822,,,,0.0009378951508551836,0.0007025104470688185,,,,,,,,,,34.74813670000003,399297,192,192,<LOCAL_ROOT>\tcno_icml2026_draft\generated\trainable_runs\train96_val24_test24_ep36_b8_h32_l3_m12_a1p0_s0p015_ps32_st16_tmlocal\helmholtz_dirichlet_control\wno-style\seed-0019\result.json,,,,,,,3,1,0.9784250375841769,,,,,,,,,,,,,,,,,,,,,,,,,,,,,,,,,,,,,,,
2026-05-03T08:43:57,one_step_benchmark,generated/benchmark_stage0_smoke_v2,generated/benchmark_stage0_smoke_v2/benchmark_results.csv,diffusion_neumann_control_DCR-NO_7,diffusion_neumann_control,diffusion_neumann_control,benchmark,dmno_reference,DCR-NO,DCR-NO [dmno-ref],7,120,,,,,,0.006029935929730175,,,,1.5252129742293619e-05,,,,,,,,,,,,,,,<LOCAL_ROOT>\DMNO_EXP\artifacts\benchmark_paper120\results\diffusion-neumann-control\dcr-no\seed-0007\result.json,0.001,,,,,,,1,,,,,,,,,,,,,,,,,,,,,,,,,,,,,,,,,,,,,,,,
2026-05-03T08:43:57,one_step_benchmark,generated/benchmark_stage0_smoke_v2,generated/benchmark_stage0_smoke_v2/benchmark_results.csv,diffusion_neumann_control_DCR-NO_17,diffusion_neumann_control,diffusion_neumann_control,benchmark,dmno_reference,DCR-NO,DCR-NO [dmno-ref],17,120,,,,,,0.006030565160042924,,,,1.528881512058433e-05,,,,,,,,,,,,,,,<LOCAL_ROOT>\DMNO_EXP\artifacts\benchmark_paper120\results\diffusion-neumann-control\dcr-no\seed-0017\result.json,0.001,,,,,,,1,,,,,,,,,,,,,,,,,,,,,,,,,,,,,,,,,,,,,,,,
2026-05-03T08:43:57,one_step_benchmark,generated/benchmark_stage0_smoke_v2,generated/benchmark_stage0_smoke_v2/benchmark_results.csv,diffusion_neumann_control_DCR-NO_27,diffusion_neumann_control,diffusion_neumann_control,benchmark,dmno_reference,DCR-NO,DCR-NO [dmno-ref],27,120,,,,,,0.0060262791948756,,,,1.528224856883753e-05,,,,,,,,,,,,,,,<LOCAL_ROOT>\DMNO_EXP\artifacts\benchmark_paper120\results\diffusion-neumann-control\dcr-no\seed-0027\result.json,0.001,,,,,,,1,,,,,,,,,,,,,,,,,,,,,,,,,,,,,,,,,,,,,,,,
2026-05-03T08:43:57,one_step_benchmark,generated/benchmark_stage0_smoke_v2,generated/benchmark_stage0_smoke_v2/benchmark_results.csv,helmholtz_dirichlet_control_DCR-NO_7,helmholtz_dirichlet_control,helmholtz_dirichlet_control,benchmark,dmno_reference,DCR-NO,DCR-NO [dmno-ref],7,120,,,,,,0.002663123709260629,,,,4.172611625108402e-06,,,,,,,,,,,,,,,<LOCAL_ROOT>\DMNO_EXP\artifacts\benchmark_paper120\results\helmholtz-dirichlet-control\dcr-no\seed-0007\result.json,0.001,,,,,,,1,,,,,,,,,,,,,,,,,,,,,,,,,,,,,,,,,,,,,,,,
2026-05-03T08:43:57,one_step_benchmark,generated/benchmark_stage0_smoke_v2,generated/benchmark_stage0_smoke_v2/benchmark_results.csv,helmholtz_dirichlet_control_DCR-NO_17,helmholtz_dirichlet_control,helmholtz_dirichlet_control,benchmark,dmno_reference,DCR-NO,DCR-NO [dmno-ref],17,120,,,,,,0.002663149457807328,,,,4.172611625108402e-06,,,,,,,,,,,,,,,<LOCAL_ROOT>\DMNO_EXP\artifacts\benchmark_paper120\results\helmholtz-dirichlet-control\dcr-no\seed-0017\result.json,0.001,,,,,,,1,,,,,,,,,,,,,,,,,,,,,,,,,,,,,,,,,,,,,,,,
2026-05-03T08:43:57,one_step_benchmark,generated/benchmark_stage0_smoke_v2,generated/benchmark_stage0_smoke_v2/benchmark_results.csv,helmholtz_dirichlet_control_DCR-NO_27,helmholtz_dirichlet_control,helmholtz_dirichlet_control,benchmark,dmno_reference,DCR-NO,DCR-NO [dmno-ref],27,120,,,,,,0.002662878906574425,,,,4.1726102608663496e-06,,,,,,,,,,,,,,,<LOCAL_ROOT>\DMNO_EXP\artifacts\benchmark_paper120\results\helmholtz-dirichlet-control\dcr-no\seed-0027\result.json,0.001,,,,,,,1,,,,,,,,,,,,,,,,,,,,,,,,,,,,,,,,,,,,,,,,
2026-05-03T08:43:57,one_step_benchmark,generated/benchmark_stage0_smoke_v2,generated/benchmark_stage0_smoke_v2/benchmark_results.csv,diffusion_neumann_control_DCR-NO_7,diffusion_neumann_control,diffusion_neumann_control,benchmark,dmno_reference,DCR-NO,DCR-NO [dmno-ref],7,120,,,,,,0.006029935929730175,,,,1.5252129742293619e-05,,,,,,,,,,,,,,,<LOCAL_ROOT>\DMNO_EXP\artifacts\benchmark_paper120_5seed_v20_36\results\diffusion-neumann-control\dcr-no\seed-0007\result.json,0.001,,,,,,,1,,,,,,,,,,,,,,,,,,,,,,,,,,,,,,,,,,,,,,,,
2026-05-03T08:43:57,one_step_benchmark,generated/benchmark_stage0_smoke_v2,generated/benchmark_stage0_smoke_v2/benchmark_results.csv,diffusion_neumann_control_DCR-NO_17,diffusion_neumann_control,diffusion_neumann_control,benchmark,dmno_reference,DCR-NO,DCR-NO [dmno-ref],17,120,,,,,,0.006030565160042924,,,,1.528881512058433e-05,,,,,,,,,,,,,,,<LOCAL_ROOT>\DMNO_EXP\artifacts\benchmark_paper120_5seed_v20_36\results\diffusion-neumann-control\dcr-no\seed-0017\result.json,0.001,,,,,,,1,,,,,,,,,,,,,,,,,,,,,,,,,,,,,,,,,,,,,,,,
2026-05-03T08:43:57,one_step_benchmark,generated/benchmark_stage0_smoke_v2,generated/benchmark_stage0_smoke_v2/benchmark_results.csv,diffusion_neumann_control_DCR-NO_27,diffusion_neumann_control,diffusion_neumann_control,benchmark,dmno_reference,DCR-NO,DCR-NO [dmno-ref],27,120,,,,,,0.0060262791948756,,,,1.528224856883753e-05,,,,,,,,,,,,,,,<LOCAL_ROOT>\DMNO_EXP\artifacts\benchmark_paper120_5seed_v20_36\results\diffusion-neumann-control\dcr-no\seed-0027\result.json,0.001,,,,,,,1,,,,,,,,,,,,,,,,,,,,,,,,,,,,,,,,,,,,,,,,
2026-05-03T08:43:57,one_step_benchmark,generated/benchmark_stage0_smoke_v2,generated/benchmark_stage0_smoke_v2/benchmark_results.csv,diffusion_neumann_control_DCR-NO_37,diffusion_neumann_control,diffusion_neumann_control,benchmark,dmno_reference,DCR-NO,DCR-NO [dmno-ref],37,120,,,,,,0.0060406023819940995,,,,1.5256340702762827e-05,,,,,,,,,,,,,,,<LOCAL_ROOT>\DMNO_EXP\artifacts\benchmark_paper120_5seed_v20_36\results\diffusion-neumann-control\dcr-no\seed-0037\result.json,0.001,,,,,,,1,,,,,,,,,,,,,,,,,,,,,,,,,,,,,,,,,,,,,,,,
2026-05-03T08:43:57,one_step_benchmark,generated/benchmark_stage0_smoke_v2,generated/benchmark_stage0_smoke_v2/benchmark_results.csv,diffusion_neumann_control_DCR-NO_47,diffusion_neumann_control,diffusion_neumann_control,benchmark,dmno_reference,DCR-NO,DCR-NO [dmno-ref],47,120,,,,,,0.006026077389539423,,,,1.5286786947399378e-05,,,,,,,,,,,,,,,<LOCAL_ROOT>\DMNO_EXP\artifacts\benchmark_paper120_5seed_v20_36\results\diffusion-neumann-control\dcr-no\seed-0047\result.json,0.001,,,,,,,1,,,,,,,,,,,,,,,,,,,,,,,,,,,,,,,,,,,,,,,,
2026-05-03T08:43:57,one_step_benchmark,generated/benchmark_stage0_smoke_v2,generated/benchmark_stage0_smoke_v2/benchmark_results.csv,helmholtz_dirichlet_control_DCR-NO_7,helmholtz_dirichlet_control,helmholtz_dirichlet_control,benchmark,dmno_reference,DCR-NO,DCR-NO [dmno-ref],7,120,,,,,,0.002663123709260629,,,,4.172611625108402e-06,,,,,,,,,,,,,,,<LOCAL_ROOT>\DMNO_EXP\artifacts\benchmark_paper120_5seed_v20_36\results\helmholtz-dirichlet-control\dcr-no\seed-0007\result.json,0.001,,,,,,,1,,,,,,,,,,,,,,,,,,,,,,,,,,,,,,,,,,,,,,,,
2026-05-03T08:43:57,one_step_benchmark,generated/benchmark_stage0_smoke_v2,generated/benchmark_stage0_smoke_v2/benchmark_results.csv,helmholtz_dirichlet_control_DCR-NO_17,helmholtz_dirichlet_control,helmholtz_dirichlet_control,benchmark,dmno_reference,DCR-NO,DCR-NO [dmno-ref],17,120,,,,,,0.002663149457807328,,,,4.172611625108402e-06,,,,,,,,,,,,,,,<LOCAL_ROOT>\DMNO_EXP\artifacts\benchmark_paper120_5seed_v20_36\results\helmholtz-dirichlet-control\dcr-no\seed-0017\result.json,0.001,,,,,,,1,,,,,,,,,,,,,,,,,,,,,,,,,,,,,,,,,,,,,,,,
2026-05-03T08:43:57,one_step_benchmark,generated/benchmark_stage0_smoke_v2,generated/benchmark_stage0_smoke_v2/benchmark_results.csv,helmholtz_dirichlet_control_DCR-NO_27,helmholtz_dirichlet_control,helmholtz_dirichlet_control,benchmark,dmno_reference,DCR-NO,DCR-NO [dmno-ref],27,120,,,,,,0.002662878906574425,,,,4.1726102608663496e-06,,,,,,,,,,,,,,,<LOCAL_ROOT>\DMNO_EXP\artifacts\benchmark_paper120_5seed_v20_36\results\helmholtz-dirichlet-control\dcr-no\seed-0027\result.json,0.001,,,,,,,1,,,,,,,,,,,,,,,,,,,,,,,,,,,,,,,,,,,,,,,,
2026-05-03T08:43:57,one_step_benchmark,generated/benchmark_stage0_smoke_v2,generated/benchmark_stage0_smoke_v2/benchmark_results.csv,helmholtz_dirichlet_control_DCR-NO_37,helmholtz_dirichlet_control,helmholtz_dirichlet_control,benchmark,dmno_reference,DCR-NO,DCR-NO [dmno-ref],37,120,,,,,,0.002664645026408407,,,,4.1726184463186655e-06,,,,,,,,,,,,,,,<LOCAL_ROOT>\DMNO_EXP\artifacts\benchmark_paper120_5seed_v20_36\results\helmholtz-dirichlet-control\dcr-no\seed-0037\result.json,0.001,,,,,,,1,,,,,,,,,,,,,,,,,,,,,,,,,,,,,,,,,,,,,,,,
2026-05-03T08:43:57,one_step_benchmark,generated/benchmark_stage0_smoke_v2,generated/benchmark_stage0_smoke_v2/benchmark_results.csv,helmholtz_dirichlet_control_DCR-NO_47,helmholtz_dirichlet_control,helmholtz_dirichlet_control,benchmark,dmno_reference,DCR-NO,DCR-NO [dmno-ref],47,120,,,,,,0.002662562164408078,,,,4.172607987129595e-06,,,,,,,,,,,,,,,<LOCAL_ROOT>\DMNO_EXP\artifacts\benchmark_paper120_5seed_v20_36\results\helmholtz-dirichlet-control\dcr-no\seed-0047\result.json,0.001,,,,,,,1,,,,,,,,,,,,,,,,,,,,,,,,,,,,,,,,,,,,,,,,
2026-05-03T08:43:57,one_step_benchmark,generated/benchmark_stage0_smoke_v2,generated/benchmark_stage0_smoke_v2/benchmark_results.csv,diffusion_neumann_control_DCR-NO_7,diffusion_neumann_control,diffusion_neumann_control,convergence-extension,dmno_reference,DCR-NO,DCR-NO [dmno-ref],7,300,,,,,,0.006031772013114216,,,,1.5259667634381913e-05,,,,,,,,,,,,,,,<LOCAL_ROOT>\DMNO_EXP\artifacts\convergence_extension_convergence300\results\diffusion-neumann-control\dcr-no\seed-0007\result.json,0.001,,,,,,,1,,,,,,,,,,,,,,,,,,,,,,,,,,,,,,,,,,,,,,,,
2026-05-03T08:43:57,one_step_benchmark,generated/benchmark_stage0_smoke_v2,generated/benchmark_stage0_smoke_v2/benchmark_results.csv,diffusion_neumann_control_DCR-NO_17,diffusion_neumann_control,diffusion_neumann_control,convergence-extension,dmno_reference,DCR-NO,DCR-NO [dmno-ref],17,300,,,,,,0.006030565160042924,,,,1.527144922874868e-05,,,,,,,,,,,,,,,<LOCAL_ROOT>\DMNO_EXP\artifacts\convergence_extension_convergence300\results\diffusion-neumann-control\dcr-no\seed-0017\result.json,0.001,,,,,,,1,,,,,,,,,,,,,,,,,,,,,,,,,,,,,,,,,,,,,,,,
2026-05-03T08:43:57,one_step_benchmark,generated/benchmark_stage0_smoke_v2,generated/benchmark_stage0_smoke_v2/benchmark_results.csv,diffusion_neumann_control_DCR-NO_27,diffusion_neumann_control,diffusion_neumann_control,convergence-extension,dmno_reference,DCR-NO,DCR-NO [dmno-ref],27,300,,,,,,0.006028170489149145,,,,1.5272997188731097e-05,,,,,,,,,,,,,,,<LOCAL_ROOT>\DMNO_EXP\artifacts\convergence_extension_convergence300\results\diffusion-neumann-control\dcr-no\seed-0027\result.json,0.001,,,,,,,1,,,,,,,,,,,,,,,,,,,,,,,,,,,,,,,,,,,,,,,,
2026-05-03T08:43:57,one_step_benchmark,generated/benchmark_stage0_smoke_v2,generated/benchmark_stage0_smoke_v2/benchmark_results.csv,diffusion_neumann_control_DCR-NO_7,diffusion_neumann_control,diffusion_neumann_control,convergence-extension,dmno_reference,DCR-NO,DCR-NO [dmno-ref],7,300,,,,,,0.006031772013114216,,,,1.5259667634381913e-05,,,,,,,,,,,,,,,<LOCAL_ROOT>\DMNO_EXP\artifacts\convergence_extension_convergence300_v20_36\results\diffusion-neumann-control\dcr-no\seed-0007\result.json,0.001,,,,,,,1,,,,,,,,,,,,,,,,,,,,,,,,,,,,,,,,,,,,,,,,
2026-05-03T08:43:57,one_step_benchmark,generated/benchmark_stage0_smoke_v2,generated/benchmark_stage0_smoke_v2/benchmark_results.csv,diffusion_neumann_control_DCR-NO_17,diffusion_neumann_control,diffusion_neumann_control,convergence-extension,dmno_reference,DCR-NO,DCR-NO [dmno-ref],17,300,,,,,,0.006030565160042924,,,,1.527144922874868e-05,,,,,,,,,,,,,,,<LOCAL_ROOT>\DMNO_EXP\artifacts\convergence_extension_convergence300_v20_36\results\diffusion-neumann-control\dcr-no\seed-0017\result.json,0.001,,,,,,,1,,,,,,,,,,,,,,,,,,,,,,,,,,,,,,,,,,,,,,,,
2026-05-03T08:43:57,one_step_benchmark,generated/benchmark_stage0_smoke_v2,generated/benchmark_stage0_smoke_v2/benchmark_results.csv,diffusion_neumann_control_DCR-NO_27,diffusion_neumann_control,diffusion_neumann_control,convergence-extension,dmno_reference,DCR-NO,DCR-NO [dmno-ref],27,300,,,,,,0.006028170489149145,,,,1.5272997188731097e-05,,,,,,,,,,,,,,,<LOCAL_ROOT>\DMNO_EXP\artifacts\convergence_extension_convergence300_v20_36\results\diffusion-neumann-control\dcr-no\seed-0027\result.json,0.001,,,,,,,1,,,,,,,,,,,,,,,,,,,,,,,,,,,,,,,,,,,,,,,,
2026-05-03T08:43:57,one_step_benchmark,generated/benchmark_stage0_smoke_v2,generated/benchmark_stage0_smoke_v2/benchmark_results.csv,diffusion_neumann_control_DCR-NO_7,diffusion_neumann_control,diffusion_neumann_control,benchmark,dmno_reference,DCR-NO,DCR-NO [dmno-ref],7,120,,,,,,0.006029935929730175,,,,1.5252129742293619e-05,,,,,,,,,,,,,,,<LOCAL_ROOT>\DMNO_EXP\artifacts\plugin_pilot120\results\diffusion-neumann-control\dcr-no\seed-0007\result.json,0.001,,,,,,,1,,,,,,,,,,,,,,,,,,,,,,,,,,,,,,,,,,,,,,,,
2026-05-03T08:43:57,one_step_benchmark,generated/benchmark_stage0_smoke_v2,generated/benchmark_stage0_smoke_v2/benchmark_results.csv,diffusion_neumann_control_DCR-NO_7,diffusion_neumann_control,diffusion_neumann_control,tau0-ablation,dmno_reference,DCR-NO,DCR-NO [dmno-ref],7,120,,,,,,0.006029493965540768,,,,1.5253511264745612e-05,,,,,,,,,,,,,,,<LOCAL_ROOT>\DMNO_EXP\artifacts\tau0_ablation_paper120\results\diffusion-neumann-control\dcr-no-tau0-0\seed-0007\result.json,0.001,,,,,,,1,,,,,,,,,,,,,,,,,,,,,,,,,,,,,,,,,,,,,,,,
2026-05-03T08:43:57,one_step_benchmark,generated/benchmark_stage0_smoke_v2,generated/benchmark_stage0_smoke_v2/benchmark_results.csv,diffusion_neumann_control_DCR-NO_17,diffusion_neumann_control,diffusion_neumann_control,tau0-ablation,dmno_reference,DCR-NO,DCR-NO [dmno-ref],17,120,,,,,,0.006030565160042924,,,,1.528881512058433e-05,,,,,,,,,,,,,,,<LOCAL_ROOT>\DMNO_EXP\artifacts\tau0_ablation_paper120\results\diffusion-neumann-control\dcr-no-tau0-0\seed-0017\result.json,0.001,,,,,,,1,,,,,,,,,,,,,,,,,,,,,,,,,,,,,,,,,,,,,,,,
2026-05-03T08:43:57,one_step_benchmark,generated/benchmark_stage0_smoke_v2,generated/benchmark_stage0_smoke_v2/benchmark_results.csv,diffusion_neumann_control_DCR-NO_27,diffusion_neumann_control,diffusion_neumann_control,tau0-ablation,dmno_reference,DCR-NO,DCR-NO [dmno-ref],27,120,,,,,,0.0060262791948756,,,,1.528224856883753e-05,,,,,,,,,,,,,,,<LOCAL_ROOT>\DMNO_EXP\artifacts\tau0_ablation_paper120\results\diffusion-neumann-control\dcr-no-tau0-0\seed-0027\result.json,0.001,,,,,,,1,,,,,,,,,,,,,,,,,,,,,,,,,,,,,,,,,,,,,,,,
2026-05-03T08:43:57,one_step_benchmark,generated/benchmark_stage0_smoke_v2,generated/benchmark_stage0_smoke_v2/benchmark_results.csv,diffusion_neumann_control_DCR-NO_7,diffusion_neumann_control,diffusion_neumann_control,tau0-ablation,dmno_reference,DCR-NO,DCR-NO [dmno-ref],7,120,,,,,,0.006029932793964513,,,,1.525233074062271e-05,,,,,,,,,,,,,,,<LOCAL_ROOT>\DMNO_EXP\artifacts\tau0_ablation_paper120\results\diffusion-neumann-control\dcr-no-tau0-0-1\seed-0007\result.json,0.001,,,,,,,1,,,,,,,,,,,,,,,,,,,,,,,,,,,,,,,,,,,,,,,,
2026-05-03T08:43:57,one_step_benchmark,generated/benchmark_stage0_smoke_v2,generated/benchmark_stage0_smoke_v2/benchmark_results.csv,diffusion_neumann_control_DCR-NO_17,diffusion_neumann_control,diffusion_neumann_control,tau0-ablation,dmno_reference,DCR-NO,DCR-NO [dmno-ref],17,120,,,,,,0.006030570106645763,,,,1.5289273505914025e-05,,,,,,,,,,,,,,,<LOCAL_ROOT>\DMNO_EXP\artifacts\tau0_ablation_paper120\results\diffusion-neumann-control\dcr-no-tau0-0-1\seed-0017\result.json,0.001,,,,,,,1,,,,,,,,,,,,,,,,,,,,,,,,,,,,,,,,,,,,,,,,
2026-05-03T08:43:57,one_step_benchmark,generated/benchmark_stage0_smoke_v2,generated/benchmark_stage0_smoke_v2/benchmark_results.csv,diffusion_neumann_control_DCR-NO_27,diffusion_neumann_control,diffusion_neumann_control,tau0-ablation,dmno_reference,DCR-NO,DCR-NO [dmno-ref],27,120,,,,,,0.0060262858900697385,,,,1.5282450476661325e-05,,,,,,,,,,,,,,,<LOCAL_ROOT>\DMNO_EXP\artifacts\tau0_ablation_paper120\results\diffusion-neumann-control\dcr-no-tau0-0-1\seed-0027\result.json,0.001,,,,,,,1,,,,,,,,,,,,,,,,,,,,,,,,,,,,,,,,,,,,,,,,
2026-05-03T08:43:57,one_step_benchmark,generated/benchmark_stage0_smoke_v2,generated/benchmark_stage0_smoke_v2/benchmark_results.csv,diffusion_neumann_control_DCR-NO_7,diffusion_neumann_control,diffusion_neumann_control,tau0-ablation,dmno_reference,DCR-NO,DCR-NO [dmno-ref],7,120,,,,,,0.006030152921249823,,,,1.525414609204745e-05,,,,,,,,,,,,,,,<LOCAL_ROOT>\DMNO_EXP\artifacts\tau0_ablation_paper120\results\diffusion-neumann-control\dcr-no-tau0-0-3\seed-0007\result.json,0.001,,,,,,,1,,,,,,,,,,,,,,,,,,,,,,,,,,,,,,,,,,,,,,,,
2026-05-03T08:43:57,one_step_benchmark,generated/benchmark_stage0_smoke_v2,generated/benchmark_stage0_smoke_v2/benchmark_results.csv,diffusion_neumann_control_DCR-NO_17,diffusion_neumann_control,diffusion_neumann_control,tau0-ablation,dmno_reference,DCR-NO,DCR-NO [dmno-ref],17,120,,,,,,0.00603077300661279,,,,1.5290821465896443e-05,,,,,,,,,,,,,,,<LOCAL_ROOT>\DMNO_EXP\artifacts\tau0_ablation_paper120\results\diffusion-neumann-control\dcr-no-tau0-0-3\seed-0017\result.json,0.001,,,,,,,1,,,,,,,,,,,,,,,,,,,,,,,,,,,,,,,,,,,,,,,,
2026-05-03T08:43:57,one_step_benchmark,generated/benchmark_stage0_smoke_v2,generated/benchmark_stage0_smoke_v2/benchmark_results.csv,diffusion_neumann_control_DCR-NO_27,diffusion_neumann_control,diffusion_neumann_control,tau0-ablation,dmno_reference,DCR-NO,DCR-NO [dmno-ref],27,120,,,,,,0.006026540067998857,,,,1.528426400909666e-05,,,,,,,,,,,,,,,<LOCAL_ROOT>\DMNO_EXP\artifacts\tau0_ablation_paper120\results\diffusion-neumann-control\dcr-no-tau0-0-3\seed-0027\result.json,0.001,,,,,,,1,,,,,,,,,,,,,,,,,,,,,,,,,,,,,,,,,,,,,,,,
2026-05-03T08:43:57,one_step_benchmark,generated/benchmark_stage0_smoke_v2,generated/benchmark_stage0_smoke_v2/benchmark_results.csv,diffusion_neumann_control_DCR-NO_7,diffusion_neumann_control,diffusion_neumann_control,tau0-ablation,dmno_reference,DCR-NO,DCR-NO [dmno-ref],7,120,,,,,,0.0060299248979413765,,,,1.526196501799859e-05,,,,,,,,,,,,,,,<LOCAL_ROOT>\DMNO_EXP\artifacts\tau0_ablation_paper120\results\diffusion-neumann-control\dcr-no-tau0-1\seed-0007\result.json,0.001,,,,,,,1,,,,,,,,,,,,,,,,,,,,,,,,,,,,,,,,,,,,,,,,
2026-05-03T08:43:57,one_step_benchmark,generated/benchmark_stage0_smoke_v2,generated/benchmark_stage0_smoke_v2/benchmark_results.csv,diffusion_neumann_control_DCR-NO_17,diffusion_neumann_control,diffusion_neumann_control,tau0-ablation,dmno_reference,DCR-NO,DCR-NO [dmno-ref],17,120,,,,,,0.006030954936087418,,,,1.529734618088696e-05,,,,,,,,,,,,,,,<LOCAL_ROOT>\DMNO_EXP\artifacts\tau0_ablation_paper120\results\diffusion-neumann-control\dcr-no-tau0-1\seed-0017\result.json,0.001,,,,,,,1,,,,,,,,,,,,,,,,,,,,,,,,,,,,,,,,,,,,,,,,
2026-05-03T08:43:57,one_step_benchmark,generated/benchmark_stage0_smoke_v2,generated/benchmark_stage0_smoke_v2/benchmark_results.csv,diffusion_neumann_control_DCR-NO_27,diffusion_neumann_control,diffusion_neumann_control,tau0-ablation,dmno_reference,DCR-NO,DCR-NO [dmno-ref],27,120,,,,,,0.006027591655572453,,,,1.529078508610837e-05,,,,,,,,,,,,,,,<LOCAL_ROOT>\DMNO_EXP\artifacts\tau0_ablation_paper120\results\diffusion-neumann-control\dcr-no-tau0-1\seed-0027\result.json,0.001,,,,,,,1,,,,,,,,,,,,,,,,,,,,,,,,,,,,,,,,,,,,,,,,
2026-05-03T08:43:57,one_step_benchmark,generated/benchmark_stage0_smoke_v2,generated/benchmark_stage0_smoke_v2/benchmark_results.csv,diffusion_neumann_control_DCR-NO_7,diffusion_neumann_control,diffusion_neumann_control,tau0-ablation,dmno_reference,DCR-NO,DCR-NO [dmno-ref],7,120,,,,,,0.006051251427620125,,,,1.5307818102883175e-05,,,,,,,,,,,,,,,<LOCAL_ROOT>\DMNO_EXP\artifacts\tau0_ablation_paper120\results\diffusion-neumann-control\dcr-no-tau0-3\seed-0007\result.json,0.001,,,,,,,1,,,,,,,,,,,,,,,,,,,,,,,,,,,,,,,,,,,,,,,,
2026-05-03T08:43:57,one_step_benchmark,generated/benchmark_stage0_smoke_v2,generated/benchmark_stage0_smoke_v2/benchmark_results.csv,diffusion_neumann_control_DCR-NO_17,diffusion_neumann_control,diffusion_neumann_control,tau0-ablation,dmno_reference,DCR-NO,DCR-NO [dmno-ref],17,120,,,,,,0.006057031698513882,,,,1.534485818410758e-05,,,,,,,,,,,,,,,<LOCAL_ROOT>\DMNO_EXP\artifacts\tau0_ablation_paper120\results\diffusion-neumann-control\dcr-no-tau0-3\seed-0017\result.json,0.001,,,,,,,1,,,,,,,,,,,,,,,,,,,,,,,,,,,,,,,,,,,,,,,,
2026-05-03T08:43:57,one_step_benchmark,generated/benchmark_stage0_smoke_v2,generated/benchmark_stage0_smoke_v2/benchmark_results.csv,diffusion_neumann_control_DCR-NO_27,diffusion_neumann_control,diffusion_neumann_control,tau0-ablation,dmno_reference,DCR-NO,DCR-NO [dmno-ref],27,120,,,,,,0.006050367914250467,,,,1.5338286175392568e-05,,,,,,,,,,,,,,,<LOCAL_ROOT>\DMNO_EXP\artifacts\tau0_ablation_paper120\results\diffusion-neumann-control\dcr-no-tau0-3\seed-0027\result.json,0.001,,,,,,,1,,,,,,,,,,,,,,,,,,,,,,,,,,,,,,,,,,,,,,,,
2026-05-03T08:43:57,one_step_benchmark,generated/benchmark_stage0_smoke_v2,generated/benchmark_stage0_smoke_v2/benchmark_results.csv,helmholtz_dirichlet_control_DCR-NO_7,helmholtz_dirichlet_control,helmholtz_dirichlet_control,tau0-ablation,dmno_reference,DCR-NO,DCR-NO [dmno-ref],7,120,,,,,,0.002663123709260629,,,,4.172611625108402e-06,,,,,,,,,,,,,,,<LOCAL_ROOT>\DMNO_EXP\artifacts\tau0_ablation_paper120\results\helmholtz-dirichlet-control\dcr-no-tau0-0\seed-0007\result.json,0.001,,,,,,,1,,,,,,,,,,,,,,,,,,,,,,,,,,,,,,,,,,,,,,,,
2026-05-03T08:43:57,one_step_benchmark,generated/benchmark_stage0_smoke_v2,generated/benchmark_stage0_smoke_v2/benchmark_results.csv,helmholtz_dirichlet_control_DCR-NO_17,helmholtz_dirichlet_control,helmholtz_dirichlet_control,tau0-ablation,dmno_reference,DCR-NO,DCR-NO [dmno-ref],17,120,,,,,,0.002663149457807328,,,,4.172611625108402e-06,,,,,,,,,,,,,,,<LOCAL_ROOT>\DMNO_EXP\artifacts\tau0_ablation_paper120\results\helmholtz-dirichlet-control\dcr-no-tau0-0\seed-0017\result.json,0.001,,,,,,,1,,,,,,,,,,,,,,,,,,,,,,,,,,,,,,,,,,,,,,,,
2026-05-03T08:43:57,one_step_benchmark,generated/benchmark_stage0_smoke_v2,generated/benchmark_stage0_smoke_v2/benchmark_results.csv,helmholtz_dirichlet_control_DCR-NO_27,helmholtz_dirichlet_control,helmholtz_dirichlet_control,tau0-ablation,dmno_reference,DCR-NO,DCR-NO [dmno-ref],27,120,,,,,,0.002662878906574425,,,,4.1726102608663496e-06,,,,,,,,,,,,,,,<LOCAL_ROOT>\DMNO_EXP\artifacts\tau0_ablation_paper120\results\helmholtz-dirichlet-control\dcr-no-tau0-0\seed-0027\result.json,0.001,,,,,,,1,,,,,,,,,,,,,,,,,,,,,,,,,,,,,,,,,,,,,,,,
2026-05-03T08:43:57,one_step_benchmark,generated/benchmark_stage0_smoke_v2,generated/benchmark_stage0_smoke_v2/benchmark_results.csv,helmholtz_dirichlet_control_DCR-NO_7,helmholtz_dirichlet_control,helmholtz_dirichlet_control,tau0-ablation,dmno_reference,DCR-NO,DCR-NO [dmno-ref],7,120,,,,,,0.002663123709260629,,,,4.172611625108402e-06,,,,,,,,,,,,,,,<LOCAL_ROOT>\DMNO_EXP\artifacts\tau0_ablation_paper120\results\helmholtz-dirichlet-control\dcr-no-tau0-0-1\seed-0007\result.json,0.001,,,,,,,1,,,,,,,,,,,,,,,,,,,,,,,,,,,,,,,,,,,,,,,,
2026-05-03T08:43:57,one_step_benchmark,generated/benchmark_stage0_smoke_v2,generated/benchmark_stage0_smoke_v2/benchmark_results.csv,helmholtz_dirichlet_control_DCR-NO_17,helmholtz_dirichlet_control,helmholtz_dirichlet_control,tau0-ablation,dmno_reference,DCR-NO,DCR-NO [dmno-ref],17,120,,,,,,0.002663149457807328,,,,4.172611625108402e-06,,,,,,,,,,,,,,,<LOCAL_ROOT>\DMNO_EXP\artifacts\tau0_ablation_paper120\results\helmholtz-dirichlet-control\dcr-no-tau0-0-1\seed-0017\result.json,0.001,,,,,,,1,,,,,,,,,,,,,,,,,,,,,,,,,,,,,,,,,,,,,,,,
2026-05-03T08:43:57,one_step_benchmark,generated/benchmark_stage0_smoke_v2,generated/benchmark_stage0_smoke_v2/benchmark_results.csv,helmholtz_dirichlet_control_DCR-NO_27,helmholtz_dirichlet_control,helmholtz_dirichlet_control,tau0-ablation,dmno_reference,DCR-NO,DCR-NO [dmno-ref],27,120,,,,,,0.002662878906574425,,,,4.1726102608663496e-06,,,,,,,,,,,,,,,<LOCAL_ROOT>\DMNO_EXP\artifacts\tau0_ablation_paper120\results\helmholtz-dirichlet-control\dcr-no-tau0-0-1\seed-0027\result.json,0.001,,,,,,,1,,,,,,,,,,,,,,,,,,,,,,,,,,,,,,,,,,,,,,,,
2026-05-03T08:43:57,one_step_benchmark,generated/benchmark_stage0_smoke_v2,generated/benchmark_stage0_smoke_v2/benchmark_results.csv,helmholtz_dirichlet_control_DCR-NO_7,helmholtz_dirichlet_control,helmholtz_dirichlet_control,tau0-ablation,dmno_reference,DCR-NO,DCR-NO [dmno-ref],7,120,,,,,,0.002663123709260629,,,,4.172611625108402e-06,,,,,,,,,,,,,,,<LOCAL_ROOT>\DMNO_EXP\artifacts\tau0_ablation_paper120\results\helmholtz-dirichlet-control\dcr-no-tau0-0-3\seed-0007\result.json,0.001,,,,,,,1,,,,,,,,,,,,,,,,,,,,,,,,,,,,,,,,,,,,,,,,
2026-05-03T08:43:57,one_step_benchmark,generated/benchmark_stage0_smoke_v2,generated/benchmark_stage0_smoke_v2/benchmark_results.csv,helmholtz_dirichlet_control_DCR-NO_17,helmholtz_dirichlet_control,helmholtz_dirichlet_control,tau0-ablation,dmno_reference,DCR-NO,DCR-NO [dmno-ref],17,120,,,,,,0.002663149457807328,,,,4.172611625108402e-06,,,,,,,,,,,,,,,<LOCAL_ROOT>\DMNO_EXP\artifacts\tau0_ablation_paper120\results\helmholtz-dirichlet-control\dcr-no-tau0-0-3\seed-0017\result.json,0.001,,,,,,,1,,,,,,,,,,,,,,,,,,,,,,,,,,,,,,,,,,,,,,,,
2026-05-03T08:43:57,one_step_benchmark,generated/benchmark_stage0_smoke_v2,generated/benchmark_stage0_smoke_v2/benchmark_results.csv,helmholtz_dirichlet_control_DCR-NO_27,helmholtz_dirichlet_control,helmholtz_dirichlet_control,tau0-ablation,dmno_reference,DCR-NO,DCR-NO [dmno-ref],27,120,,,,,,0.002662878906574425,,,,4.1726102608663496e-06,,,,,,,,,,,,,,,<LOCAL_ROOT>\DMNO_EXP\artifacts\tau0_ablation_paper120\results\helmholtz-dirichlet-control\dcr-no-tau0-0-3\seed-0027\result.json,0.001,,,,,,,1,,,,,,,,,,,,,,,,,,,,,,,,,,,,,,,,,,,,,,,,
2026-05-03T08:43:57,one_step_benchmark,generated/benchmark_stage0_smoke_v2,generated/benchmark_stage0_smoke_v2/benchmark_results.csv,helmholtz_dirichlet_control_DCR-NO_7,helmholtz_dirichlet_control,helmholtz_dirichlet_control,tau0-ablation,dmno_reference,DCR-NO,DCR-NO [dmno-ref],7,120,,,,,,0.002663123709260629,,,,4.172611625108402e-06,,,,,,,,,,,,,,,<LOCAL_ROOT>\DMNO_EXP\artifacts\tau0_ablation_paper120\results\helmholtz-dirichlet-control\dcr-no-tau0-1\seed-0007\result.json,0.001,,,,,,,1,,,,,,,,,,,,,,,,,,,,,,,,,,,,,,,,,,,,,,,,
2026-05-03T08:43:57,one_step_benchmark,generated/benchmark_stage0_smoke_v2,generated/benchmark_stage0_smoke_v2/benchmark_results.csv,helmholtz_dirichlet_control_DCR-NO_17,helmholtz_dirichlet_control,helmholtz_dirichlet_control,tau0-ablation,dmno_reference,DCR-NO,DCR-NO [dmno-ref],17,120,,,,,,0.002663149457807328,,,,4.172611625108402e-06,,,,,,,,,,,,,,,<LOCAL_ROOT>\DMNO_EXP\artifacts\tau0_ablation_paper120\results\helmholtz-dirichlet-control\dcr-no-tau0-1\seed-0017\result.json,0.001,,,,,,,1,,,,,,,,,,,,,,,,,,,,,,,,,,,,,,,,,,,,,,,,
2026-05-03T08:43:57,one_step_benchmark,generated/benchmark_stage0_smoke_v2,generated/benchmark_stage0_smoke_v2/benchmark_results.csv,helmholtz_dirichlet_control_DCR-NO_27,helmholtz_dirichlet_control,helmholtz_dirichlet_control,tau0-ablation,dmno_reference,DCR-NO,DCR-NO [dmno-ref],27,120,,,,,,0.002662878906574425,,,,4.1726102608663496e-06,,,,,,,,,,,,,,,<LOCAL_ROOT>\DMNO_EXP\artifacts\tau0_ablation_paper120\results\helmholtz-dirichlet-control\dcr-no-tau0-1\seed-0027\result.json,0.001,,,,,,,1,,,,,,,,,,,,,,,,,,,,,,,,,,,,,,,,,,,,,,,,
2026-05-03T08:43:57,one_step_benchmark,generated/benchmark_stage0_smoke_v2,generated/benchmark_stage0_smoke_v2/benchmark_results.csv,helmholtz_dirichlet_control_DCR-NO_7,helmholtz_dirichlet_control,helmholtz_dirichlet_control,tau0-ablation,dmno_reference,DCR-NO,DCR-NO [dmno-ref],7,120,,,,,,0.002663123709260629,,,,4.172611625108402e-06,,,,,,,,,,,,,,,<LOCAL_ROOT>\DMNO_EXP\artifacts\tau0_ablation_paper120\results\helmholtz-dirichlet-control\dcr-no-tau0-3\seed-0007\result.json,0.001,,,,,,,1,,,,,,,,,,,,,,,,,,,,,,,,,,,,,,,,,,,,,,,,
2026-05-03T08:43:57,one_step_benchmark,generated/benchmark_stage0_smoke_v2,generated/benchmark_stage0_smoke_v2/benchmark_results.csv,helmholtz_dirichlet_control_DCR-NO_17,helmholtz_dirichlet_control,helmholtz_dirichlet_control,tau0-ablation,dmno_reference,DCR-NO,DCR-NO [dmno-ref],17,120,,,,,,0.002663149457807328,,,,4.172611625108402e-06,,,,,,,,,,,,,,,<LOCAL_ROOT>\DMNO_EXP\artifacts\tau0_ablation_paper120\results\helmholtz-dirichlet-control\dcr-no-tau0-3\seed-0017\result.json,0.001,,,,,,,1,,,,,,,,,,,,,,,,,,,,,,,,,,,,,,,,,,,,,,,,
2026-05-03T08:43:57,one_step_benchmark,generated/benchmark_stage0_smoke_v2,generated/benchmark_stage0_smoke_v2/benchmark_results.csv,helmholtz_dirichlet_control_DCR-NO_27,helmholtz_dirichlet_control,helmholtz_dirichlet_control,tau0-ablation,dmno_reference,DCR-NO,DCR-NO [dmno-ref],27,120,,,,,,0.002662878906574425,,,,4.1726102608663496e-06,,,,,,,,,,,,,,,<LOCAL_ROOT>\DMNO_EXP\artifacts\tau0_ablation_paper120\results\helmholtz-dirichlet-control\dcr-no-tau0-3\seed-0027\result.json,0.001,,,,,,,1,,,,,,,,,,,,,,,,,,,,,,,,,,,,,,,,,,,,,,,,
2026-05-03T08:43:57,one_step_benchmark,generated/benchmark_stage0_smoke_v2,generated/benchmark_stage0_smoke_v2/benchmark_results.csv,diffusion_neumann_control_DCR-NO_7,diffusion_neumann_control,diffusion_neumann_control,tau0-ablation,dmno_reference,DCR-NO,DCR-NO [dmno-ref],7,120,,,,,,0.006029493965540768,,,,1.5253511264745612e-05,,,,,,,,,,,,,,,<LOCAL_ROOT>\DMNO_EXP\artifacts\tau0_ablation_paper120_v20_36\results\diffusion-neumann-control\dcr-no-tau0-0\seed-0007\result.json,0.001,,,,,,,1,,,,,,,,,,,,,,,,,,,,,,,,,,,,,,,,,,,,,,,,
2026-05-03T08:43:57,one_step_benchmark,generated/benchmark_stage0_smoke_v2,generated/benchmark_stage0_smoke_v2/benchmark_results.csv,diffusion_neumann_control_DCR-NO_17,diffusion_neumann_control,diffusion_neumann_control,tau0-ablation,dmno_reference,DCR-NO,DCR-NO [dmno-ref],17,120,,,,,,0.006030565160042924,,,,1.528881512058433e-05,,,,,,,,,,,,,,,<LOCAL_ROOT>\DMNO_EXP\artifacts\tau0_ablation_paper120_v20_36\results\diffusion-neumann-control\dcr-no-tau0-0\seed-0017\result.json,0.001,,,,,,,1,,,,,,,,,,,,,,,,,,,,,,,,,,,,,,,,,,,,,,,,
2026-05-03T08:43:57,one_step_benchmark,generated/benchmark_stage0_smoke_v2,generated/benchmark_stage0_smoke_v2/benchmark_results.csv,diffusion_neumann_control_DCR-NO_27,diffusion_neumann_control,diffusion_neumann_control,tau0-ablation,dmno_reference,DCR-NO,DCR-NO [dmno-ref],27,120,,,,,,0.0060262791948756,,,,1.528224856883753e-05,,,,,,,,,,,,,,,<LOCAL_ROOT>\DMNO_EXP\artifacts\tau0_ablation_paper120_v20_36\results\diffusion-neumann-control\dcr-no-tau0-0\seed-0027\result.json,0.001,,,,,,,1,,,,,,,,,,,,,,,,,,,,,,,,,,,,,,,,,,,,,,,,
2026-05-03T08:43:57,one_step_benchmark,generated/benchmark_stage0_smoke_v2,generated/benchmark_stage0_smoke_v2/benchmark_results.csv,diffusion_neumann_control_DCR-NO_7,diffusion_neumann_control,diffusion_neumann_control,tau0-ablation,dmno_reference,DCR-NO,DCR-NO [dmno-ref],7,120,,,,,,0.006029932793964513,,,,1.525233074062271e-05,,,,,,,,,,,,,,,<LOCAL_ROOT>\DMNO_EXP\artifacts\tau0_ablation_paper120_v20_36\results\diffusion-neumann-control\dcr-no-tau0-0-1\seed-0007\result.json,0.001,,,,,,,1,,,,,,,,,,,,,,,,,,,,,,,,,,,,,,,,,,,,,,,,
2026-05-03T08:43:57,one_step_benchmark,generated/benchmark_stage0_smoke_v2,generated/benchmark_stage0_smoke_v2/benchmark_results.csv,diffusion_neumann_control_DCR-NO_17,diffusion_neumann_control,diffusion_neumann_control,tau0-ablation,dmno_reference,DCR-NO,DCR-NO [dmno-ref],17,120,,,,,,0.006030570106645763,,,,1.5289273505914025e-05,,,,,,,,,,,,,,,<LOCAL_ROOT>\DMNO_EXP\artifacts\tau0_ablation_paper120_v20_36\results\diffusion-neumann-control\dcr-no-tau0-0-1\seed-0017\result.json,0.001,,,,,,,1,,,,,,,,,,,,,,,,,,,,,,,,,,,,,,,,,,,,,,,,
2026-05-03T08:43:57,one_step_benchmark,generated/benchmark_stage0_smoke_v2,generated/benchmark_stage0_smoke_v2/benchmark_results.csv,diffusion_neumann_control_DCR-NO_27,diffusion_neumann_control,diffusion_neumann_control,tau0-ablation,dmno_reference,DCR-NO,DCR-NO [dmno-ref],27,120,,,,,,0.0060262858900697385,,,,1.5282450476661325e-05,,,,,,,,,,,,,,,<LOCAL_ROOT>\DMNO_EXP\artifacts\tau0_ablation_paper120_v20_36\results\diffusion-neumann-control\dcr-no-tau0-0-1\seed-0027\result.json,0.001,,,,,,,1,,,,,,,,,,,,,,,,,,,,,,,,,,,,,,,,,,,,,,,,
2026-05-03T08:43:57,one_step_benchmark,generated/benchmark_stage0_smoke_v2,generated/benchmark_stage0_smoke_v2/benchmark_results.csv,diffusion_neumann_control_DCR-NO_7,diffusion_neumann_control,diffusion_neumann_control,tau0-ablation,dmno_reference,DCR-NO,DCR-NO [dmno-ref],7,120,,,,,,0.006030152921249823,,,,1.525414609204745e-05,,,,,,,,,,,,,,,<LOCAL_ROOT>\DMNO_EXP\artifacts\tau0_ablation_paper120_v20_36\results\diffusion-neumann-control\dcr-no-tau0-0-3\seed-0007\result.json,0.001,,,,,,,1,,,,,,,,,,,,,,,,,,,,,,,,,,,,,,,,,,,,,,,,
2026-05-03T08:43:57,one_step_benchmark,generated/benchmark_stage0_smoke_v2,generated/benchmark_stage0_smoke_v2/benchmark_results.csv,diffusion_neumann_control_DCR-NO_17,diffusion_neumann_control,diffusion_neumann_control,tau0-ablation,dmno_reference,DCR-NO,DCR-NO [dmno-ref],17,120,,,,,,0.00603077300661279,,,,1.5290821465896443e-05,,,,,,,,,,,,,,,<LOCAL_ROOT>\DMNO_EXP\artifacts\tau0_ablation_paper120_v20_36\results\diffusion-neumann-control\dcr-no-tau0-0-3\seed-0017\result.json,0.001,,,,,,,1,,,,,,,,,,,,,,,,,,,,,,,,,,,,,,,,,,,,,,,,
2026-05-03T08:43:57,one_step_benchmark,generated/benchmark_stage0_smoke_v2,generated/benchmark_stage0_smoke_v2/benchmark_results.csv,diffusion_neumann_control_DCR-NO_27,diffusion_neumann_control,diffusion_neumann_control,tau0-ablation,dmno_reference,DCR-NO,DCR-NO [dmno-ref],27,120,,,,,,0.006026540067998857,,,,1.528426400909666e-05,,,,,,,,,,,,,,,<LOCAL_ROOT>\DMNO_EXP\artifacts\tau0_ablation_paper120_v20_36\results\diffusion-neumann-control\dcr-no-tau0-0-3\seed-0027\result.json,0.001,,,,,,,1,,,,,,,,,,,,,,,,,,,,,,,,,,,,,,,,,,,,,,,,
2026-05-03T08:43:57,one_step_benchmark,generated/benchmark_stage0_smoke_v2,generated/benchmark_stage0_smoke_v2/benchmark_results.csv,diffusion_neumann_control_DCR-NO_7,diffusion_neumann_control,diffusion_neumann_control,tau0-ablation,dmno_reference,DCR-NO,DCR-NO [dmno-ref],7,120,,,,,,0.0060299248979413765,,,,1.526196501799859e-05,,,,,,,,,,,,,,,<LOCAL_ROOT>\DMNO_EXP\artifacts\tau0_ablation_paper120_v20_36\results\diffusion-neumann-control\dcr-no-tau0-1\seed-0007\result.json,0.001,,,,,,,1,,,,,,,,,,,,,,,,,,,,,,,,,,,,,,,,,,,,,,,,
2026-05-03T08:43:57,one_step_benchmark,generated/benchmark_stage0_smoke_v2,generated/benchmark_stage0_smoke_v2/benchmark_results.csv,diffusion_neumann_control_DCR-NO_17,diffusion_neumann_control,diffusion_neumann_control,tau0-ablation,dmno_reference,DCR-NO,DCR-NO [dmno-ref],17,120,,,,,,0.006030954936087418,,,,1.529734618088696e-05,,,,,,,,,,,,,,,<LOCAL_ROOT>\DMNO_EXP\artifacts\tau0_ablation_paper120_v20_36\results\diffusion-neumann-control\dcr-no-tau0-1\seed-0017\result.json,0.001,,,,,,,1,,,,,,,,,,,,,,,,,,,,,,,,,,,,,,,,,,,,,,,,
2026-05-03T08:43:57,one_step_benchmark,generated/benchmark_stage0_smoke_v2,generated/benchmark_stage0_smoke_v2/benchmark_results.csv,diffusion_neumann_control_DCR-NO_27,diffusion_neumann_control,diffusion_neumann_control,tau0-ablation,dmno_reference,DCR-NO,DCR-NO [dmno-ref],27,120,,,,,,0.006027591655572453,,,,1.529078508610837e-05,,,,,,,,,,,,,,,<LOCAL_ROOT>\DMNO_EXP\artifacts\tau0_ablation_paper120_v20_36\results\diffusion-neumann-control\dcr-no-tau0-1\seed-0027\result.json,0.001,,,,,,,1,,,,,,,,,,,,,,,,,,,,,,,,,,,,,,,,,,,,,,,,
2026-05-03T08:43:57,one_step_benchmark,generated/benchmark_stage0_smoke_v2,generated/benchmark_stage0_smoke_v2/benchmark_results.csv,diffusion_neumann_control_DCR-NO_7,diffusion_neumann_control,diffusion_neumann_control,tau0-ablation,dmno_reference,DCR-NO,DCR-NO [dmno-ref],7,120,,,,,,0.006051251427620125,,,,1.5307818102883175e-05,,,,,,,,,,,,,,,<LOCAL_ROOT>\DMNO_EXP\artifacts\tau0_ablation_paper120_v20_36\results\diffusion-neumann-control\dcr-no-tau0-3\seed-0007\result.json,0.001,,,,,,,1,,,,,,,,,,,,,,,,,,,,,,,,,,,,,,,,,,,,,,,,
2026-05-03T08:43:57,one_step_benchmark,generated/benchmark_stage0_smoke_v2,generated/benchmark_stage0_smoke_v2/benchmark_results.csv,diffusion_neumann_control_DCR-NO_17,diffusion_neumann_control,diffusion_neumann_control,tau0-ablation,dmno_reference,DCR-NO,DCR-NO [dmno-ref],17,120,,,,,,0.006057031698513882,,,,1.534485818410758e-05,,,,,,,,,,,,,,,<LOCAL_ROOT>\DMNO_EXP\artifacts\tau0_ablation_paper120_v20_36\results\diffusion-neumann-control\dcr-no-tau0-3\seed-0017\result.json,0.001,,,,,,,1,,,,,,,,,,,,,,,,,,,,,,,,,,,,,,,,,,,,,,,,
2026-05-03T08:43:57,one_step_benchmark,generated/benchmark_stage0_smoke_v2,generated/benchmark_stage0_smoke_v2/benchmark_results.csv,diffusion_neumann_control_DCR-NO_27,diffusion_neumann_control,diffusion_neumann_control,tau0-ablation,dmno_reference,DCR-NO,DCR-NO [dmno-ref],27,120,,,,,,0.006050367914250467,,,,1.5338286175392568e-05,,,,,,,,,,,,,,,<LOCAL_ROOT>\DMNO_EXP\artifacts\tau0_ablation_paper120_v20_36\results\diffusion-neumann-control\dcr-no-tau0-3\seed-0027\result.json,0.001,,,,,,,1,,,,,,,,,,,,,,,,,,,,,,,,,,,,,,,,,,,,,,,,
2026-05-03T08:43:57,one_step_benchmark,generated/benchmark_stage0_smoke_v2,generated/benchmark_stage0_smoke_v2/benchmark_results.csv,helmholtz_dirichlet_control_DCR-NO_7,helmholtz_dirichlet_control,helmholtz_dirichlet_control,tau0-ablation,dmno_reference,DCR-NO,DCR-NO [dmno-ref],7,120,,,,,,0.002663123709260629,,,,4.172611625108402e-06,,,,,,,,,,,,,,,<LOCAL_ROOT>\DMNO_EXP\artifacts\tau0_ablation_paper120_v20_36\results\helmholtz-dirichlet-control\dcr-no-tau0-0\seed-0007\result.json,0.001,,,,,,,1,,,,,,,,,,,,,,,,,,,,,,,,,,,,,,,,,,,,,,,,
2026-05-03T08:43:57,one_step_benchmark,generated/benchmark_stage0_smoke_v2,generated/benchmark_stage0_smoke_v2/benchmark_results.csv,helmholtz_dirichlet_control_DCR-NO_17,helmholtz_dirichlet_control,helmholtz_dirichlet_control,tau0-ablation,dmno_reference,DCR-NO,DCR-NO [dmno-ref],17,120,,,,,,0.002663149457807328,,,,4.172611625108402e-06,,,,,,,,,,,,,,,<LOCAL_ROOT>\DMNO_EXP\artifacts\tau0_ablation_paper120_v20_36\results\helmholtz-dirichlet-control\dcr-no-tau0-0\seed-0017\result.json,0.001,,,,,,,1,,,,,,,,,,,,,,,,,,,,,,,,,,,,,,,,,,,,,,,,
2026-05-03T08:43:57,one_step_benchmark,generated/benchmark_stage0_smoke_v2,generated/benchmark_stage0_smoke_v2/benchmark_results.csv,helmholtz_dirichlet_control_DCR-NO_27,helmholtz_dirichlet_control,helmholtz_dirichlet_control,tau0-ablation,dmno_reference,DCR-NO,DCR-NO [dmno-ref],27,120,,,,,,0.002662878906574425,,,,4.1726102608663496e-06,,,,,,,,,,,,,,,<LOCAL_ROOT>\DMNO_EXP\artifacts\tau0_ablation_paper120_v20_36\results\helmholtz-dirichlet-control\dcr-no-tau0-0\seed-0027\result.json,0.001,,,,,,,1,,,,,,,,,,,,,,,,,,,,,,,,,,,,,,,,,,,,,,,,
2026-05-03T08:43:57,one_step_benchmark,generated/benchmark_stage0_smoke_v2,generated/benchmark_stage0_smoke_v2/benchmark_results.csv,helmholtz_dirichlet_control_DCR-NO_7,helmholtz_dirichlet_control,helmholtz_dirichlet_control,tau0-ablation,dmno_reference,DCR-NO,DCR-NO [dmno-ref],7,120,,,,,,0.002663123709260629,,,,4.172611625108402e-06,,,,,,,,,,,,,,,<LOCAL_ROOT>\DMNO_EXP\artifacts\tau0_ablation_paper120_v20_36\results\helmholtz-dirichlet-control\dcr-no-tau0-0-1\seed-0007\result.json,0.001,,,,,,,1,,,,,,,,,,,,,,,,,,,,,,,,,,,,,,,,,,,,,,,,
2026-05-03T08:43:57,one_step_benchmark,generated/benchmark_stage0_smoke_v2,generated/benchmark_stage0_smoke_v2/benchmark_results.csv,helmholtz_dirichlet_control_DCR-NO_17,helmholtz_dirichlet_control,helmholtz_dirichlet_control,tau0-ablation,dmno_reference,DCR-NO,DCR-NO [dmno-ref],17,120,,,,,,0.002663149457807328,,,,4.172611625108402e-06,,,,,,,,,,,,,,,<LOCAL_ROOT>\DMNO_EXP\artifacts\tau0_ablation_paper120_v20_36\results\helmholtz-dirichlet-control\dcr-no-tau0-0-1\seed-0017\result.json,0.001,,,,,,,1,,,,,,,,,,,,,,,,,,,,,,,,,,,,,,,,,,,,,,,,
2026-05-03T08:43:57,one_step_benchmark,generated/benchmark_stage0_smoke_v2,generated/benchmark_stage0_smoke_v2/benchmark_results.csv,helmholtz_dirichlet_control_DCR-NO_27,helmholtz_dirichlet_control,helmholtz_dirichlet_control,tau0-ablation,dmno_reference,DCR-NO,DCR-NO [dmno-ref],27,120,,,,,,0.002662878906574425,,,,4.1726102608663496e-06,,,,,,,,,,,,,,,<LOCAL_ROOT>\DMNO_EXP\artifacts\tau0_ablation_paper120_v20_36\results\helmholtz-dirichlet-control\dcr-no-tau0-0-1\seed-0027\result.json,0.001,,,,,,,1,,,,,,,,,,,,,,,,,,,,,,,,,,,,,,,,,,,,,,,,
2026-05-03T08:43:57,one_step_benchmark,generated/benchmark_stage0_smoke_v2,generated/benchmark_stage0_smoke_v2/benchmark_results.csv,helmholtz_dirichlet_control_DCR-NO_7,helmholtz_dirichlet_control,helmholtz_dirichlet_control,tau0-ablation,dmno_reference,DCR-NO,DCR-NO [dmno-ref],7,120,,,,,,0.002663123709260629,,,,4.172611625108402e-06,,,,,,,,,,,,,,,<LOCAL_ROOT>\DMNO_EXP\artifacts\tau0_ablation_paper120_v20_36\results\helmholtz-dirichlet-control\dcr-no-tau0-0-3\seed-0007\result.json,0.001,,,,,,,1,,,,,,,,,,,,,,,,,,,,,,,,,,,,,,,,,,,,,,,,
2026-05-03T08:43:57,one_step_benchmark,generated/benchmark_stage0_smoke_v2,generated/benchmark_stage0_smoke_v2/benchmark_results.csv,helmholtz_dirichlet_control_DCR-NO_17,helmholtz_dirichlet_control,helmholtz_dirichlet_control,tau0-ablation,dmno_reference,DCR-NO,DCR-NO [dmno-ref],17,120,,,,,,0.002663149457807328,,,,4.172611625108402e-06,,,,,,,,,,,,,,,<LOCAL_ROOT>\DMNO_EXP\artifacts\tau0_ablation_paper120_v20_36\results\helmholtz-dirichlet-control\dcr-no-tau0-0-3\seed-0017\result.json,0.001,,,,,,,1,,,,,,,,,,,,,,,,,,,,,,,,,,,,,,,,,,,,,,,,
2026-05-03T08:43:57,one_step_benchmark,generated/benchmark_stage0_smoke_v2,generated/benchmark_stage0_smoke_v2/benchmark_results.csv,helmholtz_dirichlet_control_DCR-NO_27,helmholtz_dirichlet_control,helmholtz_dirichlet_control,tau0-ablation,dmno_reference,DCR-NO,DCR-NO [dmno-ref],27,120,,,,,,0.002662878906574425,,,,4.1726102608663496e-06,,,,,,,,,,,,,,,<LOCAL_ROOT>\DMNO_EXP\artifacts\tau0_ablation_paper120_v20_36\results\helmholtz-dirichlet-control\dcr-no-tau0-0-3\seed-0027\result.json,0.001,,,,,,,1,,,,,,,,,,,,,,,,,,,,,,,,,,,,,,,,,,,,,,,,
2026-05-03T08:43:57,one_step_benchmark,generated/benchmark_stage0_smoke_v2,generated/benchmark_stage0_smoke_v2/benchmark_results.csv,helmholtz_dirichlet_control_DCR-NO_7,helmholtz_dirichlet_control,helmholtz_dirichlet_control,tau0-ablation,dmno_reference,DCR-NO,DCR-NO [dmno-ref],7,120,,,,,,0.002663123709260629,,,,4.172611625108402e-06,,,,,,,,,,,,,,,<LOCAL_ROOT>\DMNO_EXP\artifacts\tau0_ablation_paper120_v20_36\results\helmholtz-dirichlet-control\dcr-no-tau0-1\seed-0007\result.json,0.001,,,,,,,1,,,,,,,,,,,,,,,,,,,,,,,,,,,,,,,,,,,,,,,,
2026-05-03T08:43:57,one_step_benchmark,generated/benchmark_stage0_smoke_v2,generated/benchmark_stage0_smoke_v2/benchmark_results.csv,helmholtz_dirichlet_control_DCR-NO_17,helmholtz_dirichlet_control,helmholtz_dirichlet_control,tau0-ablation,dmno_reference,DCR-NO,DCR-NO [dmno-ref],17,120,,,,,,0.002663149457807328,,,,4.172611625108402e-06,,,,,,,,,,,,,,,<LOCAL_ROOT>\DMNO_EXP\artifacts\tau0_ablation_paper120_v20_36\results\helmholtz-dirichlet-control\dcr-no-tau0-1\seed-0017\result.json,0.001,,,,,,,1,,,,,,,,,,,,,,,,,,,,,,,,,,,,,,,,,,,,,,,,
2026-05-03T08:43:57,one_step_benchmark,generated/benchmark_stage0_smoke_v2,generated/benchmark_stage0_smoke_v2/benchmark_results.csv,helmholtz_dirichlet_control_DCR-NO_27,helmholtz_dirichlet_control,helmholtz_dirichlet_control,tau0-ablation,dmno_reference,DCR-NO,DCR-NO [dmno-ref],27,120,,,,,,0.002662878906574425,,,,4.1726102608663496e-06,,,,,,,,,,,,,,,<LOCAL_ROOT>\DMNO_EXP\artifacts\tau0_ablation_paper120_v20_36\results\helmholtz-dirichlet-control\dcr-no-tau0-1\seed-0027\result.json,0.001,,,,,,,1,,,,,,,,,,,,,,,,,,,,,,,,,,,,,,,,,,,,,,,,
2026-05-03T08:43:57,one_step_benchmark,generated/benchmark_stage0_smoke_v2,generated/benchmark_stage0_smoke_v2/benchmark_results.csv,helmholtz_dirichlet_control_DCR-NO_7,helmholtz_dirichlet_control,helmholtz_dirichlet_control,tau0-ablation,dmno_reference,DCR-NO,DCR-NO [dmno-ref],7,120,,,,,,0.002663123709260629,,,,4.172611625108402e-06,,,,,,,,,,,,,,,<LOCAL_ROOT>\DMNO_EXP\artifacts\tau0_ablation_paper120_v20_36\results\helmholtz-dirichlet-control\dcr-no-tau0-3\seed-0007\result.json,0.001,,,,,,,1,,,,,,,,,,,,,,,,,,,,,,,,,,,,,,,,,,,,,,,,
2026-05-03T08:43:57,one_step_benchmark,generated/benchmark_stage0_smoke_v2,generated/benchmark_stage0_smoke_v2/benchmark_results.csv,helmholtz_dirichlet_control_DCR-NO_17,helmholtz_dirichlet_control,helmholtz_dirichlet_control,tau0-ablation,dmno_reference,DCR-NO,DCR-NO [dmno-ref],17,120,,,,,,0.002663149457807328,,,,4.172611625108402e-06,,,,,,,,,,,,,,,<LOCAL_ROOT>\DMNO_EXP\artifacts\tau0_ablation_paper120_v20_36\results\helmholtz-dirichlet-control\dcr-no-tau0-3\seed-0017\result.json,0.001,,,,,,,1,,,,,,,,,,,,,,,,,,,,,,,,,,,,,,,,,,,,,,,,
2026-05-03T08:43:57,one_step_benchmark,generated/benchmark_stage0_smoke_v2,generated/benchmark_stage0_smoke_v2/benchmark_results.csv,helmholtz_dirichlet_control_DCR-NO_27,helmholtz_dirichlet_control,helmholtz_dirichlet_control,tau0-ablation,dmno_reference,DCR-NO,DCR-NO [dmno-ref],27,120,,,,,,0.002662878906574425,,,,4.1726102608663496e-06,,,,,,,,,,,,,,,<LOCAL_ROOT>\DMNO_EXP\artifacts\tau0_ablation_paper120_v20_36\results\helmholtz-dirichlet-control\dcr-no-tau0-3\seed-0027\result.json,0.001,,,,,,,1,,,,,,,,,,,,,,,,,,,,,,,,,,,,,,,,,,,,,,,,
2026-05-03T08:43:57,one_step_benchmark,generated/benchmark_stage1_breadth,generated/benchmark_stage1_breadth/benchmark_results.csv,darcy_synth_MiNO-Core_7,darcy_synth,darcy,synthetic,synthetic,MiNO-Core,MiNO-Core,7,8,2,,,,,0.9987989440560341,,,52.23240566253662,52.074392318725586,1.5666425973176956,0.9291032180190086,,,,,,,,,13.662489700000151,424948,64,64,,0.0001,0.0001,1.0,,,,1,1,,,,,,,,,,,,,,,,,,,,,,,,,,,,,,,,,,,,,,,,
2026-05-03T08:43:57,one_step_benchmark,generated/benchmark_stage1_breadth,generated/benchmark_stage1_breadth/benchmark_results.csv,darcy_synth_MiNO-Plus_7,darcy_synth,darcy,synthetic,synthetic,MiNO-Plus,MiNO-Plus,7,8,2,,,,,0.999654196202755,,,52.32007694244385,51.74043798446655,1.5652391463518143,0.9768936112523079,,,,,,,,,23.78124459999981,804008,64,64,,0.0001,0.0001,1.0,,,,1,1,,,,,,,,,,,,,,,,,,,,,,,,,,,,,,,,,,,,,,,,
2026-05-03T08:43:57,one_step_benchmark,generated/benchmark_stage1_breadth,generated/benchmark_stage1_breadth/benchmark_results.csv,navier_stokes_synth_MiNO-Core_7,navier_stokes_synth,navier_stokes,synthetic,synthetic,MiNO-Core,MiNO-Core,7,8,2,,,,,1.2559899687767029,,,0.1578238122165203,0.16154277231544256,1.5459027290344238,0.1455317297950387,,,,,,,,,12.771791000000121,424948,64,64,,0.0001,0.0001,1.0,,,,1,1,,,,,,,,,,,,,,,,,,,,,,,,,,,,,,,,,,,,,,,,
2026-05-03T08:43:57,one_step_benchmark,generated/benchmark_stage1_breadth,generated/benchmark_stage1_breadth/benchmark_results.csv,navier_stokes_synth_MiNO-Plus_7,navier_stokes_synth,navier_stokes,synthetic,synthetic,MiNO-Plus,MiNO-Plus,7,8,2,,,,,0.9571062251925468,,,0.0901431180536747,0.09236339200288057,1.5167891383171082,0.3956107273697853,,,,,,,,,23.816255700000056,804008,64,64,,0.0001,0.0001,1.0,,,,1,1,,,,,,,,,,,,,,,,,,,,,,,,,,,,,,,,,,,,,,,,
2026-05-03T08:43:57,one_step_benchmark,generated/benchmark_stage1_breadth,generated/benchmark_stage1_breadth/benchmark_results.csv,wave_synth_MiNO-Core_7,wave_synth,wave,synthetic,synthetic,MiNO-Core,MiNO-Core,7,8,2,,,,,0.6029452532529831,,,0.01734108623350039,0.016174039454199374,1.4312555193901062,1180.728413373232,,,,,,,,,12.696947900000396,424948,64,64,,0.0001,0.0001,1.0,,,,1,1,,,,,,,,,,,,,,,,,,,,,,,,,,,,,,,,,,,,,,,,
2026-05-03T08:43:57,one_step_benchmark,generated/benchmark_stage1_breadth,generated/benchmark_stage1_breadth/benchmark_results.csv,wave_synth_MiNO-Plus_7,wave_synth,wave,synthetic,synthetic,MiNO-Plus,MiNO-Plus,7,8,2,,,,,0.19107362814247608,,,0.0017117534298449755,0.0015384785074274987,1.4098705053329468,1052.5990727348253,,,,,,,,,23.92402899999979,804008,64,64,,0.0001,0.0001,1.0,,,,1,1,,,,,,,,,,,,,,,,,,,,,,,,,,,,,,,,,,,,,,,,
2026-05-03T08:43:57,one_step_benchmark,generated/benchmark_stage1_breadth,generated/benchmark_stage1_breadth/benchmark_results.csv,poisson_robin_control_MiNO-Core_7,poisson_robin_control,poisson_robin,control,tcno_cache,MiNO-Core,MiNO-Core,7,8,2,,,,,0.03438213700428605,,,0.0013865912478649989,0.0016305979928195786,1.4440860946973164,0.006959065600919227,,,,,,,,,115.49813809999978,425206,192,192,,0.0001,0.0001,1.0,,,,3,1,,,,,,,,,,,,,,,,,,,,,,,,,,,,,,,,,,,,,,,,
2026-05-03T08:43:57,one_step_benchmark,generated/benchmark_stage1_breadth,generated/benchmark_stage1_breadth/benchmark_results.csv,poisson_robin_control_MiNO-Plus_7,poisson_robin_control,poisson_robin,control,tcno_cache,MiNO-Plus,MiNO-Plus,7,8,2,,,,,0.03075627206514279,,,0.0010759984603888977,0.0011216628505887154,1.442296971877416,0.00826500914990902,,,,,,,,,176.77811249999968,804266,192,192,,0.0001,0.0001,1.0,,,,3,1,,,,,,,,,,,,,,,,,,,,,,,,,,,,,,,,,,,,,,,,
2026-05-03T08:43:57,one_step_benchmark,generated/benchmark_stage1_breadth,generated/benchmark_stage1_breadth/benchmark_results.csv,poisson_robin_positive_MiNO-Core_7,poisson_robin_positive,poisson_robin,positive,tcno_cache,MiNO-Core,MiNO-Core,7,8,2,,,,,0.03476116123298804,,,0.0014095372462179512,0.0016468457179144025,1.4532994329929352,0.007213875690164666,,,,,,,,,117.04816739999978,425206,192,192,,0.0001,0.0001,1.0,,,,3,1,,,,,,,,,,,,,,,,,,,,,,,,,,,,,,,,,,,,,,,,
2026-05-03T08:43:57,one_step_benchmark,generated/benchmark_stage1_breadth,generated/benchmark_stage1_breadth/benchmark_results.csv,poisson_robin_positive_MiNO-Plus_7,poisson_robin_positive,poisson_robin,positive,tcno_cache,MiNO-Plus,MiNO-Plus,7,8,2,,,,,0.0316185614404579,,,0.0011355509486747906,0.001177635332472467,1.442894607782364,0.008445991280799111,,,,,,,,,180.02099809999982,804266,192,192,,0.0001,0.0001,1.0,,,,3,1,,,,,,,,,,,,,,,,,,,,,,,,,,,,,,,,,,,,,,,,
2026-05-03T08:43:57,one_step_benchmark,generated/benchmark_stage1_breadth,generated/benchmark_stage1_breadth/benchmark_results.csv,diffusion_neumann_control_MiNO-Core_7,diffusion_neumann_control,diffusion_neumann,control,tcno_cache,MiNO-Core,MiNO-Core,7,8,2,,,,,0.00441182996534432,,,2.0989407554831512e-05,2.2636711946688592e-05,1.535317023595174,0.0024550820623214045,,,,,,,,,117.68416230000003,425206,192,192,,0.0001,0.0001,1.0,,,,3,1,,,,,,,,,,,,,,,,,,,,,,,,,,,,,,,,,,,,,,,,
2026-05-03T08:43:57,one_step_benchmark,generated/benchmark_stage1_breadth,generated/benchmark_stage1_breadth/benchmark_results.csv,diffusion_neumann_control_MiNO-Plus_7,diffusion_neumann_control,diffusion_neumann,control,tcno_cache,MiNO-Plus,MiNO-Plus,7,8,2,,,,,0.004521851078607142,,,2.2227858380574617e-05,2.4408982729558677e-05,1.6314934889475505,0.0026519760625281683,,,,,,,,,180.491626,804266,192,192,,0.0001,0.0001,1.0,,,,3,1,,,,,,,,,,,,,,,,,,,,,,,,,,,,,,,,,,,,,,,,
2026-05-03T08:43:57,one_step_benchmark,generated/benchmark_stage1_breadth,generated/benchmark_stage1_breadth/benchmark_results.csv,diffusion_neumann_positive_MiNO-Core_7,diffusion_neumann_positive,diffusion_neumann,positive,tcno_cache,MiNO-Core,MiNO-Core,7,8,2,,,,,0.006179034438294669,,,3.9128859043557895e-05,4.084879371172671e-05,1.5603631536165874,0.002942065359093249,,,,,,,,,118.51644060000035,425206,192,192,,0.0001,0.0001,1.0,,,,3,1,,,,,,,,,,,,,,,,,,,,,,,,,,,,,,,,,,,,,,,,
2026-05-03T08:43:57,one_step_benchmark,generated/benchmark_stage1_breadth,generated/benchmark_stage1_breadth/benchmark_results.csv,diffusion_neumann_positive_MiNO-Plus_7,diffusion_neumann_positive,diffusion_neumann,positive,tcno_cache,MiNO-Plus,MiNO-Plus,7,8,2,,,,,0.006178448481174807,,,3.9263456377132876e-05,4.140158459146429e-05,1.6168023546536763,0.0030333646961177387,,,,,,,,,180.77724839999973,804266,192,192,,0.0001,0.0001,1.0,,,,3,1,,,,,,,,,,,,,,,,,,,,,,,,,,,,,,,,,,,,,,,,
2026-05-03T08:43:57,one_step_benchmark,generated/benchmark_stage1_breadth,generated/benchmark_stage1_breadth/benchmark_results.csv,helmholtz_dirichlet_control_MiNO-Core_7,helmholtz_dirichlet_control,helmholtz_dirichlet,control,tcno_cache,MiNO-Core,MiNO-Core,7,8,2,,,,,0.15555615350604057,,,0.024720755716164906,0.02788102300837636,1.5516258974870045,0.07878787443041801,,,,,,,,,118.65367940000033,425206,192,192,,0.0001,0.0001,1.0,,,,3,1,,,,,,,,,,,,,,,,,,,,,,,,,,,,,,,,,,,,,,,,
2026-05-03T08:43:57,one_step_benchmark,generated/benchmark_stage1_breadth,generated/benchmark_stage1_breadth/benchmark_results.csv,helmholtz_dirichlet_control_MiNO-Plus_7,helmholtz_dirichlet_control,helmholtz_dirichlet,control,tcno_cache,MiNO-Plus,MiNO-Plus,7,8,2,,,,,0.1201904658228159,,,0.014991616131737828,0.017268330169220764,1.5059509972731273,0.03495957857618729,,,,,,,,,180.71872350000012,804266,192,192,,0.0001,0.0001,1.0,,,,3,1,,,,,,,,,,,,,,,,,,,,,,,,,,,,,,,,,,,,,,,,
2026-05-03T08:43:57,one_step_benchmark,generated/benchmark_stage1_breadth,generated/benchmark_stage1_breadth/benchmark_results.csv,helmholtz_dirichlet_positive_MiNO-Core_7,helmholtz_dirichlet_positive,helmholtz_dirichlet,positive,tcno_cache,MiNO-Core,MiNO-Core,7,8,2,,,,,0.2840442309776942,,,0.0818147137761116,0.0925469733774662,1.5187914570172627,0.255540623019139,,,,,,,,,118.27052270000058,425206,192,192,,0.0001,0.0001,1.0,,,,3,1,,,,,,,,,,,,,,,,,,,,,,,,,,,,,,,,,,,,,,,,
2026-05-03T08:43:57,one_step_benchmark,generated/benchmark_stage1_breadth,generated/benchmark_stage1_breadth/benchmark_results.csv,helmholtz_dirichlet_positive_MiNO-Plus_7,helmholtz_dirichlet_positive,helmholtz_dirichlet,positive,tcno_cache,MiNO-Plus,MiNO-Plus,7,8,2,,,,,0.2197974535326163,,,0.048730471171438694,0.0527343995248278,1.5186894635359447,0.19043772295117378,,,,,,,,,180.86130409999987,804266,192,192,,0.0001,0.0001,1.0,,,,3,1,,,,,,,,,,,,,,,,,,,,,,,,,,,,,,,,,,,,,,,,
2026-05-03T08:43:57,one_step_benchmark,generated/benchmark_stage1_breadth,generated/benchmark_stage1_breadth/benchmark_results.csv,helmholtz_impedance_control_MiNO-Core_7,helmholtz_impedance_control,helmholtz_impedance,control,tcno_cache,MiNO-Core,MiNO-Core,7,8,2,,,,,0.1788896806538105,,,0.03263023557762305,0.031157562664399546,1.3018141289552052,0.05950840547059973,,,,,,,,,118.20381589999943,425206,192,192,,0.0001,0.0001,1.0,,,,3,1,,,,,,,,,,,,,,,,,,,,,,,,,,,,,,,,,,,,,,,,
2026-05-03T08:43:57,one_step_benchmark,generated/benchmark_stage1_breadth,generated/benchmark_stage1_breadth/benchmark_results.csv,helmholtz_impedance_control_MiNO-Plus_7,helmholtz_impedance_control,helmholtz_impedance,control,tcno_cache,MiNO-Plus,MiNO-Plus,7,8,2,,,,,0.145415889720122,,,0.0215393693652004,0.01994583779014647,1.3045775592327118,0.026157828668753307,,,,,,,,,181.1608914999997,804266,192,192,,0.0001,0.0001,1.0,,,,3,1,,,,,,,,,,,,,,,,,,,,,,,,,,,,,,,,,,,,,,,,
2026-05-03T08:43:57,one_step_benchmark,generated/benchmark_stage1_breadth,generated/benchmark_stage1_breadth/benchmark_results.csv,helmholtz_impedance_positive_MiNO-Core_7,helmholtz_impedance_positive,helmholtz_impedance,positive,tcno_cache,MiNO-Core,MiNO-Core,7,8,2,,,,,0.3920293425520261,,,0.1542367140452067,0.15364227816462517,1.33699698249499,0.37146082272132236,,,,,,,,,118.56975330000023,425206,192,192,,0.0001,0.0001,1.0,,,,3,1,,,,,,,,,,,,,,,,,,,,,,,,,,,,,,,,,,,,,,,,
2026-05-03T08:43:57,one_step_benchmark,generated/benchmark_stage1_breadth,generated/benchmark_stage1_breadth/benchmark_results.csv,helmholtz_impedance_positive_MiNO-Plus_7,helmholtz_impedance_positive,helmholtz_impedance,positive,tcno_cache,MiNO-Plus,MiNO-Plus,7,8,2,,,,,0.22799683610598245,,,0.05229930331309637,0.052160413935780525,1.3346238831679027,0.14332034811377525,,,,,,,,,181.48307300000033,804266,192,192,,0.0001,0.0001,1.0,,,,3,1,,,,,,,,,,,,,,,,,,,,,,,,,,,,,,,,,,,,,,,,
2026-05-03T08:43:57,one_step_benchmark,generated/benchmark_stage1_breadth,generated/benchmark_stage1_breadth/benchmark_results.csv,helmholtz_variable_control_MiNO-Core_7,helmholtz_variable_control,helmholtz_variable,control,tcno_cache,MiNO-Core,MiNO-Core,7,8,2,,,,,0.10818694594005744,,,0.012723284075036645,0.01317557052243501,1.4783069292704265,0.05369920997569958,,,,,,,,,118.29574959999991,425206,192,192,,0.0001,0.0001,1.0,,,,3,1,,,,,,,,,,,,,,,,,,,,,,,,,,,,,,,,,,,,,,,,
2026-05-03T08:43:57,one_step_benchmark,generated/benchmark_stage1_breadth,generated/benchmark_stage1_breadth/benchmark_results.csv,helmholtz_variable_control_MiNO-Plus_7,helmholtz_variable_control,helmholtz_variable,control,tcno_cache,MiNO-Plus,MiNO-Plus,7,8,2,,,,,0.06626039774467547,,,0.005044190736953169,0.0052698106252743555,1.478999634583791,0.02628553208584587,,,,,,,,,181.43220759999986,804266,192,192,,0.0001,0.0001,1.0,,,,3,1,,,,,,,,,,,,,,,,,,,,,,,,,,,,,,,,,,,,,,,,
2026-05-03T08:43:57,one_step_benchmark,generated/benchmark_stage1_breadth,generated/benchmark_stage1_breadth/benchmark_results.csv,helmholtz_variable_positive_MiNO-Core_7,helmholtz_variable_positive,helmholtz_variable,positive,tcno_cache,MiNO-Core,MiNO-Core,7,8,2,,,,,0.36860127995411557,,,0.13877922296524048,0.12067035709818204,1.5399691760540009,0.20824997127056122,,,,,,,,,118.39696410000033,425206,192,192,,0.0001,0.0001,1.0,,,,3,1,,,,,,,,,,,,,,,,,,,,,,,,,,,,,,,,,,,,,,,,
2026-05-03T08:43:57,one_step_benchmark,generated/benchmark_stage1_breadth,generated/benchmark_stage1_breadth/benchmark_results.csv,helmholtz_variable_positive_MiNO-Plus_7,helmholtz_variable_positive,helmholtz_variable,positive,tcno_cache,MiNO-Plus,MiNO-Plus,7,8,2,,,,,0.3084309995174408,,,0.09984509088099003,0.08569398336112499,1.5582110186417897,0.16817942882577577,,,,,,,,,181.24713910000082,804266,192,192,,0.0001,0.0001,1.0,,,,3,1,,,,,,,,,,,,,,,,,,,,,,,,,,,,,,,,,,,,,,,,
2026-05-03T08:43:57,one_step_benchmark,generated/benchmark_stage1_breadth,generated/benchmark_stage1_breadth/benchmark_results.csv,helmholtz_highk_control_MiNO-Core_7,helmholtz_highk_control,helmholtz_highk,control,tcno_cache,MiNO-Core,MiNO-Core,7,8,2,,,,,0.40648942689100903,,,0.16797144959370294,0.16953599018355212,1.529027948776881,0.19954606890678406,,,,,,,,,119.13022719999935,425206,192,192,,0.0001,0.0001,1.0,,,,3,1,,,,,,,,,,,,,,,,,,,,,,,,,,,,,,,,,,,,,,,,
2026-05-03T08:43:57,one_step_benchmark,generated/benchmark_stage1_breadth,generated/benchmark_stage1_breadth/benchmark_results.csv,helmholtz_highk_control_MiNO-Plus_7,helmholtz_highk_control,helmholtz_highk,control,tcno_cache,MiNO-Plus,MiNO-Plus,7,8,2,,,,,0.351360281308492,,,0.1256496968368689,0.13677686266601086,1.519171228011449,0.13898040788869062,,,,,,,,,180.93026089999967,804266,192,192,,0.0001,0.0001,1.0,,,,3,1,,,,,,,,,,,,,,,,,,,,,,,,,,,,,,,,,,,,,,,,
2026-05-03T08:43:57,one_step_benchmark,generated/benchmark_stage1_breadth,generated/benchmark_stage1_breadth/benchmark_results.csv,helmholtz_highk_positive_MiNO-Core_7,helmholtz_highk_positive,helmholtz_highk,positive,tcno_cache,MiNO-Core,MiNO-Core,7,8,2,,,,,0.487804281214873,,,0.24197080234686533,0.2813964933156967,1.541174978017807,0.3409590447942416,,,,,,,,,118.77086080000026,425206,192,192,,0.0001,0.0001,1.0,,,,3,1,,,,,,,,,,,,,,,,,,,,,,,,,,,,,,,,,,,,,,,,
2026-05-03T08:43:57,one_step_benchmark,generated/benchmark_stage1_breadth,generated/benchmark_stage1_breadth/benchmark_results.csv,helmholtz_highk_positive_MiNO-Plus_7,helmholtz_highk_positive,helmholtz_highk,positive,tcno_cache,MiNO-Plus,MiNO-Plus,7,8,2,,,,,0.41069070249795914,,,0.17176690449317297,0.17378718902667364,1.5472299754619598,0.20318278794487318,,,,,,,,,181.91797179999958,804266,192,192,,0.0001,0.0001,1.0,,,,3,1,,,,,,,,,,,,,,,,,,,,,,,,,,,,,,,,,,,,,,,,
2026-05-03T08:43:57,one_step_benchmark,generated/benchmark_stage1_breadth,generated/benchmark_stage1_breadth/benchmark_results.csv,helmholtz_multimodal_control_MiNO-Core_7,helmholtz_multimodal_control,helmholtz_multimodal,control,tcno_cache,MiNO-Core,MiNO-Core,7,8,2,,,,,0.5154258335630099,,,0.2702767848968506,0.29319599519173306,1.3484507699807484,0.23924657702445984,,,,,,,,,119.40070360000027,425206,192,192,,0.0001,0.0001,1.0,,,,3,1,,,,,,,,,,,,,,,,,,,,,,,,,,,,,,,,,,,,,,,,
2026-05-03T08:43:57,one_step_benchmark,generated/benchmark_stage1_breadth,generated/benchmark_stage1_breadth/benchmark_results.csv,helmholtz_multimodal_control_MiNO-Plus_7,helmholtz_multimodal_control,helmholtz_multimodal,control,tcno_cache,MiNO-Plus,MiNO-Plus,7,8,2,,,,,0.5002094705899557,,,0.2550834467013677,0.28051602467894554,1.3514388799667358,0.22623803342382112,,,,,,,,,186.18130890000066,804266,192,192,,0.0001,0.0001,1.0,,,,3,1,,,,,,,,,,,,,,,,,,,,,,,,,,,,,,,,,,,,,,,,
2026-05-03T08:43:57,one_step_benchmark,generated/benchmark_stage1_breadth,generated/benchmark_stage1_breadth/benchmark_results.csv,helmholtz_multimodal_positive_MiNO-Core_7,helmholtz_multimodal_positive,helmholtz_multimodal,positive,tcno_cache,MiNO-Core,MiNO-Core,7,8,2,,,,,0.9070967584848404,,,0.8249298383792242,0.8711528678735098,1.4905622005462646,0.7610932489236196,,,,,,,,,120.52781370000048,425206,192,192,,0.0001,0.0001,1.0,,,,3,1,,,,,,,,,,,,,,,,,,,,,,,,,,,,,,,,,,,,,,,,
2026-05-03T08:43:57,one_step_benchmark,generated/benchmark_stage1_breadth,generated/benchmark_stage1_breadth/benchmark_results.csv,helmholtz_multimodal_positive_MiNO-Plus_7,helmholtz_multimodal_positive,helmholtz_multimodal,positive,tcno_cache,MiNO-Plus,MiNO-Plus,7,8,2,,,,,0.8863203028837839,,,0.7883336146672567,0.8459464112917582,1.4748375018437703,0.7351373235384623,,,,,,,,,183.35122470000078,804266,192,192,,0.0001,0.0001,1.0,,,,3,1,,,,,,,,,,,,,,,,,,,,,,,,,,,,,,,,,,,,,,,,
2026-05-03T08:43:57,one_step_benchmark,generated/benchmark_stage1_breadth,generated/benchmark_stage1_breadth/benchmark_results.csv,helmholtz_partial_control_MiNO-Core_7,helmholtz_partial_control,helmholtz_partial,control,tcno_cache,MiNO-Core,MiNO-Core,7,8,2,,,,,0.2334063140054544,,,0.05674861837178469,0.053347559024890266,1.4297313292821248,0.12955252267420292,,,,,,,,,119.84636159999991,425206,192,192,,0.0001,0.0001,1.0,,,,3,1,,,,,,,,,,,,,,,,,,,,,,,,,,,,,,,,,,,,,,,,
2026-05-03T08:43:57,one_step_benchmark,generated/benchmark_stage1_breadth,generated/benchmark_stage1_breadth/benchmark_results.csv,helmholtz_partial_control_MiNO-Plus_7,helmholtz_partial_control,helmholtz_partial,control,tcno_cache,MiNO-Plus,MiNO-Plus,7,8,2,,,,,0.18891661738355955,,,0.037592377668867506,0.035058666641513504,1.3874052166938782,0.09147713954250018,,,,,,,,,182.6790205999996,804266,192,192,,0.0001,0.0001,1.0,,,,3,1,,,,,,,,,,,,,,,,,,,,,,,,,,,,,,,,,,,,,,,,
2026-05-03T08:43:57,one_step_benchmark,generated/benchmark_stage1_breadth,generated/benchmark_stage1_breadth/benchmark_results.csv,helmholtz_partial_positive_MiNO-Core_7,helmholtz_partial_positive,helmholtz_partial,positive,tcno_cache,MiNO-Core,MiNO-Core,7,8,2,,,,,0.49598325540622074,,,0.24937394509712854,0.2423940176765124,1.5129904846350353,0.34448877970377606,,,,,,,,,119.58498430000054,425206,192,192,,0.0001,0.0001,1.0,,,,3,1,,,,,,,,,,,,,,,,,,,,,,,,,,,,,,,,,,,,,,,,
2026-05-03T08:43:57,one_step_benchmark,generated/benchmark_stage1_breadth,generated/benchmark_stage1_breadth/benchmark_results.csv,helmholtz_partial_positive_MiNO-Plus_7,helmholtz_partial_positive,helmholtz_partial,positive,tcno_cache,MiNO-Plus,MiNO-Plus,7,8,2,,,,,0.4668480455875397,,,0.2207243305941423,0.2206258699297905,1.50758895277977,0.3459892546137174,,,,,,,,,182.07209580000017,804266,192,192,,0.0001,0.0001,1.0,,,,3,1,,,,,,,,,,,,,,,,,,,,,,,,,,,,,,,,,,,,,,,,
2026-05-03T08:43:57,one_step_benchmark,generated/benchmark_stage1_breadth,generated/benchmark_stage1_breadth/benchmark_results.csv,diffusion_neumann_control_FNO_7,diffusion_neumann_control,diffusion_neumann,control,tcno_reference,FNO,FNO [tcno-ref],7,36,8,,,,,0.011545656183298442,,,,0.00013268455222714692,3.144140865372078e-05,,,,,,,,,,21.667732399999977,446753,192,192,<LOCAL_ROOT>\tcno_icml2026_draft\generated\trainable_runs\train96_val24_test24_ep36_b8_h32_l3_m12_a1p0_s0p015_ps32_st16_tmlearned_local\diffusion_neumann_control\fno\seed-0007\result.json,,,,,,,3,1,0.9999621245863598,,,,,,,,,,,,,,,,,,,,,,,,,,,,,,,,,,,,,,,
2026-05-03T08:43:57,one_step_benchmark,generated/benchmark_stage1_breadth,generated/benchmark_stage1_breadth/benchmark_results.csv,diffusion_neumann_control_FNO_11,diffusion_neumann_control,diffusion_neumann,control,tcno_reference,FNO,FNO [tcno-ref],11,36,8,,,,,0.01184913939742823,,,,0.00014938993263058364,2.328631085720049e-05,,,,,,,,,,20.22388809999393,446753,192,192,<LOCAL_ROOT>\tcno_icml2026_draft\generated\trainable_runs\train96_val24_test24_ep36_b8_h32_l3_m12_a1p0_s0p015_ps32_st16_tmlocal\diffusion_neumann_control\fno\seed-0011\result.json,,,,,,,3,1,0.9999577687194363,,,,,,,,,,,,,,,,,,,,,,,,,,,,,,,,,,,,,,,
2026-05-03T08:43:57,one_step_benchmark,generated/benchmark_stage1_breadth,generated/benchmark_stage1_breadth/benchmark_results.csv,diffusion_neumann_control_FNO_19,diffusion_neumann_control,diffusion_neumann,control,tcno_reference,FNO,FNO [tcno-ref],19,36,8,,,,,0.009499287818756598,,,,9.017657430376858e-05,4.147658105419727e-05,,,,,,,,,,21.3672613000017,446753,192,192,<LOCAL_ROOT>\tcno_icml2026_draft\generated\trainable_runs\train96_val24_test24_ep36_b8_h32_l3_m12_a1p0_s0p015_ps32_st16_tmlocal\diffusion_neumann_control\fno\seed-0019\result.json,,,,,,,3,1,0.9999708482792146,,,,,,,,,,,,,,,,,,,,,,,,,,,,,,,,,,,,,,,
2026-05-03T08:43:57,one_step_benchmark,generated/benchmark_stage1_breadth,generated/benchmark_stage1_breadth/benchmark_results.csv,diffusion_neumann_positive_FNO_7,diffusion_neumann_positive,diffusion_neumann,positive,tcno_reference,FNO,FNO [tcno-ref],7,36,8,,,,,0.011903471465568116,,,,0.00014147438923828304,6.660412584898893e-05,,,,,,,,,,21.428681700000084,446753,192,192,<LOCAL_ROOT>\tcno_icml2026_draft\generated\trainable_runs\train96_val24_test24_ep36_b8_h32_l3_m12_a1p0_s0p015_ps32_st16_tmlearned_local\diffusion_neumann_positive\fno\seed-0007\result.json,,,,,,,3,1,0.9999576687784901,,,,,,,,,,,,,,,,,,,,,,,,,,,,,,,,,,,,,,,
2026-05-03T08:43:57,one_step_benchmark,generated/benchmark_stage1_breadth,generated/benchmark_stage1_breadth/benchmark_results.csv,diffusion_neumann_positive_FNO_11,diffusion_neumann_positive,diffusion_neumann,positive,tcno_reference,FNO,FNO [tcno-ref],11,36,8,,,,,0.012128900519529843,,,,0.00015678802446927875,6.089520527239725e-05,,,,,,,,,,23.133403300000055,446753,192,192,<LOCAL_ROOT>\tcno_icml2026_draft\generated\trainable_runs\train96_val24_test24_ep36_b8_h32_l3_m12_a1p0_s0p015_ps32_st16_tmlearned_local\diffusion_neumann_positive\fno\seed-0011\result.json,,,,,,,3,1,0.9999530951166232,,,,,,,,,,,,,,,,,,,,,,,,,,,,,,,,,,,,,,,
2026-05-03T08:43:57,one_step_benchmark,generated/benchmark_stage1_breadth,generated/benchmark_stage1_breadth/benchmark_results.csv,diffusion_neumann_positive_FNO_19,diffusion_neumann_positive,diffusion_neumann,positive,tcno_reference,FNO,FNO [tcno-ref],19,36,8,,,,,0.009722582350403726,,,,9.287350258091465e-05,7.636556368695106e-05,,,,,,,,,,108.7620594,446753,192,192,<LOCAL_ROOT>\tcno_icml2026_draft\generated\trainable_runs\train96_val24_test24_ep36_b8_h32_l3_m12_a1p0_s0p015_ps32_st16_tmlocal\diffusion_neumann_positive\fno\seed-0019\result.json,,,,,,,3,1,0.9999667346549875,,,,,,,,,,,,,,,,,,,,,,,,,,,,,,,,,,,,,,,
2026-05-03T08:43:57,one_step_benchmark,generated/benchmark_stage1_breadth,generated/benchmark_stage1_breadth/benchmark_results.csv,helmholtz_dirichlet_control_FNO_7,helmholtz_dirichlet_control,helmholtz_dirichlet,control,tcno_reference,FNO,FNO [tcno-ref],7,36,8,,,,,0.04444130601692007,,,,0.0022702873684465885,0.0007269228114129469,,,,,,,,,,21.39798990000054,446753,192,192,<LOCAL_ROOT>\tcno_icml2026_draft\generated\trainable_runs\train96_val24_test24_ep36_b8_h32_l3_m12_a1p0_s0p015_ps32_st16_tmlocal\helmholtz_dirichlet_control\fno\seed-0007\result.json,,,,,,,3,1,0.9773321890536341,,,,,,,,,,,,,,,,,,,,,,,,,,,,,,,,,,,,,,,
2026-05-03T08:43:57,one_step_benchmark,generated/benchmark_stage1_breadth,generated/benchmark_stage1_breadth/benchmark_results.csv,helmholtz_dirichlet_control_FNO_11,helmholtz_dirichlet_control,helmholtz_dirichlet,control,tcno_reference,FNO,FNO [tcno-ref],11,36,8,,,,,0.045086145831364076,,,,0.002336065052077174,0.000721537697543787,,,,,,,,,,21.133239599999797,446753,192,192,<LOCAL_ROOT>\tcno_icml2026_draft\generated\trainable_runs\train96_val24_test24_ep36_b8_h32_l3_m12_a1p0_s0p015_ps32_st16_tmlocal\helmholtz_dirichlet_control\fno\seed-0011\result.json,,,,,,,3,1,0.9771754344894132,,,,,,,,,,,,,,,,,,,,,,,,,,,,,,,,,,,,,,,
2026-05-03T08:43:57,one_step_benchmark,generated/benchmark_stage1_breadth,generated/benchmark_stage1_breadth/benchmark_results.csv,helmholtz_dirichlet_control_FNO_19,helmholtz_dirichlet_control,helmholtz_dirichlet,control,tcno_reference,FNO,FNO [tcno-ref],19,36,8,,,,,0.04092345167537351,,,,0.0019166574347764254,0.0007292629469042314,,,,,,,,,,19.847833899999387,446753,192,192,<LOCAL_ROOT>\tcno_icml2026_draft\generated\trainable_runs\train96_val24_test24_ep36_b8_h32_l3_m12_a1p0_s0p015_ps32_st16_tmlearned_local\helmholtz_dirichlet_control\fno\seed-0019\result.json,,,,,,,3,1,0.977599319736744,,,,,,,,,,,,,,,,,,,,,,,,,,,,,,,,,,,,,,,
2026-05-03T08:43:57,one_step_benchmark,generated/benchmark_stage1_breadth,generated/benchmark_stage1_breadth/benchmark_results.csv,helmholtz_dirichlet_control_UNO_7,helmholtz_dirichlet_control,helmholtz_dirichlet,control,tcno_reference,UNO,UNO [tcno-ref],7,36,8,,,,,0.026272997287401605,,,,0.0007956273038871586,0.00379625590185489,,,,,,,,,,34.41298349999852,1195425,192,192,<LOCAL_ROOT>\tcno_icml2026_draft\generated\trainable_runs\train96_val24_test24_ep36_b8_h32_l3_m12_a1p0_s0p015_ps32_st16_tmlocal\helmholtz_dirichlet_control\uno\seed-0007\result.json,,,,,,,3,1,0.9784361896370476,,,,,,,,,,,,,,,,,,,,,,,,,,,,,,,,,,,,,,,
2026-05-03T08:43:57,one_step_benchmark,generated/benchmark_stage1_breadth,generated/benchmark_stage1_breadth/benchmark_results.csv,helmholtz_dirichlet_positive_FNO_7,helmholtz_dirichlet_positive,helmholtz_dirichlet,positive,tcno_reference,FNO,FNO [tcno-ref],7,36,8,,,,,0.08409868614496809,,,,0.009123469702899456,0.007404084546942818,,,,,,,,,,20.844874499998696,446753,192,192,<LOCAL_ROOT>\tcno_icml2026_draft\generated\trainable_runs\train96_val24_test24_ep36_b8_h32_l3_m12_a1p0_s0p015_ps32_st16_tmlocal\helmholtz_dirichlet_positive\fno\seed-0007\result.json,,,,,,,3,1,0.9752264162756417,,,,,,,,,,,,,,,,,,,,,,,,,,,,,,,,,,,,,,,
2026-05-03T08:43:57,one_step_benchmark,generated/benchmark_stage1_breadth,generated/benchmark_stage1_breadth/benchmark_results.csv,helmholtz_dirichlet_positive_FNO_11,helmholtz_dirichlet_positive,helmholtz_dirichlet,positive,tcno_reference,FNO,FNO [tcno-ref],11,36,8,,,,,0.0800454666862022,,,,0.007947648875415325,0.006844832778676712,,,,,,,,,,21.027759499997046,446753,192,192,<LOCAL_ROOT>\tcno_icml2026_draft\generated\trainable_runs\train96_val24_test24_ep36_b8_h32_l3_m12_a1p0_s0p015_ps32_st16_tmlocal\helmholtz_dirichlet_positive\fno\seed-0011\result.json,,,,,,,3,1,0.9755845780224922,,,,,,,,,,,,,,,,,,,,,,,,,,,,,,,,,,,,,,,
2026-05-03T08:43:57,one_step_benchmark,generated/benchmark_stage1_breadth,generated/benchmark_stage1_breadth/benchmark_results.csv,helmholtz_dirichlet_positive_FNO_19,helmholtz_dirichlet_positive,helmholtz_dirichlet,positive,tcno_reference,FNO,FNO [tcno-ref],19,36,8,,,,,0.07953434990251292,,,,0.007885214872658253,0.007193072882445729,,,,,,,,,,49.31568609999886,446753,192,192,<LOCAL_ROOT>\tcno_icml2026_draft\generated\trainable_runs\train96_val24_test24_ep36_b8_h32_l3_m12_a1p0_s0p015_ps32_st16_tmlocal\helmholtz_dirichlet_positive\fno\seed-0019\result.json,,,,,,,3,1,0.9759000961153795,,,,,,,,,,,,,,,,,,,,,,,,,,,,,,,,,,,,,,,
2026-05-03T08:43:57,one_step_benchmark,generated/benchmark_stage1_breadth,generated/benchmark_stage1_breadth/benchmark_results.csv,helmholtz_dirichlet_positive_UNO_7,helmholtz_dirichlet_positive,helmholtz_dirichlet,positive,tcno_reference,UNO,UNO [tcno-ref],7,36,8,,,,,0.046751059173076474,,,,0.002547122770920396,0.005891360506778363,,,,,,,,,,34.2332179999994,1195425,192,192,<LOCAL_ROOT>\tcno_icml2026_draft\generated\trainable_runs\train96_val24_test24_ep36_b8_h32_l3_m12_a1p0_s0p015_ps32_st16_tmlearned_local\helmholtz_dirichlet_positive\uno\seed-0007\result.json,,,,,,,3,1,0.9778448855980465,,,,,,,,,,,,,,,,,,,,,,,,,,,,,,,,,,,,,,,
2026-05-03T08:43:57,one_step_benchmark,generated/benchmark_stage1_breadth,generated/benchmark_stage1_breadth/benchmark_results.csv,helmholtz_impedance_control_FNO_7,helmholtz_impedance_control,helmholtz_impedance,control,tcno_reference,FNO,FNO [tcno-ref],7,36,8,,,,,0.061221331032846917,,,,0.003183665219694376,0.003235896716177208,,,,,,,,,,21.47057759999916,446753,192,192,<LOCAL_ROOT>\tcno_icml2026_draft\generated\trainable_runs\train96_val24_test24_ep36_b8_h32_l3_m12_a1p0_s0p015_ps32_st16_tmlearned_local\helmholtz_impedance_control\fno\seed-0007\result.json,,,,,,,3,1,0.8119394270548357,,,,,,,,,,,,,,,,,,,,,,,,,,,,,,,,,,,,,,,
2026-05-03T08:43:57,one_step_benchmark,generated/benchmark_stage1_breadth,generated/benchmark_stage1_breadth/benchmark_results.csv,helmholtz_impedance_control_FNO_11,helmholtz_impedance_control,helmholtz_impedance,control,tcno_reference,FNO,FNO [tcno-ref],11,36,8,,,,,0.05724348903611581,,,,0.002822461072355509,0.0027379231374204606,,,,,,,,,,19.720246100001532,446753,192,192,<LOCAL_ROOT>\tcno_icml2026_draft\generated\trainable_runs\train96_val24_test24_ep36_b8_h32_l3_m12_a1p0_s0p015_ps32_st16_tmlocal\helmholtz_impedance_control\fno\seed-0011\result.json,,,,,,,3,1,0.8117464844102003,,,,,,,,,,,,,,,,,,,,,,,,,,,,,,,,,,,,,,,
2026-05-03T08:43:57,one_step_benchmark,generated/benchmark_stage1_breadth,generated/benchmark_stage1_breadth/benchmark_results.csv,helmholtz_impedance_control_FNO_19,helmholtz_impedance_control,helmholtz_impedance,control,tcno_reference,FNO,FNO [tcno-ref],19,36,8,,,,,0.06112874224078063,,,,0.0031638038344681263,0.0035895081595606923,,,,,,,,,,21.431550799999968,446753,192,192,<LOCAL_ROOT>\tcno_icml2026_draft\generated\trainable_runs\train96_val24_test24_ep36_b8_h32_l3_m12_a1p0_s0p015_ps32_st16_tmlearned_local\helmholtz_impedance_control\fno\seed-0019\result.json,,,,,,,3,1,0.8123959780824972,,,,,,,,,,,,,,,,,,,,,,,,,,,,,,,,,,,,,,,
2026-05-03T08:43:57,one_step_benchmark,generated/benchmark_stage1_breadth,generated/benchmark_stage1_breadth/benchmark_results.csv,helmholtz_impedance_positive_FNO_7,helmholtz_impedance_positive,helmholtz_impedance,positive,tcno_reference,FNO,FNO [tcno-ref],7,36,8,,,,,0.10343117214117749,,,,0.010224521160125732,0.008216124681797584,,,,,,,,,,19.849461800000427,446753,192,192,<LOCAL_ROOT>\tcno_icml2026_draft\generated\trainable_runs\train96_val24_test24_ep36_b8_h32_l3_m12_a1p0_s0p015_ps32_st16_tmlocal\helmholtz_impedance_positive\fno\seed-0007\result.json,,,,,,,3,1,0.809145795138253,,,,,,,,,,,,,,,,,,,,,,,,,,,,,,,,,,,,,,,
2026-05-03T08:43:57,one_step_benchmark,generated/benchmark_stage1_breadth,generated/benchmark_stage1_breadth/benchmark_results.csv,helmholtz_impedance_positive_FNO_11,helmholtz_impedance_positive,helmholtz_impedance,positive,tcno_reference,FNO,FNO [tcno-ref],11,36,8,,,,,0.10146737203827327,,,,0.009630046784877777,0.007585761026726917,,,,,,,,,,19.71300540000084,446753,192,192,<LOCAL_ROOT>\tcno_icml2026_draft\generated\trainable_runs\train96_val24_test24_ep36_b8_h32_l3_m12_a1p0_s0p015_ps32_st16_tmlocal\helmholtz_impedance_positive\fno\seed-0011\result.json,,,,,,,3,1,0.8091577495491785,,,,,,,,,,,,,,,,,,,,,,,,,,,,,,,,,,,,,,,
2026-05-03T08:43:57,one_step_benchmark,generated/benchmark_stage1_breadth,generated/benchmark_stage1_breadth/benchmark_results.csv,helmholtz_impedance_positive_FNO_19,helmholtz_impedance_positive,helmholtz_impedance,positive,tcno_reference,FNO,FNO [tcno-ref],19,36,8,,,,,0.1000010302282331,,,,0.009388537146151066,0.007186642834219874,,,,,,,,,,19.567869000002247,446753,192,192,<LOCAL_ROOT>\tcno_icml2026_draft\generated\trainable_runs\train96_val24_test24_ep36_b8_h32_l3_m12_a1p0_s0p015_ps32_st16_tmlocal\helmholtz_impedance_positive\fno\seed-0019\result.json,,,,,,,3,1,0.8093988260385968,,,,,,,,,,,,,,,,,,,,,,,,,,,,,,,,,,,,,,,
2026-05-03T08:43:57,one_step_benchmark,generated/benchmark_stage1_breadth,generated/benchmark_stage1_breadth/benchmark_results.csv,poisson_robin_control_FNO_7,poisson_robin_control,poisson_robin,control,tcno_reference,FNO,FNO [tcno-ref],7,36,8,,,,,0.0279458672827807,,,,0.0008511561318300664,0.0014521723289630598,,,,,,,,,,20.736097199998767,446753,192,192,<LOCAL_ROOT>\tcno_icml2026_draft\generated\trainable_runs\train96_val24_test24_ep36_b8_h32_l3_m12_a1p0_s0p015_ps32_st16_tmlocal\poisson_robin_control\fno\seed-0007\result.json,,,,,,,3,1,0.9853508470074811,,,,,,,,,,,,,,,,,,,,,,,,,,,,,,,,,,,,,,,
2026-05-03T08:43:57,one_step_benchmark,generated/benchmark_stage1_breadth,generated/benchmark_stage1_breadth/benchmark_results.csv,poisson_robin_control_FNO_11,poisson_robin_control,poisson_robin,control,tcno_reference,FNO,FNO [tcno-ref],11,36,8,,,,,0.03016609216231497,,,,0.0009945584461092949,0.002440679824926774,,,,,,,,,,21.483058099998743,446753,192,192,<LOCAL_ROOT>\tcno_icml2026_draft\generated\trainable_runs\train96_val24_test24_ep36_b8_h32_l3_m12_a1p0_s0p015_ps32_st16_tmlocal\poisson_robin_control\fno\seed-0011\result.json,,,,,,,3,1,0.9855015238640042,,,,,,,,,,,,,,,,,,,,,,,,,,,,,,,,,,,,,,,
2026-05-03T08:43:57,one_step_benchmark,generated/benchmark_stage1_breadth,generated/benchmark_stage1_breadth/benchmark_results.csv,poisson_robin_control_FNO_19,poisson_robin_control,poisson_robin,control,tcno_reference,FNO,FNO [tcno-ref],19,36,8,,,,,0.02791198803709578,,,,0.0008511681808158755,0.0020926884523447286,,,,,,,,,,22.116561899998487,446753,192,192,<LOCAL_ROOT>\tcno_icml2026_draft\generated\trainable_runs\train96_val24_test24_ep36_b8_h32_l3_m12_a1p0_s0p015_ps32_st16_tmlocal\poisson_robin_control\fno\seed-0019\result.json,,,,,,,3,1,0.9853685472214261,,,,,,,,,,,,,,,,,,,,,,,,,,,,,,,,,,,,,,,
2026-05-03T08:43:57,one_step_benchmark,generated/benchmark_stage1_breadth,generated/benchmark_stage1_breadth/benchmark_results.csv,poisson_robin_positive_FNO_7,poisson_robin_positive,poisson_robin,positive,tcno_reference,FNO,FNO [tcno-ref],7,36,8,,,,,0.028060203351197344,,,,0.0008563309093005955,0.001444001279310043,,,,,,,,,,50.41522350000014,446753,192,192,<LOCAL_ROOT>\tcno_icml2026_draft\generated\trainable_runs\train96_val24_test24_ep36_b8_h32_l3_m12_a1p0_s0p015_ps32_st16_tmlearned_local\poisson_robin_positive\fno\seed-0007\result.json,,,,,,,3,1,0.9853451197506127,,,,,,,,,,,,,,,,,,,,,,,,,,,,,,,,,,,,,,,
2026-05-03T08:43:57,one_step_benchmark,generated/benchmark_stage1_breadth,generated/benchmark_stage1_breadth/benchmark_results.csv,poisson_robin_positive_FNO_11,poisson_robin_positive,poisson_robin,positive,tcno_reference,FNO,FNO [tcno-ref],11,36,8,,,,,0.030276283457820612,,,,0.0009999051690101624,0.0024582118956378665,,,,,,,,,,73.32971090000137,446753,192,192,<LOCAL_ROOT>\tcno_icml2026_draft\generated\trainable_runs\train96_val24_test24_ep36_b8_h32_l3_m12_a1p0_s0p015_ps32_st16_tmlearned_local\poisson_robin_positive\fno\seed-0011\result.json,,,,,,,3,1,0.9854958650525069,,,,,,,,,,,,,,,,,,,,,,,,,,,,,,,,,,,,,,,
2026-05-03T08:43:57,one_step_benchmark,generated/benchmark_stage1_breadth,generated/benchmark_stage1_breadth/benchmark_results.csv,poisson_robin_positive_FNO_19,poisson_robin_positive,poisson_robin,positive,tcno_reference,FNO,FNO [tcno-ref],19,36,8,,,,,0.028028331907830065,,,,0.0008565940661355853,0.0020529632663670353,,,,,,,,,,176.7921884999996,446753,192,192,<LOCAL_ROOT>\tcno_icml2026_draft\generated\trainable_runs\train96_val24_test24_ep36_b8_h32_l3_m12_a1p0_s0p015_ps32_st16_tmlearned_local\poisson_robin_positive\fno\seed-0019\result.json,,,,,,,3,1,0.9853660795998804,,,,,,,,,,,,,,,,,,,,,,,,,,,,,,,,,,,,,,,
2026-05-03T08:43:57,one_step_benchmark,generated/benchmark_stage1_breadth,generated/benchmark_stage1_breadth/benchmark_results.csv,helmholtz_multimodal_control_Conv-FNO_7,helmholtz_multimodal_control,helmholtz_multimodal,control,tcno_reference,Conv-FNO,Conv-FNO [tcno-ref],7,36,8,,,,,0.07163691887821788,,,,0.006443496327847242,0.004942856272661645,,,,,,,,,,45.034265599999344,458049,192,192,<LOCAL_ROOT>\tcno_icml2026_draft\generated\trainable_runs\train96_val24_test24_ep36_b8_h32_l3_m12_a1p0_s0p015_ps32_st16_tb4_te0p001_whann_tmlearned_local\helmholtz_multimodal_control\conv-fno\seed-0007\result.json,,,,,,,3,1,0.04064167423323355,,,,,,,,,,,,,,,,,,,,,,,,,,,,,,,,,,,,,,,
2026-05-03T08:43:57,one_step_benchmark,generated/benchmark_stage1_breadth,generated/benchmark_stage1_breadth/benchmark_results.csv,helmholtz_multimodal_control_FNO+LearnedLocalTC_7,helmholtz_multimodal_control,helmholtz_multimodal,control,tcno_reference,FNO+LearnedLocalTC,FNO+LearnedLocalTC [tcno-ref],7,36,8,,,,,0.11613420377623355,,,,0.016070572659373283,0.007448380517779653,,,,,,,,,,37.400847899996734,453800,192,192,<LOCAL_ROOT>\tcno_icml2026_draft\generated\trainable_runs\train96_val24_test24_ep36_b8_h32_l3_m12_a1p0_s0p015_ps32_st16_tmlearned_local\helmholtz_multimodal_control\fnopluslearnedlocaltc\seed-0007\result.json,,,,,,,3,1,0.04273194388321396,,,,,,,,,,,,,,,,,,,,,,,,,,,,,,,,,,,,,,,
2026-05-03T08:43:57,one_step_benchmark,generated/benchmark_stage1_breadth,generated/benchmark_stage1_breadth/benchmark_results.csv,helmholtz_multimodal_positive_Conv-FNO_7,helmholtz_multimodal_positive,helmholtz_multimodal,positive,tcno_reference,Conv-FNO,Conv-FNO [tcno-ref],7,36,8,,,,,0.5161707954089935,,,,0.28955572843551636,0.07825634276503136,,,,,,,,,,39.44201869999961,458049,192,192,<LOCAL_ROOT>\tcno_icml2026_draft\generated\trainable_runs\train96_val24_test24_ep36_b8_h32_l3_m12_a1p0_s0p015_ps32_st16_tb4_te0p001_whann_tmlearned_local\helmholtz_multimodal_positive\conv-fno\seed-0007\result.json,,,,,,,3,1,0.0509897562454898,,,,,,,,,,,,,,,,,,,,,,,,,,,,,,,,,,,,,,,
2026-05-03T08:43:57,one_step_benchmark,generated/benchmark_stage1_breadth,generated/benchmark_stage1_breadth/benchmark_results.csv,helmholtz_multimodal_positive_FNO+LearnedLocalTC_7,helmholtz_multimodal_positive,helmholtz_multimodal,positive,tcno_reference,FNO+LearnedLocalTC,FNO+LearnedLocalTC [tcno-ref],7,36,8,,,,,0.6097065719813163,,,,0.44618046283721924,0.09020923192623183,,,,,,,,,,227.61690879999992,453800,192,192,<LOCAL_ROOT>\tcno_icml2026_draft\generated\trainable_runs\train96_val24_test24_ep36_b8_h32_l3_m12_a1p0_s0p015_ps32_st16_tmlearned_local\helmholtz_multimodal_positive\fnopluslearnedlocaltc\seed-0007\result.json,,,,,,,3,1,0.05144048370398474,,,,,,,,,,,,,,,,,,,,,,,,,,,,,,,,,,,,,,,
2026-05-03T08:43:57,one_step_benchmark,generated/benchmark_stage1_breadth,generated/benchmark_stage1_breadth/benchmark_results.csv,helmholtz_partial_control_Conv-FNO_7,helmholtz_partial_control,helmholtz_partial,control,tcno_reference,Conv-FNO,Conv-FNO [tcno-ref],7,36,8,,,,,0.040158033173735085,,,,0.0015977496514096856,0.002427792317132777,,,,,,,,,,41.61292599999797,458049,192,192,<LOCAL_ROOT>\tcno_icml2026_draft\generated\trainable_runs\train96_val24_test24_ep36_b8_h32_l3_m12_a1p0_s0p015_ps32_st16_tb4_te0p001_whann_tmlearned_local\helmholtz_partial_control\conv-fno\seed-0007\result.json,,,,,,,3,1,0.11993715337199233,,,,,,,,,,,,,,,,,,,,,,,,,,,,,,,,,,,,,,,
2026-05-03T08:43:57,one_step_benchmark,generated/benchmark_stage1_breadth,generated/benchmark_stage1_breadth/benchmark_results.csv,helmholtz_partial_control_FNO+LearnedLocalTC_7,helmholtz_partial_control,helmholtz_partial,control,tcno_reference,FNO+LearnedLocalTC,FNO+LearnedLocalTC [tcno-ref],7,36,8,,,,,0.0491613913145281,,,,0.002378942212089896,0.002447791197862755,,,,,,,,,,29.466877800005022,453800,192,192,<LOCAL_ROOT>\tcno_icml2026_draft\generated\trainable_runs\train96_val24_test24_ep36_b8_h32_l3_m12_a1p0_s0p015_ps32_st16_tmlearned_local\helmholtz_partial_control\fnopluslearnedlocaltc\seed-0007\result.json,,,,,,,3,1,0.12100237654732232,,,,,,,,,,,,,,,,,,,,,,,,,,,,,,,,,,,,,,,
2026-05-03T08:43:57,one_step_benchmark,generated/benchmark_stage1_breadth,generated/benchmark_stage1_breadth/benchmark_results.csv,helmholtz_partial_positive_Conv-FNO_7,helmholtz_partial_positive,helmholtz_partial,positive,tcno_reference,Conv-FNO,Conv-FNO [tcno-ref],7,36,8,,,,,0.27353903639852817,,,,0.07930241525173187,0.050715681206736786,,,,,,,,,,45.47705400000268,458049,192,192,<LOCAL_ROOT>\tcno_icml2026_draft\generated\trainable_runs\train96_val24_test24_ep36_b8_h32_l3_m12_a1p0_s0p015_ps32_st16_tb4_te0p001_whann_tmlearned_local\helmholtz_partial_positive\conv-fno\seed-0007\result.json,,,,,,,3,1,0.12386308807606128,,,,,,,,,,,,,,,,,,,,,,,,,,,,,,,,,,,,,,,
2026-05-03T08:43:57,one_step_benchmark,generated/benchmark_stage1_breadth,generated/benchmark_stage1_breadth/benchmark_results.csv,helmholtz_partial_positive_FNO+LearnedLocalTC_7,helmholtz_partial_positive,helmholtz_partial,positive,tcno_reference,FNO+LearnedLocalTC,FNO+LearnedLocalTC [tcno-ref],7,36,8,,,,,0.40153031431466557,,,,0.1782195121049881,0.06411034672712479,,,,,,,,,,29.32422619999852,453800,192,192,<LOCAL_ROOT>\tcno_icml2026_draft\generated\trainable_runs\train96_val24_test24_ep36_b8_h32_l3_m12_a1p0_s0p015_ps32_st16_tmlearned_local\helmholtz_partial_positive\fnopluslearnedlocaltc\seed-0007\result.json,,,,,,,3,1,0.12302026584064034,,,,,,,,,,,,,,,,,,,,,,,,,,,,,,,,,,,,,,,
2026-05-03T08:43:57,one_step_benchmark,generated/benchmark_stage1_breadth,generated/benchmark_stage1_breadth/benchmark_results.csv,helmholtz_dirichlet_control_WNO-style_7,helmholtz_dirichlet_control,helmholtz_dirichlet,control,tcno_reference,WNO-style,WNO-style [tcno-ref],7,36,8,,,,,0.026843124400967085,,,,0.0008122894796542823,0.0015486039343302364,,,,,,,,,,35.53293940000003,399297,192,192,<LOCAL_ROOT>\tcno_icml2026_draft\generated\trainable_runs\train96_val24_test24_ep36_b8_h32_l3_m12_a1p0_s0p015_ps32_st16_tmlocal\helmholtz_dirichlet_control\wno-style\seed-0007\result.json,,,,,,,3,1,0.9785185388807993,,,,,,,,,,,,,,,,,,,,,,,,,,,,,,,,,,,,,,,
2026-05-03T08:43:57,one_step_benchmark,generated/benchmark_stage1_breadth,generated/benchmark_stage1_breadth/benchmark_results.csv,helmholtz_dirichlet_positive_WNO-style_7,helmholtz_dirichlet_positive,helmholtz_dirichlet,positive,tcno_reference,WNO-style,WNO-style [tcno-ref],7,36,8,,,,,0.060658538348964265,,,,0.004998549818992615,0.00489207682907907,,,,,,,,,,34.19649339999887,399297,192,192,<LOCAL_ROOT>\tcno_icml2026_draft\generated\trainable_runs\train96_val24_test24_ep36_b8_h32_l3_m12_a1p0_s0p015_ps32_st16_tmlocal\helmholtz_dirichlet_positive\wno-style\seed-0007\result.json,,,,,,,3,1,0.9771630525955386,,,,,,,,,,,,,,,,,,,,,,,,,,,,,,,,,,,,,,,
2026-05-03T08:43:57,one_step_benchmark,generated/benchmark_stage1_breadth,generated/benchmark_stage1_breadth/benchmark_results.csv,helmholtz_impedance_control_UNO_7,helmholtz_impedance_control,helmholtz_impedance,control,tcno_reference,UNO,UNO [tcno-ref],7,36,8,,,,,0.04151071479282397,,,,0.0014286274090409279,0.002703062327026372,,,,,,,,,,34.939275499998985,1195425,192,192,<LOCAL_ROOT>\tcno_icml2026_draft\generated\trainable_runs\train96_val24_test24_ep36_b8_h32_l3_m12_a1p0_s0p015_ps32_st16_tmlearned_local\helmholtz_impedance_control\uno\seed-0007\result.json,,,,,,,3,1,0.811311669921371,,,,,,,,,,,,,,,,,,,,,,,,,,,,,,,,,,,,,,,
2026-05-03T08:43:57,one_step_benchmark,generated/benchmark_stage1_breadth,generated/benchmark_stage1_breadth/benchmark_results.csv,helmholtz_impedance_control_WNO-style_7,helmholtz_impedance_control,helmholtz_impedance,control,tcno_reference,WNO-style,WNO-style [tcno-ref],7,36,8,,,,,0.046814114955756346,,,,0.0018958122236654162,0.004796004224429319,,,,,,,,,,36.48539990000063,399297,192,192,<LOCAL_ROOT>\tcno_icml2026_draft\generated\trainable_runs\train96_val24_test24_ep36_b8_h32_l3_m12_a1p0_s0p015_ps32_st16_tmlearned_local\helmholtz_impedance_control\wno-style\seed-0007\result.json,,,,,,,3,1,0.8115478255235894,,,,,,,,,,,,,,,,,,,,,,,,,,,,,,,,,,,,,,,
2026-05-03T08:43:57,one_step_benchmark,generated/benchmark_stage1_breadth,generated/benchmark_stage1_breadth/benchmark_results.csv,helmholtz_impedance_positive_UNO_7,helmholtz_impedance_positive,helmholtz_impedance,positive,tcno_reference,UNO,UNO [tcno-ref],7,36,8,,,,,0.05150825096025807,,,,0.0025423127226531506,0.004809746006632685,,,,,,,,,,33.59458680000171,1195425,192,192,<LOCAL_ROOT>\tcno_icml2026_draft\generated\trainable_runs\train96_val24_test24_ep36_b8_h32_l3_m12_a1p0_s0p015_ps32_st16_tmlocal\helmholtz_impedance_positive\uno\seed-0007\result.json,,,,,,,3,1,0.8108582605779198,,,,,,,,,,,,,,,,,,,,,,,,,,,,,,,,,,,,,,,
2026-05-03T08:43:57,one_step_benchmark,generated/benchmark_stage1_breadth,generated/benchmark_stage1_breadth/benchmark_results.csv,helmholtz_impedance_positive_WNO-style_7,helmholtz_impedance_positive,helmholtz_impedance,positive,tcno_reference,WNO-style,WNO-style [tcno-ref],7,36,8,,,,,0.08944279694913466,,,,0.00730894785374403,0.005945901401371347,,,,,,,,,,32.664361799998005,399297,192,192,<LOCAL_ROOT>\tcno_icml2026_draft\generated\trainable_runs\train96_val24_test24_ep36_b8_h32_l3_m12_a1p0_s0p015_ps32_st16_tmlocal\helmholtz_impedance_positive\wno-style\seed-0007\result.json,,,,,,,3,1,0.8103912437316154,,,,,,,,,,,,,,,,,,,,,,,,,,,,,,,,,,,,,,,
2026-05-03T08:43:57,one_step_benchmark,generated/benchmark_stage1_breadth,generated/benchmark_stage1_breadth/benchmark_results.csv,helmholtz_variable_control_FNO_7,helmholtz_variable_control,helmholtz_variable,control,tcno_reference,FNO,FNO [tcno-ref],7,36,8,,,,,0.03595700742873708,,,,0.0014495645882561803,0.003417991222582502,,,,,,,,,,19.576797599998827,446753,192,192,<LOCAL_ROOT>\tcno_icml2026_draft\generated\trainable_runs\train96_val24_test24_ep36_b8_h32_l3_m12_a1p0_s0p015_ps32_st16_tmlocal\helmholtz_variable_control\fno\seed-0007\result.json,,,,,,,3,1,0.22094836819632432,,,,,,,,,,,,,,,,,,,,,,,,,,,,,,,,,,,,,,,
2026-05-03T08:43:57,one_step_benchmark,generated/benchmark_stage1_breadth,generated/benchmark_stage1_breadth/benchmark_results.csv,helmholtz_variable_control_UNO_7,helmholtz_variable_control,helmholtz_variable,control,tcno_reference,UNO,UNO [tcno-ref],7,36,8,,,,,0.024576354391179847,,,,0.0006756759248673916,0.0018011136630767279,,,,,,,,,,35.018121999999494,1195425,192,192,<LOCAL_ROOT>\tcno_icml2026_draft\generated\trainable_runs\train96_val24_test24_ep36_b8_h32_l3_m12_a1p0_s0p015_ps32_st16_tmlearned_local\helmholtz_variable_control\uno\seed-0007\result.json,,,,,,,3,1,0.22054514547303886,,,,,,,,,,,,,,,,,,,,,,,,,,,,,,,,,,,,,,,
2026-05-03T08:43:57,one_step_benchmark,generated/benchmark_stage1_breadth,generated/benchmark_stage1_breadth/benchmark_results.csv,helmholtz_variable_control_WNO-style_7,helmholtz_variable_control,helmholtz_variable,control,tcno_reference,WNO-style,WNO-style [tcno-ref],7,36,8,,,,,0.025408455647681776,,,,0.0007339250878430903,0.002717831465748144,,,,,,,,,,33.09959270000036,399297,192,192,<LOCAL_ROOT>\tcno_icml2026_draft\generated\trainable_runs\train96_val24_test24_ep36_b8_h32_l3_m12_a1p0_s0p015_ps32_st16_tmlocal\helmholtz_variable_control\wno-style\seed-0007\result.json,,,,,,,3,1,0.22114517346467447,,,,,,,,,,,,,,,,,,,,,,,,,,,,,,,,,,,,,,,
2026-05-03T08:43:57,one_step_benchmark,generated/benchmark_stage1_breadth,generated/benchmark_stage1_breadth/benchmark_results.csv,helmholtz_variable_positive_FNO_7,helmholtz_variable_positive,helmholtz_variable,positive,tcno_reference,FNO,FNO [tcno-ref],7,36,8,,,,,0.12443611848453252,,,,0.017358573153614998,0.02420291120009953,,,,,,,,,,19.801072600002954,446753,192,192,<LOCAL_ROOT>\tcno_icml2026_draft\generated\trainable_runs\train96_val24_test24_ep36_b8_h32_l3_m12_a1p0_s0p015_ps32_st16_tmlocal\helmholtz_variable_positive\fno\seed-0007\result.json,,,,,,,3,1,0.22110016854039663,,,,,,,,,,,,,,,,,,,,,,,,,,,,,,,,,,,,,,,
2026-05-03T08:43:57,one_step_benchmark,generated/benchmark_stage1_breadth,generated/benchmark_stage1_breadth/benchmark_results.csv,helmholtz_variable_positive_UNO_7,helmholtz_variable_positive,helmholtz_variable,positive,tcno_reference,UNO,UNO [tcno-ref],7,36,8,,,,,0.04250346890812393,,,,0.001877681235782802,0.005345816140560903,,,,,,,,,,33.4844488000017,1195425,192,192,<LOCAL_ROOT>\tcno_icml2026_draft\generated\trainable_runs\train96_val24_test24_ep36_b8_h32_l3_m12_a1p0_s0p015_ps32_st16_tmlocal\helmholtz_variable_positive\uno\seed-0007\result.json,,,,,,,3,1,0.21973877915221485,,,,,,,,,,,,,,,,,,,,,,,,,,,,,,,,,,,,,,,
2026-05-03T08:43:57,one_step_benchmark,generated/benchmark_stage1_breadth,generated/benchmark_stage1_breadth/benchmark_results.csv,helmholtz_variable_positive_WNO-style_7,helmholtz_variable_positive,helmholtz_variable,positive,tcno_reference,WNO-style,WNO-style [tcno-ref],7,36,8,,,,,0.09126322598750647,,,,0.009225299581885338,0.012866167571558831,,,,,,,,,,32.98552449999988,399297,192,192,<LOCAL_ROOT>\tcno_icml2026_draft\generated\trainable_runs\train96_val24_test24_ep36_b8_h32_l3_m12_a1p0_s0p015_ps32_st16_tmlocal\helmholtz_variable_positive\wno-style\seed-0007\result.json,,,,,,,3,1,0.22047735820716277,,,,,,,,,,,,,,,,,,,,,,,,,,,,,,,,,,,,,,,
2026-05-03T08:43:57,one_step_benchmark,generated/benchmark_stage1_breadth,generated/benchmark_stage1_breadth/benchmark_results.csv,helmholtz_highk_control_Conv-FNO_7,helmholtz_highk_control,helmholtz_highk,control,tcno_reference,Conv-FNO,Conv-FNO [tcno-ref],7,36,8,,,,,0.03138402834046409,,,,0.0010285479947924614,0.0015814771594341744,,,,,,,,,,27.97378039999967,458049,192,192,<LOCAL_ROOT>\tcno_icml2026_draft\generated\trainable_runs\train96_val24_test24_ep36_b8_h32_l3_m12_a1p0_s0p015_ps32_st16_tb4_te0p001_whann_tmlearned_local\helmholtz_highk_control\conv-fno\seed-0007\result.json,,,,,,,3,1,0.912025245903366,,,,,,,,,,,,,,,,,,,,,,,,,,,,,,,,,,,,,,,
2026-05-03T08:43:57,one_step_benchmark,generated/benchmark_stage1_breadth,generated/benchmark_stage1_breadth/benchmark_results.csv,helmholtz_highk_control_Conv-FNO_11,helmholtz_highk_control,helmholtz_highk,control,tcno_reference,Conv-FNO,Conv-FNO [tcno-ref],11,36,8,,,,,0.02852396709853819,,,,0.0008587785414420068,0.0020636155947064117,,,,,,,,,,32.893503899998905,458049,192,192,<LOCAL_ROOT>\tcno_icml2026_draft\generated\trainable_runs\train96_val24_test24_ep36_b8_h32_l3_m12_a1p0_s0p015_ps32_st16_tb4_te0p001_whann_tmlearned_local\helmholtz_highk_control\conv-fno\seed-0011\result.json,,,,,,,3,1,0.9124228589950575,,,,,,,,,,,,,,,,,,,,,,,,,,,,,,,,,,,,,,,
2026-05-03T08:43:57,one_step_benchmark,generated/benchmark_stage1_breadth,generated/benchmark_stage1_breadth/benchmark_results.csv,helmholtz_highk_control_Conv-FNO_19,helmholtz_highk_control,helmholtz_highk,control,tcno_reference,Conv-FNO,Conv-FNO [tcno-ref],19,36,8,,,,,0.03335260742603424,,,,0.001185295986942947,0.0022196798668561216,,,,,,,,,,40.023199100000056,458049,192,192,<LOCAL_ROOT>\tcno_icml2026_draft\generated\trainable_runs\train96_val24_test24_ep36_b8_h32_l3_m12_a1p0_s0p015_ps32_st16_tb4_te0p001_whann_tmlearned_local\helmholtz_highk_control\conv-fno\seed-0019\result.json,,,,,,,3,1,0.9120116126278018,,,,,,,,,,,,,,,,,,,,,,,,,,,,,,,,,,,,,,,
2026-05-03T08:43:57,one_step_benchmark,generated/benchmark_stage1_breadth,generated/benchmark_stage1_breadth/benchmark_results.csv,helmholtz_highk_control_FNO+LearnedLocalTC_7,helmholtz_highk_control,helmholtz_highk,control,tcno_reference,FNO+LearnedLocalTC,FNO+LearnedLocalTC [tcno-ref],7,36,8,,,,,0.06994076652363758,,,,0.005337429232895374,0.0005086296304761378,,,,,,,,,,29.474692299998424,453800,192,192,<LOCAL_ROOT>\tcno_icml2026_draft\generated\trainable_runs\train96_val24_test24_ep36_b8_h32_l3_m12_a1p0_s0p015_ps32_st16_tmlearned_local\helmholtz_highk_control\fnopluslearnedlocaltc\seed-0007\result.json,,,,,,,3,1,0.9092598559165275,,,,,,,,,,,,,,,,,,,,,,,,,,,,,,,,,,,,,,,
2026-05-03T08:43:57,one_step_benchmark,generated/benchmark_stage1_breadth,generated/benchmark_stage1_breadth/benchmark_results.csv,helmholtz_highk_control_FNO+LearnedLocalTC_11,helmholtz_highk_control,helmholtz_highk,control,tcno_reference,FNO+LearnedLocalTC,FNO+LearnedLocalTC [tcno-ref],11,36,8,,,,,0.07057937579189906,,,,0.005429417360574007,0.0006580626633794032,,,,,,,,,,29.643068999997922,453800,192,192,<LOCAL_ROOT>\tcno_icml2026_draft\generated\trainable_runs\train96_val24_test24_ep36_b8_h32_l3_m12_a1p0_s0p015_ps32_st16_tmlearned_local\helmholtz_highk_control\fnopluslearnedlocaltc\seed-0011\result.json,,,,,,,3,1,0.909096794032609,,,,,,,,,,,,,,,,,,,,,,,,,,,,,,,,,,,,,,,
2026-05-03T08:43:57,one_step_benchmark,generated/benchmark_stage1_breadth,generated/benchmark_stage1_breadth/benchmark_results.csv,helmholtz_highk_control_FNO+LearnedLocalTC_19,helmholtz_highk_control,helmholtz_highk,control,tcno_reference,FNO+LearnedLocalTC,FNO+LearnedLocalTC [tcno-ref],19,36,8,,,,,0.06989787725208646,,,,0.005330632906407118,0.0006396092366369061,,,,,,,,,,29.688500500000373,453800,192,192,<LOCAL_ROOT>\tcno_icml2026_draft\generated\trainable_runs\train96_val24_test24_ep36_b8_h32_l3_m12_a1p0_s0p015_ps32_st16_tmlearned_local\helmholtz_highk_control\fnopluslearnedlocaltc\seed-0019\result.json,,,,,,,3,1,0.9092569342220322,,,,,,,,,,,,,,,,,,,,,,,,,,,,,,,,,,,,,,,
2026-05-03T08:43:57,one_step_benchmark,generated/benchmark_stage1_breadth,generated/benchmark_stage1_breadth/benchmark_results.csv,helmholtz_highk_positive_Conv-FNO_7,helmholtz_highk_positive,helmholtz_highk,positive,tcno_reference,Conv-FNO,Conv-FNO [tcno-ref],7,36,8,,,,,0.059982532755543744,,,,0.0043711489997804165,0.004945029655180226,,,,,,,,,,29.838614500000403,458049,192,192,<LOCAL_ROOT>\tcno_icml2026_draft\generated\trainable_runs\train96_val24_test24_ep36_b8_h32_l3_m12_a1p0_s0p015_ps32_st16_tb4_te0p001_whann_tmlearned_local\helmholtz_highk_positive\conv-fno\seed-0007\result.json,,,,,,,3,1,0.9112673829696787,,,,,,,,,,,,,,,,,,,,,,,,,,,,,,,,,,,,,,,
2026-05-03T08:43:57,one_step_benchmark,generated/benchmark_stage1_breadth,generated/benchmark_stage1_breadth/benchmark_results.csv,helmholtz_highk_positive_Conv-FNO_11,helmholtz_highk_positive,helmholtz_highk,positive,tcno_reference,Conv-FNO,Conv-FNO [tcno-ref],11,36,8,,,,,0.05712696176645011,,,,0.003922718111425638,0.004337649515220671,,,,,,,,,,30.155320500001835,458049,192,192,<LOCAL_ROOT>\tcno_icml2026_draft\generated\trainable_runs\train96_val24_test24_ep36_b8_h32_l3_m12_a1p0_s0p015_ps32_st16_tb4_te0p001_whann_tmlearned_local\helmholtz_highk_positive\conv-fno\seed-0011\result.json,,,,,,,3,1,0.9116688209346098,,,,,,,,,,,,,,,,,,,,,,,,,,,,,,,,,,,,,,,
2026-05-03T08:43:57,one_step_benchmark,generated/benchmark_stage1_breadth,generated/benchmark_stage1_breadth/benchmark_results.csv,helmholtz_highk_positive_Conv-FNO_19,helmholtz_highk_positive,helmholtz_highk,positive,tcno_reference,Conv-FNO,Conv-FNO [tcno-ref],19,36,8,,,,,0.05611739488970314,,,,0.003756825579330325,0.006075232786184899,,,,,,,,,,31.715063600000576,458049,192,192,<LOCAL_ROOT>\tcno_icml2026_draft\generated\trainable_runs\train96_val24_test24_ep36_b8_h32_l3_m12_a1p0_s0p015_ps32_st16_tb4_te0p001_whann_tmlearned_local\helmholtz_highk_positive\conv-fno\seed-0019\result.json,,,,,,,3,1,0.9116666754252455,,,,,,,,,,,,,,,,,,,,,,,,,,,,,,,,,,,,,,,
2026-05-03T08:43:57,one_step_benchmark,generated/benchmark_stage1_breadth,generated/benchmark_stage1_breadth/benchmark_results.csv,helmholtz_highk_positive_FNO+LearnedLocalTC_7,helmholtz_highk_positive,helmholtz_highk,positive,tcno_reference,FNO+LearnedLocalTC,FNO+LearnedLocalTC [tcno-ref],7,36,8,,,,,0.11245367323950069,,,,0.01311978418380022,0.0048788340034872715,,,,,,,,,,29.184136500000022,453800,192,192,<LOCAL_ROOT>\tcno_icml2026_draft\generated\trainable_runs\train96_val24_test24_ep36_b8_h32_l3_m12_a1p0_s0p015_ps32_st16_tmlearned_local\helmholtz_highk_positive\fnopluslearnedlocaltc\seed-0007\result.json,,,,,,,3,1,0.9083393915001151,,,,,,,,,,,,,,,,,,,,,,,,,,,,,,,,,,,,,,,
2026-05-03T08:43:57,one_step_benchmark,generated/benchmark_stage1_breadth,generated/benchmark_stage1_breadth/benchmark_results.csv,helmholtz_highk_positive_FNO+LearnedLocalTC_11,helmholtz_highk_positive,helmholtz_highk,positive,tcno_reference,FNO+LearnedLocalTC,FNO+LearnedLocalTC [tcno-ref],11,36,8,,,,,0.1181900946658866,,,,0.015008802525699139,0.007761887904409637,,,,,,,,,,29.2130610000022,453800,192,192,<LOCAL_ROOT>\tcno_icml2026_draft\generated\trainable_runs\train96_val24_test24_ep36_b8_h32_l3_m12_a1p0_s0p015_ps32_st16_tmlearned_local\helmholtz_highk_positive\fnopluslearnedlocaltc\seed-0011\result.json,,,,,,,3,1,0.9074462616695876,,,,,,,,,,,,,,,,,,,,,,,,,,,,,,,,,,,,,,,
2026-05-03T08:43:57,one_step_benchmark,generated/benchmark_stage1_breadth,generated/benchmark_stage1_breadth/benchmark_results.csv,helmholtz_highk_positive_FNO+LearnedLocalTC_19,helmholtz_highk_positive,helmholtz_highk,positive,tcno_reference,FNO+LearnedLocalTC,FNO+LearnedLocalTC [tcno-ref],19,36,8,,,,,0.11240853968529763,,,,0.0132682416588068,0.0049782092604122,,,,,,,,,,29.162016900001618,453800,192,192,<LOCAL_ROOT>\tcno_icml2026_draft\generated\trainable_runs\train96_val24_test24_ep36_b8_h32_l3_m12_a1p0_s0p015_ps32_st16_tmlearned_local\helmholtz_highk_positive\fnopluslearnedlocaltc\seed-0019\result.json,,,,,,,3,1,0.9085511411785901,,,,,,,,,,,,,,,,,,,,,,,,,,,,,,,,,,,,,,,
2026-05-03T08:43:57,one_step_benchmark,generated/benchmark_stage1_breadth,generated/benchmark_stage1_breadth/benchmark_results.csv,helmholtz_multimodal_control_Conv-FNO_11,helmholtz_multimodal_control,helmholtz_multimodal,control,tcno_reference,Conv-FNO,Conv-FNO [tcno-ref],11,36,8,,,,,0.06698753557245894,,,,0.005621335469186306,0.004873172073020818,,,,,,,,,,45.39281689999916,458049,192,192,<LOCAL_ROOT>\tcno_icml2026_draft\generated\trainable_runs\train96_val24_test24_ep36_b8_h32_l3_m12_a1p0_s0p015_ps32_st16_tb4_te0p001_whann_tmlearned_local\helmholtz_multimodal_control\conv-fno\seed-0011\result.json,,,,,,,3,1,0.04068499129325603,,,,,,,,,,,,,,,,,,,,,,,,,,,,,,,,,,,,,,,
2026-05-03T08:43:57,one_step_benchmark,generated/benchmark_stage1_breadth,generated/benchmark_stage1_breadth/benchmark_results.csv,helmholtz_multimodal_control_Conv-FNO_19,helmholtz_multimodal_control,helmholtz_multimodal,control,tcno_reference,Conv-FNO,Conv-FNO [tcno-ref],19,36,8,,,,,0.07109077841835405,,,,0.0063288952223956585,0.005385732849336464,,,,,,,,,,45.02733190000072,458049,192,192,<LOCAL_ROOT>\tcno_icml2026_draft\generated\trainable_runs\train96_val24_test24_ep36_b8_h32_l3_m12_a1p0_s0p015_ps32_st16_tb4_te0p001_whann_tmlearned_local\helmholtz_multimodal_control\conv-fno\seed-0019\result.json,,,,,,,3,1,0.04059586532268771,,,,,,,,,,,,,,,,,,,,,,,,,,,,,,,,,,,,,,,
2026-05-03T08:43:57,one_step_benchmark,generated/benchmark_stage1_breadth,generated/benchmark_stage1_breadth/benchmark_results.csv,helmholtz_multimodal_control_FNO+LearnedLocalTC_11,helmholtz_multimodal_control,helmholtz_multimodal,control,tcno_reference,FNO+LearnedLocalTC,FNO+LearnedLocalTC [tcno-ref],11,36,8,,,,,0.11655020166684045,,,,0.016188418492674828,0.007764212822481468,,,,,,,,,,29.64305189999868,453800,192,192,<LOCAL_ROOT>\tcno_icml2026_draft\generated\trainable_runs\train96_val24_test24_ep36_b8_h32_l3_m12_a1p0_s0p015_ps32_st16_tmlearned_local\helmholtz_multimodal_control\fnopluslearnedlocaltc\seed-0011\result.json,,,,,,,3,1,0.042740004578765554,,,,,,,,,,,,,,,,,,,,,,,,,,,,,,,,,,,,,,,
2026-05-03T08:43:57,one_step_benchmark,generated/benchmark_stage1_breadth,generated/benchmark_stage1_breadth/benchmark_results.csv,helmholtz_multimodal_control_FNO+LearnedLocalTC_19,helmholtz_multimodal_control,helmholtz_multimodal,control,tcno_reference,FNO+LearnedLocalTC,FNO+LearnedLocalTC [tcno-ref],19,36,8,,,,,0.11675794936729696,,,,0.01622615195810795,0.0075717466961695915,,,,,,,,,,29.482326500001363,453800,192,192,<LOCAL_ROOT>\tcno_icml2026_draft\generated\trainable_runs\train96_val24_test24_ep36_b8_h32_l3_m12_a1p0_s0p015_ps32_st16_tmlearned_local\helmholtz_multimodal_control\fnopluslearnedlocaltc\seed-0019\result.json,,,,,,,3,1,0.04283156387799784,,,,,,,,,,,,,,,,,,,,,,,,,,,,,,,,,,,,,,,
2026-05-03T08:43:57,one_step_benchmark,generated/benchmark_stage1_breadth,generated/benchmark_stage1_breadth/benchmark_results.csv,helmholtz_multimodal_positive_Conv-FNO_11,helmholtz_multimodal_positive,helmholtz_multimodal,positive,tcno_reference,Conv-FNO,Conv-FNO [tcno-ref],11,36,8,,,,,0.5191502202177342,,,,0.28099310398101807,0.06713571017305066,,,,,,,,,,42.154996699999174,458049,192,192,<LOCAL_ROOT>\tcno_icml2026_draft\generated\trainable_runs\train96_val24_test24_ep36_b8_h32_l3_m12_a1p0_s0p015_ps32_st16_tb4_te0p001_whann_tmlearned_local\helmholtz_multimodal_positive\conv-fno\seed-0011\result.json,,,,,,,3,1,0.051409721918897554,,,,,,,,,,,,,,,,,,,,,,,,,,,,,,,,,,,,,,,
2026-05-03T08:43:57,one_step_benchmark,generated/benchmark_stage1_breadth,generated/benchmark_stage1_breadth/benchmark_results.csv,helmholtz_multimodal_positive_Conv-FNO_19,helmholtz_multimodal_positive,helmholtz_multimodal,positive,tcno_reference,Conv-FNO,Conv-FNO [tcno-ref],19,36,8,,,,,0.5232176017005449,,,,0.29770949482917786,0.0989236694271954,,,,,,,,,,43.85510019999856,458049,192,192,<LOCAL_ROOT>\tcno_icml2026_draft\generated\trainable_runs\train96_val24_test24_ep36_b8_h32_l3_m12_a1p0_s0p015_ps32_st16_tb4_te0p001_whann_tmlearned_local\helmholtz_multimodal_positive\conv-fno\seed-0019\result.json,,,,,,,3,1,0.05143453021649488,,,,,,,,,,,,,,,,,,,,,,,,,,,,,,,,,,,,,,,
2026-05-03T08:43:57,one_step_benchmark,generated/benchmark_stage1_breadth,generated/benchmark_stage1_breadth/benchmark_results.csv,helmholtz_multimodal_positive_FNO+LearnedLocalTC_11,helmholtz_multimodal_positive,helmholtz_multimodal,positive,tcno_reference,FNO+LearnedLocalTC,FNO+LearnedLocalTC [tcno-ref],11,36,8,,,,,0.6627740095461757,,,,0.500266432762146,0.13421770059574575,,,,,,,,,,36.3154996000012,453800,192,192,<LOCAL_ROOT>\tcno_icml2026_draft\generated\trainable_runs\train96_val24_test24_ep36_b8_h32_l3_m12_a1p0_s0p015_ps32_st16_tmlearned_local\helmholtz_multimodal_positive\fnopluslearnedlocaltc\seed-0011\result.json,,,,,,,3,1,0.05203270601068424,,,,,,,,,,,,,,,,,,,,,,,,,,,,,,,,,,,,,,,
2026-05-03T08:43:57,one_step_benchmark,generated/benchmark_stage1_breadth,generated/benchmark_stage1_breadth/benchmark_results.csv,helmholtz_multimodal_positive_FNO+LearnedLocalTC_19,helmholtz_multimodal_positive,helmholtz_multimodal,positive,tcno_reference,FNO+LearnedLocalTC,FNO+LearnedLocalTC [tcno-ref],19,36,8,,,,,0.6089352385077609,,,,0.4423817992210388,0.09689088239587829,,,,,,,,,,46.91088210000453,453800,192,192,<LOCAL_ROOT>\tcno_icml2026_draft\generated\trainable_runs\train96_val24_test24_ep36_b8_h32_l3_m12_a1p0_s0p015_ps32_st16_tmlearned_local\helmholtz_multimodal_positive\fnopluslearnedlocaltc\seed-0019\result.json,,,,,,,3,1,0.05142659403886668,,,,,,,,,,,,,,,,,,,,,,,,,,,,,,,,,,,,,,,
2026-05-03T08:43:57,one_step_benchmark,generated/benchmark_stage1_breadth,generated/benchmark_stage1_breadth/benchmark_results.csv,helmholtz_partial_positive_Conv-FNO_11,helmholtz_partial_positive,helmholtz_partial,positive,tcno_reference,Conv-FNO,Conv-FNO [tcno-ref],11,36,8,,,,,0.2761959157353566,,,,0.07696906477212906,0.05085670213959082,,,,,,,,,,41.211568000002444,458049,192,192,<LOCAL_ROOT>\tcno_icml2026_draft\generated\trainable_runs\train96_val24_test24_ep36_b8_h32_l3_m12_a1p0_s0p015_ps32_st16_tb4_te0p001_whann_tmlearned_local\helmholtz_partial_positive\conv-fno\seed-0011\result.json,,,,,,,3,1,0.12373624291409747,,,,,,,,,,,,,,,,,,,,,,,,,,,,,,,,,,,,,,,
2026-05-03T08:43:57,one_step_benchmark,generated/benchmark_stage1_breadth,generated/benchmark_stage1_breadth/benchmark_results.csv,helmholtz_partial_positive_Conv-FNO_19,helmholtz_partial_positive,helmholtz_partial,positive,tcno_reference,Conv-FNO,Conv-FNO [tcno-ref],19,36,8,,,,,0.2552245961211188,,,,0.07230763882398605,0.049107768478332335,,,,,,,,,,40.59655700000076,458049,192,192,<LOCAL_ROOT>\tcno_icml2026_draft\generated\trainable_runs\train96_val24_test24_ep36_b8_h32_l3_m12_a1p0_s0p015_ps32_st16_tb4_te0p001_whann_tmlearned_local\helmholtz_partial_positive\conv-fno\seed-0019\result.json,,,,,,,3,1,0.1239296757121181,,,,,,,,,,,,,,,,,,,,,,,,,,,,,,,,,,,,,,,
2026-05-03T08:43:57,one_step_benchmark,generated/benchmark_stage1_breadth,generated/benchmark_stage1_breadth/benchmark_results.csv,helmholtz_partial_positive_FNO+LearnedLocalTC_11,helmholtz_partial_positive,helmholtz_partial,positive,tcno_reference,FNO+LearnedLocalTC,FNO+LearnedLocalTC [tcno-ref],11,36,8,,,,,0.40229789564254853,,,,0.17602691054344177,0.061323909169964795,,,,,,,,,,29.30993270000181,453800,192,192,<LOCAL_ROOT>\tcno_icml2026_draft\generated\trainable_runs\train96_val24_test24_ep36_b8_h32_l3_m12_a1p0_s0p015_ps32_st16_tmlearned_local\helmholtz_partial_positive\fnopluslearnedlocaltc\seed-0011\result.json,,,,,,,3,1,0.12342622206628089,,,,,,,,,,,,,,,,,,,,,,,,,,,,,,,,,,,,,,,
2026-05-03T08:43:57,one_step_benchmark,generated/benchmark_stage1_breadth,generated/benchmark_stage1_breadth/benchmark_results.csv,helmholtz_partial_positive_FNO+LearnedLocalTC_19,helmholtz_partial_positive,helmholtz_partial,positive,tcno_reference,FNO+LearnedLocalTC,FNO+LearnedLocalTC [tcno-ref],19,36,8,,,,,0.3984641928632451,,,,0.16733798384666443,0.053204659287957166,,,,,,,,,,29.273133299997426,453800,192,192,<LOCAL_ROOT>\tcno_icml2026_draft\generated\trainable_runs\train96_val24_test24_ep36_b8_h32_l3_m12_a1p0_s0p015_ps32_st16_tmlearned_local\helmholtz_partial_positive\fnopluslearnedlocaltc\seed-0019\result.json,,,,,,,3,1,0.12428227488800885,,,,,,,,,,,,,,,,,,,,,,,,,,,,,,,,,,,,,,,
2026-05-03T08:43:57,one_step_benchmark,generated/benchmark_stage1_breadth,generated/benchmark_stage1_breadth/benchmark_results.csv,helmholtz_variable_control_Conv-FNO_7,helmholtz_variable_control,helmholtz_variable,control,tcno_reference,Conv-FNO,Conv-FNO [tcno-ref],7,36,8,,,,,0.023969618991163,,,,0.000652745075058192,0.0036244657463791693,,,,,,,,,,28.704789799998252,458049,192,192,<LOCAL_ROOT>\tcno_icml2026_draft\generated\trainable_runs\train96_val24_test24_ep36_b8_h32_l3_m12_a1p0_s0p015_ps32_st16_tb4_te0p001_whann_tmlearned_local\helmholtz_variable_control\conv-fno\seed-0007\result.json,,,,,,,3,1,0.2207927826398625,,,,,,,,,,,,,,,,,,,,,,,,,,,,,,,,,,,,,,,
2026-05-03T08:43:57,one_step_benchmark,generated/benchmark_stage1_breadth,generated/benchmark_stage1_breadth/benchmark_results.csv,helmholtz_variable_control_Conv-FNO_11,helmholtz_variable_control,helmholtz_variable,control,tcno_reference,Conv-FNO,Conv-FNO [tcno-ref],11,36,8,,,,,0.018148804741191488,,,,0.00036823266418650746,0.0015794274342346044,,,,,,,,,,29.316174400002637,458049,192,192,<LOCAL_ROOT>\tcno_icml2026_draft\generated\trainable_runs\train96_val24_test24_ep36_b8_h32_l3_m12_a1p0_s0p015_ps32_st16_tb4_te0p001_whann_tmlearned_local\helmholtz_variable_control\conv-fno\seed-0011\result.json,,,,,,,3,1,0.22086271002688165,,,,,,,,,,,,,,,,,,,,,,,,,,,,,,,,,,,,,,,
2026-05-03T08:43:57,one_step_benchmark,generated/benchmark_stage1_breadth,generated/benchmark_stage1_breadth/benchmark_results.csv,helmholtz_variable_control_Conv-FNO_19,helmholtz_variable_control,helmholtz_variable,control,tcno_reference,Conv-FNO,Conv-FNO [tcno-ref],19,36,8,,,,,0.024382936444904402,,,,0.000666397565510124,0.004452269474623327,,,,,,,,,,29.50579789999756,458049,192,192,<LOCAL_ROOT>\tcno_icml2026_draft\generated\trainable_runs\train96_val24_test24_ep36_b8_h32_l3_m12_a1p0_s0p015_ps32_st16_tb4_te0p001_whann_tmlearned_local\helmholtz_variable_control\conv-fno\seed-0019\result.json,,,,,,,3,1,0.22112817807535626,,,,,,,,,,,,,,,,,,,,,,,,,,,,,,,,,,,,,,,
2026-05-03T08:43:57,one_step_benchmark,generated/benchmark_stage1_breadth,generated/benchmark_stage1_breadth/benchmark_results.csv,helmholtz_variable_control_FNO+LearnedLocalTC_7,helmholtz_variable_control,helmholtz_variable,control,tcno_reference,FNO+LearnedLocalTC,FNO+LearnedLocalTC [tcno-ref],7,36,8,,,,,0.02481661430243211,,,,0.0006844057934358716,0.002390986012088856,,,,,,,,,,29.80034710000473,453800,192,192,<LOCAL_ROOT>\tcno_icml2026_draft\generated\trainable_runs\train96_val24_test24_ep36_b8_h32_l3_m12_a1p0_s0p015_ps32_st16_tmlearned_local\helmholtz_variable_control\fnopluslearnedlocaltc\seed-0007\result.json,,,,,,,3,1,0.2209400591426944,,,,,,,,,,,,,,,,,,,,,,,,,,,,,,,,,,,,,,,
2026-05-03T08:43:57,one_step_benchmark,generated/benchmark_stage1_breadth,generated/benchmark_stage1_breadth/benchmark_results.csv,helmholtz_variable_control_FNO+LearnedLocalTC_11,helmholtz_variable_control,helmholtz_variable,control,tcno_reference,FNO+LearnedLocalTC,FNO+LearnedLocalTC [tcno-ref],11,36,8,,,,,0.022812178594652687,,,,0.0005811240407638252,0.002471040989094841,,,,,,,,,,30.22766430000047,453800,192,192,<LOCAL_ROOT>\tcno_icml2026_draft\generated\trainable_runs\train96_val24_test24_ep36_b8_h32_l3_m12_a1p0_s0p015_ps32_st16_tmlearned_local\helmholtz_variable_control\fnopluslearnedlocaltc\seed-0011\result.json,,,,,,,3,1,0.22077563606398518,,,,,,,,,,,,,,,,,,,,,,,,,,,,,,,,,,,,,,,
2026-05-03T08:43:57,one_step_benchmark,generated/benchmark_stage1_breadth,generated/benchmark_stage1_breadth/benchmark_results.csv,helmholtz_variable_control_FNO+LearnedLocalTC_19,helmholtz_variable_control,helmholtz_variable,control,tcno_reference,FNO+LearnedLocalTC,FNO+LearnedLocalTC [tcno-ref],19,36,8,,,,,0.03312967545323691,,,,0.0012321615358814597,0.0026375000592538714,,,,,,,,,,29.765694999994594,453800,192,192,<LOCAL_ROOT>\tcno_icml2026_draft\generated\trainable_runs\train96_val24_test24_ep36_b8_h32_l3_m12_a1p0_s0p015_ps32_st16_tmlearned_local\helmholtz_variable_control\fnopluslearnedlocaltc\seed-0019\result.json,,,,,,,3,1,0.22105166438582333,,,,,,,,,,,,,,,,,,,,,,,,,,,,,,,,,,,,,,,
2026-05-03T08:43:57,one_step_benchmark,generated/benchmark_stage1_breadth,generated/benchmark_stage1_breadth/benchmark_results.csv,helmholtz_variable_positive_Conv-FNO_7,helmholtz_variable_positive,helmholtz_variable,positive,tcno_reference,Conv-FNO,Conv-FNO [tcno-ref],7,36,8,,,,,0.12123960249220778,,,,0.015540032647550106,0.017221150420072207,,,,,,,,,,27.024804500000755,458049,192,192,<LOCAL_ROOT>\tcno_icml2026_draft\generated\trainable_runs\train96_val24_test24_ep36_b8_h32_l3_m12_a1p0_s0p015_ps32_st16_tb4_te0p001_whann_tmlearned_local\helmholtz_variable_positive\conv-fno\seed-0007\result.json,,,,,,,3,1,0.21278136194000452,,,,,,,,,,,,,,,,,,,,,,,,,,,,,,,,,,,,,,,
2026-05-03T08:43:57,one_step_benchmark,generated/benchmark_stage1_breadth,generated/benchmark_stage1_breadth/benchmark_results.csv,helmholtz_variable_positive_Conv-FNO_11,helmholtz_variable_positive,helmholtz_variable,positive,tcno_reference,Conv-FNO,Conv-FNO [tcno-ref],11,36,8,,,,,0.11185771384625465,,,,0.012512396089732647,0.01631811358252465,,,,,,,,,,27.938025700001162,458049,192,192,<LOCAL_ROOT>\tcno_icml2026_draft\generated\trainable_runs\train96_val24_test24_ep36_b8_h32_l3_m12_a1p0_s0p015_ps32_st16_tb4_te0p001_whann_tmlearned_local\helmholtz_variable_positive\conv-fno\seed-0011\result.json,,,,,,,3,1,0.21471671571679762,,,,,,,,,,,,,,,,,,,,,,,,,,,,,,,,,,,,,,,
2026-05-03T08:43:57,one_step_benchmark,generated/benchmark_stage1_breadth,generated/benchmark_stage1_breadth/benchmark_results.csv,helmholtz_variable_positive_Conv-FNO_19,helmholtz_variable_positive,helmholtz_variable,positive,tcno_reference,Conv-FNO,Conv-FNO [tcno-ref],19,36,8,,,,,0.11781688287909257,,,,0.013643578626215458,0.019999850321199514,,,,,,,,,,28.067635299998074,458049,192,192,<LOCAL_ROOT>\tcno_icml2026_draft\generated\trainable_runs\train96_val24_test24_ep36_b8_h32_l3_m12_a1p0_s0p015_ps32_st16_tb4_te0p001_whann_tmlearned_local\helmholtz_variable_positive\conv-fno\seed-0019\result.json,,,,,,,3,1,0.21280560084168598,,,,,,,,,,,,,,,,,,,,,,,,,,,,,,,,,,,,,,,
2026-05-03T08:43:57,one_step_benchmark,generated/benchmark_stage1_breadth,generated/benchmark_stage1_breadth/benchmark_results.csv,helmholtz_variable_positive_FNO+LearnedLocalTC_7,helmholtz_variable_positive,helmholtz_variable,positive,tcno_reference,FNO+LearnedLocalTC,FNO+LearnedLocalTC [tcno-ref],7,36,8,,,,,0.20902736797291746,,,,0.05602201819419861,0.07281772667476935,,,,,,,,,,31.797073299996555,453800,192,192,<LOCAL_ROOT>\tcno_icml2026_draft\generated\trainable_runs\train96_val24_test24_ep36_b8_h32_l3_m12_a1p0_s0p015_ps32_st16_tmlearned_local\helmholtz_variable_positive\fnopluslearnedlocaltc\seed-0007\result.json,,,,,,,3,1,0.22098003961532742,,,,,,,,,,,,,,,,,,,,,,,,,,,,,,,,,,,,,,,
2026-05-03T08:43:57,one_step_benchmark,generated/benchmark_stage1_breadth,generated/benchmark_stage1_breadth/benchmark_results.csv,helmholtz_variable_positive_FNO+LearnedLocalTC_11,helmholtz_variable_positive,helmholtz_variable,positive,tcno_reference,FNO+LearnedLocalTC,FNO+LearnedLocalTC [tcno-ref],11,36,8,,,,,0.20489996036823044,,,,0.054478421807289124,0.07292916944049115,,,,,,,,,,29.709560699993744,453800,192,192,<LOCAL_ROOT>\tcno_icml2026_draft\generated\trainable_runs\train96_val24_test24_ep36_b8_h32_l3_m12_a1p0_s0p015_ps32_st16_tmlearned_local\helmholtz_variable_positive\fnopluslearnedlocaltc\seed-0011\result.json,,,,,,,3,1,0.2187920107043673,,,,,,,,,,,,,,,,,,,,,,,,,,,,,,,,,,,,,,,
2026-05-03T08:43:57,one_step_benchmark,generated/benchmark_stage1_breadth,generated/benchmark_stage1_breadth/benchmark_results.csv,helmholtz_variable_positive_FNO+LearnedLocalTC_19,helmholtz_variable_positive,helmholtz_variable,positive,tcno_reference,FNO+LearnedLocalTC,FNO+LearnedLocalTC [tcno-ref],19,36,8,,,,,0.2015027335358143,,,,0.05243057385087013,0.0689241158254703,,,,,,,,,,30.07582459999685,453800,192,192,<LOCAL_ROOT>\tcno_icml2026_draft\generated\trainable_runs\train96_val24_test24_ep36_b8_h32_l3_m12_a1p0_s0p015_ps32_st16_tmlearned_local\helmholtz_variable_positive\fnopluslearnedlocaltc\seed-0019\result.json,,,,,,,3,1,0.21926636722631906,,,,,,,,,,,,,,,,,,,,,,,,,,,,,,,,,,,,,,,
2026-05-03T08:43:57,one_step_benchmark,generated/benchmark_stage1_breadth,generated/benchmark_stage1_breadth/benchmark_results.csv,diffusion_neumann_control_UNO_7,diffusion_neumann_control,diffusion_neumann,control,tcno_reference,UNO,UNO [tcno-ref],7,36,8,,,,,0.010492982590912652,,,,0.00011102268763352185,3.288851262437645e-05,,,,,,,,,,39.74708889999988,1195425,192,192,<LOCAL_ROOT>\tcno_icml2026_draft\generated\trainable_runs\train96_val24_test24_ep36_b8_h32_l3_m12_a1p0_s0p015_ps32_st16_tmlearned_local\diffusion_neumann_control\uno\seed-0007\result.json,,,,,,,3,1,0.9999192639817949,,,,,,,,,,,,,,,,,,,,,,,,,,,,,,,,,,,,,,,
2026-05-03T08:43:57,one_step_benchmark,generated/benchmark_stage1_breadth,generated/benchmark_stage1_breadth/benchmark_results.csv,diffusion_neumann_control_UNO_11,diffusion_neumann_control,diffusion_neumann,control,tcno_reference,UNO,UNO [tcno-ref],11,36,8,,,,,0.010807818200842971,,,,0.00011688195081660524,1.653368664546564e-05,,,,,,,,,,40.651018499999964,1195425,192,192,<LOCAL_ROOT>\tcno_icml2026_draft\generated\trainable_runs\train96_val24_test24_ep36_b8_h32_l3_m12_a1p0_s0p015_ps32_st16_tmlearned_local\diffusion_neumann_control\uno\seed-0011\result.json,,,,,,,3,1,0.999926042364423,,,,,,,,,,,,,,,,,,,,,,,,,,,,,,,,,,,,,,,
2026-05-03T08:43:57,one_step_benchmark,generated/benchmark_stage1_breadth,generated/benchmark_stage1_breadth/benchmark_results.csv,diffusion_neumann_control_UNO_19,diffusion_neumann_control,diffusion_neumann,control,tcno_reference,UNO,UNO [tcno-ref],19,36,8,,,,,0.011639606056100696,,,,0.00013074095477350056,2.7804589115104915e-05,,,,,,,,,,41.42380520000006,1195425,192,192,<LOCAL_ROOT>\tcno_icml2026_draft\generated\trainable_runs\train96_val24_test24_ep36_b8_h32_l3_m12_a1p0_s0p015_ps32_st16_tmlocal\diffusion_neumann_control\uno\seed-0019\result.json,,,,,,,3,1,0.999890492132864,,,,,,,,,,,,,,,,,,,,,,,,,,,,,,,,,,,,,,,
2026-05-03T08:43:57,one_step_benchmark,generated/benchmark_stage1_breadth,generated/benchmark_stage1_breadth/benchmark_results.csv,diffusion_neumann_positive_UNO_7,diffusion_neumann_positive,diffusion_neumann,positive,tcno_reference,UNO,UNO [tcno-ref],7,36,8,,,,,0.010782047163882438,,,,0.00011733214341802523,6.86013361939269e-05,,,,,,,,,,40.697992,1195425,192,192,<LOCAL_ROOT>\tcno_icml2026_draft\generated\trainable_runs\train96_val24_test24_ep36_b8_h32_l3_m12_a1p0_s0p015_ps32_st16_tmlearned_local\diffusion_neumann_positive\uno\seed-0007\result.json,,,,,,,3,1,0.999913418534673,,,,,,,,,,,,,,,,,,,,,,,,,,,,,,,,,,,,,,,
2026-05-03T08:43:57,one_step_benchmark,generated/benchmark_stage1_breadth,generated/benchmark_stage1_breadth/benchmark_results.csv,diffusion_neumann_positive_UNO_11,diffusion_neumann_positive,diffusion_neumann,positive,tcno_reference,UNO,UNO [tcno-ref],11,36,8,,,,,0.010965260082740224,,,,0.00012111967225791886,6.633813989091e-05,,,,,,,,,,36.81973659999994,1195425,192,192,<LOCAL_ROOT>\tcno_icml2026_draft\generated\trainable_runs\train96_val24_test24_ep36_b8_h32_l3_m12_a1p0_s0p015_ps32_st16_tmlearned_local\diffusion_neumann_positive\uno\seed-0011\result.json,,,,,,,3,1,0.9999221718256551,,,,,,,,,,,,,,,,,,,,,,,,,,,,,,,,,,,,,,,
2026-05-03T08:43:57,one_step_benchmark,generated/benchmark_stage1_breadth,generated/benchmark_stage1_breadth/benchmark_results.csv,diffusion_neumann_positive_UNO_19,diffusion_neumann_positive,diffusion_neumann,positive,tcno_reference,UNO,UNO [tcno-ref],19,36,8,,,,,0.011859696072359907,,,,0.00013605793355964124,7.512110025483343e-05,,,,,,,,,,199.67749090000143,1195425,192,192,<LOCAL_ROOT>\tcno_icml2026_draft\generated\trainable_runs\train96_val24_test24_ep36_b8_h32_l3_m12_a1p0_s0p015_ps32_st16_tmlocal\diffusion_neumann_positive\uno\seed-0019\result.json,,,,,,,3,1,0.9998854976301214,,,,,,,,,,,,,,,,,,,,,,,,,,,,,,,,,,,,,,,
2026-05-03T08:43:57,one_step_benchmark,generated/benchmark_stage1_breadth,generated/benchmark_stage1_breadth/benchmark_results.csv,helmholtz_dirichlet_control_UNO_11,helmholtz_dirichlet_control,helmholtz_dirichlet,control,tcno_reference,UNO,UNO [tcno-ref],11,36,8,,,,,0.01778533878045648,,,,0.0003533619164954871,0.0038163346742676476,,,,,,,,,,37.03937190000215,1195425,192,192,<LOCAL_ROOT>\tcno_icml2026_draft\generated\trainable_runs\train96_val24_test24_ep36_b8_h32_l3_m12_a1p0_s0p015_ps32_st16_tmlocal\helmholtz_dirichlet_control\uno\seed-0011\result.json,,,,,,,3,1,0.9787514172331772,,,,,,,,,,,,,,,,,,,,,,,,,,,,,,,,,,,,,,,
2026-05-03T08:43:57,one_step_benchmark,generated/benchmark_stage1_breadth,generated/benchmark_stage1_breadth/benchmark_results.csv,helmholtz_dirichlet_control_UNO_19,helmholtz_dirichlet_control,helmholtz_dirichlet,control,tcno_reference,UNO,UNO [tcno-ref],19,36,8,,,,,0.014151907585585858,,,,0.00023336621234193444,0.003298468732907725,,,,,,,,,,32.51377910000156,1195425,192,192,<LOCAL_ROOT>\tcno_icml2026_draft\generated\trainable_runs\train96_val24_test24_ep36_b8_h32_l3_m12_a1p0_s0p015_ps32_st16_tmlearned_local\helmholtz_dirichlet_control\uno\seed-0019\result.json,,,,,,,3,1,0.9788853115893219,,,,,,,,,,,,,,,,,,,,,,,,,,,,,,,,,,,,,,,
2026-05-03T08:43:57,one_step_benchmark,generated/benchmark_stage1_breadth,generated/benchmark_stage1_breadth/benchmark_results.csv,helmholtz_dirichlet_positive_UNO_11,helmholtz_dirichlet_positive,helmholtz_dirichlet,positive,tcno_reference,UNO,UNO [tcno-ref],11,36,8,,,,,0.04210912135029573,,,,0.0022701288107782602,0.005276165805741445,,,,,,,,,,34.98960640000041,1195425,192,192,<LOCAL_ROOT>\tcno_icml2026_draft\generated\trainable_runs\train96_val24_test24_ep36_b8_h32_l3_m12_a1p0_s0p015_ps32_st16_tmlearned_local\helmholtz_dirichlet_positive\uno\seed-0011\result.json,,,,,,,3,1,0.9781182373824899,,,,,,,,,,,,,,,,,,,,,,,,,,,,,,,,,,,,,,,
2026-05-03T08:43:57,one_step_benchmark,generated/benchmark_stage1_breadth,generated/benchmark_stage1_breadth/benchmark_results.csv,helmholtz_dirichlet_positive_UNO_19,helmholtz_dirichlet_positive,helmholtz_dirichlet,positive,tcno_reference,UNO,UNO [tcno-ref],19,36,8,,,,,0.04067187928800391,,,,0.0019861573819071054,0.006355430345112391,,,,,,,,,,34.58803360000093,1195425,192,192,<LOCAL_ROOT>\tcno_icml2026_draft\generated\trainable_runs\train96_val24_test24_ep36_b8_h32_l3_m12_a1p0_s0p015_ps32_st16_tmlocal\helmholtz_dirichlet_positive\uno\seed-0019\result.json,,,,,,,3,1,0.9783131349008766,,,,,,,,,,,,,,,,,,,,,,,,,,,,,,,,,,,,,,,
2026-05-03T08:43:57,one_step_benchmark,generated/benchmark_stage1_breadth,generated/benchmark_stage1_breadth/benchmark_results.csv,helmholtz_impedance_control_UNO_11,helmholtz_impedance_control,helmholtz_impedance,control,tcno_reference,UNO,UNO [tcno-ref],11,36,8,,,,,0.04010859700856615,,,,0.001440578605979681,0.005182573801457923,,,,,,,,,,33.265279300001566,1195425,192,192,<LOCAL_ROOT>\tcno_icml2026_draft\generated\trainable_runs\train96_val24_test24_ep36_b8_h32_l3_m12_a1p0_s0p015_ps32_st16_tmlocal\helmholtz_impedance_control\uno\seed-0011\result.json,,,,,,,3,1,0.8117295718277768,,,,,,,,,,,,,,,,,,,,,,,,,,,,,,,,,,,,,,,
2026-05-03T08:43:57,one_step_benchmark,generated/benchmark_stage1_breadth,generated/benchmark_stage1_breadth/benchmark_results.csv,helmholtz_impedance_control_UNO_19,helmholtz_impedance_control,helmholtz_impedance,control,tcno_reference,UNO,UNO [tcno-ref],19,36,8,,,,,0.030440644771107042,,,,0.0008544386364519596,0.0029355222362634115,,,,,,,,,,33.329106400000455,1195425,192,192,<LOCAL_ROOT>\tcno_icml2026_draft\generated\trainable_runs\train96_val24_test24_ep36_b8_h32_l3_m12_a1p0_s0p015_ps32_st16_tmlocal\helmholtz_impedance_control\uno\seed-0019\result.json,,,,,,,3,1,0.8116180018838398,,,,,,,,,,,,,,,,,,,,,,,,,,,,,,,,,,,,,,,
2026-05-03T08:43:57,one_step_benchmark,generated/benchmark_stage1_breadth,generated/benchmark_stage1_breadth/benchmark_results.csv,helmholtz_impedance_positive_UNO_11,helmholtz_impedance_positive,helmholtz_impedance,positive,tcno_reference,UNO,UNO [tcno-ref],11,36,8,,,,,0.05592164916247816,,,,0.0029524005949497223,0.0065520104412761975,,,,,,,,,,33.51150349999807,1195425,192,192,<LOCAL_ROOT>\tcno_icml2026_draft\generated\trainable_runs\train96_val24_test24_ep36_b8_h32_l3_m12_a1p0_s0p015_ps32_st16_tmlocal\helmholtz_impedance_positive\uno\seed-0011\result.json,,,,,,,3,1,0.8108389363369565,,,,,,,,,,,,,,,,,,,,,,,,,,,,,,,,,,,,,,,
2026-05-03T08:43:57,one_step_benchmark,generated/benchmark_stage1_breadth,generated/benchmark_stage1_breadth/benchmark_results.csv,helmholtz_impedance_positive_UNO_19,helmholtz_impedance_positive,helmholtz_impedance,positive,tcno_reference,UNO,UNO [tcno-ref],19,36,8,,,,,0.055833012248577,,,,0.002914370270445943,0.006228672921976784,,,,,,,,,,33.31673539999974,1195425,192,192,<LOCAL_ROOT>\tcno_icml2026_draft\generated\trainable_runs\train96_val24_test24_ep36_b8_h32_l3_m12_a1p0_s0p015_ps32_st16_tmlocal\helmholtz_impedance_positive\uno\seed-0019\result.json,,,,,,,3,1,0.8112331291439042,,,,,,,,,,,,,,,,,,,,,,,,,,,,,,,,,,,,,,,
2026-05-03T08:43:57,one_step_benchmark,generated/benchmark_stage1_breadth,generated/benchmark_stage1_breadth/benchmark_results.csv,poisson_robin_control_UNO_7,poisson_robin_control,poisson_robin,control,tcno_reference,UNO,UNO [tcno-ref],7,36,8,,,,,0.03050722976286042,,,,0.0009807447204366326,0.001896812189838809,,,,,,,,,,35.305277000003116,1195425,192,192,<LOCAL_ROOT>\tcno_icml2026_draft\generated\trainable_runs\train96_val24_test24_ep36_b8_h32_l3_m12_a1p0_s0p015_ps32_st16_tmlocal\poisson_robin_control\uno\seed-0007\result.json,,,,,,,3,1,0.9854727437501261,,,,,,,,,,,,,,,,,,,,,,,,,,,,,,,,,,,,,,,
2026-05-03T08:43:57,one_step_benchmark,generated/benchmark_stage1_breadth,generated/benchmark_stage1_breadth/benchmark_results.csv,poisson_robin_control_UNO_11,poisson_robin_control,poisson_robin,control,tcno_reference,UNO,UNO [tcno-ref],11,36,8,,,,,0.026361917428391734,,,,0.0007453181315213442,0.0019858225314881386,,,,,,,,,,38.93135970000003,1195425,192,192,<LOCAL_ROOT>\tcno_icml2026_draft\generated\trainable_runs\train96_val24_test24_ep36_b8_h32_l3_m12_a1p0_s0p015_ps32_st16_tmlocal\poisson_robin_control\uno\seed-0011\result.json,,,,,,,3,1,0.9855823787135854,,,,,,,,,,,,,,,,,,,,,,,,,,,,,,,,,,,,,,,
2026-05-03T08:43:57,one_step_benchmark,generated/benchmark_stage1_breadth,generated/benchmark_stage1_breadth/benchmark_results.csv,poisson_robin_control_UNO_19,poisson_robin_control,poisson_robin,control,tcno_reference,UNO,UNO [tcno-ref],19,36,8,,,,,0.03018049593325044,,,,0.0009907119674608111,0.0018340028501738377,,,,,,,,,,39.84413080000013,1195425,192,192,<LOCAL_ROOT>\tcno_icml2026_draft\generated\trainable_runs\train96_val24_test24_ep36_b8_h32_l3_m12_a1p0_s0p015_ps32_st16_tmlocal\poisson_robin_control\uno\seed-0019\result.json,,,,,,,3,1,0.9856829908532769,,,,,,,,,,,,,,,,,,,,,,,,,,,,,,,,,,,,,,,
2026-05-03T08:43:57,one_step_benchmark,generated/benchmark_stage1_breadth,generated/benchmark_stage1_breadth/benchmark_results.csv,poisson_robin_positive_UNO_7,poisson_robin_positive,poisson_robin,positive,tcno_reference,UNO,UNO [tcno-ref],7,36,8,,,,,0.03059972722034353,,,,0.0009846242610365152,0.0018962898619232897,,,,,,,,,,131.26018040000054,1195425,192,192,<LOCAL_ROOT>\tcno_icml2026_draft\generated\trainable_runs\train96_val24_test24_ep36_b8_h32_l3_m12_a1p0_s0p015_ps32_st16_tmlearned_local\poisson_robin_positive\uno\seed-0007\result.json,,,,,,,3,1,0.9854659224385843,,,,,,,,,,,,,,,,,,,,,,,,,,,,,,,,,,,,,,,
2026-05-03T08:43:57,one_step_benchmark,generated/benchmark_stage1_breadth,generated/benchmark_stage1_breadth/benchmark_results.csv,poisson_robin_positive_UNO_11,poisson_robin_positive,poisson_robin,positive,tcno_reference,UNO,UNO [tcno-ref],11,36,8,,,,,0.026441263939707388,,,,0.0007481326465494931,0.001992356379574329,,,,,,,,,,257.50776179999957,1195425,192,192,<LOCAL_ROOT>\tcno_icml2026_draft\generated\trainable_runs\train96_val24_test24_ep36_b8_h32_l3_m12_a1p0_s0p015_ps32_st16_tmlearned_local\poisson_robin_positive\uno\seed-0011\result.json,,,,,,,3,1,0.9855777487639203,,,,,,,,,,,,,,,,,,,,,,,,,,,,,,,,,,,,,,,
2026-05-03T08:43:57,one_step_benchmark,generated/benchmark_stage1_breadth,generated/benchmark_stage1_breadth/benchmark_results.csv,poisson_robin_positive_UNO_19,poisson_robin_positive,poisson_robin,positive,tcno_reference,UNO,UNO [tcno-ref],19,36,8,,,,,0.030264884262402352,,,,0.0009939918527379632,0.0018380767347580772,,,,,,,,,,36.33136150000064,1195425,192,192,<LOCAL_ROOT>\tcno_icml2026_draft\generated\trainable_runs\train96_val24_test24_ep36_b8_h32_l3_m12_a1p0_s0p015_ps32_st16_tmlocal\poisson_robin_positive\uno\seed-0019\result.json,,,,,,,3,1,0.9856776935368029,,,,,,,,,,,,,,,,,,,,,,,,,,,,,,,,,,,,,,,
2026-05-03T08:43:57,one_step_benchmark,generated/benchmark_stage1_breadth,generated/benchmark_stage1_breadth/benchmark_results.csv,helmholtz_partial_control_FNO+LearnedLocalTC_11,helmholtz_partial_control,helmholtz_partial,control,tcno_reference,FNO+LearnedLocalTC,FNO+LearnedLocalTC [tcno-ref],11,36,8,,,,,0.048424099592423255,,,,0.002306773094460368,0.002515758765066776,,,,,,,,,,29.16494480000256,453800,192,192,<LOCAL_ROOT>\tcno_icml2026_draft\generated\trainable_runs\train96_val24_test24_ep36_b8_h32_l3_m12_a1p0_s0p015_ps32_st16_tmlearned_local\helmholtz_partial_control\fnopluslearnedlocaltc\seed-0011\result.json,,,,,,,3,1,0.1209560648562402,,,,,,,,,,,,,,,,,,,,,,,,,,,,,,,,,,,,,,,
2026-05-03T08:43:57,one_step_benchmark,generated/benchmark_stage1_breadth,generated/benchmark_stage1_breadth/benchmark_results.csv,helmholtz_partial_control_FNO+LearnedLocalTC_19,helmholtz_partial_control,helmholtz_partial,control,tcno_reference,FNO+LearnedLocalTC,FNO+LearnedLocalTC [tcno-ref],19,36,8,,,,,0.05066283276451123,,,,0.002520033624023199,0.0028360016491475646,,,,,,,,,,29.358181300005526,453800,192,192,<LOCAL_ROOT>\tcno_icml2026_draft\generated\trainable_runs\train96_val24_test24_ep36_b8_h32_l3_m12_a1p0_s0p015_ps32_st16_tmlearned_local\helmholtz_partial_control\fnopluslearnedlocaltc\seed-0019\result.json,,,,,,,3,1,0.12097990932103954,,,,,,,,,,,,,,,,,,,,,,,,,,,,,,,,,,,,,,,
2026-05-03T08:43:57,one_step_benchmark,generated/benchmark_stage1_breadth,generated/benchmark_stage1_breadth/benchmark_results.csv,helmholtz_highk_control_FNO_7,helmholtz_highk_control,helmholtz_highk,control,tcno_reference,FNO,FNO [tcno-ref],7,36,8,,,,,0.06938099724328746,,,,0.005240951664745808,0.0008030845362017777,,,,,,,,,,47.06175700000131,446753,192,192,<LOCAL_ROOT>\tcno_icml2026_draft\generated\trainable_runs\train96_val24_test24_ep36_b8_h32_l3_m12_a1p0_s0p015_ps32_st16_tmlearned_local\helmholtz_highk_control\fno\seed-0007\result.json,,,,,,,3,1,0.9092956478335013,,,,,,,,,,,,,,,,,,,,,,,,,,,,,,,,,,,,,,,
2026-05-03T08:43:57,one_step_benchmark,generated/benchmark_stage1_breadth,generated/benchmark_stage1_breadth/benchmark_results.csv,helmholtz_highk_control_UNO_7,helmholtz_highk_control,helmholtz_highk,control,tcno_reference,UNO,UNO [tcno-ref],7,36,8,,,,,0.027328409654632596,,,,0.0007916803588159382,0.004833873705413862,,,,,,,,,,87.91935250000097,1195425,192,192,<LOCAL_ROOT>\tcno_icml2026_draft\generated\trainable_runs\train96_val24_test24_ep36_b8_h32_l3_m12_a1p0_s0p015_ps32_st16_tmlearned_local\helmholtz_highk_control\uno\seed-0007\result.json,,,,,,,3,1,0.912682717229178,,,,,,,,,,,,,,,,,,,,,,,,,,,,,,,,,,,,,,,
2026-05-03T08:43:57,one_step_benchmark,generated/benchmark_stage1_breadth,generated/benchmark_stage1_breadth/benchmark_results.csv,helmholtz_highk_control_WNO-style_7,helmholtz_highk_control,helmholtz_highk,control,tcno_reference,WNO-style,WNO-style [tcno-ref],7,36,8,,,,,0.06280910468884154,,,,0.004337660036981106,0.003115137253898878,,,,,,,,,,88.54550410000047,399297,192,192,<LOCAL_ROOT>\tcno_icml2026_draft\generated\trainable_runs\train96_val24_test24_ep36_b8_h32_l3_m12_a1p0_s0p015_ps32_st16_tmlearned_local\helmholtz_highk_control\wno-style\seed-0007\result.json,,,,,,,3,1,0.9103424672853034,,,,,,,,,,,,,,,,,,,,,,,,,,,,,,,,,,,,,,,
2026-05-03T08:43:57,one_step_benchmark,generated/benchmark_stage1_breadth,generated/benchmark_stage1_breadth/benchmark_results.csv,helmholtz_highk_positive_FNO_7,helmholtz_highk_positive,helmholtz_highk,positive,tcno_reference,FNO,FNO [tcno-ref],7,36,8,,,,,0.11691269810248033,,,,0.01453249529004097,0.01217004905467438,,,,,,,,,,19.778767699999662,446753,192,192,<LOCAL_ROOT>\tcno_icml2026_draft\generated\trainable_runs\train96_val24_test24_ep36_b8_h32_l3_m12_a1p0_s0p015_ps32_st16_tmlearned_local\helmholtz_highk_positive\fno\seed-0007\result.json,,,,,,,3,1,0.9078153938302016,,,,,,,,,,,,,,,,,,,,,,,,,,,,,,,,,,,,,,,
2026-05-03T08:43:57,one_step_benchmark,generated/benchmark_stage1_breadth,generated/benchmark_stage1_breadth/benchmark_results.csv,helmholtz_highk_positive_UNO_7,helmholtz_highk_positive,helmholtz_highk,positive,tcno_reference,UNO,UNO [tcno-ref],7,36,8,,,,,0.054461292079065804,,,,0.003474527271464467,0.00546386252782427,,,,,,,,,,36.0416464000009,1195425,192,192,<LOCAL_ROOT>\tcno_icml2026_draft\generated\trainable_runs\train96_val24_test24_ep36_b8_h32_l3_m12_a1p0_s0p015_ps32_st16_tmlearned_local\helmholtz_highk_positive\uno\seed-0007\result.json,,,,,,,3,1,0.9114784797794288,,,,,,,,,,,,,,,,,,,,,,,,,,,,,,,,,,,,,,,
2026-05-03T08:43:57,one_step_benchmark,generated/benchmark_stage1_breadth,generated/benchmark_stage1_breadth/benchmark_results.csv,helmholtz_highk_positive_WNO-style_7,helmholtz_highk_positive,helmholtz_highk,positive,tcno_reference,WNO-style,WNO-style [tcno-ref],7,36,8,,,,,0.08931529661195436,,,,0.00866431463509798,0.007735303905001399,,,,,,,,,,40.561765399999786,399297,192,192,<LOCAL_ROOT>\tcno_icml2026_draft\generated\trainable_runs\train96_val24_test24_ep36_b8_h32_l3_m12_a1p0_s0p015_ps32_st16_tmlearned_local\helmholtz_highk_positive\wno-style\seed-0007\result.json,,,,,,,3,1,0.9097698224799126,,,,,,,,,,,,,,,,,,,,,,,,,,,,,,,,,,,,,,,
2026-05-03T08:43:57,one_step_benchmark,generated/benchmark_stage1_breadth,generated/benchmark_stage1_breadth/benchmark_results.csv,diffusion_neumann_control_WNO-style_7,diffusion_neumann_control,diffusion_neumann,control,tcno_reference,WNO-style,WNO-style [tcno-ref],7,36,8,,,,,0.004249553121155957,,,,1.9975530449301004e-05,1.548342719704021e-05,,,,,,,,,,38.118350700000065,399297,192,192,<LOCAL_ROOT>\tcno_icml2026_draft\generated\trainable_runs\train96_val24_test24_ep36_b8_h32_l3_m12_a1p0_s0p015_ps32_st16_tmlearned_local\diffusion_neumann_control\wno-style\seed-0007\result.json,,,,,,,3,1,0.9999914960666013,,,,,,,,,,,,,,,,,,,,,,,,,,,,,,,,,,,,,,,
2026-05-03T08:43:57,one_step_benchmark,generated/benchmark_stage1_breadth,generated/benchmark_stage1_breadth/benchmark_results.csv,diffusion_neumann_positive_WNO-style_7,diffusion_neumann_positive,diffusion_neumann,positive,tcno_reference,WNO-style,WNO-style [tcno-ref],7,36,8,,,,,0.004868104830847662,,,,2.5723582439241e-05,5.504450196713191e-05,,,,,,,,,,38.8343364000001,399297,192,192,<LOCAL_ROOT>\tcno_icml2026_draft\generated\trainable_runs\train96_val24_test24_ep36_b8_h32_l3_m12_a1p0_s0p015_ps32_st16_tmlearned_local\diffusion_neumann_positive\wno-style\seed-0007\result.json,,,,,,,3,1,0.9999859498835004,,,,,,,,,,,,,,,,,,,,,,,,,,,,,,,,,,,,,,,
2026-05-03T08:43:57,one_step_benchmark,generated/benchmark_stage1_breadth,generated/benchmark_stage1_breadth/benchmark_results.csv,poisson_robin_control_WNO-style_7,poisson_robin_control,poisson_robin,control,tcno_reference,WNO-style,WNO-style [tcno-ref],7,36,8,,,,,0.015489374909745496,,,,0.0002219909947598353,0.0013717073285162025,,,,,,,,,,33.16223550000001,399297,192,192,<LOCAL_ROOT>\tcno_icml2026_draft\generated\trainable_runs\train96_val24_test24_ep36_b8_h32_l3_m12_a1p0_s0p015_ps32_st16_tmlearned_local\poisson_robin_control\wno-style\seed-0007\result.json,,,,,,,3,1,0.9850680498765279,,,,,,,,,,,,,,,,,,,,,,,,,,,,,,,,,,,,,,,
2026-05-03T08:43:57,one_step_benchmark,generated/benchmark_stage1_breadth,generated/benchmark_stage1_breadth/benchmark_results.csv,poisson_robin_positive_WNO-style_7,poisson_robin_positive,poisson_robin,positive,tcno_reference,WNO-style,WNO-style [tcno-ref],7,36,8,,,,,0.015696166401775614,,,,0.0002280605840496719,0.0013437307588409521,,,,,,,,,,33.253389499997866,399297,192,192,<LOCAL_ROOT>\tcno_icml2026_draft\generated\trainable_runs\train96_val24_test24_ep36_b8_h32_l3_m12_a1p0_s0p015_ps32_st16_tmlocal\poisson_robin_positive\wno-style\seed-0007\result.json,,,,,,,3,1,0.985065174012003,,,,,,,,,,,,,,,,,,,,,,,,,,,,,,,,,,,,,,,
2026-05-03T08:43:57,one_step_benchmark,generated/benchmark_stage1_breadth,generated/benchmark_stage1_breadth/benchmark_results.csv,diffusion_neumann_control_Conv-FNO_7,diffusion_neumann_control,diffusion_neumann,control,tcno_reference,Conv-FNO,Conv-FNO [tcno-ref],7,36,8,,,,,0.020515529684591343,,,,0.0003890666412189603,5.915787764272149e-05,,,,,,,,,,50.359746000001905,458049,192,192,<LOCAL_ROOT>\tcno_icml2026_draft\generated\trainable_runs\train96_val24_test24_ep36_b8_h32_l3_m12_a1p0_s0p015_ps32_st16_tb4_te0p001_whann_tmlearned_local\diffusion_neumann_control\conv-fno\seed-0007\result.json,,,,,,,3,1,0.9996172898415142,,,,,,,,,,,,,,,,,,,,,,,,,,,,,,,,,,,,,,,
2026-05-03T08:43:57,one_step_benchmark,generated/benchmark_stage1_breadth,generated/benchmark_stage1_breadth/benchmark_results.csv,diffusion_neumann_control_Conv-FNO_11,diffusion_neumann_control,diffusion_neumann,control,tcno_reference,Conv-FNO,Conv-FNO [tcno-ref],11,36,8,,,,,0.015253473861845127,,,,0.0002198467991547659,5.762717301628946e-05,,,,,,,,,,50.751888199996756,458049,192,192,<LOCAL_ROOT>\tcno_icml2026_draft\generated\trainable_runs\train96_val24_test24_ep36_b8_h32_l3_m12_a1p0_s0p015_ps32_st16_tb4_te0p001_whann_tmlearned_local\diffusion_neumann_control\conv-fno\seed-0011\result.json,,,,,,,3,1,0.9997871336284602,,,,,,,,,,,,,,,,,,,,,,,,,,,,,,,,,,,,,,,
2026-05-03T08:43:57,one_step_benchmark,generated/benchmark_stage1_breadth,generated/benchmark_stage1_breadth/benchmark_results.csv,diffusion_neumann_control_Conv-FNO_19,diffusion_neumann_control,diffusion_neumann,control,tcno_reference,Conv-FNO,Conv-FNO [tcno-ref],19,36,8,,,,,0.016843396966355104,,,,0.00026193048688583076,6.06687585608869e-05,,,,,,,,,,49.2776116999994,458049,192,192,<LOCAL_ROOT>\tcno_icml2026_draft\generated\trainable_runs\train96_val24_test24_ep36_b8_h32_l3_m12_a1p0_s0p015_ps32_st16_tb4_te0p001_whann_tmlearned_local\diffusion_neumann_control\conv-fno\seed-0019\result.json,,,,,,,3,1,0.9997436040967426,,,,,,,,,,,,,,,,,,,,,,,,,,,,,,,,,,,,,,,
2026-05-03T08:43:57,one_step_benchmark,generated/benchmark_stage1_breadth,generated/benchmark_stage1_breadth/benchmark_results.csv,diffusion_neumann_positive_Conv-FNO_7,diffusion_neumann_positive,diffusion_neumann,positive,tcno_reference,Conv-FNO,Conv-FNO [tcno-ref],7,36,8,,,,,0.020489168437613305,,,,0.00038719087024219334,7.415098891182558e-05,,,,,,,,,,49.60556019999785,458049,192,192,<LOCAL_ROOT>\tcno_icml2026_draft\generated\trainable_runs\train96_val24_test24_ep36_b8_h32_l3_m12_a1p0_s0p015_ps32_st16_tb4_te0p001_whann_tmlearned_local\diffusion_neumann_positive\conv-fno\seed-0007\result.json,,,,,,,3,1,0.9996176477523914,,,,,,,,,,,,,,,,,,,,,,,,,,,,,,,,,,,,,,,
2026-05-03T08:43:57,one_step_benchmark,generated/benchmark_stage1_breadth,generated/benchmark_stage1_breadth/benchmark_results.csv,diffusion_neumann_positive_Conv-FNO_11,diffusion_neumann_positive,diffusion_neumann,positive,tcno_reference,Conv-FNO,Conv-FNO [tcno-ref],11,36,8,,,,,0.014902924424592137,,,,0.0002109897177433595,6.948410144278176e-05,,,,,,,,,,50.649178600000596,458049,192,192,<LOCAL_ROOT>\tcno_icml2026_draft\generated\trainable_runs\train96_val24_test24_ep36_b8_h32_l3_m12_a1p0_s0p015_ps32_st16_tb4_te0p001_whann_tmlearned_local\diffusion_neumann_positive\conv-fno\seed-0011\result.json,,,,,,,3,1,0.9997962730544326,,,,,,,,,,,,,,,,,,,,,,,,,,,,,,,,,,,,,,,
2026-05-03T08:43:57,one_step_benchmark,generated/benchmark_stage1_breadth,generated/benchmark_stage1_breadth/benchmark_results.csv,diffusion_neumann_positive_Conv-FNO_19,diffusion_neumann_positive,diffusion_neumann,positive,tcno_reference,Conv-FNO,Conv-FNO [tcno-ref],19,36,8,,,,,0.017157862352667766,,,,0.00027261566719971597,9.134748081807363e-05,,,,,,,,,,50.70269539999936,458049,192,192,<LOCAL_ROOT>\tcno_icml2026_draft\generated\trainable_runs\train96_val24_test24_ep36_b8_h32_l3_m12_a1p0_s0p015_ps32_st16_tb4_te0p001_whann_tmlearned_local\diffusion_neumann_positive\conv-fno\seed-0019\result.json,,,,,,,3,1,0.9997349619101588,,,,,,,,,,,,,,,,,,,,,,,,,,,,,,,,,,,,,,,
2026-05-03T08:43:57,one_step_benchmark,generated/benchmark_stage1_breadth,generated/benchmark_stage1_breadth/benchmark_results.csv,helmholtz_dirichlet_control_Conv-FNO_7,helmholtz_dirichlet_control,helmholtz_dirichlet,control,tcno_reference,Conv-FNO,Conv-FNO [tcno-ref],7,36,8,,,,,0.02413524992318362,,,,0.0006643471424467862,0.004078039956350947,,,,,,,,,,25.977265500001522,458049,192,192,<LOCAL_ROOT>\tcno_icml2026_draft\generated\trainable_runs\train96_val24_test24_ep36_b8_h32_l3_m12_a1p0_s0p015_ps32_st16_tb4_te0p001_whann_tmlearned_local\helmholtz_dirichlet_control\conv-fno\seed-0007\result.json,,,,,,,3,1,0.978531685979044,,,,,,,,,,,,,,,,,,,,,,,,,,,,,,,,,,,,,,,
2026-05-03T08:43:57,one_step_benchmark,generated/benchmark_stage1_breadth,generated/benchmark_stage1_breadth/benchmark_results.csv,helmholtz_dirichlet_control_Conv-FNO_11,helmholtz_dirichlet_control,helmholtz_dirichlet,control,tcno_reference,Conv-FNO,Conv-FNO [tcno-ref],11,36,8,,,,,0.020162013062258944,,,,0.0004587042494677007,0.002424458489532126,,,,,,,,,,25.90126500000042,458049,192,192,<LOCAL_ROOT>\tcno_icml2026_draft\generated\trainable_runs\train96_val24_test24_ep36_b8_h32_l3_m12_a1p0_s0p015_ps32_st16_tb4_te0p001_whann_tmlearned_local\helmholtz_dirichlet_control\conv-fno\seed-0011\result.json,,,,,,,3,1,0.9785061065908636,,,,,,,,,,,,,,,,,,,,,,,,,,,,,,,,,,,,,,,
2026-05-03T08:43:57,one_step_benchmark,generated/benchmark_stage1_breadth,generated/benchmark_stage1_breadth/benchmark_results.csv,helmholtz_dirichlet_control_Conv-FNO_19,helmholtz_dirichlet_control,helmholtz_dirichlet,control,tcno_reference,Conv-FNO,Conv-FNO [tcno-ref],19,36,8,,,,,0.02197986744670144,,,,0.0005463624838739634,0.002658944649246457,,,,,,,,,,26.147450699998444,458049,192,192,<LOCAL_ROOT>\tcno_icml2026_draft\generated\trainable_runs\train96_val24_test24_ep36_b8_h32_l3_m12_a1p0_s0p015_ps32_st16_tb4_te0p001_whann_tmlearned_local\helmholtz_dirichlet_control\conv-fno\seed-0019\result.json,,,,,,,3,1,0.9786047878243332,,,,,,,,,,,,,,,,,,,,,,,,,,,,,,,,,,,,,,,
2026-05-03T08:43:57,one_step_benchmark,generated/benchmark_stage1_breadth,generated/benchmark_stage1_breadth/benchmark_results.csv,helmholtz_dirichlet_positive_Conv-FNO_7,helmholtz_dirichlet_positive,helmholtz_dirichlet,positive,tcno_reference,Conv-FNO,Conv-FNO [tcno-ref],7,36,8,,,,,0.0565472524635412,,,,0.004278022330254316,0.005391102277168169,,,,,,,,,,27.092502200001036,458049,192,192,<LOCAL_ROOT>\tcno_icml2026_draft\generated\trainable_runs\train96_val24_test24_ep36_b8_h32_l3_m12_a1p0_s0p015_ps32_st16_tb4_te0p001_whann_tmlearned_local\helmholtz_dirichlet_positive\conv-fno\seed-0007\result.json,,,,,,,3,1,0.9775055866195741,,,,,,,,,,,,,,,,,,,,,,,,,,,,,,,,,,,,,,,
2026-05-03T08:43:57,one_step_benchmark,generated/benchmark_stage1_breadth,generated/benchmark_stage1_breadth/benchmark_results.csv,helmholtz_dirichlet_positive_Conv-FNO_11,helmholtz_dirichlet_positive,helmholtz_dirichlet,positive,tcno_reference,Conv-FNO,Conv-FNO [tcno-ref],11,36,8,,,,,0.051489646602906024,,,,0.003753880737349391,0.0026467098109496053,,,,,,,,,,25.927441299998463,458049,192,192,<LOCAL_ROOT>\tcno_icml2026_draft\generated\trainable_runs\train96_val24_test24_ep36_b8_h32_l3_m12_a1p0_s0p015_ps32_st16_tb4_te0p001_whann_tmlearned_local\helmholtz_dirichlet_positive\conv-fno\seed-0011\result.json,,,,,,,3,1,0.9776162030576457,,,,,,,,,,,,,,,,,,,,,,,,,,,,,,,,,,,,,,,
2026-05-03T08:43:57,one_step_benchmark,generated/benchmark_stage1_breadth,generated/benchmark_stage1_breadth/benchmark_results.csv,helmholtz_dirichlet_positive_Conv-FNO_19,helmholtz_dirichlet_positive,helmholtz_dirichlet,positive,tcno_reference,Conv-FNO,Conv-FNO [tcno-ref],19,36,8,,,,,0.05975493789521047,,,,0.004615255631506443,0.004377705127912809,,,,,,,,,,26.028860700000223,458049,192,192,<LOCAL_ROOT>\tcno_icml2026_draft\generated\trainable_runs\train96_val24_test24_ep36_b8_h32_l3_m12_a1p0_s0p015_ps32_st16_tb4_te0p001_whann_tmlearned_local\helmholtz_dirichlet_positive\conv-fno\seed-0019\result.json,,,,,,,3,1,0.9775183007116013,,,,,,,,,,,,,,,,,,,,,,,,,,,,,,,,,,,,,,,
2026-05-03T08:43:57,one_step_benchmark,generated/benchmark_stage1_breadth,generated/benchmark_stage1_breadth/benchmark_results.csv,helmholtz_impedance_control_Conv-FNO_7,helmholtz_impedance_control,helmholtz_impedance,control,tcno_reference,Conv-FNO,Conv-FNO [tcno-ref],7,36,8,,,,,0.04368978180679355,,,,0.0016724048182368279,0.0037721052785734837,,,,,,,,,,26.769122300000163,458049,192,192,<LOCAL_ROOT>\tcno_icml2026_draft\generated\trainable_runs\train96_val24_test24_ep36_b8_h32_l3_m12_a1p0_s0p015_ps32_st16_tb4_te0p001_whann_tmlearned_local\helmholtz_impedance_control\conv-fno\seed-0007\result.json,,,,,,,3,1,0.8109880706074476,,,,,,,,,,,,,,,,,,,,,,,,,,,,,,,,,,,,,,,
2026-05-03T08:43:57,one_step_benchmark,generated/benchmark_stage1_breadth,generated/benchmark_stage1_breadth/benchmark_results.csv,helmholtz_impedance_control_Conv-FNO_11,helmholtz_impedance_control,helmholtz_impedance,control,tcno_reference,Conv-FNO,Conv-FNO [tcno-ref],11,36,8,,,,,0.04086676485719438,,,,0.0015279495855793357,0.0026974479144287154,,,,,,,,,,26.79673339999863,458049,192,192,<LOCAL_ROOT>\tcno_icml2026_draft\generated\trainable_runs\train96_val24_test24_ep36_b8_h32_l3_m12_a1p0_s0p015_ps32_st16_tb4_te0p001_whann_tmlearned_local\helmholtz_impedance_control\conv-fno\seed-0011\result.json,,,,,,,3,1,0.8105551185914187,,,,,,,,,,,,,,,,,,,,,,,,,,,,,,,,,,,,,,,
2026-05-03T08:43:57,one_step_benchmark,generated/benchmark_stage1_breadth,generated/benchmark_stage1_breadth/benchmark_results.csv,helmholtz_impedance_control_Conv-FNO_19,helmholtz_impedance_control,helmholtz_impedance,control,tcno_reference,Conv-FNO,Conv-FNO [tcno-ref],19,36,8,,,,,0.0410187633489776,,,,0.0015184112126007676,0.0036285894943090032,,,,,,,,,,26.891256200000498,458049,192,192,<LOCAL_ROOT>\tcno_icml2026_draft\generated\trainable_runs\train96_val24_test24_ep36_b8_h32_l3_m12_a1p0_s0p015_ps32_st16_tb4_te0p001_whann_tmlearned_local\helmholtz_impedance_control\conv-fno\seed-0019\result.json,,,,,,,3,1,0.8109545822796257,,,,,,,,,,,,,,,,,,,,,,,,,,,,,,,,,,,,,,,
2026-05-03T08:43:57,one_step_benchmark,generated/benchmark_stage1_breadth,generated/benchmark_stage1_breadth/benchmark_results.csv,helmholtz_impedance_positive_Conv-FNO_7,helmholtz_impedance_positive,helmholtz_impedance,positive,tcno_reference,Conv-FNO,Conv-FNO [tcno-ref],7,36,8,,,,,0.07899773119645538,,,,0.006035282742232084,0.005567296249100799,,,,,,,,,,26.63638229999924,458049,192,192,<LOCAL_ROOT>\tcno_icml2026_draft\generated\trainable_runs\train96_val24_test24_ep36_b8_h32_l3_m12_a1p0_s0p015_ps32_st16_tb4_te0p001_whann_tmlearned_local\helmholtz_impedance_positive\conv-fno\seed-0007\result.json,,,,,,,3,1,0.8087701002054951,,,,,,,,,,,,,,,,,,,,,,,,,,,,,,,,,,,,,,,
2026-05-03T08:43:57,one_step_benchmark,generated/benchmark_stage1_breadth,generated/benchmark_stage1_breadth/benchmark_results.csv,helmholtz_impedance_positive_Conv-FNO_11,helmholtz_impedance_positive,helmholtz_impedance,positive,tcno_reference,Conv-FNO,Conv-FNO [tcno-ref],11,36,8,,,,,0.08169938201125031,,,,0.006431026849895716,0.005744447347972034,,,,,,,,,,26.655975400000898,458049,192,192,<LOCAL_ROOT>\tcno_icml2026_draft\generated\trainable_runs\train96_val24_test24_ep36_b8_h32_l3_m12_a1p0_s0p015_ps32_st16_tb4_te0p001_whann_tmlearned_local\helmholtz_impedance_positive\conv-fno\seed-0011\result.json,,,,,,,3,1,0.8082508197535513,,,,,,,,,,,,,,,,,,,,,,,,,,,,,,,,,,,,,,,
2026-05-03T08:43:57,one_step_benchmark,generated/benchmark_stage1_breadth,generated/benchmark_stage1_breadth/benchmark_results.csv,helmholtz_impedance_positive_Conv-FNO_19,helmholtz_impedance_positive,helmholtz_impedance,positive,tcno_reference,Conv-FNO,Conv-FNO [tcno-ref],19,36,8,,,,,0.08174833768382772,,,,0.006651473231613636,0.003914793318159982,,,,,,,,,,26.66663509999853,458049,192,192,<LOCAL_ROOT>\tcno_icml2026_draft\generated\trainable_runs\train96_val24_test24_ep36_b8_h32_l3_m12_a1p0_s0p015_ps32_st16_tb4_te0p001_whann_tmlearned_local\helmholtz_impedance_positive\conv-fno\seed-0019\result.json,,,,,,,3,1,0.8081826085237492,,,,,,,,,,,,,,,,,,,,,,,,,,,,,,,,,,,,,,,
2026-05-03T08:43:57,one_step_benchmark,generated/benchmark_stage1_breadth,generated/benchmark_stage1_breadth/benchmark_results.csv,helmholtz_partial_control_Conv-FNO_11,helmholtz_partial_control,helmholtz_partial,control,tcno_reference,Conv-FNO,Conv-FNO [tcno-ref],11,36,8,,,,,0.03555165345826016,,,,0.0012647988041862845,0.0026128507123396615,,,,,,,,,,42.87194079999972,458049,192,192,<LOCAL_ROOT>\tcno_icml2026_draft\generated\trainable_runs\train96_val24_test24_ep36_b8_h32_l3_m12_a1p0_s0p015_ps32_st16_tb4_te0p001_whann_tmlearned_local\helmholtz_partial_control\conv-fno\seed-0011\result.json,,,,,,,3,1,0.11963156641048041,,,,,,,,,,,,,,,,,,,,,,,,,,,,,,,,,,,,,,,
2026-05-03T08:43:57,one_step_benchmark,generated/benchmark_stage1_breadth,generated/benchmark_stage1_breadth/benchmark_results.csv,helmholtz_partial_control_Conv-FNO_19,helmholtz_partial_control,helmholtz_partial,control,tcno_reference,Conv-FNO,Conv-FNO [tcno-ref],19,36,8,,,,,0.03613958469304216,,,,0.0013068674597889185,0.0024099366040762384,,,,,,,,,,50.72985179999887,458049,192,192,<LOCAL_ROOT>\tcno_icml2026_draft\generated\trainable_runs\train96_val24_test24_ep36_b8_h32_l3_m12_a1p0_s0p015_ps32_st16_tb4_te0p001_whann_tmlearned_local\helmholtz_partial_control\conv-fno\seed-0019\result.json,,,,,,,3,1,0.11974534384653863,,,,,,,,,,,,,,,,,,,,,,,,,,,,,,,,,,,,,,,
2026-05-03T08:43:57,one_step_benchmark,generated/benchmark_stage1_breadth,generated/benchmark_stage1_breadth/benchmark_results.csv,poisson_robin_control_Conv-FNO_7,poisson_robin_control,poisson_robin,control,tcno_reference,Conv-FNO,Conv-FNO [tcno-ref],7,36,8,,,,,0.028853665462443945,,,,0.0008415660122409463,0.0018009596611193608,,,,,,,,,,48.81851390000156,458049,192,192,<LOCAL_ROOT>\tcno_icml2026_draft\generated\trainable_runs\train96_val24_test24_ep36_b8_h32_l3_m12_a1p0_s0p015_ps32_st16_tb4_te0p001_whann_tmlearned_local\poisson_robin_control\conv-fno\seed-0007\result.json,,,,,,,3,1,0.9851820392301107,,,,,,,,,,,,,,,,,,,,,,,,,,,,,,,,,,,,,,,
2026-05-03T08:43:57,one_step_benchmark,generated/benchmark_stage1_breadth,generated/benchmark_stage1_breadth/benchmark_results.csv,poisson_robin_control_Conv-FNO_11,poisson_robin_control,poisson_robin,control,tcno_reference,Conv-FNO,Conv-FNO [tcno-ref],11,36,8,,,,,0.03555902179190975,,,,0.001230540918186307,0.003085068906105694,,,,,,,,,,48.492730400001165,458049,192,192,<LOCAL_ROOT>\tcno_icml2026_draft\generated\trainable_runs\train96_val24_test24_ep36_b8_h32_l3_m12_a1p0_s0p015_ps32_st16_tb4_te0p001_whann_tmlearned_local\poisson_robin_control\conv-fno\seed-0011\result.json,,,,,,,3,1,0.985011701466019,,,,,,,,,,,,,,,,,,,,,,,,,,,,,,,,,,,,,,,
2026-05-03T08:43:57,one_step_benchmark,generated/benchmark_stage1_breadth,generated/benchmark_stage1_breadth/benchmark_results.csv,poisson_robin_control_Conv-FNO_19,poisson_robin_control,poisson_robin,control,tcno_reference,Conv-FNO,Conv-FNO [tcno-ref],19,36,8,,,,,0.03308697990900781,,,,0.001015563728287816,0.0028571918349066736,,,,,,,,,,49.01791020000019,458049,192,192,<LOCAL_ROOT>\tcno_icml2026_draft\generated\trainable_runs\train96_val24_test24_ep36_b8_h32_l3_m12_a1p0_s0p015_ps32_st16_tb4_te0p001_whann_tmlearned_local\poisson_robin_control\conv-fno\seed-0019\result.json,,,,,,,3,1,0.9853887025332071,,,,,,,,,,,,,,,,,,,,,,,,,,,,,,,,,,,,,,,
2026-05-03T08:43:57,one_step_benchmark,generated/benchmark_stage1_breadth,generated/benchmark_stage1_breadth/benchmark_results.csv,poisson_robin_positive_Conv-FNO_7,poisson_robin_positive,poisson_robin,positive,tcno_reference,Conv-FNO,Conv-FNO [tcno-ref],7,36,8,,,,,0.028908548612992496,,,,0.0008445791318081319,0.001821432647111138,,,,,,,,,,46.74110709999877,458049,192,192,<LOCAL_ROOT>\tcno_icml2026_draft\generated\trainable_runs\train96_val24_test24_ep36_b8_h32_l3_m12_a1p0_s0p015_ps32_st16_tb4_te0p001_whann_tmlearned_local\poisson_robin_positive\conv-fno\seed-0007\result.json,,,,,,,3,1,0.9851784997314691,,,,,,,,,,,,,,,,,,,,,,,,,,,,,,,,,,,,,,,
2026-05-03T08:43:57,one_step_benchmark,generated/benchmark_stage1_breadth,generated/benchmark_stage1_breadth/benchmark_results.csv,poisson_robin_positive_Conv-FNO_11,poisson_robin_positive,poisson_robin,positive,tcno_reference,Conv-FNO,Conv-FNO [tcno-ref],11,36,8,,,,,0.035611039574649804,,,,0.0012345825089141726,0.0031012684750181124,,,,,,,,,,54.24976599999718,458049,192,192,<LOCAL_ROOT>\tcno_icml2026_draft\generated\trainable_runs\train96_val24_test24_ep36_b8_h32_l3_m12_a1p0_s0p015_ps32_st16_tb4_te0p001_whann_tmlearned_local\poisson_robin_positive\conv-fno\seed-0011\result.json,,,,,,,3,1,0.985008766379484,,,,,,,,,,,,,,,,,,,,,,,,,,,,,,,,,,,,,,,
2026-05-03T08:43:57,one_step_benchmark,generated/benchmark_stage1_breadth,generated/benchmark_stage1_breadth/benchmark_results.csv,poisson_robin_positive_Conv-FNO_19,poisson_robin_positive,poisson_robin,positive,tcno_reference,Conv-FNO,Conv-FNO [tcno-ref],19,36,8,,,,,0.033138265981567806,,,,0.0010185417486354709,0.0029034883622402357,,,,,,,,,,48.26087860000189,458049,192,192,<LOCAL_ROOT>\tcno_icml2026_draft\generated\trainable_runs\train96_val24_test24_ep36_b8_h32_l3_m12_a1p0_s0p015_ps32_st16_tb4_te0p001_whann_tmlearned_local\poisson_robin_positive\conv-fno\seed-0019\result.json,,,,,,,3,1,0.9853869111547384,,,,,,,,,,,,,,,,,,,,,,,,,,,,,,,,,,,,,,,
2026-05-03T08:43:57,one_step_benchmark,generated/benchmark_stage1_breadth,generated/benchmark_stage1_breadth/benchmark_results.csv,diffusion_neumann_control_FNO+LearnedLocalTC_7,diffusion_neumann_control,diffusion_neumann,control,tcno_reference,FNO+LearnedLocalTC,FNO+LearnedLocalTC [tcno-ref],7,36,8,,,,,0.010843376758127693,,,,0.00012061926099704579,6.592285807254958e-05,,,,,,,,,,28.44625330000008,453800,192,192,<LOCAL_ROOT>\tcno_icml2026_draft\generated\trainable_runs\train96_val24_test24_ep36_b8_h32_l3_m12_a1p0_s0p015_ps32_st16_tmlearned_local\diffusion_neumann_control\fnopluslearnedlocaltc\seed-0007\result.json,,,,,,,3,1,0.9999638843681445,,,,,,,,,,,,,,,,,,,,,,,,,,,,,,,,,,,,,,,
2026-05-03T08:43:57,one_step_benchmark,generated/benchmark_stage1_breadth,generated/benchmark_stage1_breadth/benchmark_results.csv,diffusion_neumann_control_FNO+LearnedLocalTC_11,diffusion_neumann_control,diffusion_neumann,control,tcno_reference,FNO+LearnedLocalTC,FNO+LearnedLocalTC [tcno-ref],11,36,8,,,,,0.011589037887559024,,,,0.00012442834849935025,3.580912122808634e-05,,,,,,,,,,29.016427399999884,453800,192,192,<LOCAL_ROOT>\tcno_icml2026_draft\generated\trainable_runs\train96_val24_test24_ep36_b8_h32_l3_m12_a1p0_s0p015_ps32_st16_tmlearned_local\diffusion_neumann_control\fnopluslearnedlocaltc\seed-0011\result.json,,,,,,,3,1,0.9999606499168933,,,,,,,,,,,,,,,,,,,,,,,,,,,,,,,,,,,,,,,
2026-05-03T08:43:57,one_step_benchmark,generated/benchmark_stage1_breadth,generated/benchmark_stage1_breadth/benchmark_results.csv,diffusion_neumann_control_FNO+LearnedLocalTC_19,diffusion_neumann_control,diffusion_neumann,control,tcno_reference,FNO+LearnedLocalTC,FNO+LearnedLocalTC [tcno-ref],19,36,8,,,,,0.011307298772487422,,,,0.00012424157466739416,5.9560622934786815e-05,,,,,,,,,,29.813055000000077,453800,192,192,<LOCAL_ROOT>\tcno_icml2026_draft\generated\trainable_runs\train96_val24_test24_ep36_b8_h32_l3_m12_a1p0_s0p015_ps32_st16_tmlearned_local\diffusion_neumann_control\fnopluslearnedlocaltc\seed-0019\result.json,,,,,,,3,1,0.9999557606131463,,,,,,,,,,,,,,,,,,,,,,,,,,,,,,,,,,,,,,,
2026-05-03T08:43:57,one_step_benchmark,generated/benchmark_stage1_breadth,generated/benchmark_stage1_breadth/benchmark_results.csv,diffusion_neumann_control_WNO-style_11,diffusion_neumann_control,diffusion_neumann,control,tcno_reference,WNO-style,WNO-style [tcno-ref],11,36,8,,,,,0.005553387084320703,,,,3.6121382436249405e-05,1.5472055468836627e-05,,,,,,,,,,33.451946399996814,399297,192,192,<LOCAL_ROOT>\tcno_icml2026_draft\generated\trainable_runs\train96_val24_test24_ep36_b8_h32_l3_m12_a1p0_s0p015_ps32_st16_tmlocal\diffusion_neumann_control\wno-style\seed-0011\result.json,,,,,,,3,1,0.9999847770466858,,,,,,,,,,,,,,,,,,,,,,,,,,,,,,,,,,,,,,,
2026-05-03T08:43:57,one_step_benchmark,generated/benchmark_stage1_breadth,generated/benchmark_stage1_breadth/benchmark_results.csv,diffusion_neumann_control_WNO-style_19,diffusion_neumann_control,diffusion_neumann,control,tcno_reference,WNO-style,WNO-style [tcno-ref],19,36,8,,,,,0.004634102270709271,,,,2.290489101142157e-05,1.6805245432202765e-05,,,,,,,,,,37.98222629999509,399297,192,192,<LOCAL_ROOT>\tcno_icml2026_draft\generated\trainable_runs\train96_val24_test24_ep36_b8_h32_l3_m12_a1p0_s0p015_ps32_st16_tmlocal\diffusion_neumann_control\wno-style\seed-0019\result.json,,,,,,,3,1,0.9999907657353869,,,,,,,,,,,,,,,,,,,,,,,,,,,,,,,,,,,,,,,
2026-05-03T08:43:57,one_step_benchmark,generated/benchmark_stage1_breadth,generated/benchmark_stage1_breadth/benchmark_results.csv,diffusion_neumann_positive_FNO+LearnedLocalTC_7,diffusion_neumann_positive,diffusion_neumann,positive,tcno_reference,FNO+LearnedLocalTC,FNO+LearnedLocalTC [tcno-ref],7,36,8,,,,,0.010992066871218032,,,,0.00012536157737486064,5.475653228949066e-05,,,,,,,,,,28.545776400000022,453800,192,192,<LOCAL_ROOT>\tcno_icml2026_draft\generated\trainable_runs\train96_val24_test24_ep36_b8_h32_l3_m12_a1p0_s0p015_ps32_st16_tmlearned_local\diffusion_neumann_positive\fnopluslearnedlocaltc\seed-0007\result.json,,,,,,,3,1,0.9999598091010852,,,,,,,,,,,,,,,,,,,,,,,,,,,,,,,,,,,,,,,
2026-05-03T08:43:57,one_step_benchmark,generated/benchmark_stage1_breadth,generated/benchmark_stage1_breadth/benchmark_results.csv,diffusion_neumann_positive_FNO+LearnedLocalTC_11,diffusion_neumann_positive,diffusion_neumann,positive,tcno_reference,FNO+LearnedLocalTC,FNO+LearnedLocalTC [tcno-ref],11,36,8,,,,,0.011685869083217717,,,,0.0001272169902222231,6.70882641750539e-05,,,,,,,,,,27.995701000000054,453800,192,192,<LOCAL_ROOT>\tcno_icml2026_draft\generated\trainable_runs\train96_val24_test24_ep36_b8_h32_l3_m12_a1p0_s0p015_ps32_st16_tmlearned_local\diffusion_neumann_positive\fnopluslearnedlocaltc\seed-0011\result.json,,,,,,,3,1,0.9999565667335087,,,,,,,,,,,,,,,,,,,,,,,,,,,,,,,,,,,,,,,
2026-05-03T08:43:57,one_step_benchmark,generated/benchmark_stage1_breadth,generated/benchmark_stage1_breadth/benchmark_results.csv,diffusion_neumann_positive_FNO+LearnedLocalTC_19,diffusion_neumann_positive,diffusion_neumann,positive,tcno_reference,FNO+LearnedLocalTC,FNO+LearnedLocalTC [tcno-ref],19,36,8,,,,,0.011388764363163639,,,,0.00012808202882297337,7.25767517572965e-05,,,,,,,,,,28.006898999999976,453800,192,192,<LOCAL_ROOT>\tcno_icml2026_draft\generated\trainable_runs\train96_val24_test24_ep36_b8_h32_l3_m12_a1p0_s0p015_ps32_st16_tmlearned_local\diffusion_neumann_positive\fnopluslearnedlocaltc\seed-0019\result.json,,,,,,,3,1,0.9999526160864902,,,,,,,,,,,,,,,,,,,,,,,,,,,,,,,,,,,,,,,
2026-05-03T08:43:57,one_step_benchmark,generated/benchmark_stage1_breadth,generated/benchmark_stage1_breadth/benchmark_results.csv,diffusion_neumann_positive_WNO-style_11,diffusion_neumann_positive,diffusion_neumann,positive,tcno_reference,WNO-style,WNO-style [tcno-ref],11,36,8,,,,,0.006047360528569241,,,,4.22611519752536e-05,6.54122263685965e-05,,,,,,,,,,86.72142030000032,399297,192,192,<LOCAL_ROOT>\tcno_icml2026_draft\generated\trainable_runs\train96_val24_test24_ep36_b8_h32_l3_m12_a1p0_s0p015_ps32_st16_tmlocal\diffusion_neumann_positive\wno-style\seed-0011\result.json,,,,,,,3,1,0.9999789507425166,,,,,,,,,,,,,,,,,,,,,,,,,,,,,,,,,,,,,,,
2026-05-03T08:43:57,one_step_benchmark,generated/benchmark_stage1_breadth,generated/benchmark_stage1_breadth/benchmark_results.csv,diffusion_neumann_positive_WNO-style_19,diffusion_neumann_positive,diffusion_neumann,positive,tcno_reference,WNO-style,WNO-style [tcno-ref],19,36,8,,,,,0.005229290805157701,,,,2.9123166314093396e-05,7.509832296960434e-05,,,,,,,,,,245.35683829999834,399297,192,192,<LOCAL_ROOT>\tcno_icml2026_draft\generated\trainable_runs\train96_val24_test24_ep36_b8_h32_l3_m12_a1p0_s0p015_ps32_st16_tmlocal\diffusion_neumann_positive\wno-style\seed-0019\result.json,,,,,,,3,1,0.999985128604323,,,,,,,,,,,,,,,,,,,,,,,,,,,,,,,,,,,,,,,
2026-05-03T08:43:57,one_step_benchmark,generated/benchmark_stage1_breadth,generated/benchmark_stage1_breadth/benchmark_results.csv,helmholtz_dirichlet_control_FNO+LearnedLocalTC_7,helmholtz_dirichlet_control,helmholtz_dirichlet,control,tcno_reference,FNO+LearnedLocalTC,FNO+LearnedLocalTC [tcno-ref],7,36,8,,,,,0.035536032276740744,,,,0.0014414824545383453,0.00021543330820124646,,,,,,,,,,36.58265019999999,453800,192,192,<LOCAL_ROOT>\tcno_icml2026_draft\generated\trainable_runs\train96_val24_test24_ep36_b8_h32_l3_m12_a1p0_s0p015_ps32_st16_tmlearned_local\helmholtz_dirichlet_control\fnopluslearnedlocaltc\seed-0007\result.json,,,,,,,3,1,0.9779091778815726,,,,,,,,,,,,,,,,,,,,,,,,,,,,,,,,,,,,,,,
2026-05-03T08:43:57,one_step_benchmark,generated/benchmark_stage1_breadth,generated/benchmark_stage1_breadth/benchmark_results.csv,helmholtz_dirichlet_control_FNO+LearnedLocalTC_11,helmholtz_dirichlet_control,helmholtz_dirichlet,control,tcno_reference,FNO+LearnedLocalTC,FNO+LearnedLocalTC [tcno-ref],11,36,8,,,,,0.03033149581155878,,,,0.001064352341927588,0.0003467424147719665,,,,,,,,,,27.45973109999977,453800,192,192,<LOCAL_ROOT>\tcno_icml2026_draft\generated\trainable_runs\train96_val24_test24_ep36_b8_h32_l3_m12_a1p0_s0p015_ps32_st16_tmlearned_local\helmholtz_dirichlet_control\fnopluslearnedlocaltc\seed-0011\result.json,,,,,,,3,1,0.9781400218624943,,,,,,,,,,,,,,,,,,,,,,,,,,,,,,,,,,,,,,,
2026-05-03T08:43:57,one_step_benchmark,generated/benchmark_stage1_breadth,generated/benchmark_stage1_breadth/benchmark_results.csv,helmholtz_dirichlet_control_FNO+LearnedLocalTC_19,helmholtz_dirichlet_control,helmholtz_dirichlet,control,tcno_reference,FNO+LearnedLocalTC,FNO+LearnedLocalTC [tcno-ref],19,36,8,,,,,0.04047276999759438,,,,0.00187926203943789,0.0001549864203023154,,,,,,,,,,27.195158500000616,453800,192,192,<LOCAL_ROOT>\tcno_icml2026_draft\generated\trainable_runs\train96_val24_test24_ep36_b8_h32_l3_m12_a1p0_s0p015_ps32_st16_tmlearned_local\helmholtz_dirichlet_control\fnopluslearnedlocaltc\seed-0019\result.json,,,,,,,3,1,0.9776368903835116,,,,,,,,,,,,,,,,,,,,,,,,,,,,,,,,,,,,,,,
2026-05-03T08:43:57,one_step_benchmark,generated/benchmark_stage1_breadth,generated/benchmark_stage1_breadth/benchmark_results.csv,helmholtz_dirichlet_control_WNO-style_11,helmholtz_dirichlet_control,helmholtz_dirichlet,control,tcno_reference,WNO-style,WNO-style [tcno-ref],11,36,8,,,,,0.03197021582257172,,,,0.0011829070281237364,0.0015905260379572449,,,,,,,,,,35.07770779999919,399297,192,192,<LOCAL_ROOT>\tcno_icml2026_draft\generated\trainable_runs\train96_val24_test24_ep36_b8_h32_l3_m12_a1p0_s0p015_ps32_st16_tmlocal\helmholtz_dirichlet_control\wno-style\seed-0011\result.json,,,,,,,3,1,0.9782104305426111,,,,,,,,,,,,,,,,,,,,,,,,,,,,,,,,,,,,,,,
2026-05-03T08:43:57,one_step_benchmark,generated/benchmark_stage1_breadth,generated/benchmark_stage1_breadth/benchmark_results.csv,helmholtz_dirichlet_control_WNO-style_19,helmholtz_dirichlet_control,helmholtz_dirichlet,control,tcno_reference,WNO-style,WNO-style [tcno-ref],19,36,8,,,,,0.028582837761225822,,,,0.0009378951508551836,0.0007025104470688185,,,,,,,,,,34.74813670000003,399297,192,192,<LOCAL_ROOT>\tcno_icml2026_draft\generated\trainable_runs\train96_val24_test24_ep36_b8_h32_l3_m12_a1p0_s0p015_ps32_st16_tmlocal\helmholtz_dirichlet_control\wno-style\seed-0019\result.json,,,,,,,3,1,0.9784250375841769,,,,,,,,,,,,,,,,,,,,,,,,,,,,,,,,,,,,,,,
2026-05-03T08:43:57,one_step_benchmark,generated/benchmark_stage1_breadth,generated/benchmark_stage1_breadth/benchmark_results.csv,helmholtz_dirichlet_positive_FNO+LearnedLocalTC_7,helmholtz_dirichlet_positive,helmholtz_dirichlet,positive,tcno_reference,FNO+LearnedLocalTC,FNO+LearnedLocalTC [tcno-ref],7,36,8,,,,,0.07857877795701307,,,,0.007713549770414829,0.0023840279630417383,,,,,,,,,,28.0389983999994,453800,192,192,<LOCAL_ROOT>\tcno_icml2026_draft\generated\trainable_runs\train96_val24_test24_ep36_b8_h32_l3_m12_a1p0_s0p015_ps32_st16_tmlearned_local\helmholtz_dirichlet_positive\fnopluslearnedlocaltc\seed-0007\result.json,,,,,,,3,1,0.97641201650752,,,,,,,,,,,,,,,,,,,,,,,,,,,,,,,,,,,,,,,
2026-05-03T08:43:57,one_step_benchmark,generated/benchmark_stage1_breadth,generated/benchmark_stage1_breadth/benchmark_results.csv,helmholtz_dirichlet_positive_FNO+LearnedLocalTC_11,helmholtz_dirichlet_positive,helmholtz_dirichlet,positive,tcno_reference,FNO+LearnedLocalTC,FNO+LearnedLocalTC [tcno-ref],11,36,8,,,,,0.08467268081688946,,,,0.008610807359218597,0.0031145639243257348,,,,,,,,,,27.31509499999993,453800,192,192,<LOCAL_ROOT>\tcno_icml2026_draft\generated\trainable_runs\train96_val24_test24_ep36_b8_h32_l3_m12_a1p0_s0p015_ps32_st16_tmlearned_local\helmholtz_dirichlet_positive\fnopluslearnedlocaltc\seed-0011\result.json,,,,,,,3,1,0.9756250652064559,,,,,,,,,,,,,,,,,,,,,,,,,,,,,,,,,,,,,,,
2026-05-03T08:43:57,one_step_benchmark,generated/benchmark_stage1_breadth,generated/benchmark_stage1_breadth/benchmark_results.csv,helmholtz_dirichlet_positive_FNO+LearnedLocalTC_19,helmholtz_dirichlet_positive,helmholtz_dirichlet,positive,tcno_reference,FNO+LearnedLocalTC,FNO+LearnedLocalTC [tcno-ref],19,36,8,,,,,0.07925143596185873,,,,0.0074957930482923985,0.0023554248902334595,,,,,,,,,,31.410945400000855,453800,192,192,<LOCAL_ROOT>\tcno_icml2026_draft\generated\trainable_runs\train96_val24_test24_ep36_b8_h32_l3_m12_a1p0_s0p015_ps32_st16_tmlearned_local\helmholtz_dirichlet_positive\fnopluslearnedlocaltc\seed-0019\result.json,,,,,,,3,1,0.9757783810319657,,,,,,,,,,,,,,,,,,,,,,,,,,,,,,,,,,,,,,,
2026-05-03T08:43:57,one_step_benchmark,generated/benchmark_stage1_breadth,generated/benchmark_stage1_breadth/benchmark_results.csv,helmholtz_dirichlet_positive_WNO-style_11,helmholtz_dirichlet_positive,helmholtz_dirichlet,positive,tcno_reference,WNO-style,WNO-style [tcno-ref],11,36,8,,,,,0.061616077597819924,,,,0.005168212112039328,0.003969182800488968,,,,,,,,,,57.52122650000092,399297,192,192,<LOCAL_ROOT>\tcno_icml2026_draft\generated\trainable_runs\train96_val24_test24_ep36_b8_h32_l3_m12_a1p0_s0p015_ps32_st16_tmlocal\helmholtz_dirichlet_positive\wno-style\seed-0011\result.json,,,,,,,3,1,0.9770707939649297,,,,,,,,,,,,,,,,,,,,,,,,,,,,,,,,,,,,,,,
2026-05-03T08:43:57,one_step_benchmark,generated/benchmark_stage1_breadth,generated/benchmark_stage1_breadth/benchmark_results.csv,helmholtz_dirichlet_positive_WNO-style_19,helmholtz_dirichlet_positive,helmholtz_dirichlet,positive,tcno_reference,WNO-style,WNO-style [tcno-ref],19,36,8,,,,,0.06162135129007577,,,,0.0047576637007296085,0.004465366614105816,,,,,,,,,,65.63793769999756,399297,192,192,<LOCAL_ROOT>\tcno_icml2026_draft\generated\trainable_runs\train96_val24_test24_ep36_b8_h32_l3_m12_a1p0_s0p015_ps32_st16_tmlocal\helmholtz_dirichlet_positive\wno-style\seed-0019\result.json,,,,,,,3,1,0.9771763039519706,,,,,,,,,,,,,,,,,,,,,,,,,,,,,,,,,,,,,,,
2026-05-03T08:43:57,one_step_benchmark,generated/benchmark_stage1_breadth,generated/benchmark_stage1_breadth/benchmark_results.csv,helmholtz_highk_control_FNO_11,helmholtz_highk_control,helmholtz_highk,control,tcno_reference,FNO,FNO [tcno-ref],11,36,8,,,,,0.07037548191455699,,,,0.005414076615124941,0.0008074152299954451,,,,,,,,,,49.84095309999975,446753,192,192,<LOCAL_ROOT>\tcno_icml2026_draft\generated\trainable_runs\train96_val24_test24_ep36_b8_h32_l3_m12_a1p0_s0p015_ps32_st16_tmlearned_local\helmholtz_highk_control\fno\seed-0011\result.json,,,,,,,3,1,0.9092645641999484,,,,,,,,,,,,,,,,,,,,,,,,,,,,,,,,,,,,,,,
2026-05-03T08:43:57,one_step_benchmark,generated/benchmark_stage1_breadth,generated/benchmark_stage1_breadth/benchmark_results.csv,helmholtz_highk_control_FNO_19,helmholtz_highk_control,helmholtz_highk,control,tcno_reference,FNO,FNO [tcno-ref],19,36,8,,,,,0.06985897858368302,,,,0.005319094285368919,0.0008733256870904413,,,,,,,,,,59.85948730000018,446753,192,192,<LOCAL_ROOT>\tcno_icml2026_draft\generated\trainable_runs\train96_val24_test24_ep36_b8_h32_l3_m12_a1p0_s0p015_ps32_st16_tmlearned_local\helmholtz_highk_control\fno\seed-0019\result.json,,,,,,,3,1,0.9092957250406869,,,,,,,,,,,,,,,,,,,,,,,,,,,,,,,,,,,,,,,
2026-05-03T08:43:57,one_step_benchmark,generated/benchmark_stage1_breadth,generated/benchmark_stage1_breadth/benchmark_results.csv,helmholtz_highk_control_UNO_11,helmholtz_highk_control,helmholtz_highk,control,tcno_reference,UNO,UNO [tcno-ref],11,36,8,,,,,0.035063522063685605,,,,0.0013210488250479102,0.003212282009742086,,,,,,,,,,112.54172090000066,1195425,192,192,<LOCAL_ROOT>\tcno_icml2026_draft\generated\trainable_runs\train96_val24_test24_ep36_b8_h32_l3_m12_a1p0_s0p015_ps32_st16_tmlearned_local\helmholtz_highk_control\uno\seed-0011\result.json,,,,,,,3,1,0.9121633181383552,,,,,,,,,,,,,,,,,,,,,,,,,,,,,,,,,,,,,,,
2026-05-03T08:43:57,one_step_benchmark,generated/benchmark_stage1_breadth,generated/benchmark_stage1_breadth/benchmark_results.csv,helmholtz_highk_control_UNO_19,helmholtz_highk_control,helmholtz_highk,control,tcno_reference,UNO,UNO [tcno-ref],19,36,8,,,,,0.030192012544654128,,,,0.0009843414882197976,0.004648816110755236,,,,,,,,,,95.53866569999991,1195425,192,192,<LOCAL_ROOT>\tcno_icml2026_draft\generated\trainable_runs\train96_val24_test24_ep36_b8_h32_l3_m12_a1p0_s0p015_ps32_st16_tmlearned_local\helmholtz_highk_control\uno\seed-0019\result.json,,,,,,,3,1,0.9124194519090029,,,,,,,,,,,,,,,,,,,,,,,,,,,,,,,,,,,,,,,
2026-05-03T08:43:57,one_step_benchmark,generated/benchmark_stage1_breadth,generated/benchmark_stage1_breadth/benchmark_results.csv,helmholtz_highk_control_WNO-style_11,helmholtz_highk_control,helmholtz_highk,control,tcno_reference,WNO-style,WNO-style [tcno-ref],11,36,8,,,,,0.06486344191718225,,,,0.004645427223294973,0.002895556506218274,,,,,,,,,,100.58518290000029,399297,192,192,<LOCAL_ROOT>\tcno_icml2026_draft\generated\trainable_runs\train96_val24_test24_ep36_b8_h32_l3_m12_a1p0_s0p015_ps32_st16_tmlearned_local\helmholtz_highk_control\wno-style\seed-0011\result.json,,,,,,,3,1,0.9100425251226302,,,,,,,,,,,,,,,,,,,,,,,,,,,,,,,,,,,,,,,
2026-05-03T08:43:57,one_step_benchmark,generated/benchmark_stage1_breadth,generated/benchmark_stage1_breadth/benchmark_results.csv,helmholtz_highk_control_WNO-style_19,helmholtz_highk_control,helmholtz_highk,control,tcno_reference,WNO-style,WNO-style [tcno-ref],19,36,8,,,,,0.0628600944051325,,,,0.004334092605859041,0.002138678129225117,,,,,,,,,,100.51017860000138,399297,192,192,<LOCAL_ROOT>\tcno_icml2026_draft\generated\trainable_runs\train96_val24_test24_ep36_b8_h32_l3_m12_a1p0_s0p015_ps32_st16_tmlearned_local\helmholtz_highk_control\wno-style\seed-0019\result.json,,,,,,,3,1,0.9102535394041666,,,,,,,,,,,,,,,,,,,,,,,,,,,,,,,,,,,,,,,
2026-05-03T08:43:57,one_step_benchmark,generated/benchmark_stage1_breadth,generated/benchmark_stage1_breadth/benchmark_results.csv,helmholtz_highk_positive_FNO_11,helmholtz_highk_positive,helmholtz_highk,positive,tcno_reference,FNO,FNO [tcno-ref],11,36,8,,,,,0.11607951397550849,,,,0.014180600643157959,0.011637504564851719,,,,,,,,,,21.05169290000049,446753,192,192,<LOCAL_ROOT>\tcno_icml2026_draft\generated\trainable_runs\train96_val24_test24_ep36_b8_h32_l3_m12_a1p0_s0p015_ps32_st16_tmlearned_local\helmholtz_highk_positive\fno\seed-0011\result.json,,,,,,,3,1,0.9078625633415319,,,,,,,,,,,,,,,,,,,,,,,,,,,,,,,,,,,,,,,
2026-05-03T08:43:57,one_step_benchmark,generated/benchmark_stage1_breadth,generated/benchmark_stage1_breadth/benchmark_results.csv,helmholtz_highk_positive_FNO_19,helmholtz_highk_positive,helmholtz_highk,positive,tcno_reference,FNO,FNO [tcno-ref],19,36,8,,,,,0.1140699619739956,,,,0.013856166042387486,0.011578838119129367,,,,,,,,,,20.779117300000507,446753,192,192,<LOCAL_ROOT>\tcno_icml2026_draft\generated\trainable_runs\train96_val24_test24_ep36_b8_h32_l3_m12_a1p0_s0p015_ps32_st16_tmlearned_local\helmholtz_highk_positive\fno\seed-0019\result.json,,,,,,,3,1,0.9079548200200901,,,,,,,,,,,,,,,,,,,,,,,,,,,,,,,,,,,,,,,
2026-05-03T08:43:57,one_step_benchmark,generated/benchmark_stage1_breadth,generated/benchmark_stage1_breadth/benchmark_results.csv,helmholtz_highk_positive_UNO_11,helmholtz_highk_positive,helmholtz_highk,positive,tcno_reference,UNO,UNO [tcno-ref],11,36,8,,,,,0.05005654340976218,,,,0.0029313904233276844,0.007268459414958082,,,,,,,,,,34.570331000000806,1195425,192,192,<LOCAL_ROOT>\tcno_icml2026_draft\generated\trainable_runs\train96_val24_test24_ep36_b8_h32_l3_m12_a1p0_s0p015_ps32_st16_tmlearned_local\helmholtz_highk_positive\uno\seed-0011\result.json,,,,,,,3,1,0.9115921997742517,,,,,,,,,,,,,,,,,,,,,,,,,,,,,,,,,,,,,,,
2026-05-03T08:43:57,one_step_benchmark,generated/benchmark_stage1_breadth,generated/benchmark_stage1_breadth/benchmark_results.csv,helmholtz_highk_positive_UNO_19,helmholtz_highk_positive,helmholtz_highk,positive,tcno_reference,UNO,UNO [tcno-ref],19,36,8,,,,,0.052401313615803545,,,,0.003047035541385412,0.004862724021448703,,,,,,,,,,75.74852510000164,1195425,192,192,<LOCAL_ROOT>\tcno_icml2026_draft\generated\trainable_runs\train96_val24_test24_ep36_b8_h32_l3_m12_a1p0_s0p015_ps32_st16_tmlearned_local\helmholtz_highk_positive\uno\seed-0019\result.json,,,,,,,3,1,0.9115390058917985,,,,,,,,,,,,,,,,,,,,,,,,,,,,,,,,,,,,,,,
2026-05-03T08:43:57,one_step_benchmark,generated/benchmark_stage1_breadth,generated/benchmark_stage1_breadth/benchmark_results.csv,helmholtz_highk_positive_WNO-style_11,helmholtz_highk_positive,helmholtz_highk,positive,tcno_reference,WNO-style,WNO-style [tcno-ref],11,36,8,,,,,0.09071183376582843,,,,0.008951873518526554,0.00673643898067645,,,,,,,,,,35.773378500000035,399297,192,192,<LOCAL_ROOT>\tcno_icml2026_draft\generated\trainable_runs\train96_val24_test24_ep36_b8_h32_l3_m12_a1p0_s0p015_ps32_st16_tmlearned_local\helmholtz_highk_positive\wno-style\seed-0011\result.json,,,,,,,3,1,0.9095612326174033,,,,,,,,,,,,,,,,,,,,,,,,,,,,,,,,,,,,,,,
2026-05-03T08:43:57,one_step_benchmark,generated/benchmark_stage1_breadth,generated/benchmark_stage1_breadth/benchmark_results.csv,helmholtz_highk_positive_WNO-style_19,helmholtz_highk_positive,helmholtz_highk,positive,tcno_reference,WNO-style,WNO-style [tcno-ref],19,36,8,,,,,0.08941969462507986,,,,0.00856097973883152,0.006862553089944348,,,,,,,,,,33.55592780000006,399297,192,192,<LOCAL_ROOT>\tcno_icml2026_draft\generated\trainable_runs\train96_val24_test24_ep36_b8_h32_l3_m12_a1p0_s0p015_ps32_st16_tmlearned_local\helmholtz_highk_positive\wno-style\seed-0019\result.json,,,,,,,3,1,0.9096060970951272,,,,,,,,,,,,,,,,,,,,,,,,,,,,,,,,,,,,,,,
2026-05-03T08:43:57,one_step_benchmark,generated/benchmark_stage1_breadth,generated/benchmark_stage1_breadth/benchmark_results.csv,helmholtz_impedance_control_FNO+LearnedLocalTC_7,helmholtz_impedance_control,helmholtz_impedance,control,tcno_reference,FNO+LearnedLocalTC,FNO+LearnedLocalTC [tcno-ref],7,36,8,,,,,0.05454774679420701,,,,0.0025421851314604282,0.00513183168309275,,,,,,,,,,36.49917910000113,453800,192,192,<LOCAL_ROOT>\tcno_icml2026_draft\generated\trainable_runs\train96_val24_test24_ep36_b8_h32_l3_m12_a1p0_s0p015_ps32_st16_tmlearned_local\helmholtz_impedance_control\fnopluslearnedlocaltc\seed-0007\result.json,,,,,,,3,1,0.811759593155989,,,,,,,,,,,,,,,,,,,,,,,,,,,,,,,,,,,,,,,
2026-05-03T08:43:57,one_step_benchmark,generated/benchmark_stage1_breadth,generated/benchmark_stage1_breadth/benchmark_results.csv,helmholtz_impedance_control_FNO+LearnedLocalTC_11,helmholtz_impedance_control,helmholtz_impedance,control,tcno_reference,FNO+LearnedLocalTC,FNO+LearnedLocalTC [tcno-ref],11,36,8,,,,,0.051956475508974635,,,,0.0022984447423368692,0.00303929255885524,,,,,,,,,,36.88970440000048,453800,192,192,<LOCAL_ROOT>\tcno_icml2026_draft\generated\trainable_runs\train96_val24_test24_ep36_b8_h32_l3_m12_a1p0_s0p015_ps32_st16_tmlearned_local\helmholtz_impedance_control\fnopluslearnedlocaltc\seed-0011\result.json,,,,,,,3,1,0.8116430367009805,,,,,,,,,,,,,,,,,,,,,,,,,,,,,,,,,,,,,,,
2026-05-03T08:43:57,one_step_benchmark,generated/benchmark_stage1_breadth,generated/benchmark_stage1_breadth/benchmark_results.csv,helmholtz_impedance_control_FNO+LearnedLocalTC_19,helmholtz_impedance_control,helmholtz_impedance,control,tcno_reference,FNO+LearnedLocalTC,FNO+LearnedLocalTC [tcno-ref],19,36,8,,,,,0.057229984078358054,,,,0.0027749815490096807,0.005087243571913902,,,,,,,,,,36.44649600000048,453800,192,192,<LOCAL_ROOT>\tcno_icml2026_draft\generated\trainable_runs\train96_val24_test24_ep36_b8_h32_l3_m12_a1p0_s0p015_ps32_st16_tmlearned_local\helmholtz_impedance_control\fnopluslearnedlocaltc\seed-0019\result.json,,,,,,,3,1,0.8120839841811588,,,,,,,,,,,,,,,,,,,,,,,,,,,,,,,,,,,,,,,
2026-05-03T08:43:57,one_step_benchmark,generated/benchmark_stage1_breadth,generated/benchmark_stage1_breadth/benchmark_results.csv,helmholtz_impedance_control_WNO-style_11,helmholtz_impedance_control,helmholtz_impedance,control,tcno_reference,WNO-style,WNO-style [tcno-ref],11,36,8,,,,,0.05435008913546744,,,,0.002511521801352501,0.002664582340557647,,,,,,,,,,33.04296930000055,399297,192,192,<LOCAL_ROOT>\tcno_icml2026_draft\generated\trainable_runs\train96_val24_test24_ep36_b8_h32_l3_m12_a1p0_s0p015_ps32_st16_tmlocal\helmholtz_impedance_control\wno-style\seed-0011\result.json,,,,,,,3,1,0.8117347832793689,,,,,,,,,,,,,,,,,,,,,,,,,,,,,,,,,,,,,,,
2026-05-03T08:43:57,one_step_benchmark,generated/benchmark_stage1_breadth,generated/benchmark_stage1_breadth/benchmark_results.csv,helmholtz_impedance_control_WNO-style_19,helmholtz_impedance_control,helmholtz_impedance,control,tcno_reference,WNO-style,WNO-style [tcno-ref],19,36,8,,,,,0.04711375951027121,,,,0.0019100923091173172,0.003691049635476238,,,,,,,,,,33.08642559999862,399297,192,192,<LOCAL_ROOT>\tcno_icml2026_draft\generated\trainable_runs\train96_val24_test24_ep36_b8_h32_l3_m12_a1p0_s0p015_ps32_st16_tmlocal\helmholtz_impedance_control\wno-style\seed-0019\result.json,,,,,,,3,1,0.8116749853942421,,,,,,,,,,,,,,,,,,,,,,,,,,,,,,,,,,,,,,,
2026-05-03T08:43:57,one_step_benchmark,generated/benchmark_stage1_breadth,generated/benchmark_stage1_breadth/benchmark_results.csv,helmholtz_impedance_positive_FNO+LearnedLocalTC_7,helmholtz_impedance_positive,helmholtz_impedance,positive,tcno_reference,FNO+LearnedLocalTC,FNO+LearnedLocalTC [tcno-ref],7,36,8,,,,,0.10117278759597836,,,,0.009646592661738396,0.01032174207455113,,,,,,,,,,27.314369400000942,453800,192,192,<LOCAL_ROOT>\tcno_icml2026_draft\generated\trainable_runs\train96_val24_test24_ep36_b8_h32_l3_m12_a1p0_s0p015_ps32_st16_tmlearned_local\helmholtz_impedance_positive\fnopluslearnedlocaltc\seed-0007\result.json,,,,,,,3,1,0.8086586597034616,,,,,,,,,,,,,,,,,,,,,,,,,,,,,,,,,,,,,,,
2026-05-03T08:43:57,one_step_benchmark,generated/benchmark_stage1_breadth,generated/benchmark_stage1_breadth/benchmark_results.csv,helmholtz_impedance_positive_FNO+LearnedLocalTC_11,helmholtz_impedance_positive,helmholtz_impedance,positive,tcno_reference,FNO+LearnedLocalTC,FNO+LearnedLocalTC [tcno-ref],11,36,8,,,,,0.10142515779984305,,,,0.009733145125210285,0.010188585258855411,,,,,,,,,,27.238116099999388,453800,192,192,<LOCAL_ROOT>\tcno_icml2026_draft\generated\trainable_runs\train96_val24_test24_ep36_b8_h32_l3_m12_a1p0_s0p015_ps32_st16_tmlearned_local\helmholtz_impedance_positive\fnopluslearnedlocaltc\seed-0011\result.json,,,,,,,3,1,0.8078787534112957,,,,,,,,,,,,,,,,,,,,,,,,,,,,,,,,,,,,,,,
2026-05-03T08:43:57,one_step_benchmark,generated/benchmark_stage1_breadth,generated/benchmark_stage1_breadth/benchmark_results.csv,helmholtz_impedance_positive_FNO+LearnedLocalTC_19,helmholtz_impedance_positive,helmholtz_impedance,positive,tcno_reference,FNO+LearnedLocalTC,FNO+LearnedLocalTC [tcno-ref],19,36,8,,,,,0.10032109970238472,,,,0.009120066650211811,0.00953078163281436,,,,,,,,,,34.719852000000174,453800,192,192,<LOCAL_ROOT>\tcno_icml2026_draft\generated\trainable_runs\train96_val24_test24_ep36_b8_h32_l3_m12_a1p0_s0p015_ps32_st16_tmlearned_local\helmholtz_impedance_positive\fnopluslearnedlocaltc\seed-0019\result.json,,,,,,,3,1,0.8089862559731653,,,,,,,,,,,,,,,,,,,,,,,,,,,,,,,,,,,,,,,
2026-05-03T08:43:57,one_step_benchmark,generated/benchmark_stage1_breadth,generated/benchmark_stage1_breadth/benchmark_results.csv,helmholtz_impedance_positive_WNO-style_11,helmholtz_impedance_positive,helmholtz_impedance,positive,tcno_reference,WNO-style,WNO-style [tcno-ref],11,36,8,,,,,0.09201048857076549,,,,0.007871444337069988,0.004596964555300678,,,,,,,,,,32.82232760000261,399297,192,192,<LOCAL_ROOT>\tcno_icml2026_draft\generated\trainable_runs\train96_val24_test24_ep36_b8_h32_l3_m12_a1p0_s0p015_ps32_st16_tmlocal\helmholtz_impedance_positive\wno-style\seed-0011\result.json,,,,,,,3,1,0.8101522083760639,,,,,,,,,,,,,,,,,,,,,,,,,,,,,,,,,,,,,,,
2026-05-03T08:43:57,one_step_benchmark,generated/benchmark_stage1_breadth,generated/benchmark_stage1_breadth/benchmark_results.csv,helmholtz_impedance_positive_WNO-style_19,helmholtz_impedance_positive,helmholtz_impedance,positive,tcno_reference,WNO-style,WNO-style [tcno-ref],19,36,8,,,,,0.0900643254508234,,,,0.007475768215954304,0.0047591002543514544,,,,,,,,,,33.173158900001,399297,192,192,<LOCAL_ROOT>\tcno_icml2026_draft\generated\trainable_runs\train96_val24_test24_ep36_b8_h32_l3_m12_a1p0_s0p015_ps32_st16_tmlocal\helmholtz_impedance_positive\wno-style\seed-0019\result.json,,,,,,,3,1,0.8097239516945841,,,,,,,,,,,,,,,,,,,,,,,,,,,,,,,,,,,,,,,
2026-05-03T08:43:57,one_step_benchmark,generated/benchmark_stage1_breadth,generated/benchmark_stage1_breadth/benchmark_results.csv,helmholtz_multimodal_control_FNO_7,helmholtz_multimodal_control,helmholtz_multimodal,control,tcno_reference,FNO,FNO [tcno-ref],7,36,8,,,,,0.1156521560385938,,,,0.015970012173056602,0.007786984072878373,,,,,,,,,,60.21223479999935,446753,192,192,<LOCAL_ROOT>\tcno_icml2026_draft\generated\trainable_runs\train96_val24_test24_ep36_b8_h32_l3_m12_a1p0_s0p015_ps32_st16_tmlearned_local\helmholtz_multimodal_control\fno\seed-0007\result.json,,,,,,,3,1,0.04270223204441021,,,,,,,,,,,,,,,,,,,,,,,,,,,,,,,,,,,,,,,
2026-05-03T08:43:57,one_step_benchmark,generated/benchmark_stage1_breadth,generated/benchmark_stage1_breadth/benchmark_results.csv,helmholtz_multimodal_control_FNO_11,helmholtz_multimodal_control,helmholtz_multimodal,control,tcno_reference,FNO,FNO [tcno-ref],11,36,8,,,,,0.11543301081684916,,,,0.015924107283353806,0.008672296232882688,,,,,,,,,,54.596802500000194,446753,192,192,<LOCAL_ROOT>\tcno_icml2026_draft\generated\trainable_runs\train96_val24_test24_ep36_b8_h32_l3_m12_a1p0_s0p015_ps32_st16_tmlearned_local\helmholtz_multimodal_control\fno\seed-0011\result.json,,,,,,,3,1,0.04261375222366401,,,,,,,,,,,,,,,,,,,,,,,,,,,,,,,,,,,,,,,
2026-05-03T08:43:57,one_step_benchmark,generated/benchmark_stage1_breadth,generated/benchmark_stage1_breadth/benchmark_results.csv,helmholtz_multimodal_control_FNO_19,helmholtz_multimodal_control,helmholtz_multimodal,control,tcno_reference,FNO,FNO [tcno-ref],19,36,8,,,,,0.11582600219200351,,,,0.01599888876080513,0.007753724831086093,,,,,,,,,,57.70297349999964,446753,192,192,<LOCAL_ROOT>\tcno_icml2026_draft\generated\trainable_runs\train96_val24_test24_ep36_b8_h32_l3_m12_a1p0_s0p015_ps32_st16_tmlearned_local\helmholtz_multimodal_control\fno\seed-0019\result.json,,,,,,,3,1,0.0426713512216764,,,,,,,,,,,,,,,,,,,,,,,,,,,,,,,,,,,,,,,
2026-05-03T08:43:57,one_step_benchmark,generated/benchmark_stage1_breadth,generated/benchmark_stage1_breadth/benchmark_results.csv,helmholtz_multimodal_control_UNO_7,helmholtz_multimodal_control,helmholtz_multimodal,control,tcno_reference,UNO,UNO [tcno-ref],7,36,8,,,,,0.03961429595815649,,,,0.0019975067116320133,0.0048047134793385736,,,,,,,,,,107.72630009999921,1195425,192,192,<LOCAL_ROOT>\tcno_icml2026_draft\generated\trainable_runs\train96_val24_test24_ep36_b8_h32_l3_m12_a1p0_s0p015_ps32_st16_tmlearned_local\helmholtz_multimodal_control\uno\seed-0007\result.json,,,,,,,3,1,0.040588441308208344,,,,,,,,,,,,,,,,,,,,,,,,,,,,,,,,,,,,,,,
2026-05-03T08:43:57,one_step_benchmark,generated/benchmark_stage1_breadth,generated/benchmark_stage1_breadth/benchmark_results.csv,helmholtz_multimodal_control_UNO_11,helmholtz_multimodal_control,helmholtz_multimodal,control,tcno_reference,UNO,UNO [tcno-ref],11,36,8,,,,,0.09895252669095045,,,,0.011765442788600922,0.0034078105885332836,,,,,,,,,,105.81047880000006,1195425,192,192,<LOCAL_ROOT>\tcno_icml2026_draft\generated\trainable_runs\train96_val24_test24_ep36_b8_h32_l3_m12_a1p0_s0p015_ps32_st16_tmlearned_local\helmholtz_multimodal_control\uno\seed-0011\result.json,,,,,,,3,1,0.04088161067379026,,,,,,,,,,,,,,,,,,,,,,,,,,,,,,,,,,,,,,,
2026-05-03T08:43:57,one_step_benchmark,generated/benchmark_stage1_breadth,generated/benchmark_stage1_breadth/benchmark_results.csv,helmholtz_multimodal_control_UNO_19,helmholtz_multimodal_control,helmholtz_multimodal,control,tcno_reference,UNO,UNO [tcno-ref],19,36,8,,,,,0.04953993278408611,,,,0.003024263074621558,0.004135798536570996,,,,,,,,,,97.19498500000009,1195425,192,192,<LOCAL_ROOT>\tcno_icml2026_draft\generated\trainable_runs\train96_val24_test24_ep36_b8_h32_l3_m12_a1p0_s0p015_ps32_st16_tmlearned_local\helmholtz_multimodal_control\uno\seed-0019\result.json,,,,,,,3,1,0.04053265645817528,,,,,,,,,,,,,,,,,,,,,,,,,,,,,,,,,,,,,,,
2026-05-03T08:43:57,one_step_benchmark,generated/benchmark_stage1_breadth,generated/benchmark_stage1_breadth/benchmark_results.csv,helmholtz_multimodal_control_WNO-style_7,helmholtz_multimodal_control,helmholtz_multimodal,control,tcno_reference,WNO-style,WNO-style [tcno-ref],7,36,8,,,,,0.10452110282302653,,,,0.012981529347598553,0.006012653301886564,,,,,,,,,,104.93321949999881,399297,192,192,<LOCAL_ROOT>\tcno_icml2026_draft\generated\trainable_runs\train96_val24_test24_ep36_b8_h32_l3_m12_a1p0_s0p015_ps32_st16_tmlearned_local\helmholtz_multimodal_control\wno-style\seed-0007\result.json,,,,,,,3,1,0.04212490827520291,,,,,,,,,,,,,,,,,,,,,,,,,,,,,,,,,,,,,,,
2026-05-03T08:43:57,one_step_benchmark,generated/benchmark_stage1_breadth,generated/benchmark_stage1_breadth/benchmark_results.csv,helmholtz_multimodal_control_WNO-style_11,helmholtz_multimodal_control,helmholtz_multimodal,control,tcno_reference,WNO-style,WNO-style [tcno-ref],11,36,8,,,,,0.10646812298765314,,,,0.013490757904946804,0.006531832286240769,,,,,,,,,,100.6631755999988,399297,192,192,<LOCAL_ROOT>\tcno_icml2026_draft\generated\trainable_runs\train96_val24_test24_ep36_b8_h32_l3_m12_a1p0_s0p015_ps32_st16_tmlearned_local\helmholtz_multimodal_control\wno-style\seed-0011\result.json,,,,,,,3,1,0.04224004050203687,,,,,,,,,,,,,,,,,,,,,,,,,,,,,,,,,,,,,,,
2026-05-03T08:43:57,one_step_benchmark,generated/benchmark_stage1_breadth,generated/benchmark_stage1_breadth/benchmark_results.csv,helmholtz_multimodal_control_WNO-style_19,helmholtz_multimodal_control,helmholtz_multimodal,control,tcno_reference,WNO-style,WNO-style [tcno-ref],19,36,8,,,,,0.10485393920185776,,,,0.01305005419999361,0.006196913034398253,,,,,,,,,,99.32848569999987,399297,192,192,<LOCAL_ROOT>\tcno_icml2026_draft\generated\trainable_runs\train96_val24_test24_ep36_b8_h32_l3_m12_a1p0_s0p015_ps32_st16_tmlearned_local\helmholtz_multimodal_control\wno-style\seed-0019\result.json,,,,,,,3,1,0.042227905325275955,,,,,,,,,,,,,,,,,,,,,,,,,,,,,,,,,,,,,,,
2026-05-03T08:43:57,one_step_benchmark,generated/benchmark_stage1_breadth,generated/benchmark_stage1_breadth/benchmark_results.csv,helmholtz_multimodal_positive_FNO_7,helmholtz_multimodal_positive,helmholtz_multimodal,positive,tcno_reference,FNO,FNO [tcno-ref],7,36,8,,,,,0.6672936523970628,,,,0.5089846253395081,0.134053407545636,,,,,,,,,,58.994378499999584,446753,192,192,<LOCAL_ROOT>\tcno_icml2026_draft\generated\trainable_runs\train96_val24_test24_ep36_b8_h32_l3_m12_a1p0_s0p015_ps32_st16_tmlearned_local\helmholtz_multimodal_positive\fno\seed-0007\result.json,,,,,,,3,1,0.05249867635724339,,,,,,,,,,,,,,,,,,,,,,,,,,,,,,,,,,,,,,,
2026-05-03T08:43:57,one_step_benchmark,generated/benchmark_stage1_breadth,generated/benchmark_stage1_breadth/benchmark_results.csv,helmholtz_multimodal_positive_FNO_11,helmholtz_multimodal_positive,helmholtz_multimodal,positive,tcno_reference,FNO,FNO [tcno-ref],11,36,8,,,,,0.6647929552095632,,,,0.506852388381958,0.12764433790434315,,,,,,,,,,56.752363599998716,446753,192,192,<LOCAL_ROOT>\tcno_icml2026_draft\generated\trainable_runs\train96_val24_test24_ep36_b8_h32_l3_m12_a1p0_s0p015_ps32_st16_tmlearned_local\helmholtz_multimodal_positive\fno\seed-0011\result.json,,,,,,,3,1,0.05233474938930297,,,,,,,,,,,,,,,,,,,,,,,,,,,,,,,,,,,,,,,
2026-05-03T08:43:57,one_step_benchmark,generated/benchmark_stage1_breadth,generated/benchmark_stage1_breadth/benchmark_results.csv,helmholtz_multimodal_positive_FNO_19,helmholtz_multimodal_positive,helmholtz_multimodal,positive,tcno_reference,FNO,FNO [tcno-ref],19,36,8,,,,,0.6638725895363956,,,,0.5016301274299622,0.1470219763536265,,,,,,,,,,56.23007680000046,446753,192,192,<LOCAL_ROOT>\tcno_icml2026_draft\generated\trainable_runs\train96_val24_test24_ep36_b8_h32_l3_m12_a1p0_s0p015_ps32_st16_tmlearned_local\helmholtz_multimodal_positive\fno\seed-0019\result.json,,,,,,,3,1,0.052258039296544094,,,,,,,,,,,,,,,,,,,,,,,,,,,,,,,,,,,,,,,
2026-05-03T08:43:57,one_step_benchmark,generated/benchmark_stage1_breadth,generated/benchmark_stage1_breadth/benchmark_results.csv,helmholtz_multimodal_positive_UNO_7,helmholtz_multimodal_positive,helmholtz_multimodal,positive,tcno_reference,UNO,UNO [tcno-ref],7,36,8,,,,,0.3643721177993351,,,,0.15010438859462738,0.05749233231191495,,,,,,,,,,105.75206770000113,1195425,192,192,<LOCAL_ROOT>\tcno_icml2026_draft\generated\trainable_runs\train96_val24_test24_ep36_b8_h32_l3_m12_a1p0_s0p015_ps32_st16_tmlearned_local\helmholtz_multimodal_positive\uno\seed-0007\result.json,,,,,,,3,1,0.04327031386334792,,,,,,,,,,,,,,,,,,,,,,,,,,,,,,,,,,,,,,,
2026-05-03T08:43:57,one_step_benchmark,generated/benchmark_stage1_breadth,generated/benchmark_stage1_breadth/benchmark_results.csv,helmholtz_multimodal_positive_UNO_11,helmholtz_multimodal_positive,helmholtz_multimodal,positive,tcno_reference,UNO,UNO [tcno-ref],11,36,8,,,,,0.44281438211501056,,,,0.22682642936706543,0.06943504605910236,,,,,,,,,,108.38539259999925,1195425,192,192,<LOCAL_ROOT>\tcno_icml2026_draft\generated\trainable_runs\train96_val24_test24_ep36_b8_h32_l3_m12_a1p0_s0p015_ps32_st16_tmlearned_local\helmholtz_multimodal_positive\uno\seed-0011\result.json,,,,,,,3,1,0.04633059633326305,,,,,,,,,,,,,,,,,,,,,,,,,,,,,,,,,,,,,,,
2026-05-03T08:43:57,one_step_benchmark,generated/benchmark_stage1_breadth,generated/benchmark_stage1_breadth/benchmark_results.csv,helmholtz_multimodal_positive_UNO_19,helmholtz_multimodal_positive,helmholtz_multimodal,positive,tcno_reference,UNO,UNO [tcno-ref],19,36,8,,,,,0.41320484709453026,,,,0.183425173163414,0.07317981964071894,,,,,,,,,,93.31750790000115,1195425,192,192,<LOCAL_ROOT>\tcno_icml2026_draft\generated\trainable_runs\train96_val24_test24_ep36_b8_h32_l3_m12_a1p0_s0p015_ps32_st16_tmlearned_local\helmholtz_multimodal_positive\uno\seed-0019\result.json,,,,,,,3,1,0.04306298832814829,,,,,,,,,,,,,,,,,,,,,,,,,,,,,,,,,,,,,,,
2026-05-03T08:43:57,one_step_benchmark,generated/benchmark_stage1_breadth,generated/benchmark_stage1_breadth/benchmark_results.csv,helmholtz_multimodal_positive_WNO-style_7,helmholtz_multimodal_positive,helmholtz_multimodal,positive,tcno_reference,WNO-style,WNO-style [tcno-ref],7,36,8,,,,,0.5827182160813019,,,,0.37948694825172424,0.09178784001183553,,,,,,,,,,100.10780099999829,399297,192,192,<LOCAL_ROOT>\tcno_icml2026_draft\generated\trainable_runs\train96_val24_test24_ep36_b8_h32_l3_m12_a1p0_s0p015_ps32_st16_tmlearned_local\helmholtz_multimodal_positive\wno-style\seed-0007\result.json,,,,,,,3,1,0.05138247326368204,,,,,,,,,,,,,,,,,,,,,,,,,,,,,,,,,,,,,,,
2026-05-03T08:43:57,one_step_benchmark,generated/benchmark_stage1_breadth,generated/benchmark_stage1_breadth/benchmark_results.csv,helmholtz_multimodal_positive_WNO-style_11,helmholtz_multimodal_positive,helmholtz_multimodal,positive,tcno_reference,WNO-style,WNO-style [tcno-ref],11,36,8,,,,,0.5871624206777954,,,,0.386192262172699,0.07646140713460975,,,,,,,,,,99.35164590000022,399297,192,192,<LOCAL_ROOT>\tcno_icml2026_draft\generated\trainable_runs\train96_val24_test24_ep36_b8_h32_l3_m12_a1p0_s0p015_ps32_st16_tmlearned_local\helmholtz_multimodal_positive\wno-style\seed-0011\result.json,,,,,,,3,1,0.05118178168328597,,,,,,,,,,,,,,,,,,,,,,,,,,,,,,,,,,,,,,,
2026-05-03T08:43:57,one_step_benchmark,generated/benchmark_stage1_breadth,generated/benchmark_stage1_breadth/benchmark_results.csv,helmholtz_multimodal_positive_WNO-style_19,helmholtz_multimodal_positive,helmholtz_multimodal,positive,tcno_reference,WNO-style,WNO-style [tcno-ref],19,36,8,,,,,0.5887608256460456,,,,0.39042264223098755,0.0939427044719645,,,,,,,,,,99.58151550000002,399297,192,192,<LOCAL_ROOT>\tcno_icml2026_draft\generated\trainable_runs\train96_val24_test24_ep36_b8_h32_l3_m12_a1p0_s0p015_ps32_st16_tmlearned_local\helmholtz_multimodal_positive\wno-style\seed-0019\result.json,,,,,,,3,1,0.05128657102882575,,,,,,,,,,,,,,,,,,,,,,,,,,,,,,,,,,,,,,,
2026-05-03T08:43:57,one_step_benchmark,generated/benchmark_stage1_breadth,generated/benchmark_stage1_breadth/benchmark_results.csv,helmholtz_partial_control_FNO_7,helmholtz_partial_control,helmholtz_partial,control,tcno_reference,FNO,FNO [tcno-ref],7,36,8,,,,,0.05170596168274431,,,,0.002624489599838853,0.002752379434842958,,,,,,,,,,57.63706529999763,446753,192,192,<LOCAL_ROOT>\tcno_icml2026_draft\generated\trainable_runs\train96_val24_test24_ep36_b8_h32_l3_m12_a1p0_s0p015_ps32_st16_tmlearned_local\helmholtz_partial_control\fno\seed-0007\result.json,,,,,,,3,1,0.12113758309641275,,,,,,,,,,,,,,,,,,,,,,,,,,,,,,,,,,,,,,,
2026-05-03T08:43:57,one_step_benchmark,generated/benchmark_stage1_breadth,generated/benchmark_stage1_breadth/benchmark_results.csv,helmholtz_partial_control_FNO_11,helmholtz_partial_control,helmholtz_partial,control,tcno_reference,FNO,FNO [tcno-ref],11,36,8,,,,,0.050678869316121554,,,,0.0025217635557055473,0.0026661768988383958,,,,,,,,,,58.296552200001315,446753,192,192,<LOCAL_ROOT>\tcno_icml2026_draft\generated\trainable_runs\train96_val24_test24_ep36_b8_h32_l3_m12_a1p0_s0p015_ps32_st16_tmlearned_local\helmholtz_partial_control\fno\seed-0011\result.json,,,,,,,3,1,0.12101220908988654,,,,,,,,,,,,,,,,,,,,,,,,,,,,,,,,,,,,,,,
2026-05-03T08:43:57,one_step_benchmark,generated/benchmark_stage1_breadth,generated/benchmark_stage1_breadth/benchmark_results.csv,helmholtz_partial_control_FNO_19,helmholtz_partial_control,helmholtz_partial,control,tcno_reference,FNO,FNO [tcno-ref],19,36,8,,,,,0.05352793535445292,,,,0.0028099697083234787,0.002959862702066275,,,,,,,,,,58.511712100000295,446753,192,192,<LOCAL_ROOT>\tcno_icml2026_draft\generated\trainable_runs\train96_val24_test24_ep36_b8_h32_l3_m12_a1p0_s0p015_ps32_st16_tmlearned_local\helmholtz_partial_control\fno\seed-0019\result.json,,,,,,,3,1,0.12120956398512613,,,,,,,,,,,,,,,,,,,,,,,,,,,,,,,,,,,,,,,
2026-05-03T08:43:57,one_step_benchmark,generated/benchmark_stage1_breadth,generated/benchmark_stage1_breadth/benchmark_results.csv,helmholtz_partial_control_UNO_7,helmholtz_partial_control,helmholtz_partial,control,tcno_reference,UNO,UNO [tcno-ref],7,36,8,,,,,0.041378619564599074,,,,0.0017074673669412732,0.0018155861161633323,,,,,,,,,,105.07671280000068,1195425,192,192,<LOCAL_ROOT>\tcno_icml2026_draft\generated\trainable_runs\train96_val24_test24_ep36_b8_h32_l3_m12_a1p0_s0p015_ps32_st16_tmlearned_local\helmholtz_partial_control\uno\seed-0007\result.json,,,,,,,3,1,0.12001378554722003,,,,,,,,,,,,,,,,,,,,,,,,,,,,,,,,,,,,,,,
2026-05-03T08:43:57,one_step_benchmark,generated/benchmark_stage1_breadth,generated/benchmark_stage1_breadth/benchmark_results.csv,helmholtz_partial_control_UNO_11,helmholtz_partial_control,helmholtz_partial,control,tcno_reference,UNO,UNO [tcno-ref],11,36,8,,,,,0.04598368152957929,,,,0.0020807322580367327,0.0025259756315962997,,,,,,,,,,104.90129750000051,1195425,192,192,<LOCAL_ROOT>\tcno_icml2026_draft\generated\trainable_runs\train96_val24_test24_ep36_b8_h32_l3_m12_a1p0_s0p015_ps32_st16_tmlearned_local\helmholtz_partial_control\uno\seed-0011\result.json,,,,,,,3,1,0.1204111707486095,,,,,,,,,,,,,,,,,,,,,,,,,,,,,,,,,,,,,,,
2026-05-03T08:43:57,one_step_benchmark,generated/benchmark_stage1_breadth,generated/benchmark_stage1_breadth/benchmark_results.csv,helmholtz_partial_control_UNO_19,helmholtz_partial_control,helmholtz_partial,control,tcno_reference,UNO,UNO [tcno-ref],19,36,8,,,,,0.03833514141413621,,,,0.0014651481760665774,0.0013156223375404973,,,,,,,,,,91.06012639999972,1195425,192,192,<LOCAL_ROOT>\tcno_icml2026_draft\generated\trainable_runs\train96_val24_test24_ep36_b8_h32_l3_m12_a1p0_s0p015_ps32_st16_tmlearned_local\helmholtz_partial_control\uno\seed-0019\result.json,,,,,,,3,1,0.12001320506606449,,,,,,,,,,,,,,,,,,,,,,,,,,,,,,,,,,,,,,,
2026-05-03T08:43:57,one_step_benchmark,generated/benchmark_stage1_breadth,generated/benchmark_stage1_breadth/benchmark_results.csv,helmholtz_partial_control_WNO-style_7,helmholtz_partial_control,helmholtz_partial,control,tcno_reference,WNO-style,WNO-style [tcno-ref],7,36,8,,,,,0.04708397721070217,,,,0.0021833356004208326,0.0031860709204303644,,,,,,,,,,101.15500199999951,399297,192,192,<LOCAL_ROOT>\tcno_icml2026_draft\generated\trainable_runs\train96_val24_test24_ep36_b8_h32_l3_m12_a1p0_s0p015_ps32_st16_tmlearned_local\helmholtz_partial_control\wno-style\seed-0007\result.json,,,,,,,3,1,0.12080664095651594,,,,,,,,,,,,,,,,,,,,,,,,,,,,,,,,,,,,,,,
2026-05-03T08:43:57,one_step_benchmark,generated/benchmark_stage1_breadth,generated/benchmark_stage1_breadth/benchmark_results.csv,helmholtz_partial_control_WNO-style_11,helmholtz_partial_control,helmholtz_partial,control,tcno_reference,WNO-style,WNO-style [tcno-ref],11,36,8,,,,,0.048709003429091124,,,,0.0023322661872953176,0.003337546206676931,,,,,,,,,,101.25922770000034,399297,192,192,<LOCAL_ROOT>\tcno_icml2026_draft\generated\trainable_runs\train96_val24_test24_ep36_b8_h32_l3_m12_a1p0_s0p015_ps32_st16_tmlearned_local\helmholtz_partial_control\wno-style\seed-0011\result.json,,,,,,,3,1,0.12111510009286924,,,,,,,,,,,,,,,,,,,,,,,,,,,,,,,,,,,,,,,
2026-05-03T08:43:57,one_step_benchmark,generated/benchmark_stage1_breadth,generated/benchmark_stage1_breadth/benchmark_results.csv,helmholtz_partial_control_WNO-style_19,helmholtz_partial_control,helmholtz_partial,control,tcno_reference,WNO-style,WNO-style [tcno-ref],19,36,8,,,,,0.04689156188211576,,,,0.002165638143196702,0.002861474496489045,,,,,,,,,,88.29064039999867,399297,192,192,<LOCAL_ROOT>\tcno_icml2026_draft\generated\trainable_runs\train96_val24_test24_ep36_b8_h32_l3_m12_a1p0_s0p015_ps32_st16_tmlearned_local\helmholtz_partial_control\wno-style\seed-0019\result.json,,,,,,,3,1,0.12096402698950386,,,,,,,,,,,,,,,,,,,,,,,,,,,,,,,,,,,,,,,
2026-05-03T08:43:57,one_step_benchmark,generated/benchmark_stage1_breadth,generated/benchmark_stage1_breadth/benchmark_results.csv,helmholtz_partial_positive_FNO_7,helmholtz_partial_positive,helmholtz_partial,positive,tcno_reference,FNO,FNO [tcno-ref],7,36,8,,,,,0.45334851827497125,,,,0.2115263044834137,0.10012227689838861,,,,,,,,,,57.80519159999858,446753,192,192,<LOCAL_ROOT>\tcno_icml2026_draft\generated\trainable_runs\train96_val24_test24_ep36_b8_h32_l3_m12_a1p0_s0p015_ps32_st16_tmlearned_local\helmholtz_partial_positive\fno\seed-0007\result.json,,,,,,,3,1,0.12627747588750052,,,,,,,,,,,,,,,,,,,,,,,,,,,,,,,,,,,,,,,
2026-05-03T08:43:57,one_step_benchmark,generated/benchmark_stage1_breadth,generated/benchmark_stage1_breadth/benchmark_results.csv,helmholtz_partial_positive_FNO_11,helmholtz_partial_positive,helmholtz_partial,positive,tcno_reference,FNO,FNO [tcno-ref],11,36,8,,,,,0.4568408262749785,,,,0.21326738595962524,0.10804855802937041,,,,,,,,,,56.48486849999972,446753,192,192,<LOCAL_ROOT>\tcno_icml2026_draft\generated\trainable_runs\train96_val24_test24_ep36_b8_h32_l3_m12_a1p0_s0p015_ps32_st16_tmlearned_local\helmholtz_partial_positive\fno\seed-0011\result.json,,,,,,,3,1,0.12606254319113933,,,,,,,,,,,,,,,,,,,,,,,,,,,,,,,,,,,,,,,
2026-05-03T08:43:57,one_step_benchmark,generated/benchmark_stage1_breadth,generated/benchmark_stage1_breadth/benchmark_results.csv,helmholtz_partial_positive_FNO_19,helmholtz_partial_positive,helmholtz_partial,positive,tcno_reference,FNO,FNO [tcno-ref],19,36,8,,,,,0.44949221947409357,,,,0.20568090677261353,0.10187600216477216,,,,,,,,,,56.39656969999851,446753,192,192,<LOCAL_ROOT>\tcno_icml2026_draft\generated\trainable_runs\train96_val24_test24_ep36_b8_h32_l3_m12_a1p0_s0p015_ps32_st16_tmlearned_local\helmholtz_partial_positive\fno\seed-0019\result.json,,,,,,,3,1,0.1268495391191962,,,,,,,,,,,,,,,,,,,,,,,,,,,,,,,,,,,,,,,
2026-05-03T08:43:57,one_step_benchmark,generated/benchmark_stage1_breadth,generated/benchmark_stage1_breadth/benchmark_results.csv,helmholtz_partial_positive_UNO_7,helmholtz_partial_positive,helmholtz_partial,positive,tcno_reference,UNO,UNO [tcno-ref],7,36,8,,,,,0.18409832405132534,,,,0.036863502115011215,0.026359326533974454,,,,,,,,,,107.54869379999946,1195425,192,192,<LOCAL_ROOT>\tcno_icml2026_draft\generated\trainable_runs\train96_val24_test24_ep36_b8_h32_l3_m12_a1p0_s0p015_ps32_st16_tmlearned_local\helmholtz_partial_positive\uno\seed-0007\result.json,,,,,,,3,1,0.11874383483051365,,,,,,,,,,,,,,,,,,,,,,,,,,,,,,,,,,,,,,,
2026-05-03T08:43:57,one_step_benchmark,generated/benchmark_stage1_breadth,generated/benchmark_stage1_breadth/benchmark_results.csv,helmholtz_partial_positive_UNO_11,helmholtz_partial_positive,helmholtz_partial,positive,tcno_reference,UNO,UNO [tcno-ref],11,36,8,,,,,0.19686491745201518,,,,0.04300038889050484,0.035783724392006215,,,,,,,,,,104.08933309999702,1195425,192,192,<LOCAL_ROOT>\tcno_icml2026_draft\generated\trainable_runs\train96_val24_test24_ep36_b8_h32_l3_m12_a1p0_s0p015_ps32_st16_tmlearned_local\helmholtz_partial_positive\uno\seed-0011\result.json,,,,,,,3,1,0.12050544899424558,,,,,,,,,,,,,,,,,,,,,,,,,,,,,,,,,,,,,,,
2026-05-03T08:43:57,one_step_benchmark,generated/benchmark_stage1_breadth,generated/benchmark_stage1_breadth/benchmark_results.csv,helmholtz_partial_positive_UNO_19,helmholtz_partial_positive,helmholtz_partial,positive,tcno_reference,UNO,UNO [tcno-ref],19,36,8,,,,,0.2110436314412744,,,,0.04866008087992668,0.03632421253731064,,,,,,,,,,95.76056160000007,1195425,192,192,<LOCAL_ROOT>\tcno_icml2026_draft\generated\trainable_runs\train96_val24_test24_ep36_b8_h32_l3_m12_a1p0_s0p015_ps32_st16_tmlearned_local\helmholtz_partial_positive\uno\seed-0019\result.json,,,,,,,3,1,0.12041642217166511,,,,,,,,,,,,,,,,,,,,,,,,,,,,,,,,,,,,,,,
2026-05-03T08:43:57,one_step_benchmark,generated/benchmark_stage1_breadth,generated/benchmark_stage1_breadth/benchmark_results.csv,helmholtz_partial_positive_WNO-style_7,helmholtz_partial_positive,helmholtz_partial,positive,tcno_reference,WNO-style,WNO-style [tcno-ref],7,36,8,,,,,0.3203947679472073,,,,0.104816734790802,0.06636564486461684,,,,,,,,,,101.4706857000001,399297,192,192,<LOCAL_ROOT>\tcno_icml2026_draft\generated\trainable_runs\train96_val24_test24_ep36_b8_h32_l3_m12_a1p0_s0p015_ps32_st16_tmlearned_local\helmholtz_partial_positive\wno-style\seed-0007\result.json,,,,,,,3,1,0.12183526252407158,,,,,,,,,,,,,,,,,,,,,,,,,,,,,,,,,,,,,,,
2026-05-03T08:43:57,one_step_benchmark,generated/benchmark_stage1_breadth,generated/benchmark_stage1_breadth/benchmark_results.csv,helmholtz_partial_positive_WNO-style_11,helmholtz_partial_positive,helmholtz_partial,positive,tcno_reference,WNO-style,WNO-style [tcno-ref],11,36,8,,,,,0.31325797778250136,,,,0.1074310764670372,0.062970287861008,,,,,,,,,,101.0189769000026,399297,192,192,<LOCAL_ROOT>\tcno_icml2026_draft\generated\trainable_runs\train96_val24_test24_ep36_b8_h32_l3_m12_a1p0_s0p015_ps32_st16_tmlearned_local\helmholtz_partial_positive\wno-style\seed-0011\result.json,,,,,,,3,1,0.1227484907068103,,,,,,,,,,,,,,,,,,,,,,,,,,,,,,,,,,,,,,,
2026-05-03T08:43:57,one_step_benchmark,generated/benchmark_stage1_breadth,generated/benchmark_stage1_breadth/benchmark_results.csv,helmholtz_partial_positive_WNO-style_19,helmholtz_partial_positive,helmholtz_partial,positive,tcno_reference,WNO-style,WNO-style [tcno-ref],19,36,8,,,,,0.3158083459813495,,,,0.10400187969207764,0.06140049569020469,,,,,,,,,,100.92258819999915,399297,192,192,<LOCAL_ROOT>\tcno_icml2026_draft\generated\trainable_runs\train96_val24_test24_ep36_b8_h32_l3_m12_a1p0_s0p015_ps32_st16_tmlearned_local\helmholtz_partial_positive\wno-style\seed-0019\result.json,,,,,,,3,1,0.12162748186872074,,,,,,,,,,,,,,,,,,,,,,,,,,,,,,,,,,,,,,,
2026-05-03T08:43:57,one_step_benchmark,generated/benchmark_stage1_breadth,generated/benchmark_stage1_breadth/benchmark_results.csv,helmholtz_variable_control_FNO_11,helmholtz_variable_control,helmholtz_variable,control,tcno_reference,FNO,FNO [tcno-ref],11,36,8,,,,,0.033140461614481115,,,,0.0012276378693059087,0.0033538395939333664,,,,,,,,,,19.939127499997994,446753,192,192,<LOCAL_ROOT>\tcno_icml2026_draft\generated\trainable_runs\train96_val24_test24_ep36_b8_h32_l3_m12_a1p0_s0p015_ps32_st16_tmlocal\helmholtz_variable_control\fno\seed-0011\result.json,,,,,,,3,1,0.22096329163239606,,,,,,,,,,,,,,,,,,,,,,,,,,,,,,,,,,,,,,,
2026-05-03T08:43:57,one_step_benchmark,generated/benchmark_stage1_breadth,generated/benchmark_stage1_breadth/benchmark_results.csv,helmholtz_variable_control_FNO_19,helmholtz_variable_control,helmholtz_variable,control,tcno_reference,FNO,FNO [tcno-ref],19,36,8,,,,,0.033902129205357914,,,,0.001287110149860382,0.0033032517618427127,,,,,,,,,,19.905325700001413,446753,192,192,<LOCAL_ROOT>\tcno_icml2026_draft\generated\trainable_runs\train96_val24_test24_ep36_b8_h32_l3_m12_a1p0_s0p015_ps32_st16_tmlocal\helmholtz_variable_control\fno\seed-0019\result.json,,,,,,,3,1,0.2210192568311735,,,,,,,,,,,,,,,,,,,,,,,,,,,,,,,,,,,,,,,
2026-05-03T08:43:57,one_step_benchmark,generated/benchmark_stage1_breadth,generated/benchmark_stage1_breadth/benchmark_results.csv,helmholtz_variable_control_UNO_11,helmholtz_variable_control,helmholtz_variable,control,tcno_reference,UNO,UNO [tcno-ref],11,36,8,,,,,0.027456572561331893,,,,0.000841007858980447,0.0033085330129419017,,,,,,,,,,35.14630430000034,1195425,192,192,<LOCAL_ROOT>\tcno_icml2026_draft\generated\trainable_runs\train96_val24_test24_ep36_b8_h32_l3_m12_a1p0_s0p015_ps32_st16_tmlearned_local\helmholtz_variable_control\uno\seed-0011\result.json,,,,,,,3,1,0.2214044283002371,,,,,,,,,,,,,,,,,,,,,,,,,,,,,,,,,,,,,,,
2026-05-03T08:43:57,one_step_benchmark,generated/benchmark_stage1_breadth,generated/benchmark_stage1_breadth/benchmark_results.csv,helmholtz_variable_control_UNO_19,helmholtz_variable_control,helmholtz_variable,control,tcno_reference,UNO,UNO [tcno-ref],19,36,8,,,,,0.021339720568639142,,,,0.0005089156911708415,0.0009829171312117618,,,,,,,,,,33.071999900001174,1195425,192,192,<LOCAL_ROOT>\tcno_icml2026_draft\generated\trainable_runs\train96_val24_test24_ep36_b8_h32_l3_m12_a1p0_s0p015_ps32_st16_tmlearned_local\helmholtz_variable_control\uno\seed-0019\result.json,,,,,,,3,1,0.22041800272253664,,,,,,,,,,,,,,,,,,,,,,,,,,,,,,,,,,,,,,,
2026-05-03T08:43:57,one_step_benchmark,generated/benchmark_stage1_breadth,generated/benchmark_stage1_breadth/benchmark_results.csv,helmholtz_variable_control_WNO-style_11,helmholtz_variable_control,helmholtz_variable,control,tcno_reference,WNO-style,WNO-style [tcno-ref],11,36,8,,,,,0.026985047441675198,,,,0.0008102692081592977,0.0028208686991897766,,,,,,,,,,33.17164529999718,399297,192,192,<LOCAL_ROOT>\tcno_icml2026_draft\generated\trainable_runs\train96_val24_test24_ep36_b8_h32_l3_m12_a1p0_s0p015_ps32_st16_tmlocal\helmholtz_variable_control\wno-style\seed-0011\result.json,,,,,,,3,1,0.2210612496855691,,,,,,,,,,,,,,,,,,,,,,,,,,,,,,,,,,,,,,,
2026-05-03T08:43:57,one_step_benchmark,generated/benchmark_stage1_breadth,generated/benchmark_stage1_breadth/benchmark_results.csv,helmholtz_variable_control_WNO-style_19,helmholtz_variable_control,helmholtz_variable,control,tcno_reference,WNO-style,WNO-style [tcno-ref],19,36,8,,,,,0.028806339733530664,,,,0.000937475822865963,0.0031118183125450403,,,,,,,,,,33.089135300000635,399297,192,192,<LOCAL_ROOT>\tcno_icml2026_draft\generated\trainable_runs\train96_val24_test24_ep36_b8_h32_l3_m12_a1p0_s0p015_ps32_st16_tmlocal\helmholtz_variable_control\wno-style\seed-0019\result.json,,,,,,,3,1,0.2211836165971576,,,,,,,,,,,,,,,,,,,,,,,,,,,,,,,,,,,,,,,
2026-05-03T08:43:57,one_step_benchmark,generated/benchmark_stage1_breadth,generated/benchmark_stage1_breadth/benchmark_results.csv,helmholtz_variable_positive_FNO_11,helmholtz_variable_positive,helmholtz_variable,positive,tcno_reference,FNO,FNO [tcno-ref],11,36,8,,,,,0.12424605163954706,,,,0.017535066232085228,0.018910490842179595,,,,,,,,,,19.88493539999763,446753,192,192,<LOCAL_ROOT>\tcno_icml2026_draft\generated\trainable_runs\train96_val24_test24_ep36_b8_h32_l3_m12_a1p0_s0p015_ps32_st16_tmlocal\helmholtz_variable_positive\fno\seed-0011\result.json,,,,,,,3,1,0.22229894418146637,,,,,,,,,,,,,,,,,,,,,,,,,,,,,,,,,,,,,,,
2026-05-03T08:43:57,one_step_benchmark,generated/benchmark_stage1_breadth,generated/benchmark_stage1_breadth/benchmark_results.csv,helmholtz_variable_positive_FNO_19,helmholtz_variable_positive,helmholtz_variable,positive,tcno_reference,FNO,FNO [tcno-ref],19,36,8,,,,,0.11906691713906307,,,,0.015834134072065353,0.018338490880199468,,,,,,,,,,19.858470600000146,446753,192,192,<LOCAL_ROOT>\tcno_icml2026_draft\generated\trainable_runs\train96_val24_test24_ep36_b8_h32_l3_m12_a1p0_s0p015_ps32_st16_tmlocal\helmholtz_variable_positive\fno\seed-0019\result.json,,,,,,,3,1,0.22110649720112652,,,,,,,,,,,,,,,,,,,,,,,,,,,,,,,,,,,,,,,
2026-05-03T08:43:57,one_step_benchmark,generated/benchmark_stage1_breadth,generated/benchmark_stage1_breadth/benchmark_results.csv,helmholtz_variable_positive_UNO_11,helmholtz_variable_positive,helmholtz_variable,positive,tcno_reference,UNO,UNO [tcno-ref],11,36,8,,,,,0.04559435111490212,,,,0.0021348719019442797,0.004168530287291924,,,,,,,,,,33.43360019999818,1195425,192,192,<LOCAL_ROOT>\tcno_icml2026_draft\generated\trainable_runs\train96_val24_test24_ep36_b8_h32_l3_m12_a1p0_s0p015_ps32_st16_tmlocal\helmholtz_variable_positive\uno\seed-0011\result.json,,,,,,,3,1,0.21991480608072447,,,,,,,,,,,,,,,,,,,,,,,,,,,,,,,,,,,,,,,
2026-05-03T08:43:57,one_step_benchmark,generated/benchmark_stage1_breadth,generated/benchmark_stage1_breadth/benchmark_results.csv,helmholtz_variable_positive_UNO_19,helmholtz_variable_positive,helmholtz_variable,positive,tcno_reference,UNO,UNO [tcno-ref],19,36,8,,,,,0.038890164505781505,,,,0.0015338885132223368,0.004446595209859017,,,,,,,,,,33.34946629999831,1195425,192,192,<LOCAL_ROOT>\tcno_icml2026_draft\generated\trainable_runs\train96_val24_test24_ep36_b8_h32_l3_m12_a1p0_s0p015_ps32_st16_tmlocal\helmholtz_variable_positive\uno\seed-0019\result.json,,,,,,,3,1,0.21959572730096824,,,,,,,,,,,,,,,,,,,,,,,,,,,,,,,,,,,,,,,
2026-05-03T08:43:57,one_step_benchmark,generated/benchmark_stage1_breadth,generated/benchmark_stage1_breadth/benchmark_results.csv,helmholtz_variable_positive_WNO-style_11,helmholtz_variable_positive,helmholtz_variable,positive,tcno_reference,WNO-style,WNO-style [tcno-ref],11,36,8,,,,,0.09344503821952854,,,,0.009629033505916595,0.014372063014882136,,,,,,,,,,33.249881699997786,399297,192,192,<LOCAL_ROOT>\tcno_icml2026_draft\generated\trainable_runs\train96_val24_test24_ep36_b8_h32_l3_m12_a1p0_s0p015_ps32_st16_tmlocal\helmholtz_variable_positive\wno-style\seed-0011\result.json,,,,,,,3,1,0.22075700698178294,,,,,,,,,,,,,,,,,,,,,,,,,,,,,,,,,,,,,,,
2026-05-03T08:43:57,one_step_benchmark,generated/benchmark_stage1_breadth,generated/benchmark_stage1_breadth/benchmark_results.csv,helmholtz_variable_positive_WNO-style_19,helmholtz_variable_positive,helmholtz_variable,positive,tcno_reference,WNO-style,WNO-style [tcno-ref],19,36,8,,,,,0.09042744394539644,,,,0.009022368118166924,0.01486299287071187,,,,,,,,,,33.01490120000017,399297,192,192,<LOCAL_ROOT>\tcno_icml2026_draft\generated\trainable_runs\train96_val24_test24_ep36_b8_h32_l3_m12_a1p0_s0p015_ps32_st16_tmlocal\helmholtz_variable_positive\wno-style\seed-0019\result.json,,,,,,,3,1,0.220447703104968,,,,,,,,,,,,,,,,,,,,,,,,,,,,,,,,,,,,,,,
2026-05-03T08:43:57,one_step_benchmark,generated/benchmark_stage1_breadth,generated/benchmark_stage1_breadth/benchmark_results.csv,poisson_robin_control_FNO+LearnedLocalTC_7,poisson_robin_control,poisson_robin,control,tcno_reference,FNO+LearnedLocalTC,FNO+LearnedLocalTC [tcno-ref],7,36,8,,,,,0.025273446111518872,,,,0.0006846323376521468,0.0016963681917892247,,,,,,,,,,27.137983399999996,453800,192,192,<LOCAL_ROOT>\tcno_icml2026_draft\generated\trainable_runs\train96_val24_test24_ep36_b8_h32_l3_m12_a1p0_s0p015_ps32_st16_tmlearned_local\poisson_robin_control\fnopluslearnedlocaltc\seed-0007\result.json,,,,,,,3,1,0.9852595376285685,,,,,,,,,,,,,,,,,,,,,,,,,,,,,,,,,,,,,,,
2026-05-03T08:43:57,one_step_benchmark,generated/benchmark_stage1_breadth,generated/benchmark_stage1_breadth/benchmark_results.csv,poisson_robin_control_FNO+LearnedLocalTC_11,poisson_robin_control,poisson_robin,control,tcno_reference,FNO+LearnedLocalTC,FNO+LearnedLocalTC [tcno-ref],11,36,8,,,,,0.026687442221996847,,,,0.0007781404419802129,0.0016139088328547962,,,,,,,,,,27.794978600000036,453800,192,192,<LOCAL_ROOT>\tcno_icml2026_draft\generated\trainable_runs\train96_val24_test24_ep36_b8_h32_l3_m12_a1p0_s0p015_ps32_st16_tmlearned_local\poisson_robin_control\fnopluslearnedlocaltc\seed-0011\result.json,,,,,,,3,1,0.9853901620139687,,,,,,,,,,,,,,,,,,,,,,,,,,,,,,,,,,,,,,,
2026-05-03T08:43:57,one_step_benchmark,generated/benchmark_stage1_breadth,generated/benchmark_stage1_breadth/benchmark_results.csv,poisson_robin_control_FNO+LearnedLocalTC_19,poisson_robin_control,poisson_robin,control,tcno_reference,FNO+LearnedLocalTC,FNO+LearnedLocalTC [tcno-ref],19,36,8,,,,,0.027010788446952094,,,,0.0008208852377720177,0.002271290834383153,,,,,,,,,,28.162320600000044,453800,192,192,<LOCAL_ROOT>\tcno_icml2026_draft\generated\trainable_runs\train96_val24_test24_ep36_b8_h32_l3_m12_a1p0_s0p015_ps32_st16_tmlearned_local\poisson_robin_control\fnopluslearnedlocaltc\seed-0019\result.json,,,,,,,3,1,0.9852765120718222,,,,,,,,,,,,,,,,,,,,,,,,,,,,,,,,,,,,,,,
2026-05-03T08:43:57,one_step_benchmark,generated/benchmark_stage1_breadth,generated/benchmark_stage1_breadth/benchmark_results.csv,poisson_robin_control_WNO-style_11,poisson_robin_control,poisson_robin,control,tcno_reference,WNO-style,WNO-style [tcno-ref],11,36,8,,,,,0.011142017114977846,,,,0.00015369326865766197,0.0008410412621771395,,,,,,,,,,35.96286390000023,399297,192,192,<LOCAL_ROOT>\tcno_icml2026_draft\generated\trainable_runs\train96_val24_test24_ep36_b8_h32_l3_m12_a1p0_s0p015_ps32_st16_tmlocal\poisson_robin_control\wno-style\seed-0011\result.json,,,,,,,3,1,0.9846370139495436,,,,,,,,,,,,,,,,,,,,,,,,,,,,,,,,,,,,,,,
2026-05-03T08:43:57,one_step_benchmark,generated/benchmark_stage1_breadth,generated/benchmark_stage1_breadth/benchmark_results.csv,poisson_robin_control_WNO-style_19,poisson_robin_control,poisson_robin,control,tcno_reference,WNO-style,WNO-style [tcno-ref],19,36,8,,,,,0.014552325002511904,,,,0.0002666019427124411,0.0011770089451899103,,,,,,,,,,36.743171600000096,399297,192,192,<LOCAL_ROOT>\tcno_icml2026_draft\generated\trainable_runs\train96_val24_test24_ep36_b8_h32_l3_m12_a1p0_s0p015_ps32_st16_tmlearned_local\poisson_robin_control\wno-style\seed-0019\result.json,,,,,,,3,1,0.9848363740997098,,,,,,,,,,,,,,,,,,,,,,,,,,,,,,,,,,,,,,,
2026-05-03T08:43:57,one_step_benchmark,generated/benchmark_stage1_breadth,generated/benchmark_stage1_breadth/benchmark_results.csv,poisson_robin_positive_FNO+LearnedLocalTC_7,poisson_robin_positive,poisson_robin,positive,tcno_reference,FNO+LearnedLocalTC,FNO+LearnedLocalTC [tcno-ref],7,36,8,,,,,0.025374818817004208,,,,0.0006880234577693045,0.0017229702885590906,,,,,,,,,,93.187859200003,453800,192,192,<LOCAL_ROOT>\tcno_icml2026_draft\generated\trainable_runs\train96_val24_test24_ep36_b8_h32_l3_m12_a1p0_s0p015_ps32_st16_tmlearned_local\poisson_robin_positive\fnopluslearnedlocaltc\seed-0007\result.json,,,,,,,3,1,0.9852389913141627,,,,,,,,,,,,,,,,,,,,,,,,,,,,,,,,,,,,,,,
2026-05-03T08:43:57,one_step_benchmark,generated/benchmark_stage1_breadth,generated/benchmark_stage1_breadth/benchmark_results.csv,poisson_robin_positive_FNO+LearnedLocalTC_11,poisson_robin_positive,poisson_robin,positive,tcno_reference,FNO+LearnedLocalTC,FNO+LearnedLocalTC [tcno-ref],11,36,8,,,,,0.02671657714806829,,,,0.0007813003030605614,0.0015970346904142483,,,,,,,,,,101.4422358999982,453800,192,192,<LOCAL_ROOT>\tcno_icml2026_draft\generated\trainable_runs\train96_val24_test24_ep36_b8_h32_l3_m12_a1p0_s0p015_ps32_st16_tmlearned_local\poisson_robin_positive\fnopluslearnedlocaltc\seed-0011\result.json,,,,,,,3,1,0.9853699089182474,,,,,,,,,,,,,,,,,,,,,,,,,,,,,,,,,,,,,,,
2026-05-03T08:43:57,one_step_benchmark,generated/benchmark_stage1_breadth,generated/benchmark_stage1_breadth/benchmark_results.csv,poisson_robin_positive_FNO+LearnedLocalTC_19,poisson_robin_positive,poisson_robin,positive,tcno_reference,FNO+LearnedLocalTC,FNO+LearnedLocalTC [tcno-ref],19,36,8,,,,,0.02705445472839696,,,,0.0008217273280024529,0.0021964394593465436,,,,,,,,,,34.10727639999999,453800,192,192,<LOCAL_ROOT>\tcno_icml2026_draft\generated\trainable_runs\train96_val24_test24_ep36_b8_h32_l3_m12_a1p0_s0p015_ps32_st16_tmlearned_local\poisson_robin_positive\fnopluslearnedlocaltc\seed-0019\result.json,,,,,,,3,1,0.9852874249176247,,,,,,,,,,,,,,,,,,,,,,,,,,,,,,,,,,,,,,,
2026-05-03T08:43:57,one_step_benchmark,generated/benchmark_stage1_breadth,generated/benchmark_stage1_breadth/benchmark_results.csv,poisson_robin_positive_WNO-style_11,poisson_robin_positive,poisson_robin,positive,tcno_reference,WNO-style,WNO-style [tcno-ref],11,36,8,,,,,0.011434644600156673,,,,0.000160118579515256,0.0007964569187890574,,,,,,,,,,33.925934300001245,399297,192,192,<LOCAL_ROOT>\tcno_icml2026_draft\generated\trainable_runs\train96_val24_test24_ep36_b8_h32_l3_m12_a1p0_s0p015_ps32_st16_tmlocal\poisson_robin_positive\wno-style\seed-0011\result.json,,,,,,,3,1,0.9846330579289108,,,,,,,,,,,,,,,,,,,,,,,,,,,,,,,,,,,,,,,
2026-05-03T08:43:57,one_step_benchmark,generated/benchmark_stage1_breadth,generated/benchmark_stage1_breadth/benchmark_results.csv,poisson_robin_positive_WNO-style_19,poisson_robin_positive,poisson_robin,positive,tcno_reference,WNO-style,WNO-style [tcno-ref],19,36,8,,,,,0.014755295329569604,,,,0.0002721953496802598,0.0012025837892048984,,,,,,,,,,33.28751490000002,399297,192,192,<LOCAL_ROOT>\tcno_icml2026_draft\generated\trainable_runs\train96_val24_test24_ep36_b8_h32_l3_m12_a1p0_s0p015_ps32_st16_tmlearned_local\poisson_robin_positive\wno-style\seed-0019\result.json,,,,,,,3,1,0.9848343158337113,,,,,,,,,,,,,,,,,,,,,,,,,,,,,,,,,,,,,,,
2026-05-03T08:43:57,one_step_benchmark,generated/benchmark_stage2_shortlist_v1,generated/benchmark_stage2_shortlist_v1/benchmark_results.csv,wave_synth_MiNO-Core_7,wave_synth,wave,synthetic,synthetic,MiNO-Core,MiNO-Core,7,16,2,,,,,0.5868131928145885,,,0.01644861977547407,0.015406835358589888,1.4308241158723831,349.69020691141486,,,,,,,,,26.955280800000764,424948,64,64,,0.0001,0.0001,1.0,,,,1,1,,,,,,,,,,,,,,,,,,,,,,,,,,,,,,,,,,,,,,,,
2026-05-03T08:43:57,one_step_benchmark,generated/benchmark_stage2_shortlist_v1,generated/benchmark_stage2_shortlist_v1/benchmark_results.csv,wave_synth_MiNO-Core_11,wave_synth,wave,synthetic,synthetic,MiNO-Core,MiNO-Core,11,16,2,,,,,0.5419639386236668,,,0.009366850950755179,0.02067222131881863,1.433095172047615,1669.8012440055609,,,,,,,,,27.166047900000194,424948,64,64,,0.0001,0.0001,1.0,,,,1,1,,,,,,,,,,,,,,,,,,,,,,,,,,,,,,,,,,,,,,,,
2026-05-03T08:43:57,one_step_benchmark,generated/benchmark_stage2_shortlist_v1,generated/benchmark_stage2_shortlist_v1/benchmark_results.csv,wave_synth_MiNO-Core_19,wave_synth,wave,synthetic,synthetic,MiNO-Core,MiNO-Core,19,16,2,,,,,0.5556501559913158,,,0.01301106676692143,0.01408821257064119,1.4459067285060883,2118.7750603761524,,,,,,,,,26.156506000001173,424948,64,64,,0.0001,0.0001,1.0,,,,1,1,,,,,,,,,,,,,,,,,,,,,,,,,,,,,,,,,,,,,,,,
2026-05-03T08:43:57,one_step_benchmark,generated/benchmark_stage2_shortlist_v1,generated/benchmark_stage2_shortlist_v1/benchmark_results.csv,wave_synth_MiNO-Plus_7,wave_synth,wave,synthetic,synthetic,MiNO-Plus,MiNO-Plus,7,16,2,,,,,0.15445037372410297,,,0.0011026841384591535,0.0010178739757975563,1.3958489149808884,925.9397670859471,,,,,,,,,51.415468000001056,804008,64,64,,0.0001,0.0001,1.0,,,,1,1,,,,,,,,,,,,,,,,,,,,,,,,,,,,,,,,,,,,,,,,
2026-05-03T08:43:57,one_step_benchmark,generated/benchmark_stage2_shortlist_v1,generated/benchmark_stage2_shortlist_v1/benchmark_results.csv,wave_synth_MiNO-Plus_11,wave_synth,wave,synthetic,synthetic,MiNO-Plus,MiNO-Plus,11,16,2,,,,,0.1610304731875658,,,0.0008329847696586512,0.0011799383573816158,1.3813802301883698,1029.0885744690895,,,,,,,,,47.293081199999506,804008,64,64,,0.0001,0.0001,1.0,,,,1,1,,,,,,,,,,,,,,,,,,,,,,,,,,,,,,,,,,,,,,,,
2026-05-03T08:43:57,one_step_benchmark,generated/benchmark_stage2_shortlist_v1,generated/benchmark_stage2_shortlist_v1/benchmark_results.csv,wave_synth_MiNO-Plus_19,wave_synth,wave,synthetic,synthetic,MiNO-Plus,MiNO-Plus,19,16,2,,,,,0.15676360204815865,,,0.0009301246827817522,0.0009463110036449507,1.4192235618829727,5241.576468777843,,,,,,,,,44.66836200000034,804008,64,64,,0.0001,0.0001,1.0,,,,1,1,,,,,,,,,,,,,,,,,,,,,,,,,,,,,,,,,,,,,,,,
2026-05-03T08:43:57,one_step_benchmark,generated/benchmark_stage2_shortlist_v1,generated/benchmark_stage2_shortlist_v1/benchmark_results.csv,diffusion_neumann_control_MiNO-Core_7,diffusion_neumann_control,diffusion_neumann,control,tcno_cache,MiNO-Core,MiNO-Core,7,16,2,,,,,0.0041639871972923475,,,1.8731811602871556e-05,2.0144994702301727e-05,1.5441803733507793,0.0022606255564217768,,,,,,,,,231.8322723000001,425206,192,192,,0.0001,0.0001,1.0,,,,3,1,,,,,,,,,,,,,,,,,,,,,,,,,,,,,,,,,,,,,,,,
2026-05-03T08:43:57,one_step_benchmark,generated/benchmark_stage2_shortlist_v1,generated/benchmark_stage2_shortlist_v1/benchmark_results.csv,diffusion_neumann_control_MiNO-Core_11,diffusion_neumann_control,diffusion_neumann,control,tcno_cache,MiNO-Core,MiNO-Core,11,16,2,,,,,0.004326370525329064,,,1.9835239451519254e-05,2.0831576648561168e-05,1.5417460501194,0.002383896984004726,,,,,,,,,231.7000863000012,425206,192,192,,0.0001,0.0001,1.0,,,,3,1,,,,,,,,,,,,,,,,,,,,,,,,,,,,,,,,,,,,,,,,
2026-05-03T08:43:57,one_step_benchmark,generated/benchmark_stage2_shortlist_v1,generated/benchmark_stage2_shortlist_v1/benchmark_results.csv,diffusion_neumann_control_MiNO-Core_19,diffusion_neumann_control,diffusion_neumann,control,tcno_cache,MiNO-Core,MiNO-Core,19,16,2,,,,,0.004202789510600269,,,1.8853338891252253e-05,1.996275803624788e-05,1.556566705306371,0.0023047184998479984,,,,,,,,,231.58026679999966,425206,192,192,,0.0001,0.0001,1.0,,,,3,1,,,,,,,,,,,,,,,,,,,,,,,,,,,,,,,,,,,,,,,,
2026-05-03T08:43:57,one_step_benchmark,generated/benchmark_stage2_shortlist_v1,generated/benchmark_stage2_shortlist_v1/benchmark_results.csv,diffusion_neumann_control_MiNO-Plus_7,diffusion_neumann_control,diffusion_neumann,control,tcno_cache,MiNO-Plus,MiNO-Plus,7,16,2,,,,,0.00428520399145782,,,1.993057283774154e-05,2.1745342034288722e-05,1.6259933412075043,0.0023842470157736293,,,,,,,,,354.14818959999866,804266,192,192,,0.0001,0.0001,1.0,,,,3,1,,,,,,,,,,,,,,,,,,,,,,,,,,,,,,,,,,,,,,,,
2026-05-03T08:43:57,one_step_benchmark,generated/benchmark_stage2_shortlist_v1,generated/benchmark_stage2_shortlist_v1/benchmark_results.csv,diffusion_neumann_control_MiNO-Plus_11,diffusion_neumann_control,diffusion_neumann,control,tcno_cache,MiNO-Plus,MiNO-Plus,11,16,2,,,,,0.004342858213931322,,,2.0092491164784104e-05,2.131667361027212e-05,1.5667400161425273,0.002397045900579542,,,,,,,,,354.2486477000002,804266,192,192,,0.0001,0.0001,1.0,,,,3,1,,,,,,,,,,,,,,,,,,,,,,,,,,,,,,,,,,,,,,,,
2026-05-03T08:43:57,one_step_benchmark,generated/benchmark_stage2_shortlist_v1,generated/benchmark_stage2_shortlist_v1/benchmark_results.csv,diffusion_neumann_control_MiNO-Plus_19,diffusion_neumann_control,diffusion_neumann,control,tcno_cache,MiNO-Plus,MiNO-Plus,19,16,2,,,,,0.004449843952897936,,,2.0975586342804792e-05,2.2080433382143383e-05,1.5947099129358928,0.00242209731368348,,,,,,,,,354.3627524000003,804266,192,192,,0.0001,0.0001,1.0,,,,3,1,,,,,,,,,,,,,,,,,,,,,,,,,,,,,,,,,,,,,,,,
2026-05-03T08:43:57,one_step_benchmark,generated/benchmark_stage2_shortlist_v1,generated/benchmark_stage2_shortlist_v1/benchmark_results.csv,diffusion_neumann_positive_MiNO-Core_7,diffusion_neumann_positive,diffusion_neumann,positive,tcno_cache,MiNO-Core,MiNO-Core,7,16,2,,,,,0.0059908492645869655,,,3.6758129226655e-05,3.842776838306842e-05,1.5684630274772644,0.0028213104815222323,,,,,,,,,232.2326976000004,425206,192,192,,0.0001,0.0001,1.0,,,,3,1,,,,,,,,,,,,,,,,,,,,,,,,,,,,,,,,,,,,,,,,
2026-05-03T08:43:57,one_step_benchmark,generated/benchmark_stage2_shortlist_v1,generated/benchmark_stage2_shortlist_v1/benchmark_results.csv,diffusion_neumann_positive_MiNO-Core_11,diffusion_neumann_positive,diffusion_neumann,positive,tcno_cache,MiNO-Core,MiNO-Core,11,16,2,,,,,0.0059568338717023534,,,3.633948836068157e-05,3.8048071625477555e-05,1.5601110557715099,0.0027631529859111956,,,,,,,,,232.18120049999925,425206,192,192,,0.0001,0.0001,1.0,,,,3,1,,,,,,,,,,,,,,,,,,,,,,,,,,,,,,,,,,,,,,,,
2026-05-03T08:43:57,one_step_benchmark,generated/benchmark_stage2_shortlist_v1,generated/benchmark_stage2_shortlist_v1/benchmark_results.csv,diffusion_neumann_positive_MiNO-Core_19,diffusion_neumann_positive,diffusion_neumann,positive,tcno_cache,MiNO-Core,MiNO-Core,19,16,2,,,,,0.00598759619363894,,,3.661562944519877e-05,3.8130025435142066e-05,1.5817309419314067,0.0027932241112769893,,,,,,,,,232.0993471999991,425206,192,192,,0.0001,0.0001,1.0,,,,3,1,,,,,,,,,,,,,,,,,,,,,,,,,,,,,,,,,,,,,,,,
2026-05-03T08:43:57,one_step_benchmark,generated/benchmark_stage2_shortlist_v1,generated/benchmark_stage2_shortlist_v1/benchmark_results.csv,diffusion_neumann_positive_MiNO-Plus_7,diffusion_neumann_positive,diffusion_neumann,positive,tcno_cache,MiNO-Plus,MiNO-Plus,7,16,2,,,,,0.0059793590335175395,,,3.67924984251052e-05,3.887771602724873e-05,1.6164281765619914,0.00277076757629402,,,,,,,,,354.7962076999993,804266,192,192,,0.0001,0.0001,1.0,,,,3,1,,,,,,,,,,,,,,,,,,,,,,,,,,,,,,,,,,,,,,,,
2026-05-03T08:43:57,one_step_benchmark,generated/benchmark_stage2_shortlist_v1,generated/benchmark_stage2_shortlist_v1/benchmark_results.csv,diffusion_neumann_positive_MiNO-Plus_11,diffusion_neumann_positive,diffusion_neumann,positive,tcno_cache,MiNO-Plus,MiNO-Plus,11,16,2,,,,,0.006080876104533672,,,3.769189030814838e-05,3.885172782247537e-05,1.5521010359128316,0.002834627889872839,,,,,,,,,354.70802619999995,804266,192,192,,0.0001,0.0001,1.0,,,,3,1,,,,,,,,,,,,,,,,,,,,,,,,,,,,,,,,,,,,,,,,
2026-05-03T08:43:57,one_step_benchmark,generated/benchmark_stage2_shortlist_v1,generated/benchmark_stage2_shortlist_v1/benchmark_results.csv,diffusion_neumann_positive_MiNO-Plus_19,diffusion_neumann_positive,diffusion_neumann,positive,tcno_cache,MiNO-Plus,MiNO-Plus,19,16,2,,,,,0.00606262928340584,,,3.766329276307564e-05,3.9375016513076844e-05,1.5954000353813171,0.002843850748225426,,,,,,,,,354.81072200000017,804266,192,192,,0.0001,0.0001,1.0,,,,3,1,,,,,,,,,,,,,,,,,,,,,,,,,,,,,,,,,,,,,,,,
2026-05-03T08:43:57,one_step_benchmark,generated/benchmark_stage2_shortlist_v1,generated/benchmark_stage2_shortlist_v1/benchmark_results.csv,helmholtz_dirichlet_control_MiNO-Core_7,helmholtz_dirichlet_control,helmholtz_dirichlet,control,tcno_cache,MiNO-Core,MiNO-Core,7,16,2,,,,,0.15310936296979585,,,0.023904099051530164,0.026580584856371086,1.4562705258528392,0.06947129902740319,,,,,,,,,232.7918011999991,425206,192,192,,0.0001,0.0001,1.0,,,,3,1,,,,,,,,,,,,,,,,,,,,,,,,,,,,,,,,,,,,,,,,
2026-05-03T08:43:57,one_step_benchmark,generated/benchmark_stage2_shortlist_v1,generated/benchmark_stage2_shortlist_v1/benchmark_results.csv,helmholtz_dirichlet_control_MiNO-Core_11,helmholtz_dirichlet_control,helmholtz_dirichlet,control,tcno_cache,MiNO-Core,MiNO-Core,11,16,2,,,,,0.15232443188627562,,,0.023636812965075176,0.026337895231942337,1.484220842520396,0.06810564082115889,,,,,,,,,232.16478290000123,425206,192,192,,0.0001,0.0001,1.0,,,,3,1,,,,,,,,,,,,,,,,,,,,,,,,,,,,,,,,,,,,,,,,
2026-05-03T08:43:57,one_step_benchmark,generated/benchmark_stage2_shortlist_v1,generated/benchmark_stage2_shortlist_v1/benchmark_results.csv,helmholtz_dirichlet_control_MiNO-Core_19,helmholtz_dirichlet_control,helmholtz_dirichlet,control,tcno_cache,MiNO-Core,MiNO-Core,19,16,2,,,,,0.15261860253910223,,,0.023763423863177497,0.026574472275873024,1.4906298021475475,0.06919800924758117,,,,,,,,,232.34792249999919,425206,192,192,,0.0001,0.0001,1.0,,,,3,1,,,,,,,,,,,,,,,,,,,,,,,,,,,,,,,,,,,,,,,,
2026-05-03T08:43:57,one_step_benchmark,generated/benchmark_stage2_shortlist_v1,generated/benchmark_stage2_shortlist_v1/benchmark_results.csv,helmholtz_dirichlet_control_MiNO-Plus_7,helmholtz_dirichlet_control,helmholtz_dirichlet,control,tcno_cache,MiNO-Plus,MiNO-Plus,7,16,2,,,,,0.05950927982727686,,,0.003763562524303173,0.004130539086569722,1.4994445244471233,0.0218488493313392,,,,,,,,,355.1134540999992,804266,192,192,,0.0001,0.0001,1.0,,,,3,1,,,,,,,,,,,,,,,,,,,,,,,,,,,,,,,,,,,,,,,,
2026-05-03T08:43:57,one_step_benchmark,generated/benchmark_stage2_shortlist_v1,generated/benchmark_stage2_shortlist_v1/benchmark_results.csv,helmholtz_dirichlet_control_MiNO-Plus_11,helmholtz_dirichlet_control,helmholtz_dirichlet,control,tcno_cache,MiNO-Plus,MiNO-Plus,11,16,2,,,,,0.062300192502637707,,,0.004167507257079706,0.004729075881186873,1.5152875979741414,0.022965724114328623,,,,,,,,,355.20552379999936,804266,192,192,,0.0001,0.0001,1.0,,,,3,1,,,,,,,,,,,,,,,,,,,,,,,,,,,,,,,,,,,,,,,,
2026-05-03T08:43:57,one_step_benchmark,generated/benchmark_stage2_shortlist_v1,generated/benchmark_stage2_shortlist_v1/benchmark_results.csv,helmholtz_dirichlet_control_MiNO-Plus_19,helmholtz_dirichlet_control,helmholtz_dirichlet,control,tcno_cache,MiNO-Plus,MiNO-Plus,19,16,2,,,,,0.06597649026662111,,,0.004662993703580772,0.005351750703994185,1.5135817527770996,0.02694142865948379,,,,,,,,,355.04975000000013,804266,192,192,,0.0001,0.0001,1.0,,,,3,1,,,,,,,,,,,,,,,,,,,,,,,,,,,,,,,,,,,,,,,,
2026-05-03T08:43:57,one_step_benchmark,generated/benchmark_stage2_shortlist_v1,generated/benchmark_stage2_shortlist_v1/benchmark_results.csv,helmholtz_dirichlet_positive_MiNO-Core_7,helmholtz_dirichlet_positive,helmholtz_dirichlet,positive,tcno_cache,MiNO-Core,MiNO-Core,7,16,2,,,,,0.2738901103536288,,,0.07605596786985795,0.08442965460320313,1.5780180096626282,0.24592958266536394,,,,,,,,,232.3381229000006,425206,192,192,,0.0001,0.0001,1.0,,,,3,1,,,,,,,,,,,,,,,,,,,,,,,,,,,,,,,,,,,,,,,,
2026-05-03T08:43:57,one_step_benchmark,generated/benchmark_stage2_shortlist_v1,generated/benchmark_stage2_shortlist_v1/benchmark_results.csv,helmholtz_dirichlet_positive_MiNO-Core_11,helmholtz_dirichlet_positive,helmholtz_dirichlet,positive,tcno_cache,MiNO-Core,MiNO-Core,11,16,2,,,,,0.32340187579393387,,,0.18910638708621264,0.07890184037387371,1.5636629561583202,0.24499607707063356,,,,,,,,,232.34801289999996,425206,192,192,,0.0001,0.0001,1.0,,,,3,1,,,,,,,,,,,,,,,,,,,,,,,,,,,,,,,,,,,,,,,,
2026-05-03T08:43:57,one_step_benchmark,generated/benchmark_stage2_shortlist_v1,generated/benchmark_stage2_shortlist_v1/benchmark_results.csv,helmholtz_dirichlet_positive_MiNO-Core_19,helmholtz_dirichlet_positive,helmholtz_dirichlet,positive,tcno_cache,MiNO-Core,MiNO-Core,19,16,2,,,,,0.30536563073595363,,,0.13943690651406845,0.07576464458058278,1.5188038647174835,0.23782585188746452,,,,,,,,,232.15167140000085,425206,192,192,,0.0001,0.0001,1.0,,,,3,1,,,,,,,,,,,,,,,,,,,,,,,,,,,,,,,,,,,,,,,,
2026-05-03T08:43:57,one_step_benchmark,generated/benchmark_stage2_shortlist_v1,generated/benchmark_stage2_shortlist_v1/benchmark_results.csv,helmholtz_dirichlet_positive_MiNO-Plus_7,helmholtz_dirichlet_positive,helmholtz_dirichlet,positive,tcno_cache,MiNO-Plus,MiNO-Plus,7,16,2,,,,,0.22566658134261766,,,0.05501899837205807,0.04675703744093577,1.5407557487487793,0.18881719186902046,,,,,,,,,354.87971240000115,804266,192,192,,0.0001,0.0001,1.0,,,,3,1,,,,,,,,,,,,,,,,,,,,,,,,,,,,,,,,,,,,,,,,
2026-05-03T08:43:57,one_step_benchmark,generated/benchmark_stage2_shortlist_v1,generated/benchmark_stage2_shortlist_v1/benchmark_results.csv,helmholtz_dirichlet_positive_MiNO-Plus_11,helmholtz_dirichlet_positive,helmholtz_dirichlet,positive,tcno_cache,MiNO-Plus,MiNO-Plus,11,16,2,,,,,0.22644671673576036,,,0.058731673285365105,0.04662845532099406,1.545417348543803,0.18820025026798248,,,,,,,,,354.92856500000016,804266,192,192,,0.0001,0.0001,1.0,,,,3,1,,,,,,,,,,,,,,,,,,,,,,,,,,,,,,,,,,,,,,,,
2026-05-03T08:43:57,one_step_benchmark,generated/benchmark_stage2_shortlist_v1,generated/benchmark_stage2_shortlist_v1/benchmark_results.csv,helmholtz_dirichlet_positive_MiNO-Plus_19,helmholtz_dirichlet_positive,helmholtz_dirichlet,positive,tcno_cache,MiNO-Plus,MiNO-Plus,19,16,2,,,,,0.22794110079606375,,,0.05993625118086735,0.04650585756947597,1.5305217603842418,0.19115263844529787,,,,,,,,,354.6768585000009,804266,192,192,,0.0001,0.0001,1.0,,,,3,1,,,,,,,,,,,,,,,,,,,,,,,,,,,,,,,,,,,,,,,,
2026-05-03T08:43:57,one_step_benchmark,generated/benchmark_stage2_shortlist_v1,generated/benchmark_stage2_shortlist_v1/benchmark_results.csv,helmholtz_variable_control_MiNO-Core_7,helmholtz_variable_control,helmholtz_variable,control,tcno_cache,MiNO-Core,MiNO-Core,7,16,2,,,,,0.10037034563720226,,,0.011073726190564534,0.01145903665261964,1.4844399094581604,0.04479768375555674,,,,,,,,,232.3948779000002,425206,192,192,,0.0001,0.0001,1.0,,,,3,1,,,,,,,,,,,,,,,,,,,,,,,,,,,,,,,,,,,,,,,,
2026-05-03T08:43:57,one_step_benchmark,generated/benchmark_stage2_shortlist_v1,generated/benchmark_stage2_shortlist_v1/benchmark_results.csv,helmholtz_variable_control_MiNO-Core_11,helmholtz_variable_control,helmholtz_variable,control,tcno_cache,MiNO-Core,MiNO-Core,11,16,2,,,,,0.1014708864192168,,,0.011054520805676779,0.011031662036354343,1.4744301935036976,0.04274827893823385,,,,,,,,,232.2857839999997,425206,192,192,,0.0001,0.0001,1.0,,,,3,1,,,,,,,,,,,,,,,,,,,,,,,,,,,,,,,,,,,,,,,,
2026-05-03T08:43:57,one_step_benchmark,generated/benchmark_stage2_shortlist_v1,generated/benchmark_stage2_shortlist_v1/benchmark_results.csv,helmholtz_variable_control_MiNO-Core_19,helmholtz_variable_control,helmholtz_variable,control,tcno_cache,MiNO-Core,MiNO-Core,19,16,2,,,,,0.10151116674145062,,,0.011254785660033425,0.01162282171814392,1.4744220475355785,0.045290758522848286,,,,,,,,,232.44091500000286,425206,192,192,,0.0001,0.0001,1.0,,,,3,1,,,,,,,,,,,,,,,,,,,,,,,,,,,,,,,,,,,,,,,,
2026-05-03T08:43:57,one_step_benchmark,generated/benchmark_stage2_shortlist_v1,generated/benchmark_stage2_shortlist_v1/benchmark_results.csv,helmholtz_variable_control_MiNO-Plus_7,helmholtz_variable_control,helmholtz_variable,control,tcno_cache,MiNO-Plus,MiNO-Plus,7,16,2,,,,,0.028556195242951315,,,0.000932569394838841,0.0009731410003344839,1.4724050362904866,0.013084849109873176,,,,,,,,,354.9450073000007,804266,192,192,,0.0001,0.0001,1.0,,,,3,1,,,,,,,,,,,,,,,,,,,,,,,,,,,,,,,,,,,,,,,,
2026-05-03T08:43:57,one_step_benchmark,generated/benchmark_stage2_shortlist_v1,generated/benchmark_stage2_shortlist_v1/benchmark_results.csv,helmholtz_variable_control_MiNO-Plus_11,helmholtz_variable_control,helmholtz_variable,control,tcno_cache,MiNO-Plus,MiNO-Plus,11,16,2,,,,,0.029931851817915838,,,0.001032973106096809,0.0010742435333668254,1.4344062507152557,0.014425501770650348,,,,,,,,,354.7637477999997,804266,192,192,,0.0001,0.0001,1.0,,,,3,1,,,,,,,,,,,,,,,,,,,,,,,,,,,,,,,,,,,,,,,,
2026-05-03T08:43:57,one_step_benchmark,generated/benchmark_stage2_shortlist_v1,generated/benchmark_stage2_shortlist_v1/benchmark_results.csv,helmholtz_variable_control_MiNO-Plus_19,helmholtz_variable_control,helmholtz_variable,control,tcno_cache,MiNO-Plus,MiNO-Plus,19,16,2,,,,,0.03150557012607654,,,0.0011165273851171758,0.0011038317461498082,1.4396938582261403,0.014277327029655376,,,,,,,,,355.01780190000136,804266,192,192,,0.0001,0.0001,1.0,,,,3,1,,,,,,,,,,,,,,,,,,,,,,,,,,,,,,,,,,,,,,,,
2026-05-03T08:43:57,one_step_benchmark,generated/benchmark_stage2_shortlist_v1,generated/benchmark_stage2_shortlist_v1/benchmark_results.csv,helmholtz_variable_positive_MiNO-Core_7,helmholtz_variable_positive,helmholtz_variable,positive,tcno_cache,MiNO-Core,MiNO-Core,7,16,2,,,,,0.2791438450415929,,,0.0793185643851757,0.07766093562046687,1.5113482177257538,0.177028459807237,,,,,,,,,231.87478310000006,425206,192,192,,0.0001,0.0001,1.0,,,,3,1,,,,,,,,,,,,,,,,,,,,,,,,,,,,,,,,,,,,,,,,
2026-05-03T08:43:57,one_step_benchmark,generated/benchmark_stage2_shortlist_v1,generated/benchmark_stage2_shortlist_v1/benchmark_results.csv,helmholtz_variable_positive_MiNO-Core_11,helmholtz_variable_positive,helmholtz_variable,positive,tcno_cache,MiNO-Core,MiNO-Core,11,16,2,,,,,0.28097354123989743,,,0.07969547870258491,0.0770917646586895,1.4972117841243744,0.1877352794011434,,,,,,,,,231.76626769999712,425206,192,192,,0.0001,0.0001,1.0,,,,3,1,,,,,,,,,,,,,,,,,,,,,,,,,,,,,,,,,,,,,,,,
2026-05-03T08:43:57,one_step_benchmark,generated/benchmark_stage2_shortlist_v1,generated/benchmark_stage2_shortlist_v1/benchmark_results.csv,helmholtz_variable_positive_MiNO-Core_19,helmholtz_variable_positive,helmholtz_variable,positive,tcno_cache,MiNO-Core,MiNO-Core,19,16,2,,,,,0.34162867317597073,,,0.16417044835786024,0.09073848153154056,1.5087285737196605,0.197292676816384,,,,,,,,,231.9406889999991,425206,192,192,,0.0001,0.0001,1.0,,,,3,1,,,,,,,,,,,,,,,,,,,,,,,,,,,,,,,,,,,,,,,,
2026-05-03T08:43:57,one_step_benchmark,generated/benchmark_stage2_shortlist_v1,generated/benchmark_stage2_shortlist_v1/benchmark_results.csv,helmholtz_variable_positive_MiNO-Plus_7,helmholtz_variable_positive,helmholtz_variable,positive,tcno_cache,MiNO-Plus,MiNO-Plus,7,16,2,,,,,0.25494765117764473,,,0.06925797772904237,0.06234682444483042,1.525707483291626,0.15873104830582938,,,,,,,,,354.3293239000013,804266,192,192,,0.0001,0.0001,1.0,,,,3,1,,,,,,,,,,,,,,,,,,,,,,,,,,,,,,,,,,,,,,,,
2026-05-03T08:43:57,one_step_benchmark,generated/benchmark_stage2_shortlist_v1,generated/benchmark_stage2_shortlist_v1/benchmark_results.csv,helmholtz_variable_positive_MiNO-Plus_11,helmholtz_variable_positive,helmholtz_variable,positive,tcno_cache,MiNO-Plus,MiNO-Plus,11,16,2,,,,,0.25771984085440636,,,0.06747566784421603,0.06972831549743812,1.5045374929904938,0.1632178040842215,,,,,,,,,354.3966619999992,804266,192,192,,0.0001,0.0001,1.0,,,,3,1,,,,,,,,,,,,,,,,,,,,,,,,,,,,,,,,,,,,,,,,
2026-05-03T08:43:57,one_step_benchmark,generated/benchmark_stage2_shortlist_v1,generated/benchmark_stage2_shortlist_v1/benchmark_results.csv,helmholtz_variable_positive_MiNO-Plus_19,helmholtz_variable_positive,helmholtz_variable,positive,tcno_cache,MiNO-Plus,MiNO-Plus,19,16,2,,,,,0.28191572055220604,,,0.09325573841730754,0.06830106116831303,1.5281315048535664,0.16458571453889212,,,,,,,,,354.3362717000018,804266,192,192,,0.0001,0.0001,1.0,,,,3,1,,,,,,,,,,,,,,,,,,,,,,,,,,,,,,,,,,,,,,,,
2026-05-03T08:43:57,one_step_benchmark,generated/benchmark_stage2_shortlist_v1,generated/benchmark_stage2_shortlist_v1/benchmark_results.csv,helmholtz_highk_positive_MiNO-Core_7,helmholtz_highk_positive,helmholtz_highk,positive,tcno_cache,MiNO-Core,MiNO-Core,7,16,2,,,,,0.451427586376667,,,0.20683097963531813,0.26017869263887405,1.5672707657019298,0.31020007530848187,,,,,,,,,231.58946529999957,425206,192,192,,0.0001,0.0001,1.0,,,,3,1,,,,,,,,,,,,,,,,,,,,,,,,,,,,,,,,,,,,,,,,
2026-05-03T08:43:57,one_step_benchmark,generated/benchmark_stage2_shortlist_v1,generated/benchmark_stage2_shortlist_v1/benchmark_results.csv,helmholtz_highk_positive_MiNO-Core_11,helmholtz_highk_positive,helmholtz_highk,positive,tcno_cache,MiNO-Core,MiNO-Core,11,16,2,,,,,0.46268462638060254,,,0.21935433521866798,0.255951472868522,1.5653486053148906,0.3124100516239802,,,,,,,,,231.66644090000045,425206,192,192,,0.0001,0.0001,1.0,,,,3,1,,,,,,,,,,,,,,,,,,,,,,,,,,,,,,,,,,,,,,,,
2026-05-03T08:43:57,one_step_benchmark,generated/benchmark_stage2_shortlist_v1,generated/benchmark_stage2_shortlist_v1/benchmark_results.csv,helmholtz_highk_positive_MiNO-Core_19,helmholtz_highk_positive,helmholtz_highk,positive,tcno_cache,MiNO-Core,MiNO-Core,19,16,2,,,,,0.47806810835997265,,,0.23186893140276274,0.22490081811944643,1.5376191834608715,0.34879477818806964,,,,,,,,,231.7899166999996,425206,192,192,,0.0001,0.0001,1.0,,,,3,1,,,,,,,,,,,,,,,,,,,,,,,,,,,,,,,,,,,,,,,,
2026-05-03T08:43:57,one_step_benchmark,generated/benchmark_stage2_shortlist_v1,generated/benchmark_stage2_shortlist_v1/benchmark_results.csv,helmholtz_highk_positive_MiNO-Plus_7,helmholtz_highk_positive,helmholtz_highk,positive,tcno_cache,MiNO-Plus,MiNO-Plus,7,16,2,,,,,0.38132329533497494,,,0.14733483083546162,0.16169984762867293,1.520709236462911,0.1987160307665666,,,,,,,,,354.1155241000015,804266,192,192,,0.0001,0.0001,1.0,,,,3,1,,,,,,,,,,,,,,,,,,,,,,,,,,,,,,,,,,,,,,,,
2026-05-03T08:43:57,one_step_benchmark,generated/benchmark_stage2_shortlist_v1,generated/benchmark_stage2_shortlist_v1/benchmark_results.csv,helmholtz_highk_positive_MiNO-Plus_11,helmholtz_highk_positive,helmholtz_highk,positive,tcno_cache,MiNO-Plus,MiNO-Plus,11,16,2,,,,,0.39619555075963336,,,0.15947144851088524,0.16047613260646662,1.5373556812604268,0.20271630585193634,,,,,,,,,354.18222290000267,804266,192,192,,0.0001,0.0001,1.0,,,,3,1,,,,,,,,,,,,,,,,,,,,,,,,,,,,,,,,,,,,,,,,
2026-05-03T08:43:57,one_step_benchmark,generated/benchmark_stage2_shortlist_v1,generated/benchmark_stage2_shortlist_v1/benchmark_results.csv,helmholtz_highk_positive_MiNO-Plus_19,helmholtz_highk_positive,helmholtz_highk,positive,tcno_cache,MiNO-Plus,MiNO-Plus,19,16,2,,,,,0.3959576189517975,,,0.1592931350072225,0.15867135487496853,1.5207769274711609,0.20324836547176042,,,,,,,,,354.21639850000065,804266,192,192,,0.0001,0.0001,1.0,,,,3,1,,,,,,,,,,,,,,,,,,,,,,,,,,,,,,,,,,,,,,,,
2026-05-03T08:43:57,one_step_benchmark,generated/benchmark_stage2_shortlist_v1,generated/benchmark_stage2_shortlist_v1/benchmark_results.csv,diffusion_neumann_control_FNO_7,diffusion_neumann_control,diffusion_neumann,control,tcno_reference,FNO,FNO [tcno-ref],7,36,8,,,,,0.011545656183298442,,,,0.00013268455222714692,3.144140865372078e-05,,,,,,,,,,21.667732399999977,446753,192,192,<LOCAL_ROOT>\tcno_icml2026_draft\generated\trainable_runs\train96_val24_test24_ep36_b8_h32_l3_m12_a1p0_s0p015_ps32_st16_tmlearned_local\diffusion_neumann_control\fno\seed-0007\result.json,,,,,,,3,1,0.9999621245863598,,,,,,,,,,,,,,,,,,,,,,,,,,,,,,,,,,,,,,,
2026-05-03T08:43:57,one_step_benchmark,generated/benchmark_stage2_shortlist_v1,generated/benchmark_stage2_shortlist_v1/benchmark_results.csv,diffusion_neumann_control_FNO_11,diffusion_neumann_control,diffusion_neumann,control,tcno_reference,FNO,FNO [tcno-ref],11,36,8,,,,,0.01184913939742823,,,,0.00014938993263058364,2.328631085720049e-05,,,,,,,,,,20.22388809999393,446753,192,192,<LOCAL_ROOT>\tcno_icml2026_draft\generated\trainable_runs\train96_val24_test24_ep36_b8_h32_l3_m12_a1p0_s0p015_ps32_st16_tmlocal\diffusion_neumann_control\fno\seed-0011\result.json,,,,,,,3,1,0.9999577687194363,,,,,,,,,,,,,,,,,,,,,,,,,,,,,,,,,,,,,,,
2026-05-03T08:43:57,one_step_benchmark,generated/benchmark_stage2_shortlist_v1,generated/benchmark_stage2_shortlist_v1/benchmark_results.csv,diffusion_neumann_control_FNO_19,diffusion_neumann_control,diffusion_neumann,control,tcno_reference,FNO,FNO [tcno-ref],19,36,8,,,,,0.009499287818756598,,,,9.017657430376858e-05,4.147658105419727e-05,,,,,,,,,,21.3672613000017,446753,192,192,<LOCAL_ROOT>\tcno_icml2026_draft\generated\trainable_runs\train96_val24_test24_ep36_b8_h32_l3_m12_a1p0_s0p015_ps32_st16_tmlocal\diffusion_neumann_control\fno\seed-0019\result.json,,,,,,,3,1,0.9999708482792146,,,,,,,,,,,,,,,,,,,,,,,,,,,,,,,,,,,,,,,
2026-05-03T08:43:57,one_step_benchmark,generated/benchmark_stage2_shortlist_v1,generated/benchmark_stage2_shortlist_v1/benchmark_results.csv,diffusion_neumann_positive_FNO_7,diffusion_neumann_positive,diffusion_neumann,positive,tcno_reference,FNO,FNO [tcno-ref],7,36,8,,,,,0.011903471465568116,,,,0.00014147438923828304,6.660412584898893e-05,,,,,,,,,,21.428681700000084,446753,192,192,<LOCAL_ROOT>\tcno_icml2026_draft\generated\trainable_runs\train96_val24_test24_ep36_b8_h32_l3_m12_a1p0_s0p015_ps32_st16_tmlearned_local\diffusion_neumann_positive\fno\seed-0007\result.json,,,,,,,3,1,0.9999576687784901,,,,,,,,,,,,,,,,,,,,,,,,,,,,,,,,,,,,,,,
2026-05-03T08:43:57,one_step_benchmark,generated/benchmark_stage2_shortlist_v1,generated/benchmark_stage2_shortlist_v1/benchmark_results.csv,diffusion_neumann_positive_FNO_11,diffusion_neumann_positive,diffusion_neumann,positive,tcno_reference,FNO,FNO [tcno-ref],11,36,8,,,,,0.012128900519529843,,,,0.00015678802446927875,6.089520527239725e-05,,,,,,,,,,23.133403300000055,446753,192,192,<LOCAL_ROOT>\tcno_icml2026_draft\generated\trainable_runs\train96_val24_test24_ep36_b8_h32_l3_m12_a1p0_s0p015_ps32_st16_tmlearned_local\diffusion_neumann_positive\fno\seed-0011\result.json,,,,,,,3,1,0.9999530951166232,,,,,,,,,,,,,,,,,,,,,,,,,,,,,,,,,,,,,,,
2026-05-03T08:43:57,one_step_benchmark,generated/benchmark_stage2_shortlist_v1,generated/benchmark_stage2_shortlist_v1/benchmark_results.csv,diffusion_neumann_positive_FNO_19,diffusion_neumann_positive,diffusion_neumann,positive,tcno_reference,FNO,FNO [tcno-ref],19,36,8,,,,,0.009722582350403726,,,,9.287350258091465e-05,7.636556368695106e-05,,,,,,,,,,108.7620594,446753,192,192,<LOCAL_ROOT>\tcno_icml2026_draft\generated\trainable_runs\train96_val24_test24_ep36_b8_h32_l3_m12_a1p0_s0p015_ps32_st16_tmlocal\diffusion_neumann_positive\fno\seed-0019\result.json,,,,,,,3,1,0.9999667346549875,,,,,,,,,,,,,,,,,,,,,,,,,,,,,,,,,,,,,,,
2026-05-03T08:43:57,one_step_benchmark,generated/benchmark_stage2_shortlist_v1,generated/benchmark_stage2_shortlist_v1/benchmark_results.csv,helmholtz_dirichlet_control_FNO_7,helmholtz_dirichlet_control,helmholtz_dirichlet,control,tcno_reference,FNO,FNO [tcno-ref],7,36,8,,,,,0.04444130601692007,,,,0.0022702873684465885,0.0007269228114129469,,,,,,,,,,21.39798990000054,446753,192,192,<LOCAL_ROOT>\tcno_icml2026_draft\generated\trainable_runs\train96_val24_test24_ep36_b8_h32_l3_m12_a1p0_s0p015_ps32_st16_tmlocal\helmholtz_dirichlet_control\fno\seed-0007\result.json,,,,,,,3,1,0.9773321890536341,,,,,,,,,,,,,,,,,,,,,,,,,,,,,,,,,,,,,,,
2026-05-03T08:43:57,one_step_benchmark,generated/benchmark_stage2_shortlist_v1,generated/benchmark_stage2_shortlist_v1/benchmark_results.csv,helmholtz_dirichlet_control_FNO_11,helmholtz_dirichlet_control,helmholtz_dirichlet,control,tcno_reference,FNO,FNO [tcno-ref],11,36,8,,,,,0.045086145831364076,,,,0.002336065052077174,0.000721537697543787,,,,,,,,,,21.133239599999797,446753,192,192,<LOCAL_ROOT>\tcno_icml2026_draft\generated\trainable_runs\train96_val24_test24_ep36_b8_h32_l3_m12_a1p0_s0p015_ps32_st16_tmlocal\helmholtz_dirichlet_control\fno\seed-0011\result.json,,,,,,,3,1,0.9771754344894132,,,,,,,,,,,,,,,,,,,,,,,,,,,,,,,,,,,,,,,
2026-05-03T08:43:57,one_step_benchmark,generated/benchmark_stage2_shortlist_v1,generated/benchmark_stage2_shortlist_v1/benchmark_results.csv,helmholtz_dirichlet_control_FNO_19,helmholtz_dirichlet_control,helmholtz_dirichlet,control,tcno_reference,FNO,FNO [tcno-ref],19,36,8,,,,,0.04092345167537351,,,,0.0019166574347764254,0.0007292629469042314,,,,,,,,,,19.847833899999387,446753,192,192,<LOCAL_ROOT>\tcno_icml2026_draft\generated\trainable_runs\train96_val24_test24_ep36_b8_h32_l3_m12_a1p0_s0p015_ps32_st16_tmlearned_local\helmholtz_dirichlet_control\fno\seed-0019\result.json,,,,,,,3,1,0.977599319736744,,,,,,,,,,,,,,,,,,,,,,,,,,,,,,,,,,,,,,,
2026-05-03T08:43:57,one_step_benchmark,generated/benchmark_stage2_shortlist_v1,generated/benchmark_stage2_shortlist_v1/benchmark_results.csv,helmholtz_dirichlet_control_UNO_7,helmholtz_dirichlet_control,helmholtz_dirichlet,control,tcno_reference,UNO,UNO [tcno-ref],7,36,8,,,,,0.026272997287401605,,,,0.0007956273038871586,0.00379625590185489,,,,,,,,,,34.41298349999852,1195425,192,192,<LOCAL_ROOT>\tcno_icml2026_draft\generated\trainable_runs\train96_val24_test24_ep36_b8_h32_l3_m12_a1p0_s0p015_ps32_st16_tmlocal\helmholtz_dirichlet_control\uno\seed-0007\result.json,,,,,,,3,1,0.9784361896370476,,,,,,,,,,,,,,,,,,,,,,,,,,,,,,,,,,,,,,,
2026-05-03T08:43:57,one_step_benchmark,generated/benchmark_stage2_shortlist_v1,generated/benchmark_stage2_shortlist_v1/benchmark_results.csv,helmholtz_dirichlet_positive_FNO_7,helmholtz_dirichlet_positive,helmholtz_dirichlet,positive,tcno_reference,FNO,FNO [tcno-ref],7,36,8,,,,,0.08409868614496809,,,,0.009123469702899456,0.007404084546942818,,,,,,,,,,20.844874499998696,446753,192,192,<LOCAL_ROOT>\tcno_icml2026_draft\generated\trainable_runs\train96_val24_test24_ep36_b8_h32_l3_m12_a1p0_s0p015_ps32_st16_tmlocal\helmholtz_dirichlet_positive\fno\seed-0007\result.json,,,,,,,3,1,0.9752264162756417,,,,,,,,,,,,,,,,,,,,,,,,,,,,,,,,,,,,,,,
2026-05-03T08:43:57,one_step_benchmark,generated/benchmark_stage2_shortlist_v1,generated/benchmark_stage2_shortlist_v1/benchmark_results.csv,helmholtz_dirichlet_positive_FNO_11,helmholtz_dirichlet_positive,helmholtz_dirichlet,positive,tcno_reference,FNO,FNO [tcno-ref],11,36,8,,,,,0.0800454666862022,,,,0.007947648875415325,0.006844832778676712,,,,,,,,,,21.027759499997046,446753,192,192,<LOCAL_ROOT>\tcno_icml2026_draft\generated\trainable_runs\train96_val24_test24_ep36_b8_h32_l3_m12_a1p0_s0p015_ps32_st16_tmlocal\helmholtz_dirichlet_positive\fno\seed-0011\result.json,,,,,,,3,1,0.9755845780224922,,,,,,,,,,,,,,,,,,,,,,,,,,,,,,,,,,,,,,,
2026-05-03T08:43:57,one_step_benchmark,generated/benchmark_stage2_shortlist_v1,generated/benchmark_stage2_shortlist_v1/benchmark_results.csv,helmholtz_dirichlet_positive_FNO_19,helmholtz_dirichlet_positive,helmholtz_dirichlet,positive,tcno_reference,FNO,FNO [tcno-ref],19,36,8,,,,,0.07953434990251292,,,,0.007885214872658253,0.007193072882445729,,,,,,,,,,49.31568609999886,446753,192,192,<LOCAL_ROOT>\tcno_icml2026_draft\generated\trainable_runs\train96_val24_test24_ep36_b8_h32_l3_m12_a1p0_s0p015_ps32_st16_tmlocal\helmholtz_dirichlet_positive\fno\seed-0019\result.json,,,,,,,3,1,0.9759000961153795,,,,,,,,,,,,,,,,,,,,,,,,,,,,,,,,,,,,,,,
2026-05-03T08:43:57,one_step_benchmark,generated/benchmark_stage2_shortlist_v1,generated/benchmark_stage2_shortlist_v1/benchmark_results.csv,helmholtz_dirichlet_positive_UNO_7,helmholtz_dirichlet_positive,helmholtz_dirichlet,positive,tcno_reference,UNO,UNO [tcno-ref],7,36,8,,,,,0.046751059173076474,,,,0.002547122770920396,0.005891360506778363,,,,,,,,,,34.2332179999994,1195425,192,192,<LOCAL_ROOT>\tcno_icml2026_draft\generated\trainable_runs\train96_val24_test24_ep36_b8_h32_l3_m12_a1p0_s0p015_ps32_st16_tmlearned_local\helmholtz_dirichlet_positive\uno\seed-0007\result.json,,,,,,,3,1,0.9778448855980465,,,,,,,,,,,,,,,,,,,,,,,,,,,,,,,,,,,,,,,
2026-05-03T08:43:57,one_step_benchmark,generated/benchmark_stage2_shortlist_v1,generated/benchmark_stage2_shortlist_v1/benchmark_results.csv,helmholtz_dirichlet_control_WNO-style_7,helmholtz_dirichlet_control,helmholtz_dirichlet,control,tcno_reference,WNO-style,WNO-style [tcno-ref],7,36,8,,,,,0.026843124400967085,,,,0.0008122894796542823,0.0015486039343302364,,,,,,,,,,35.53293940000003,399297,192,192,<LOCAL_ROOT>\tcno_icml2026_draft\generated\trainable_runs\train96_val24_test24_ep36_b8_h32_l3_m12_a1p0_s0p015_ps32_st16_tmlocal\helmholtz_dirichlet_control\wno-style\seed-0007\result.json,,,,,,,3,1,0.9785185388807993,,,,,,,,,,,,,,,,,,,,,,,,,,,,,,,,,,,,,,,
2026-05-03T08:43:57,one_step_benchmark,generated/benchmark_stage2_shortlist_v1,generated/benchmark_stage2_shortlist_v1/benchmark_results.csv,helmholtz_dirichlet_positive_WNO-style_7,helmholtz_dirichlet_positive,helmholtz_dirichlet,positive,tcno_reference,WNO-style,WNO-style [tcno-ref],7,36,8,,,,,0.060658538348964265,,,,0.004998549818992615,0.00489207682907907,,,,,,,,,,34.19649339999887,399297,192,192,<LOCAL_ROOT>\tcno_icml2026_draft\generated\trainable_runs\train96_val24_test24_ep36_b8_h32_l3_m12_a1p0_s0p015_ps32_st16_tmlocal\helmholtz_dirichlet_positive\wno-style\seed-0007\result.json,,,,,,,3,1,0.9771630525955386,,,,,,,,,,,,,,,,,,,,,,,,,,,,,,,,,,,,,,,
2026-05-03T08:43:57,one_step_benchmark,generated/benchmark_stage2_shortlist_v1,generated/benchmark_stage2_shortlist_v1/benchmark_results.csv,helmholtz_variable_control_FNO_7,helmholtz_variable_control,helmholtz_variable,control,tcno_reference,FNO,FNO [tcno-ref],7,36,8,,,,,0.03595700742873708,,,,0.0014495645882561803,0.003417991222582502,,,,,,,,,,19.576797599998827,446753,192,192,<LOCAL_ROOT>\tcno_icml2026_draft\generated\trainable_runs\train96_val24_test24_ep36_b8_h32_l3_m12_a1p0_s0p015_ps32_st16_tmlocal\helmholtz_variable_control\fno\seed-0007\result.json,,,,,,,3,1,0.22094836819632432,,,,,,,,,,,,,,,,,,,,,,,,,,,,,,,,,,,,,,,
2026-05-03T08:43:57,one_step_benchmark,generated/benchmark_stage2_shortlist_v1,generated/benchmark_stage2_shortlist_v1/benchmark_results.csv,helmholtz_variable_control_UNO_7,helmholtz_variable_control,helmholtz_variable,control,tcno_reference,UNO,UNO [tcno-ref],7,36,8,,,,,0.024576354391179847,,,,0.0006756759248673916,0.0018011136630767279,,,,,,,,,,35.018121999999494,1195425,192,192,<LOCAL_ROOT>\tcno_icml2026_draft\generated\trainable_runs\train96_val24_test24_ep36_b8_h32_l3_m12_a1p0_s0p015_ps32_st16_tmlearned_local\helmholtz_variable_control\uno\seed-0007\result.json,,,,,,,3,1,0.22054514547303886,,,,,,,,,,,,,,,,,,,,,,,,,,,,,,,,,,,,,,,
2026-05-03T08:43:57,one_step_benchmark,generated/benchmark_stage2_shortlist_v1,generated/benchmark_stage2_shortlist_v1/benchmark_results.csv,helmholtz_variable_control_WNO-style_7,helmholtz_variable_control,helmholtz_variable,control,tcno_reference,WNO-style,WNO-style [tcno-ref],7,36,8,,,,,0.025408455647681776,,,,0.0007339250878430903,0.002717831465748144,,,,,,,,,,33.09959270000036,399297,192,192,<LOCAL_ROOT>\tcno_icml2026_draft\generated\trainable_runs\train96_val24_test24_ep36_b8_h32_l3_m12_a1p0_s0p015_ps32_st16_tmlocal\helmholtz_variable_control\wno-style\seed-0007\result.json,,,,,,,3,1,0.22114517346467447,,,,,,,,,,,,,,,,,,,,,,,,,,,,,,,,,,,,,,,
2026-05-03T08:43:57,one_step_benchmark,generated/benchmark_stage2_shortlist_v1,generated/benchmark_stage2_shortlist_v1/benchmark_results.csv,helmholtz_variable_positive_FNO_7,helmholtz_variable_positive,helmholtz_variable,positive,tcno_reference,FNO,FNO [tcno-ref],7,36,8,,,,,0.12443611848453252,,,,0.017358573153614998,0.02420291120009953,,,,,,,,,,19.801072600002954,446753,192,192,<LOCAL_ROOT>\tcno_icml2026_draft\generated\trainable_runs\train96_val24_test24_ep36_b8_h32_l3_m12_a1p0_s0p015_ps32_st16_tmlocal\helmholtz_variable_positive\fno\seed-0007\result.json,,,,,,,3,1,0.22110016854039663,,,,,,,,,,,,,,,,,,,,,,,,,,,,,,,,,,,,,,,
2026-05-03T08:43:57,one_step_benchmark,generated/benchmark_stage2_shortlist_v1,generated/benchmark_stage2_shortlist_v1/benchmark_results.csv,helmholtz_variable_positive_UNO_7,helmholtz_variable_positive,helmholtz_variable,positive,tcno_reference,UNO,UNO [tcno-ref],7,36,8,,,,,0.04250346890812393,,,,0.001877681235782802,0.005345816140560903,,,,,,,,,,33.4844488000017,1195425,192,192,<LOCAL_ROOT>\tcno_icml2026_draft\generated\trainable_runs\train96_val24_test24_ep36_b8_h32_l3_m12_a1p0_s0p015_ps32_st16_tmlocal\helmholtz_variable_positive\uno\seed-0007\result.json,,,,,,,3,1,0.21973877915221485,,,,,,,,,,,,,,,,,,,,,,,,,,,,,,,,,,,,,,,
2026-05-03T08:43:57,one_step_benchmark,generated/benchmark_stage2_shortlist_v1,generated/benchmark_stage2_shortlist_v1/benchmark_results.csv,helmholtz_variable_positive_WNO-style_7,helmholtz_variable_positive,helmholtz_variable,positive,tcno_reference,WNO-style,WNO-style [tcno-ref],7,36,8,,,,,0.09126322598750647,,,,0.009225299581885338,0.012866167571558831,,,,,,,,,,32.98552449999988,399297,192,192,<LOCAL_ROOT>\tcno_icml2026_draft\generated\trainable_runs\train96_val24_test24_ep36_b8_h32_l3_m12_a1p0_s0p015_ps32_st16_tmlocal\helmholtz_variable_positive\wno-style\seed-0007\result.json,,,,,,,3,1,0.22047735820716277,,,,,,,,,,,,,,,,,,,,,,,,,,,,,,,,,,,,,,,
2026-05-03T08:43:57,one_step_benchmark,generated/benchmark_stage2_shortlist_v1,generated/benchmark_stage2_shortlist_v1/benchmark_results.csv,helmholtz_highk_positive_Conv-FNO_7,helmholtz_highk_positive,helmholtz_highk,positive,tcno_reference,Conv-FNO,Conv-FNO [tcno-ref],7,36,8,,,,,0.059982532755543744,,,,0.0043711489997804165,0.004945029655180226,,,,,,,,,,29.838614500000403,458049,192,192,<LOCAL_ROOT>\tcno_icml2026_draft\generated\trainable_runs\train96_val24_test24_ep36_b8_h32_l3_m12_a1p0_s0p015_ps32_st16_tb4_te0p001_whann_tmlearned_local\helmholtz_highk_positive\conv-fno\seed-0007\result.json,,,,,,,3,1,0.9112673829696787,,,,,,,,,,,,,,,,,,,,,,,,,,,,,,,,,,,,,,,
2026-05-03T08:43:57,one_step_benchmark,generated/benchmark_stage2_shortlist_v1,generated/benchmark_stage2_shortlist_v1/benchmark_results.csv,helmholtz_highk_positive_Conv-FNO_11,helmholtz_highk_positive,helmholtz_highk,positive,tcno_reference,Conv-FNO,Conv-FNO [tcno-ref],11,36,8,,,,,0.05712696176645011,,,,0.003922718111425638,0.004337649515220671,,,,,,,,,,30.155320500001835,458049,192,192,<LOCAL_ROOT>\tcno_icml2026_draft\generated\trainable_runs\train96_val24_test24_ep36_b8_h32_l3_m12_a1p0_s0p015_ps32_st16_tb4_te0p001_whann_tmlearned_local\helmholtz_highk_positive\conv-fno\seed-0011\result.json,,,,,,,3,1,0.9116688209346098,,,,,,,,,,,,,,,,,,,,,,,,,,,,,,,,,,,,,,,
2026-05-03T08:43:57,one_step_benchmark,generated/benchmark_stage2_shortlist_v1,generated/benchmark_stage2_shortlist_v1/benchmark_results.csv,helmholtz_highk_positive_Conv-FNO_19,helmholtz_highk_positive,helmholtz_highk,positive,tcno_reference,Conv-FNO,Conv-FNO [tcno-ref],19,36,8,,,,,0.05611739488970314,,,,0.003756825579330325,0.006075232786184899,,,,,,,,,,31.715063600000576,458049,192,192,<LOCAL_ROOT>\tcno_icml2026_draft\generated\trainable_runs\train96_val24_test24_ep36_b8_h32_l3_m12_a1p0_s0p015_ps32_st16_tb4_te0p001_whann_tmlearned_local\helmholtz_highk_positive\conv-fno\seed-0019\result.json,,,,,,,3,1,0.9116666754252455,,,,,,,,,,,,,,,,,,,,,,,,,,,,,,,,,,,,,,,
2026-05-03T08:43:57,one_step_benchmark,generated/benchmark_stage2_shortlist_v1,generated/benchmark_stage2_shortlist_v1/benchmark_results.csv,helmholtz_highk_positive_FNO+LearnedLocalTC_7,helmholtz_highk_positive,helmholtz_highk,positive,tcno_reference,FNO+LearnedLocalTC,FNO+LearnedLocalTC [tcno-ref],7,36,8,,,,,0.11245367323950069,,,,0.01311978418380022,0.0048788340034872715,,,,,,,,,,29.184136500000022,453800,192,192,<LOCAL_ROOT>\tcno_icml2026_draft\generated\trainable_runs\train96_val24_test24_ep36_b8_h32_l3_m12_a1p0_s0p015_ps32_st16_tmlearned_local\helmholtz_highk_positive\fnopluslearnedlocaltc\seed-0007\result.json,,,,,,,3,1,0.9083393915001151,,,,,,,,,,,,,,,,,,,,,,,,,,,,,,,,,,,,,,,
2026-05-03T08:43:57,one_step_benchmark,generated/benchmark_stage2_shortlist_v1,generated/benchmark_stage2_shortlist_v1/benchmark_results.csv,helmholtz_highk_positive_FNO+LearnedLocalTC_11,helmholtz_highk_positive,helmholtz_highk,positive,tcno_reference,FNO+LearnedLocalTC,FNO+LearnedLocalTC [tcno-ref],11,36,8,,,,,0.1181900946658866,,,,0.015008802525699139,0.007761887904409637,,,,,,,,,,29.2130610000022,453800,192,192,<LOCAL_ROOT>\tcno_icml2026_draft\generated\trainable_runs\train96_val24_test24_ep36_b8_h32_l3_m12_a1p0_s0p015_ps32_st16_tmlearned_local\helmholtz_highk_positive\fnopluslearnedlocaltc\seed-0011\result.json,,,,,,,3,1,0.9074462616695876,,,,,,,,,,,,,,,,,,,,,,,,,,,,,,,,,,,,,,,
2026-05-03T08:43:57,one_step_benchmark,generated/benchmark_stage2_shortlist_v1,generated/benchmark_stage2_shortlist_v1/benchmark_results.csv,helmholtz_highk_positive_FNO+LearnedLocalTC_19,helmholtz_highk_positive,helmholtz_highk,positive,tcno_reference,FNO+LearnedLocalTC,FNO+LearnedLocalTC [tcno-ref],19,36,8,,,,,0.11240853968529763,,,,0.0132682416588068,0.0049782092604122,,,,,,,,,,29.162016900001618,453800,192,192,<LOCAL_ROOT>\tcno_icml2026_draft\generated\trainable_runs\train96_val24_test24_ep36_b8_h32_l3_m12_a1p0_s0p015_ps32_st16_tmlearned_local\helmholtz_highk_positive\fnopluslearnedlocaltc\seed-0019\result.json,,,,,,,3,1,0.9085511411785901,,,,,,,,,,,,,,,,,,,,,,,,,,,,,,,,,,,,,,,
2026-05-03T08:43:57,one_step_benchmark,generated/benchmark_stage2_shortlist_v1,generated/benchmark_stage2_shortlist_v1/benchmark_results.csv,helmholtz_variable_control_Conv-FNO_7,helmholtz_variable_control,helmholtz_variable,control,tcno_reference,Conv-FNO,Conv-FNO [tcno-ref],7,36,8,,,,,0.023969618991163,,,,0.000652745075058192,0.0036244657463791693,,,,,,,,,,28.704789799998252,458049,192,192,<LOCAL_ROOT>\tcno_icml2026_draft\generated\trainable_runs\train96_val24_test24_ep36_b8_h32_l3_m12_a1p0_s0p015_ps32_st16_tb4_te0p001_whann_tmlearned_local\helmholtz_variable_control\conv-fno\seed-0007\result.json,,,,,,,3,1,0.2207927826398625,,,,,,,,,,,,,,,,,,,,,,,,,,,,,,,,,,,,,,,
2026-05-03T08:43:57,one_step_benchmark,generated/benchmark_stage2_shortlist_v1,generated/benchmark_stage2_shortlist_v1/benchmark_results.csv,helmholtz_variable_control_Conv-FNO_11,helmholtz_variable_control,helmholtz_variable,control,tcno_reference,Conv-FNO,Conv-FNO [tcno-ref],11,36,8,,,,,0.018148804741191488,,,,0.00036823266418650746,0.0015794274342346044,,,,,,,,,,29.316174400002637,458049,192,192,<LOCAL_ROOT>\tcno_icml2026_draft\generated\trainable_runs\train96_val24_test24_ep36_b8_h32_l3_m12_a1p0_s0p015_ps32_st16_tb4_te0p001_whann_tmlearned_local\helmholtz_variable_control\conv-fno\seed-0011\result.json,,,,,,,3,1,0.22086271002688165,,,,,,,,,,,,,,,,,,,,,,,,,,,,,,,,,,,,,,,
2026-05-03T08:43:57,one_step_benchmark,generated/benchmark_stage2_shortlist_v1,generated/benchmark_stage2_shortlist_v1/benchmark_results.csv,helmholtz_variable_control_Conv-FNO_19,helmholtz_variable_control,helmholtz_variable,control,tcno_reference,Conv-FNO,Conv-FNO [tcno-ref],19,36,8,,,,,0.024382936444904402,,,,0.000666397565510124,0.004452269474623327,,,,,,,,,,29.50579789999756,458049,192,192,<LOCAL_ROOT>\tcno_icml2026_draft\generated\trainable_runs\train96_val24_test24_ep36_b8_h32_l3_m12_a1p0_s0p015_ps32_st16_tb4_te0p001_whann_tmlearned_local\helmholtz_variable_control\conv-fno\seed-0019\result.json,,,,,,,3,1,0.22112817807535626,,,,,,,,,,,,,,,,,,,,,,,,,,,,,,,,,,,,,,,
2026-05-03T08:43:57,one_step_benchmark,generated/benchmark_stage2_shortlist_v1,generated/benchmark_stage2_shortlist_v1/benchmark_results.csv,helmholtz_variable_control_FNO+LearnedLocalTC_7,helmholtz_variable_control,helmholtz_variable,control,tcno_reference,FNO+LearnedLocalTC,FNO+LearnedLocalTC [tcno-ref],7,36,8,,,,,0.02481661430243211,,,,0.0006844057934358716,0.002390986012088856,,,,,,,,,,29.80034710000473,453800,192,192,<LOCAL_ROOT>\tcno_icml2026_draft\generated\trainable_runs\train96_val24_test24_ep36_b8_h32_l3_m12_a1p0_s0p015_ps32_st16_tmlearned_local\helmholtz_variable_control\fnopluslearnedlocaltc\seed-0007\result.json,,,,,,,3,1,0.2209400591426944,,,,,,,,,,,,,,,,,,,,,,,,,,,,,,,,,,,,,,,
2026-05-03T08:43:57,one_step_benchmark,generated/benchmark_stage2_shortlist_v1,generated/benchmark_stage2_shortlist_v1/benchmark_results.csv,helmholtz_variable_control_FNO+LearnedLocalTC_11,helmholtz_variable_control,helmholtz_variable,control,tcno_reference,FNO+LearnedLocalTC,FNO+LearnedLocalTC [tcno-ref],11,36,8,,,,,0.022812178594652687,,,,0.0005811240407638252,0.002471040989094841,,,,,,,,,,30.22766430000047,453800,192,192,<LOCAL_ROOT>\tcno_icml2026_draft\generated\trainable_runs\train96_val24_test24_ep36_b8_h32_l3_m12_a1p0_s0p015_ps32_st16_tmlearned_local\helmholtz_variable_control\fnopluslearnedlocaltc\seed-0011\result.json,,,,,,,3,1,0.22077563606398518,,,,,,,,,,,,,,,,,,,,,,,,,,,,,,,,,,,,,,,
2026-05-03T08:43:57,one_step_benchmark,generated/benchmark_stage2_shortlist_v1,generated/benchmark_stage2_shortlist_v1/benchmark_results.csv,helmholtz_variable_control_FNO+LearnedLocalTC_19,helmholtz_variable_control,helmholtz_variable,control,tcno_reference,FNO+LearnedLocalTC,FNO+LearnedLocalTC [tcno-ref],19,36,8,,,,,0.03312967545323691,,,,0.0012321615358814597,0.0026375000592538714,,,,,,,,,,29.765694999994594,453800,192,192,<LOCAL_ROOT>\tcno_icml2026_draft\generated\trainable_runs\train96_val24_test24_ep36_b8_h32_l3_m12_a1p0_s0p015_ps32_st16_tmlearned_local\helmholtz_variable_control\fnopluslearnedlocaltc\seed-0019\result.json,,,,,,,3,1,0.22105166438582333,,,,,,,,,,,,,,,,,,,,,,,,,,,,,,,,,,,,,,,
2026-05-03T08:43:57,one_step_benchmark,generated/benchmark_stage2_shortlist_v1,generated/benchmark_stage2_shortlist_v1/benchmark_results.csv,helmholtz_variable_positive_Conv-FNO_7,helmholtz_variable_positive,helmholtz_variable,positive,tcno_reference,Conv-FNO,Conv-FNO [tcno-ref],7,36,8,,,,,0.12123960249220778,,,,0.015540032647550106,0.017221150420072207,,,,,,,,,,27.024804500000755,458049,192,192,<LOCAL_ROOT>\tcno_icml2026_draft\generated\trainable_runs\train96_val24_test24_ep36_b8_h32_l3_m12_a1p0_s0p015_ps32_st16_tb4_te0p001_whann_tmlearned_local\helmholtz_variable_positive\conv-fno\seed-0007\result.json,,,,,,,3,1,0.21278136194000452,,,,,,,,,,,,,,,,,,,,,,,,,,,,,,,,,,,,,,,
2026-05-03T08:43:57,one_step_benchmark,generated/benchmark_stage2_shortlist_v1,generated/benchmark_stage2_shortlist_v1/benchmark_results.csv,helmholtz_variable_positive_Conv-FNO_11,helmholtz_variable_positive,helmholtz_variable,positive,tcno_reference,Conv-FNO,Conv-FNO [tcno-ref],11,36,8,,,,,0.11185771384625465,,,,0.012512396089732647,0.01631811358252465,,,,,,,,,,27.938025700001162,458049,192,192,<LOCAL_ROOT>\tcno_icml2026_draft\generated\trainable_runs\train96_val24_test24_ep36_b8_h32_l3_m12_a1p0_s0p015_ps32_st16_tb4_te0p001_whann_tmlearned_local\helmholtz_variable_positive\conv-fno\seed-0011\result.json,,,,,,,3,1,0.21471671571679762,,,,,,,,,,,,,,,,,,,,,,,,,,,,,,,,,,,,,,,
2026-05-03T08:43:57,one_step_benchmark,generated/benchmark_stage2_shortlist_v1,generated/benchmark_stage2_shortlist_v1/benchmark_results.csv,helmholtz_variable_positive_Conv-FNO_19,helmholtz_variable_positive,helmholtz_variable,positive,tcno_reference,Conv-FNO,Conv-FNO [tcno-ref],19,36,8,,,,,0.11781688287909257,,,,0.013643578626215458,0.019999850321199514,,,,,,,,,,28.067635299998074,458049,192,192,<LOCAL_ROOT>\tcno_icml2026_draft\generated\trainable_runs\train96_val24_test24_ep36_b8_h32_l3_m12_a1p0_s0p015_ps32_st16_tb4_te0p001_whann_tmlearned_local\helmholtz_variable_positive\conv-fno\seed-0019\result.json,,,,,,,3,1,0.21280560084168598,,,,,,,,,,,,,,,,,,,,,,,,,,,,,,,,,,,,,,,
2026-05-03T08:43:57,one_step_benchmark,generated/benchmark_stage2_shortlist_v1,generated/benchmark_stage2_shortlist_v1/benchmark_results.csv,helmholtz_variable_positive_FNO+LearnedLocalTC_7,helmholtz_variable_positive,helmholtz_variable,positive,tcno_reference,FNO+LearnedLocalTC,FNO+LearnedLocalTC [tcno-ref],7,36,8,,,,,0.20902736797291746,,,,0.05602201819419861,0.07281772667476935,,,,,,,,,,31.797073299996555,453800,192,192,<LOCAL_ROOT>\tcno_icml2026_draft\generated\trainable_runs\train96_val24_test24_ep36_b8_h32_l3_m12_a1p0_s0p015_ps32_st16_tmlearned_local\helmholtz_variable_positive\fnopluslearnedlocaltc\seed-0007\result.json,,,,,,,3,1,0.22098003961532742,,,,,,,,,,,,,,,,,,,,,,,,,,,,,,,,,,,,,,,
2026-05-03T08:43:57,one_step_benchmark,generated/benchmark_stage2_shortlist_v1,generated/benchmark_stage2_shortlist_v1/benchmark_results.csv,helmholtz_variable_positive_FNO+LearnedLocalTC_11,helmholtz_variable_positive,helmholtz_variable,positive,tcno_reference,FNO+LearnedLocalTC,FNO+LearnedLocalTC [tcno-ref],11,36,8,,,,,0.20489996036823044,,,,0.054478421807289124,0.07292916944049115,,,,,,,,,,29.709560699993744,453800,192,192,<LOCAL_ROOT>\tcno_icml2026_draft\generated\trainable_runs\train96_val24_test24_ep36_b8_h32_l3_m12_a1p0_s0p015_ps32_st16_tmlearned_local\helmholtz_variable_positive\fnopluslearnedlocaltc\seed-0011\result.json,,,,,,,3,1,0.2187920107043673,,,,,,,,,,,,,,,,,,,,,,,,,,,,,,,,,,,,,,,
2026-05-03T08:43:57,one_step_benchmark,generated/benchmark_stage2_shortlist_v1,generated/benchmark_stage2_shortlist_v1/benchmark_results.csv,helmholtz_variable_positive_FNO+LearnedLocalTC_19,helmholtz_variable_positive,helmholtz_variable,positive,tcno_reference,FNO+LearnedLocalTC,FNO+LearnedLocalTC [tcno-ref],19,36,8,,,,,0.2015027335358143,,,,0.05243057385087013,0.0689241158254703,,,,,,,,,,30.07582459999685,453800,192,192,<LOCAL_ROOT>\tcno_icml2026_draft\generated\trainable_runs\train96_val24_test24_ep36_b8_h32_l3_m12_a1p0_s0p015_ps32_st16_tmlearned_local\helmholtz_variable_positive\fnopluslearnedlocaltc\seed-0019\result.json,,,,,,,3,1,0.21926636722631906,,,,,,,,,,,,,,,,,,,,,,,,,,,,,,,,,,,,,,,
2026-05-03T08:43:57,one_step_benchmark,generated/benchmark_stage2_shortlist_v1,generated/benchmark_stage2_shortlist_v1/benchmark_results.csv,diffusion_neumann_control_UNO_7,diffusion_neumann_control,diffusion_neumann,control,tcno_reference,UNO,UNO [tcno-ref],7,36,8,,,,,0.010492982590912652,,,,0.00011102268763352185,3.288851262437645e-05,,,,,,,,,,39.74708889999988,1195425,192,192,<LOCAL_ROOT>\tcno_icml2026_draft\generated\trainable_runs\train96_val24_test24_ep36_b8_h32_l3_m12_a1p0_s0p015_ps32_st16_tmlearned_local\diffusion_neumann_control\uno\seed-0007\result.json,,,,,,,3,1,0.9999192639817949,,,,,,,,,,,,,,,,,,,,,,,,,,,,,,,,,,,,,,,
2026-05-03T08:43:57,one_step_benchmark,generated/benchmark_stage2_shortlist_v1,generated/benchmark_stage2_shortlist_v1/benchmark_results.csv,diffusion_neumann_control_UNO_11,diffusion_neumann_control,diffusion_neumann,control,tcno_reference,UNO,UNO [tcno-ref],11,36,8,,,,,0.010807818200842971,,,,0.00011688195081660524,1.653368664546564e-05,,,,,,,,,,40.651018499999964,1195425,192,192,<LOCAL_ROOT>\tcno_icml2026_draft\generated\trainable_runs\train96_val24_test24_ep36_b8_h32_l3_m12_a1p0_s0p015_ps32_st16_tmlearned_local\diffusion_neumann_control\uno\seed-0011\result.json,,,,,,,3,1,0.999926042364423,,,,,,,,,,,,,,,,,,,,,,,,,,,,,,,,,,,,,,,
2026-05-03T08:43:57,one_step_benchmark,generated/benchmark_stage2_shortlist_v1,generated/benchmark_stage2_shortlist_v1/benchmark_results.csv,diffusion_neumann_control_UNO_19,diffusion_neumann_control,diffusion_neumann,control,tcno_reference,UNO,UNO [tcno-ref],19,36,8,,,,,0.011639606056100696,,,,0.00013074095477350056,2.7804589115104915e-05,,,,,,,,,,41.42380520000006,1195425,192,192,<LOCAL_ROOT>\tcno_icml2026_draft\generated\trainable_runs\train96_val24_test24_ep36_b8_h32_l3_m12_a1p0_s0p015_ps32_st16_tmlocal\diffusion_neumann_control\uno\seed-0019\result.json,,,,,,,3,1,0.999890492132864,,,,,,,,,,,,,,,,,,,,,,,,,,,,,,,,,,,,,,,
2026-05-03T08:43:57,one_step_benchmark,generated/benchmark_stage2_shortlist_v1,generated/benchmark_stage2_shortlist_v1/benchmark_results.csv,diffusion_neumann_positive_UNO_7,diffusion_neumann_positive,diffusion_neumann,positive,tcno_reference,UNO,UNO [tcno-ref],7,36,8,,,,,0.010782047163882438,,,,0.00011733214341802523,6.86013361939269e-05,,,,,,,,,,40.697992,1195425,192,192,<LOCAL_ROOT>\tcno_icml2026_draft\generated\trainable_runs\train96_val24_test24_ep36_b8_h32_l3_m12_a1p0_s0p015_ps32_st16_tmlearned_local\diffusion_neumann_positive\uno\seed-0007\result.json,,,,,,,3,1,0.999913418534673,,,,,,,,,,,,,,,,,,,,,,,,,,,,,,,,,,,,,,,
2026-05-03T08:43:57,one_step_benchmark,generated/benchmark_stage2_shortlist_v1,generated/benchmark_stage2_shortlist_v1/benchmark_results.csv,diffusion_neumann_positive_UNO_11,diffusion_neumann_positive,diffusion_neumann,positive,tcno_reference,UNO,UNO [tcno-ref],11,36,8,,,,,0.010965260082740224,,,,0.00012111967225791886,6.633813989091e-05,,,,,,,,,,36.81973659999994,1195425,192,192,<LOCAL_ROOT>\tcno_icml2026_draft\generated\trainable_runs\train96_val24_test24_ep36_b8_h32_l3_m12_a1p0_s0p015_ps32_st16_tmlearned_local\diffusion_neumann_positive\uno\seed-0011\result.json,,,,,,,3,1,0.9999221718256551,,,,,,,,,,,,,,,,,,,,,,,,,,,,,,,,,,,,,,,
2026-05-03T08:43:57,one_step_benchmark,generated/benchmark_stage2_shortlist_v1,generated/benchmark_stage2_shortlist_v1/benchmark_results.csv,diffusion_neumann_positive_UNO_19,diffusion_neumann_positive,diffusion_neumann,positive,tcno_reference,UNO,UNO [tcno-ref],19,36,8,,,,,0.011859696072359907,,,,0.00013605793355964124,7.512110025483343e-05,,,,,,,,,,199.67749090000143,1195425,192,192,<LOCAL_ROOT>\tcno_icml2026_draft\generated\trainable_runs\train96_val24_test24_ep36_b8_h32_l3_m12_a1p0_s0p015_ps32_st16_tmlocal\diffusion_neumann_positive\uno\seed-0019\result.json,,,,,,,3,1,0.9998854976301214,,,,,,,,,,,,,,,,,,,,,,,,,,,,,,,,,,,,,,,
2026-05-03T08:43:57,one_step_benchmark,generated/benchmark_stage2_shortlist_v1,generated/benchmark_stage2_shortlist_v1/benchmark_results.csv,helmholtz_dirichlet_control_UNO_11,helmholtz_dirichlet_control,helmholtz_dirichlet,control,tcno_reference,UNO,UNO [tcno-ref],11,36,8,,,,,0.01778533878045648,,,,0.0003533619164954871,0.0038163346742676476,,,,,,,,,,37.03937190000215,1195425,192,192,<LOCAL_ROOT>\tcno_icml2026_draft\generated\trainable_runs\train96_val24_test24_ep36_b8_h32_l3_m12_a1p0_s0p015_ps32_st16_tmlocal\helmholtz_dirichlet_control\uno\seed-0011\result.json,,,,,,,3,1,0.9787514172331772,,,,,,,,,,,,,,,,,,,,,,,,,,,,,,,,,,,,,,,
2026-05-03T08:43:57,one_step_benchmark,generated/benchmark_stage2_shortlist_v1,generated/benchmark_stage2_shortlist_v1/benchmark_results.csv,helmholtz_dirichlet_control_UNO_19,helmholtz_dirichlet_control,helmholtz_dirichlet,control,tcno_reference,UNO,UNO [tcno-ref],19,36,8,,,,,0.014151907585585858,,,,0.00023336621234193444,0.003298468732907725,,,,,,,,,,32.51377910000156,1195425,192,192,<LOCAL_ROOT>\tcno_icml2026_draft\generated\trainable_runs\train96_val24_test24_ep36_b8_h32_l3_m12_a1p0_s0p015_ps32_st16_tmlearned_local\helmholtz_dirichlet_control\uno\seed-0019\result.json,,,,,,,3,1,0.9788853115893219,,,,,,,,,,,,,,,,,,,,,,,,,,,,,,,,,,,,,,,
2026-05-03T08:43:57,one_step_benchmark,generated/benchmark_stage2_shortlist_v1,generated/benchmark_stage2_shortlist_v1/benchmark_results.csv,helmholtz_dirichlet_positive_UNO_11,helmholtz_dirichlet_positive,helmholtz_dirichlet,positive,tcno_reference,UNO,UNO [tcno-ref],11,36,8,,,,,0.04210912135029573,,,,0.0022701288107782602,0.005276165805741445,,,,,,,,,,34.98960640000041,1195425,192,192,<LOCAL_ROOT>\tcno_icml2026_draft\generated\trainable_runs\train96_val24_test24_ep36_b8_h32_l3_m12_a1p0_s0p015_ps32_st16_tmlearned_local\helmholtz_dirichlet_positive\uno\seed-0011\result.json,,,,,,,3,1,0.9781182373824899,,,,,,,,,,,,,,,,,,,,,,,,,,,,,,,,,,,,,,,
2026-05-03T08:43:57,one_step_benchmark,generated/benchmark_stage2_shortlist_v1,generated/benchmark_stage2_shortlist_v1/benchmark_results.csv,helmholtz_dirichlet_positive_UNO_19,helmholtz_dirichlet_positive,helmholtz_dirichlet,positive,tcno_reference,UNO,UNO [tcno-ref],19,36,8,,,,,0.04067187928800391,,,,0.0019861573819071054,0.006355430345112391,,,,,,,,,,34.58803360000093,1195425,192,192,<LOCAL_ROOT>\tcno_icml2026_draft\generated\trainable_runs\train96_val24_test24_ep36_b8_h32_l3_m12_a1p0_s0p015_ps32_st16_tmlocal\helmholtz_dirichlet_positive\uno\seed-0019\result.json,,,,,,,3,1,0.9783131349008766,,,,,,,,,,,,,,,,,,,,,,,,,,,,,,,,,,,,,,,
2026-05-03T08:43:57,one_step_benchmark,generated/benchmark_stage2_shortlist_v1,generated/benchmark_stage2_shortlist_v1/benchmark_results.csv,helmholtz_highk_positive_FNO_7,helmholtz_highk_positive,helmholtz_highk,positive,tcno_reference,FNO,FNO [tcno-ref],7,36,8,,,,,0.11691269810248033,,,,0.01453249529004097,0.01217004905467438,,,,,,,,,,19.778767699999662,446753,192,192,<LOCAL_ROOT>\tcno_icml2026_draft\generated\trainable_runs\train96_val24_test24_ep36_b8_h32_l3_m12_a1p0_s0p015_ps32_st16_tmlearned_local\helmholtz_highk_positive\fno\seed-0007\result.json,,,,,,,3,1,0.9078153938302016,,,,,,,,,,,,,,,,,,,,,,,,,,,,,,,,,,,,,,,
2026-05-03T08:43:57,one_step_benchmark,generated/benchmark_stage2_shortlist_v1,generated/benchmark_stage2_shortlist_v1/benchmark_results.csv,helmholtz_highk_positive_UNO_7,helmholtz_highk_positive,helmholtz_highk,positive,tcno_reference,UNO,UNO [tcno-ref],7,36,8,,,,,0.054461292079065804,,,,0.003474527271464467,0.00546386252782427,,,,,,,,,,36.0416464000009,1195425,192,192,<LOCAL_ROOT>\tcno_icml2026_draft\generated\trainable_runs\train96_val24_test24_ep36_b8_h32_l3_m12_a1p0_s0p015_ps32_st16_tmlearned_local\helmholtz_highk_positive\uno\seed-0007\result.json,,,,,,,3,1,0.9114784797794288,,,,,,,,,,,,,,,,,,,,,,,,,,,,,,,,,,,,,,,
2026-05-03T08:43:57,one_step_benchmark,generated/benchmark_stage2_shortlist_v1,generated/benchmark_stage2_shortlist_v1/benchmark_results.csv,helmholtz_highk_positive_WNO-style_7,helmholtz_highk_positive,helmholtz_highk,positive,tcno_reference,WNO-style,WNO-style [tcno-ref],7,36,8,,,,,0.08931529661195436,,,,0.00866431463509798,0.007735303905001399,,,,,,,,,,40.561765399999786,399297,192,192,<LOCAL_ROOT>\tcno_icml2026_draft\generated\trainable_runs\train96_val24_test24_ep36_b8_h32_l3_m12_a1p0_s0p015_ps32_st16_tmlearned_local\helmholtz_highk_positive\wno-style\seed-0007\result.json,,,,,,,3,1,0.9097698224799126,,,,,,,,,,,,,,,,,,,,,,,,,,,,,,,,,,,,,,,
2026-05-03T08:43:57,one_step_benchmark,generated/benchmark_stage2_shortlist_v1,generated/benchmark_stage2_shortlist_v1/benchmark_results.csv,diffusion_neumann_control_WNO-style_7,diffusion_neumann_control,diffusion_neumann,control,tcno_reference,WNO-style,WNO-style [tcno-ref],7,36,8,,,,,0.004249553121155957,,,,1.9975530449301004e-05,1.548342719704021e-05,,,,,,,,,,38.118350700000065,399297,192,192,<LOCAL_ROOT>\tcno_icml2026_draft\generated\trainable_runs\train96_val24_test24_ep36_b8_h32_l3_m12_a1p0_s0p015_ps32_st16_tmlearned_local\diffusion_neumann_control\wno-style\seed-0007\result.json,,,,,,,3,1,0.9999914960666013,,,,,,,,,,,,,,,,,,,,,,,,,,,,,,,,,,,,,,,
2026-05-03T08:43:57,one_step_benchmark,generated/benchmark_stage2_shortlist_v1,generated/benchmark_stage2_shortlist_v1/benchmark_results.csv,diffusion_neumann_positive_WNO-style_7,diffusion_neumann_positive,diffusion_neumann,positive,tcno_reference,WNO-style,WNO-style [tcno-ref],7,36,8,,,,,0.004868104830847662,,,,2.5723582439241e-05,5.504450196713191e-05,,,,,,,,,,38.8343364000001,399297,192,192,<LOCAL_ROOT>\tcno_icml2026_draft\generated\trainable_runs\train96_val24_test24_ep36_b8_h32_l3_m12_a1p0_s0p015_ps32_st16_tmlearned_local\diffusion_neumann_positive\wno-style\seed-0007\result.json,,,,,,,3,1,0.9999859498835004,,,,,,,,,,,,,,,,,,,,,,,,,,,,,,,,,,,,,,,
2026-05-03T08:43:57,one_step_benchmark,generated/benchmark_stage2_shortlist_v1,generated/benchmark_stage2_shortlist_v1/benchmark_results.csv,diffusion_neumann_control_Conv-FNO_7,diffusion_neumann_control,diffusion_neumann,control,tcno_reference,Conv-FNO,Conv-FNO [tcno-ref],7,36,8,,,,,0.020515529684591343,,,,0.0003890666412189603,5.915787764272149e-05,,,,,,,,,,50.359746000001905,458049,192,192,<LOCAL_ROOT>\tcno_icml2026_draft\generated\trainable_runs\train96_val24_test24_ep36_b8_h32_l3_m12_a1p0_s0p015_ps32_st16_tb4_te0p001_whann_tmlearned_local\diffusion_neumann_control\conv-fno\seed-0007\result.json,,,,,,,3,1,0.9996172898415142,,,,,,,,,,,,,,,,,,,,,,,,,,,,,,,,,,,,,,,
2026-05-03T08:43:57,one_step_benchmark,generated/benchmark_stage2_shortlist_v1,generated/benchmark_stage2_shortlist_v1/benchmark_results.csv,diffusion_neumann_control_Conv-FNO_11,diffusion_neumann_control,diffusion_neumann,control,tcno_reference,Conv-FNO,Conv-FNO [tcno-ref],11,36,8,,,,,0.015253473861845127,,,,0.0002198467991547659,5.762717301628946e-05,,,,,,,,,,50.751888199996756,458049,192,192,<LOCAL_ROOT>\tcno_icml2026_draft\generated\trainable_runs\train96_val24_test24_ep36_b8_h32_l3_m12_a1p0_s0p015_ps32_st16_tb4_te0p001_whann_tmlearned_local\diffusion_neumann_control\conv-fno\seed-0011\result.json,,,,,,,3,1,0.9997871336284602,,,,,,,,,,,,,,,,,,,,,,,,,,,,,,,,,,,,,,,
2026-05-03T08:43:57,one_step_benchmark,generated/benchmark_stage2_shortlist_v1,generated/benchmark_stage2_shortlist_v1/benchmark_results.csv,diffusion_neumann_control_Conv-FNO_19,diffusion_neumann_control,diffusion_neumann,control,tcno_reference,Conv-FNO,Conv-FNO [tcno-ref],19,36,8,,,,,0.016843396966355104,,,,0.00026193048688583076,6.06687585608869e-05,,,,,,,,,,49.2776116999994,458049,192,192,<LOCAL_ROOT>\tcno_icml2026_draft\generated\trainable_runs\train96_val24_test24_ep36_b8_h32_l3_m12_a1p0_s0p015_ps32_st16_tb4_te0p001_whann_tmlearned_local\diffusion_neumann_control\conv-fno\seed-0019\result.json,,,,,,,3,1,0.9997436040967426,,,,,,,,,,,,,,,,,,,,,,,,,,,,,,,,,,,,,,,
2026-05-03T08:43:57,one_step_benchmark,generated/benchmark_stage2_shortlist_v1,generated/benchmark_stage2_shortlist_v1/benchmark_results.csv,diffusion_neumann_positive_Conv-FNO_7,diffusion_neumann_positive,diffusion_neumann,positive,tcno_reference,Conv-FNO,Conv-FNO [tcno-ref],7,36,8,,,,,0.020489168437613305,,,,0.00038719087024219334,7.415098891182558e-05,,,,,,,,,,49.60556019999785,458049,192,192,<LOCAL_ROOT>\tcno_icml2026_draft\generated\trainable_runs\train96_val24_test24_ep36_b8_h32_l3_m12_a1p0_s0p015_ps32_st16_tb4_te0p001_whann_tmlearned_local\diffusion_neumann_positive\conv-fno\seed-0007\result.json,,,,,,,3,1,0.9996176477523914,,,,,,,,,,,,,,,,,,,,,,,,,,,,,,,,,,,,,,,
2026-05-03T08:43:57,one_step_benchmark,generated/benchmark_stage2_shortlist_v1,generated/benchmark_stage2_shortlist_v1/benchmark_results.csv,diffusion_neumann_positive_Conv-FNO_11,diffusion_neumann_positive,diffusion_neumann,positive,tcno_reference,Conv-FNO,Conv-FNO [tcno-ref],11,36,8,,,,,0.014902924424592137,,,,0.0002109897177433595,6.948410144278176e-05,,,,,,,,,,50.649178600000596,458049,192,192,<LOCAL_ROOT>\tcno_icml2026_draft\generated\trainable_runs\train96_val24_test24_ep36_b8_h32_l3_m12_a1p0_s0p015_ps32_st16_tb4_te0p001_whann_tmlearned_local\diffusion_neumann_positive\conv-fno\seed-0011\result.json,,,,,,,3,1,0.9997962730544326,,,,,,,,,,,,,,,,,,,,,,,,,,,,,,,,,,,,,,,
2026-05-03T08:43:57,one_step_benchmark,generated/benchmark_stage2_shortlist_v1,generated/benchmark_stage2_shortlist_v1/benchmark_results.csv,diffusion_neumann_positive_Conv-FNO_19,diffusion_neumann_positive,diffusion_neumann,positive,tcno_reference,Conv-FNO,Conv-FNO [tcno-ref],19,36,8,,,,,0.017157862352667766,,,,0.00027261566719971597,9.134748081807363e-05,,,,,,,,,,50.70269539999936,458049,192,192,<LOCAL_ROOT>\tcno_icml2026_draft\generated\trainable_runs\train96_val24_test24_ep36_b8_h32_l3_m12_a1p0_s0p015_ps32_st16_tb4_te0p001_whann_tmlearned_local\diffusion_neumann_positive\conv-fno\seed-0019\result.json,,,,,,,3,1,0.9997349619101588,,,,,,,,,,,,,,,,,,,,,,,,,,,,,,,,,,,,,,,
2026-05-03T08:43:57,one_step_benchmark,generated/benchmark_stage2_shortlist_v1,generated/benchmark_stage2_shortlist_v1/benchmark_results.csv,helmholtz_dirichlet_control_Conv-FNO_7,helmholtz_dirichlet_control,helmholtz_dirichlet,control,tcno_reference,Conv-FNO,Conv-FNO [tcno-ref],7,36,8,,,,,0.02413524992318362,,,,0.0006643471424467862,0.004078039956350947,,,,,,,,,,25.977265500001522,458049,192,192,<LOCAL_ROOT>\tcno_icml2026_draft\generated\trainable_runs\train96_val24_test24_ep36_b8_h32_l3_m12_a1p0_s0p015_ps32_st16_tb4_te0p001_whann_tmlearned_local\helmholtz_dirichlet_control\conv-fno\seed-0007\result.json,,,,,,,3,1,0.978531685979044,,,,,,,,,,,,,,,,,,,,,,,,,,,,,,,,,,,,,,,
2026-05-03T08:43:57,one_step_benchmark,generated/benchmark_stage2_shortlist_v1,generated/benchmark_stage2_shortlist_v1/benchmark_results.csv,helmholtz_dirichlet_control_Conv-FNO_11,helmholtz_dirichlet_control,helmholtz_dirichlet,control,tcno_reference,Conv-FNO,Conv-FNO [tcno-ref],11,36,8,,,,,0.020162013062258944,,,,0.0004587042494677007,0.002424458489532126,,,,,,,,,,25.90126500000042,458049,192,192,<LOCAL_ROOT>\tcno_icml2026_draft\generated\trainable_runs\train96_val24_test24_ep36_b8_h32_l3_m12_a1p0_s0p015_ps32_st16_tb4_te0p001_whann_tmlearned_local\helmholtz_dirichlet_control\conv-fno\seed-0011\result.json,,,,,,,3,1,0.9785061065908636,,,,,,,,,,,,,,,,,,,,,,,,,,,,,,,,,,,,,,,
2026-05-03T08:43:57,one_step_benchmark,generated/benchmark_stage2_shortlist_v1,generated/benchmark_stage2_shortlist_v1/benchmark_results.csv,helmholtz_dirichlet_control_Conv-FNO_19,helmholtz_dirichlet_control,helmholtz_dirichlet,control,tcno_reference,Conv-FNO,Conv-FNO [tcno-ref],19,36,8,,,,,0.02197986744670144,,,,0.0005463624838739634,0.002658944649246457,,,,,,,,,,26.147450699998444,458049,192,192,<LOCAL_ROOT>\tcno_icml2026_draft\generated\trainable_runs\train96_val24_test24_ep36_b8_h32_l3_m12_a1p0_s0p015_ps32_st16_tb4_te0p001_whann_tmlearned_local\helmholtz_dirichlet_control\conv-fno\seed-0019\result.json,,,,,,,3,1,0.9786047878243332,,,,,,,,,,,,,,,,,,,,,,,,,,,,,,,,,,,,,,,
2026-05-03T08:43:57,one_step_benchmark,generated/benchmark_stage2_shortlist_v1,generated/benchmark_stage2_shortlist_v1/benchmark_results.csv,helmholtz_dirichlet_positive_Conv-FNO_7,helmholtz_dirichlet_positive,helmholtz_dirichlet,positive,tcno_reference,Conv-FNO,Conv-FNO [tcno-ref],7,36,8,,,,,0.0565472524635412,,,,0.004278022330254316,0.005391102277168169,,,,,,,,,,27.092502200001036,458049,192,192,<LOCAL_ROOT>\tcno_icml2026_draft\generated\trainable_runs\train96_val24_test24_ep36_b8_h32_l3_m12_a1p0_s0p015_ps32_st16_tb4_te0p001_whann_tmlearned_local\helmholtz_dirichlet_positive\conv-fno\seed-0007\result.json,,,,,,,3,1,0.9775055866195741,,,,,,,,,,,,,,,,,,,,,,,,,,,,,,,,,,,,,,,
2026-05-03T08:43:57,one_step_benchmark,generated/benchmark_stage2_shortlist_v1,generated/benchmark_stage2_shortlist_v1/benchmark_results.csv,helmholtz_dirichlet_positive_Conv-FNO_11,helmholtz_dirichlet_positive,helmholtz_dirichlet,positive,tcno_reference,Conv-FNO,Conv-FNO [tcno-ref],11,36,8,,,,,0.051489646602906024,,,,0.003753880737349391,0.0026467098109496053,,,,,,,,,,25.927441299998463,458049,192,192,<LOCAL_ROOT>\tcno_icml2026_draft\generated\trainable_runs\train96_val24_test24_ep36_b8_h32_l3_m12_a1p0_s0p015_ps32_st16_tb4_te0p001_whann_tmlearned_local\helmholtz_dirichlet_positive\conv-fno\seed-0011\result.json,,,,,,,3,1,0.9776162030576457,,,,,,,,,,,,,,,,,,,,,,,,,,,,,,,,,,,,,,,
2026-05-03T08:43:57,one_step_benchmark,generated/benchmark_stage2_shortlist_v1,generated/benchmark_stage2_shortlist_v1/benchmark_results.csv,helmholtz_dirichlet_positive_Conv-FNO_19,helmholtz_dirichlet_positive,helmholtz_dirichlet,positive,tcno_reference,Conv-FNO,Conv-FNO [tcno-ref],19,36,8,,,,,0.05975493789521047,,,,0.004615255631506443,0.004377705127912809,,,,,,,,,,26.028860700000223,458049,192,192,<LOCAL_ROOT>\tcno_icml2026_draft\generated\trainable_runs\train96_val24_test24_ep36_b8_h32_l3_m12_a1p0_s0p015_ps32_st16_tb4_te0p001_whann_tmlearned_local\helmholtz_dirichlet_positive\conv-fno\seed-0019\result.json,,,,,,,3,1,0.9775183007116013,,,,,,,,,,,,,,,,,,,,,,,,,,,,,,,,,,,,,,,
2026-05-03T08:43:57,one_step_benchmark,generated/benchmark_stage2_shortlist_v1,generated/benchmark_stage2_shortlist_v1/benchmark_results.csv,diffusion_neumann_control_FNO+LearnedLocalTC_7,diffusion_neumann_control,diffusion_neumann,control,tcno_reference,FNO+LearnedLocalTC,FNO+LearnedLocalTC [tcno-ref],7,36,8,,,,,0.010843376758127693,,,,0.00012061926099704579,6.592285807254958e-05,,,,,,,,,,28.44625330000008,453800,192,192,<LOCAL_ROOT>\tcno_icml2026_draft\generated\trainable_runs\train96_val24_test24_ep36_b8_h32_l3_m12_a1p0_s0p015_ps32_st16_tmlearned_local\diffusion_neumann_control\fnopluslearnedlocaltc\seed-0007\result.json,,,,,,,3,1,0.9999638843681445,,,,,,,,,,,,,,,,,,,,,,,,,,,,,,,,,,,,,,,
2026-05-03T08:43:57,one_step_benchmark,generated/benchmark_stage2_shortlist_v1,generated/benchmark_stage2_shortlist_v1/benchmark_results.csv,diffusion_neumann_control_FNO+LearnedLocalTC_11,diffusion_neumann_control,diffusion_neumann,control,tcno_reference,FNO+LearnedLocalTC,FNO+LearnedLocalTC [tcno-ref],11,36,8,,,,,0.011589037887559024,,,,0.00012442834849935025,3.580912122808634e-05,,,,,,,,,,29.016427399999884,453800,192,192,<LOCAL_ROOT>\tcno_icml2026_draft\generated\trainable_runs\train96_val24_test24_ep36_b8_h32_l3_m12_a1p0_s0p015_ps32_st16_tmlearned_local\diffusion_neumann_control\fnopluslearnedlocaltc\seed-0011\result.json,,,,,,,3,1,0.9999606499168933,,,,,,,,,,,,,,,,,,,,,,,,,,,,,,,,,,,,,,,
2026-05-03T08:43:57,one_step_benchmark,generated/benchmark_stage2_shortlist_v1,generated/benchmark_stage2_shortlist_v1/benchmark_results.csv,diffusion_neumann_control_FNO+LearnedLocalTC_19,diffusion_neumann_control,diffusion_neumann,control,tcno_reference,FNO+LearnedLocalTC,FNO+LearnedLocalTC [tcno-ref],19,36,8,,,,,0.011307298772487422,,,,0.00012424157466739416,5.9560622934786815e-05,,,,,,,,,,29.813055000000077,453800,192,192,<LOCAL_ROOT>\tcno_icml2026_draft\generated\trainable_runs\train96_val24_test24_ep36_b8_h32_l3_m12_a1p0_s0p015_ps32_st16_tmlearned_local\diffusion_neumann_control\fnopluslearnedlocaltc\seed-0019\result.json,,,,,,,3,1,0.9999557606131463,,,,,,,,,,,,,,,,,,,,,,,,,,,,,,,,,,,,,,,
2026-05-03T08:43:57,one_step_benchmark,generated/benchmark_stage2_shortlist_v1,generated/benchmark_stage2_shortlist_v1/benchmark_results.csv,diffusion_neumann_control_WNO-style_11,diffusion_neumann_control,diffusion_neumann,control,tcno_reference,WNO-style,WNO-style [tcno-ref],11,36,8,,,,,0.005553387084320703,,,,3.6121382436249405e-05,1.5472055468836627e-05,,,,,,,,,,33.451946399996814,399297,192,192,<LOCAL_ROOT>\tcno_icml2026_draft\generated\trainable_runs\train96_val24_test24_ep36_b8_h32_l3_m12_a1p0_s0p015_ps32_st16_tmlocal\diffusion_neumann_control\wno-style\seed-0011\result.json,,,,,,,3,1,0.9999847770466858,,,,,,,,,,,,,,,,,,,,,,,,,,,,,,,,,,,,,,,
2026-05-03T08:43:57,one_step_benchmark,generated/benchmark_stage2_shortlist_v1,generated/benchmark_stage2_shortlist_v1/benchmark_results.csv,diffusion_neumann_control_WNO-style_19,diffusion_neumann_control,diffusion_neumann,control,tcno_reference,WNO-style,WNO-style [tcno-ref],19,36,8,,,,,0.004634102270709271,,,,2.290489101142157e-05,1.6805245432202765e-05,,,,,,,,,,37.98222629999509,399297,192,192,<LOCAL_ROOT>\tcno_icml2026_draft\generated\trainable_runs\train96_val24_test24_ep36_b8_h32_l3_m12_a1p0_s0p015_ps32_st16_tmlocal\diffusion_neumann_control\wno-style\seed-0019\result.json,,,,,,,3,1,0.9999907657353869,,,,,,,,,,,,,,,,,,,,,,,,,,,,,,,,,,,,,,,
2026-05-03T08:43:57,one_step_benchmark,generated/benchmark_stage2_shortlist_v1,generated/benchmark_stage2_shortlist_v1/benchmark_results.csv,diffusion_neumann_positive_FNO+LearnedLocalTC_7,diffusion_neumann_positive,diffusion_neumann,positive,tcno_reference,FNO+LearnedLocalTC,FNO+LearnedLocalTC [tcno-ref],7,36,8,,,,,0.010992066871218032,,,,0.00012536157737486064,5.475653228949066e-05,,,,,,,,,,28.545776400000022,453800,192,192,<LOCAL_ROOT>\tcno_icml2026_draft\generated\trainable_runs\train96_val24_test24_ep36_b8_h32_l3_m12_a1p0_s0p015_ps32_st16_tmlearned_local\diffusion_neumann_positive\fnopluslearnedlocaltc\seed-0007\result.json,,,,,,,3,1,0.9999598091010852,,,,,,,,,,,,,,,,,,,,,,,,,,,,,,,,,,,,,,,
2026-05-03T08:43:57,one_step_benchmark,generated/benchmark_stage2_shortlist_v1,generated/benchmark_stage2_shortlist_v1/benchmark_results.csv,diffusion_neumann_positive_FNO+LearnedLocalTC_11,diffusion_neumann_positive,diffusion_neumann,positive,tcno_reference,FNO+LearnedLocalTC,FNO+LearnedLocalTC [tcno-ref],11,36,8,,,,,0.011685869083217717,,,,0.0001272169902222231,6.70882641750539e-05,,,,,,,,,,27.995701000000054,453800,192,192,<LOCAL_ROOT>\tcno_icml2026_draft\generated\trainable_runs\train96_val24_test24_ep36_b8_h32_l3_m12_a1p0_s0p015_ps32_st16_tmlearned_local\diffusion_neumann_positive\fnopluslearnedlocaltc\seed-0011\result.json,,,,,,,3,1,0.9999565667335087,,,,,,,,,,,,,,,,,,,,,,,,,,,,,,,,,,,,,,,
2026-05-03T08:43:57,one_step_benchmark,generated/benchmark_stage2_shortlist_v1,generated/benchmark_stage2_shortlist_v1/benchmark_results.csv,diffusion_neumann_positive_FNO+LearnedLocalTC_19,diffusion_neumann_positive,diffusion_neumann,positive,tcno_reference,FNO+LearnedLocalTC,FNO+LearnedLocalTC [tcno-ref],19,36,8,,,,,0.011388764363163639,,,,0.00012808202882297337,7.25767517572965e-05,,,,,,,,,,28.006898999999976,453800,192,192,<LOCAL_ROOT>\tcno_icml2026_draft\generated\trainable_runs\train96_val24_test24_ep36_b8_h32_l3_m12_a1p0_s0p015_ps32_st16_tmlearned_local\diffusion_neumann_positive\fnopluslearnedlocaltc\seed-0019\result.json,,,,,,,3,1,0.9999526160864902,,,,,,,,,,,,,,,,,,,,,,,,,,,,,,,,,,,,,,,
2026-05-03T08:43:57,one_step_benchmark,generated/benchmark_stage2_shortlist_v1,generated/benchmark_stage2_shortlist_v1/benchmark_results.csv,diffusion_neumann_positive_WNO-style_11,diffusion_neumann_positive,diffusion_neumann,positive,tcno_reference,WNO-style,WNO-style [tcno-ref],11,36,8,,,,,0.006047360528569241,,,,4.22611519752536e-05,6.54122263685965e-05,,,,,,,,,,86.72142030000032,399297,192,192,<LOCAL_ROOT>\tcno_icml2026_draft\generated\trainable_runs\train96_val24_test24_ep36_b8_h32_l3_m12_a1p0_s0p015_ps32_st16_tmlocal\diffusion_neumann_positive\wno-style\seed-0011\result.json,,,,,,,3,1,0.9999789507425166,,,,,,,,,,,,,,,,,,,,,,,,,,,,,,,,,,,,,,,
2026-05-03T08:43:57,one_step_benchmark,generated/benchmark_stage2_shortlist_v1,generated/benchmark_stage2_shortlist_v1/benchmark_results.csv,diffusion_neumann_positive_WNO-style_19,diffusion_neumann_positive,diffusion_neumann,positive,tcno_reference,WNO-style,WNO-style [tcno-ref],19,36,8,,,,,0.005229290805157701,,,,2.9123166314093396e-05,7.509832296960434e-05,,,,,,,,,,245.35683829999834,399297,192,192,<LOCAL_ROOT>\tcno_icml2026_draft\generated\trainable_runs\train96_val24_test24_ep36_b8_h32_l3_m12_a1p0_s0p015_ps32_st16_tmlocal\diffusion_neumann_positive\wno-style\seed-0019\result.json,,,,,,,3,1,0.999985128604323,,,,,,,,,,,,,,,,,,,,,,,,,,,,,,,,,,,,,,,
2026-05-03T08:43:57,one_step_benchmark,generated/benchmark_stage2_shortlist_v1,generated/benchmark_stage2_shortlist_v1/benchmark_results.csv,helmholtz_dirichlet_control_FNO+LearnedLocalTC_7,helmholtz_dirichlet_control,helmholtz_dirichlet,control,tcno_reference,FNO+LearnedLocalTC,FNO+LearnedLocalTC [tcno-ref],7,36,8,,,,,0.035536032276740744,,,,0.0014414824545383453,0.00021543330820124646,,,,,,,,,,36.58265019999999,453800,192,192,<LOCAL_ROOT>\tcno_icml2026_draft\generated\trainable_runs\train96_val24_test24_ep36_b8_h32_l3_m12_a1p0_s0p015_ps32_st16_tmlearned_local\helmholtz_dirichlet_control\fnopluslearnedlocaltc\seed-0007\result.json,,,,,,,3,1,0.9779091778815726,,,,,,,,,,,,,,,,,,,,,,,,,,,,,,,,,,,,,,,
2026-05-03T08:43:57,one_step_benchmark,generated/benchmark_stage2_shortlist_v1,generated/benchmark_stage2_shortlist_v1/benchmark_results.csv,helmholtz_dirichlet_control_FNO+LearnedLocalTC_11,helmholtz_dirichlet_control,helmholtz_dirichlet,control,tcno_reference,FNO+LearnedLocalTC,FNO+LearnedLocalTC [tcno-ref],11,36,8,,,,,0.03033149581155878,,,,0.001064352341927588,0.0003467424147719665,,,,,,,,,,27.45973109999977,453800,192,192,<LOCAL_ROOT>\tcno_icml2026_draft\generated\trainable_runs\train96_val24_test24_ep36_b8_h32_l3_m12_a1p0_s0p015_ps32_st16_tmlearned_local\helmholtz_dirichlet_control\fnopluslearnedlocaltc\seed-0011\result.json,,,,,,,3,1,0.9781400218624943,,,,,,,,,,,,,,,,,,,,,,,,,,,,,,,,,,,,,,,
2026-05-03T08:43:57,one_step_benchmark,generated/benchmark_stage2_shortlist_v1,generated/benchmark_stage2_shortlist_v1/benchmark_results.csv,helmholtz_dirichlet_control_FNO+LearnedLocalTC_19,helmholtz_dirichlet_control,helmholtz_dirichlet,control,tcno_reference,FNO+LearnedLocalTC,FNO+LearnedLocalTC [tcno-ref],19,36,8,,,,,0.04047276999759438,,,,0.00187926203943789,0.0001549864203023154,,,,,,,,,,27.195158500000616,453800,192,192,<LOCAL_ROOT>\tcno_icml2026_draft\generated\trainable_runs\train96_val24_test24_ep36_b8_h32_l3_m12_a1p0_s0p015_ps32_st16_tmlearned_local\helmholtz_dirichlet_control\fnopluslearnedlocaltc\seed-0019\result.json,,,,,,,3,1,0.9776368903835116,,,,,,,,,,,,,,,,,,,,,,,,,,,,,,,,,,,,,,,
2026-05-03T08:43:57,one_step_benchmark,generated/benchmark_stage2_shortlist_v1,generated/benchmark_stage2_shortlist_v1/benchmark_results.csv,helmholtz_dirichlet_control_WNO-style_11,helmholtz_dirichlet_control,helmholtz_dirichlet,control,tcno_reference,WNO-style,WNO-style [tcno-ref],11,36,8,,,,,0.03197021582257172,,,,0.0011829070281237364,0.0015905260379572449,,,,,,,,,,35.07770779999919,399297,192,192,<LOCAL_ROOT>\tcno_icml2026_draft\generated\trainable_runs\train96_val24_test24_ep36_b8_h32_l3_m12_a1p0_s0p015_ps32_st16_tmlocal\helmholtz_dirichlet_control\wno-style\seed-0011\result.json,,,,,,,3,1,0.9782104305426111,,,,,,,,,,,,,,,,,,,,,,,,,,,,,,,,,,,,,,,
2026-05-03T08:43:57,one_step_benchmark,generated/benchmark_stage2_shortlist_v1,generated/benchmark_stage2_shortlist_v1/benchmark_results.csv,helmholtz_dirichlet_control_WNO-style_19,helmholtz_dirichlet_control,helmholtz_dirichlet,control,tcno_reference,WNO-style,WNO-style [tcno-ref],19,36,8,,,,,0.028582837761225822,,,,0.0009378951508551836,0.0007025104470688185,,,,,,,,,,34.74813670000003,399297,192,192,<LOCAL_ROOT>\tcno_icml2026_draft\generated\trainable_runs\train96_val24_test24_ep36_b8_h32_l3_m12_a1p0_s0p015_ps32_st16_tmlocal\helmholtz_dirichlet_control\wno-style\seed-0019\result.json,,,,,,,3,1,0.9784250375841769,,,,,,,,,,,,,,,,,,,,,,,,,,,,,,,,,,,,,,,
2026-05-03T08:43:57,one_step_benchmark,generated/benchmark_stage2_shortlist_v1,generated/benchmark_stage2_shortlist_v1/benchmark_results.csv,helmholtz_dirichlet_positive_FNO+LearnedLocalTC_7,helmholtz_dirichlet_positive,helmholtz_dirichlet,positive,tcno_reference,FNO+LearnedLocalTC,FNO+LearnedLocalTC [tcno-ref],7,36,8,,,,,0.07857877795701307,,,,0.007713549770414829,0.0023840279630417383,,,,,,,,,,28.0389983999994,453800,192,192,<LOCAL_ROOT>\tcno_icml2026_draft\generated\trainable_runs\train96_val24_test24_ep36_b8_h32_l3_m12_a1p0_s0p015_ps32_st16_tmlearned_local\helmholtz_dirichlet_positive\fnopluslearnedlocaltc\seed-0007\result.json,,,,,,,3,1,0.97641201650752,,,,,,,,,,,,,,,,,,,,,,,,,,,,,,,,,,,,,,,
2026-05-03T08:43:57,one_step_benchmark,generated/benchmark_stage2_shortlist_v1,generated/benchmark_stage2_shortlist_v1/benchmark_results.csv,helmholtz_dirichlet_positive_FNO+LearnedLocalTC_11,helmholtz_dirichlet_positive,helmholtz_dirichlet,positive,tcno_reference,FNO+LearnedLocalTC,FNO+LearnedLocalTC [tcno-ref],11,36,8,,,,,0.08467268081688946,,,,0.008610807359218597,0.0031145639243257348,,,,,,,,,,27.31509499999993,453800,192,192,<LOCAL_ROOT>\tcno_icml2026_draft\generated\trainable_runs\train96_val24_test24_ep36_b8_h32_l3_m12_a1p0_s0p015_ps32_st16_tmlearned_local\helmholtz_dirichlet_positive\fnopluslearnedlocaltc\seed-0011\result.json,,,,,,,3,1,0.9756250652064559,,,,,,,,,,,,,,,,,,,,,,,,,,,,,,,,,,,,,,,
2026-05-03T08:43:57,one_step_benchmark,generated/benchmark_stage2_shortlist_v1,generated/benchmark_stage2_shortlist_v1/benchmark_results.csv,helmholtz_dirichlet_positive_FNO+LearnedLocalTC_19,helmholtz_dirichlet_positive,helmholtz_dirichlet,positive,tcno_reference,FNO+LearnedLocalTC,FNO+LearnedLocalTC [tcno-ref],19,36,8,,,,,0.07925143596185873,,,,0.0074957930482923985,0.0023554248902334595,,,,,,,,,,31.410945400000855,453800,192,192,<LOCAL_ROOT>\tcno_icml2026_draft\generated\trainable_runs\train96_val24_test24_ep36_b8_h32_l3_m12_a1p0_s0p015_ps32_st16_tmlearned_local\helmholtz_dirichlet_positive\fnopluslearnedlocaltc\seed-0019\result.json,,,,,,,3,1,0.9757783810319657,,,,,,,,,,,,,,,,,,,,,,,,,,,,,,,,,,,,,,,
2026-05-03T08:43:57,one_step_benchmark,generated/benchmark_stage2_shortlist_v1,generated/benchmark_stage2_shortlist_v1/benchmark_results.csv,helmholtz_dirichlet_positive_WNO-style_11,helmholtz_dirichlet_positive,helmholtz_dirichlet,positive,tcno_reference,WNO-style,WNO-style [tcno-ref],11,36,8,,,,,0.061616077597819924,,,,0.005168212112039328,0.003969182800488968,,,,,,,,,,57.52122650000092,399297,192,192,<LOCAL_ROOT>\tcno_icml2026_draft\generated\trainable_runs\train96_val24_test24_ep36_b8_h32_l3_m12_a1p0_s0p015_ps32_st16_tmlocal\helmholtz_dirichlet_positive\wno-style\seed-0011\result.json,,,,,,,3,1,0.9770707939649297,,,,,,,,,,,,,,,,,,,,,,,,,,,,,,,,,,,,,,,
2026-05-03T08:43:57,one_step_benchmark,generated/benchmark_stage2_shortlist_v1,generated/benchmark_stage2_shortlist_v1/benchmark_results.csv,helmholtz_dirichlet_positive_WNO-style_19,helmholtz_dirichlet_positive,helmholtz_dirichlet,positive,tcno_reference,WNO-style,WNO-style [tcno-ref],19,36,8,,,,,0.06162135129007577,,,,0.0047576637007296085,0.004465366614105816,,,,,,,,,,65.63793769999756,399297,192,192,<LOCAL_ROOT>\tcno_icml2026_draft\generated\trainable_runs\train96_val24_test24_ep36_b8_h32_l3_m12_a1p0_s0p015_ps32_st16_tmlocal\helmholtz_dirichlet_positive\wno-style\seed-0019\result.json,,,,,,,3,1,0.9771763039519706,,,,,,,,,,,,,,,,,,,,,,,,,,,,,,,,,,,,,,,
2026-05-03T08:43:57,one_step_benchmark,generated/benchmark_stage2_shortlist_v1,generated/benchmark_stage2_shortlist_v1/benchmark_results.csv,helmholtz_highk_positive_FNO_11,helmholtz_highk_positive,helmholtz_highk,positive,tcno_reference,FNO,FNO [tcno-ref],11,36,8,,,,,0.11607951397550849,,,,0.014180600643157959,0.011637504564851719,,,,,,,,,,21.05169290000049,446753,192,192,<LOCAL_ROOT>\tcno_icml2026_draft\generated\trainable_runs\train96_val24_test24_ep36_b8_h32_l3_m12_a1p0_s0p015_ps32_st16_tmlearned_local\helmholtz_highk_positive\fno\seed-0011\result.json,,,,,,,3,1,0.9078625633415319,,,,,,,,,,,,,,,,,,,,,,,,,,,,,,,,,,,,,,,
2026-05-03T08:43:57,one_step_benchmark,generated/benchmark_stage2_shortlist_v1,generated/benchmark_stage2_shortlist_v1/benchmark_results.csv,helmholtz_highk_positive_FNO_19,helmholtz_highk_positive,helmholtz_highk,positive,tcno_reference,FNO,FNO [tcno-ref],19,36,8,,,,,0.1140699619739956,,,,0.013856166042387486,0.011578838119129367,,,,,,,,,,20.779117300000507,446753,192,192,<LOCAL_ROOT>\tcno_icml2026_draft\generated\trainable_runs\train96_val24_test24_ep36_b8_h32_l3_m12_a1p0_s0p015_ps32_st16_tmlearned_local\helmholtz_highk_positive\fno\seed-0019\result.json,,,,,,,3,1,0.9079548200200901,,,,,,,,,,,,,,,,,,,,,,,,,,,,,,,,,,,,,,,
2026-05-03T08:43:57,one_step_benchmark,generated/benchmark_stage2_shortlist_v1,generated/benchmark_stage2_shortlist_v1/benchmark_results.csv,helmholtz_highk_positive_UNO_11,helmholtz_highk_positive,helmholtz_highk,positive,tcno_reference,UNO,UNO [tcno-ref],11,36,8,,,,,0.05005654340976218,,,,0.0029313904233276844,0.007268459414958082,,,,,,,,,,34.570331000000806,1195425,192,192,<LOCAL_ROOT>\tcno_icml2026_draft\generated\trainable_runs\train96_val24_test24_ep36_b8_h32_l3_m12_a1p0_s0p015_ps32_st16_tmlearned_local\helmholtz_highk_positive\uno\seed-0011\result.json,,,,,,,3,1,0.9115921997742517,,,,,,,,,,,,,,,,,,,,,,,,,,,,,,,,,,,,,,,
2026-05-03T08:43:57,one_step_benchmark,generated/benchmark_stage2_shortlist_v1,generated/benchmark_stage2_shortlist_v1/benchmark_results.csv,helmholtz_highk_positive_UNO_19,helmholtz_highk_positive,helmholtz_highk,positive,tcno_reference,UNO,UNO [tcno-ref],19,36,8,,,,,0.052401313615803545,,,,0.003047035541385412,0.004862724021448703,,,,,,,,,,75.74852510000164,1195425,192,192,<LOCAL_ROOT>\tcno_icml2026_draft\generated\trainable_runs\train96_val24_test24_ep36_b8_h32_l3_m12_a1p0_s0p015_ps32_st16_tmlearned_local\helmholtz_highk_positive\uno\seed-0019\result.json,,,,,,,3,1,0.9115390058917985,,,,,,,,,,,,,,,,,,,,,,,,,,,,,,,,,,,,,,,
2026-05-03T08:43:57,one_step_benchmark,generated/benchmark_stage2_shortlist_v1,generated/benchmark_stage2_shortlist_v1/benchmark_results.csv,helmholtz_highk_positive_WNO-style_11,helmholtz_highk_positive,helmholtz_highk,positive,tcno_reference,WNO-style,WNO-style [tcno-ref],11,36,8,,,,,0.09071183376582843,,,,0.008951873518526554,0.00673643898067645,,,,,,,,,,35.773378500000035,399297,192,192,<LOCAL_ROOT>\tcno_icml2026_draft\generated\trainable_runs\train96_val24_test24_ep36_b8_h32_l3_m12_a1p0_s0p015_ps32_st16_tmlearned_local\helmholtz_highk_positive\wno-style\seed-0011\result.json,,,,,,,3,1,0.9095612326174033,,,,,,,,,,,,,,,,,,,,,,,,,,,,,,,,,,,,,,,
2026-05-03T08:43:57,one_step_benchmark,generated/benchmark_stage2_shortlist_v1,generated/benchmark_stage2_shortlist_v1/benchmark_results.csv,helmholtz_highk_positive_WNO-style_19,helmholtz_highk_positive,helmholtz_highk,positive,tcno_reference,WNO-style,WNO-style [tcno-ref],19,36,8,,,,,0.08941969462507986,,,,0.00856097973883152,0.006862553089944348,,,,,,,,,,33.55592780000006,399297,192,192,<LOCAL_ROOT>\tcno_icml2026_draft\generated\trainable_runs\train96_val24_test24_ep36_b8_h32_l3_m12_a1p0_s0p015_ps32_st16_tmlearned_local\helmholtz_highk_positive\wno-style\seed-0019\result.json,,,,,,,3,1,0.9096060970951272,,,,,,,,,,,,,,,,,,,,,,,,,,,,,,,,,,,,,,,
2026-05-03T08:43:57,one_step_benchmark,generated/benchmark_stage2_shortlist_v1,generated/benchmark_stage2_shortlist_v1/benchmark_results.csv,helmholtz_variable_control_FNO_11,helmholtz_variable_control,helmholtz_variable,control,tcno_reference,FNO,FNO [tcno-ref],11,36,8,,,,,0.033140461614481115,,,,0.0012276378693059087,0.0033538395939333664,,,,,,,,,,19.939127499997994,446753,192,192,<LOCAL_ROOT>\tcno_icml2026_draft\generated\trainable_runs\train96_val24_test24_ep36_b8_h32_l3_m12_a1p0_s0p015_ps32_st16_tmlocal\helmholtz_variable_control\fno\seed-0011\result.json,,,,,,,3,1,0.22096329163239606,,,,,,,,,,,,,,,,,,,,,,,,,,,,,,,,,,,,,,,
2026-05-03T08:43:57,one_step_benchmark,generated/benchmark_stage2_shortlist_v1,generated/benchmark_stage2_shortlist_v1/benchmark_results.csv,helmholtz_variable_control_FNO_19,helmholtz_variable_control,helmholtz_variable,control,tcno_reference,FNO,FNO [tcno-ref],19,36,8,,,,,0.033902129205357914,,,,0.001287110149860382,0.0033032517618427127,,,,,,,,,,19.905325700001413,446753,192,192,<LOCAL_ROOT>\tcno_icml2026_draft\generated\trainable_runs\train96_val24_test24_ep36_b8_h32_l3_m12_a1p0_s0p015_ps32_st16_tmlocal\helmholtz_variable_control\fno\seed-0019\result.json,,,,,,,3,1,0.2210192568311735,,,,,,,,,,,,,,,,,,,,,,,,,,,,,,,,,,,,,,,
2026-05-03T08:43:57,one_step_benchmark,generated/benchmark_stage2_shortlist_v1,generated/benchmark_stage2_shortlist_v1/benchmark_results.csv,helmholtz_variable_control_UNO_11,helmholtz_variable_control,helmholtz_variable,control,tcno_reference,UNO,UNO [tcno-ref],11,36,8,,,,,0.027456572561331893,,,,0.000841007858980447,0.0033085330129419017,,,,,,,,,,35.14630430000034,1195425,192,192,<LOCAL_ROOT>\tcno_icml2026_draft\generated\trainable_runs\train96_val24_test24_ep36_b8_h32_l3_m12_a1p0_s0p015_ps32_st16_tmlearned_local\helmholtz_variable_control\uno\seed-0011\result.json,,,,,,,3,1,0.2214044283002371,,,,,,,,,,,,,,,,,,,,,,,,,,,,,,,,,,,,,,,
2026-05-03T08:43:57,one_step_benchmark,generated/benchmark_stage2_shortlist_v1,generated/benchmark_stage2_shortlist_v1/benchmark_results.csv,helmholtz_variable_control_UNO_19,helmholtz_variable_control,helmholtz_variable,control,tcno_reference,UNO,UNO [tcno-ref],19,36,8,,,,,0.021339720568639142,,,,0.0005089156911708415,0.0009829171312117618,,,,,,,,,,33.071999900001174,1195425,192,192,<LOCAL_ROOT>\tcno_icml2026_draft\generated\trainable_runs\train96_val24_test24_ep36_b8_h32_l3_m12_a1p0_s0p015_ps32_st16_tmlearned_local\helmholtz_variable_control\uno\seed-0019\result.json,,,,,,,3,1,0.22041800272253664,,,,,,,,,,,,,,,,,,,,,,,,,,,,,,,,,,,,,,,
2026-05-03T08:43:57,one_step_benchmark,generated/benchmark_stage2_shortlist_v1,generated/benchmark_stage2_shortlist_v1/benchmark_results.csv,helmholtz_variable_control_WNO-style_11,helmholtz_variable_control,helmholtz_variable,control,tcno_reference,WNO-style,WNO-style [tcno-ref],11,36,8,,,,,0.026985047441675198,,,,0.0008102692081592977,0.0028208686991897766,,,,,,,,,,33.17164529999718,399297,192,192,<LOCAL_ROOT>\tcno_icml2026_draft\generated\trainable_runs\train96_val24_test24_ep36_b8_h32_l3_m12_a1p0_s0p015_ps32_st16_tmlocal\helmholtz_variable_control\wno-style\seed-0011\result.json,,,,,,,3,1,0.2210612496855691,,,,,,,,,,,,,,,,,,,,,,,,,,,,,,,,,,,,,,,
2026-05-03T08:43:57,one_step_benchmark,generated/benchmark_stage2_shortlist_v1,generated/benchmark_stage2_shortlist_v1/benchmark_results.csv,helmholtz_variable_control_WNO-style_19,helmholtz_variable_control,helmholtz_variable,control,tcno_reference,WNO-style,WNO-style [tcno-ref],19,36,8,,,,,0.028806339733530664,,,,0.000937475822865963,0.0031118183125450403,,,,,,,,,,33.089135300000635,399297,192,192,<LOCAL_ROOT>\tcno_icml2026_draft\generated\trainable_runs\train96_val24_test24_ep36_b8_h32_l3_m12_a1p0_s0p015_ps32_st16_tmlocal\helmholtz_variable_control\wno-style\seed-0019\result.json,,,,,,,3,1,0.2211836165971576,,,,,,,,,,,,,,,,,,,,,,,,,,,,,,,,,,,,,,,
2026-05-03T08:43:57,one_step_benchmark,generated/benchmark_stage2_shortlist_v1,generated/benchmark_stage2_shortlist_v1/benchmark_results.csv,helmholtz_variable_positive_FNO_11,helmholtz_variable_positive,helmholtz_variable,positive,tcno_reference,FNO,FNO [tcno-ref],11,36,8,,,,,0.12424605163954706,,,,0.017535066232085228,0.018910490842179595,,,,,,,,,,19.88493539999763,446753,192,192,<LOCAL_ROOT>\tcno_icml2026_draft\generated\trainable_runs\train96_val24_test24_ep36_b8_h32_l3_m12_a1p0_s0p015_ps32_st16_tmlocal\helmholtz_variable_positive\fno\seed-0011\result.json,,,,,,,3,1,0.22229894418146637,,,,,,,,,,,,,,,,,,,,,,,,,,,,,,,,,,,,,,,
2026-05-03T08:43:57,one_step_benchmark,generated/benchmark_stage2_shortlist_v1,generated/benchmark_stage2_shortlist_v1/benchmark_results.csv,helmholtz_variable_positive_FNO_19,helmholtz_variable_positive,helmholtz_variable,positive,tcno_reference,FNO,FNO [tcno-ref],19,36,8,,,,,0.11906691713906307,,,,0.015834134072065353,0.018338490880199468,,,,,,,,,,19.858470600000146,446753,192,192,<LOCAL_ROOT>\tcno_icml2026_draft\generated\trainable_runs\train96_val24_test24_ep36_b8_h32_l3_m12_a1p0_s0p015_ps32_st16_tmlocal\helmholtz_variable_positive\fno\seed-0019\result.json,,,,,,,3,1,0.22110649720112652,,,,,,,,,,,,,,,,,,,,,,,,,,,,,,,,,,,,,,,
2026-05-03T08:43:57,one_step_benchmark,generated/benchmark_stage2_shortlist_v1,generated/benchmark_stage2_shortlist_v1/benchmark_results.csv,helmholtz_variable_positive_UNO_11,helmholtz_variable_positive,helmholtz_variable,positive,tcno_reference,UNO,UNO [tcno-ref],11,36,8,,,,,0.04559435111490212,,,,0.0021348719019442797,0.004168530287291924,,,,,,,,,,33.43360019999818,1195425,192,192,<LOCAL_ROOT>\tcno_icml2026_draft\generated\trainable_runs\train96_val24_test24_ep36_b8_h32_l3_m12_a1p0_s0p015_ps32_st16_tmlocal\helmholtz_variable_positive\uno\seed-0011\result.json,,,,,,,3,1,0.21991480608072447,,,,,,,,,,,,,,,,,,,,,,,,,,,,,,,,,,,,,,,
2026-05-03T08:43:57,one_step_benchmark,generated/benchmark_stage2_shortlist_v1,generated/benchmark_stage2_shortlist_v1/benchmark_results.csv,helmholtz_variable_positive_UNO_19,helmholtz_variable_positive,helmholtz_variable,positive,tcno_reference,UNO,UNO [tcno-ref],19,36,8,,,,,0.038890164505781505,,,,0.0015338885132223368,0.004446595209859017,,,,,,,,,,33.34946629999831,1195425,192,192,<LOCAL_ROOT>\tcno_icml2026_draft\generated\trainable_runs\train96_val24_test24_ep36_b8_h32_l3_m12_a1p0_s0p015_ps32_st16_tmlocal\helmholtz_variable_positive\uno\seed-0019\result.json,,,,,,,3,1,0.21959572730096824,,,,,,,,,,,,,,,,,,,,,,,,,,,,,,,,,,,,,,,
2026-05-03T08:43:57,one_step_benchmark,generated/benchmark_stage2_shortlist_v1,generated/benchmark_stage2_shortlist_v1/benchmark_results.csv,helmholtz_variable_positive_WNO-style_11,helmholtz_variable_positive,helmholtz_variable,positive,tcno_reference,WNO-style,WNO-style [tcno-ref],11,36,8,,,,,0.09344503821952854,,,,0.009629033505916595,0.014372063014882136,,,,,,,,,,33.249881699997786,399297,192,192,<LOCAL_ROOT>\tcno_icml2026_draft\generated\trainable_runs\train96_val24_test24_ep36_b8_h32_l3_m12_a1p0_s0p015_ps32_st16_tmlocal\helmholtz_variable_positive\wno-style\seed-0011\result.json,,,,,,,3,1,0.22075700698178294,,,,,,,,,,,,,,,,,,,,,,,,,,,,,,,,,,,,,,,
2026-05-03T08:43:57,one_step_benchmark,generated/benchmark_stage2_shortlist_v1,generated/benchmark_stage2_shortlist_v1/benchmark_results.csv,helmholtz_variable_positive_WNO-style_19,helmholtz_variable_positive,helmholtz_variable,positive,tcno_reference,WNO-style,WNO-style [tcno-ref],19,36,8,,,,,0.09042744394539644,,,,0.009022368118166924,0.01486299287071187,,,,,,,,,,33.01490120000017,399297,192,192,<LOCAL_ROOT>\tcno_icml2026_draft\generated\trainable_runs\train96_val24_test24_ep36_b8_h32_l3_m12_a1p0_s0p015_ps32_st16_tmlocal\helmholtz_variable_positive\wno-style\seed-0019\result.json,,,,,,,3,1,0.220447703104968,,,,,,,,,,,,,,,,,,,,,,,,,,,,,,,,,,,,,,,
2026-05-03T08:43:57,one_step_benchmark,generated/benchmark_stage2_shortlist_v1,generated/benchmark_stage2_shortlist_v1/benchmark_results.csv,diffusion_neumann_control_DCR-NO_7,diffusion_neumann_control,diffusion_neumann_control,benchmark,dmno_reference,DCR-NO,DCR-NO [dmno-ref],7,120,,,,,,0.006029935929730175,,,,1.5252129742293619e-05,,,,,,,,,,,,,,,<LOCAL_ROOT>\DMNO_EXP\artifacts\benchmark_paper120\results\diffusion-neumann-control\dcr-no\seed-0007\result.json,0.001,,,,,,,1,,,,,,,,,,,,,,,,,,,,,,,,,,,,,,,,,,,,,,,,
2026-05-03T08:43:57,one_step_benchmark,generated/benchmark_stage2_shortlist_v1,generated/benchmark_stage2_shortlist_v1/benchmark_results.csv,diffusion_neumann_control_DCR-NO_17,diffusion_neumann_control,diffusion_neumann_control,benchmark,dmno_reference,DCR-NO,DCR-NO [dmno-ref],17,120,,,,,,0.006030565160042924,,,,1.528881512058433e-05,,,,,,,,,,,,,,,<LOCAL_ROOT>\DMNO_EXP\artifacts\benchmark_paper120\results\diffusion-neumann-control\dcr-no\seed-0017\result.json,0.001,,,,,,,1,,,,,,,,,,,,,,,,,,,,,,,,,,,,,,,,,,,,,,,,
2026-05-03T08:43:57,one_step_benchmark,generated/benchmark_stage2_shortlist_v1,generated/benchmark_stage2_shortlist_v1/benchmark_results.csv,diffusion_neumann_control_DCR-NO_27,diffusion_neumann_control,diffusion_neumann_control,benchmark,dmno_reference,DCR-NO,DCR-NO [dmno-ref],27,120,,,,,,0.0060262791948756,,,,1.528224856883753e-05,,,,,,,,,,,,,,,<LOCAL_ROOT>\DMNO_EXP\artifacts\benchmark_paper120\results\diffusion-neumann-control\dcr-no\seed-0027\result.json,0.001,,,,,,,1,,,,,,,,,,,,,,,,,,,,,,,,,,,,,,,,,,,,,,,,
2026-05-03T08:43:57,one_step_benchmark,generated/benchmark_stage2_shortlist_v1,generated/benchmark_stage2_shortlist_v1/benchmark_results.csv,diffusion_neumann_positive_DCR-NO_7,diffusion_neumann_positive,diffusion_neumann_positive,benchmark,dmno_reference,DCR-NO,DCR-NO [dmno-ref],7,120,,,,,,0.21567657297570875,,,,0.014316493645310402,,,,,,,,,,,,,,,<LOCAL_ROOT>\DMNO_EXP\artifacts\benchmark_paper120\results\diffusion-neumann-positive\dcr-no\seed-0007\result.json,0.001,,,,,,,1,,,,,,,,,,,,,,,,,,,,,,,,,,,,,,,,,,,,,,,,
2026-05-03T08:43:57,one_step_benchmark,generated/benchmark_stage2_shortlist_v1,generated/benchmark_stage2_shortlist_v1/benchmark_results.csv,diffusion_neumann_positive_DCR-NO_17,diffusion_neumann_positive,diffusion_neumann_positive,benchmark,dmno_reference,DCR-NO,DCR-NO [dmno-ref],17,120,,,,,,0.21642706000492118,,,,0.015001625753939152,,,,,,,,,,,,,,,<LOCAL_ROOT>\DMNO_EXP\artifacts\benchmark_paper120\results\diffusion-neumann-positive\dcr-no\seed-0017\result.json,0.001,,,,,,,1,,,,,,,,,,,,,,,,,,,,,,,,,,,,,,,,,,,,,,,,
2026-05-03T08:43:57,one_step_benchmark,generated/benchmark_stage2_shortlist_v1,generated/benchmark_stage2_shortlist_v1/benchmark_results.csv,diffusion_neumann_positive_DCR-NO_27,diffusion_neumann_positive,diffusion_neumann_positive,benchmark,dmno_reference,DCR-NO,DCR-NO [dmno-ref],27,120,,,,,,0.2207731416183404,,,,0.014923658221960068,,,,,,,,,,,,,,,<LOCAL_ROOT>\DMNO_EXP\artifacts\benchmark_paper120\results\diffusion-neumann-positive\dcr-no\seed-0027\result.json,0.001,,,,,,,1,,,,,,,,,,,,,,,,,,,,,,,,,,,,,,,,,,,,,,,,
2026-05-03T08:43:57,one_step_benchmark,generated/benchmark_stage2_shortlist_v1,generated/benchmark_stage2_shortlist_v1/benchmark_results.csv,helmholtz_dirichlet_control_DCR-NO_7,helmholtz_dirichlet_control,helmholtz_dirichlet_control,benchmark,dmno_reference,DCR-NO,DCR-NO [dmno-ref],7,120,,,,,,0.002663123709260629,,,,4.172611625108402e-06,,,,,,,,,,,,,,,<LOCAL_ROOT>\DMNO_EXP\artifacts\benchmark_paper120\results\helmholtz-dirichlet-control\dcr-no\seed-0007\result.json,0.001,,,,,,,1,,,,,,,,,,,,,,,,,,,,,,,,,,,,,,,,,,,,,,,,
2026-05-03T08:43:57,one_step_benchmark,generated/benchmark_stage2_shortlist_v1,generated/benchmark_stage2_shortlist_v1/benchmark_results.csv,helmholtz_dirichlet_control_DCR-NO_17,helmholtz_dirichlet_control,helmholtz_dirichlet_control,benchmark,dmno_reference,DCR-NO,DCR-NO [dmno-ref],17,120,,,,,,0.002663149457807328,,,,4.172611625108402e-06,,,,,,,,,,,,,,,<LOCAL_ROOT>\DMNO_EXP\artifacts\benchmark_paper120\results\helmholtz-dirichlet-control\dcr-no\seed-0017\result.json,0.001,,,,,,,1,,,,,,,,,,,,,,,,,,,,,,,,,,,,,,,,,,,,,,,,
2026-05-03T08:43:57,one_step_benchmark,generated/benchmark_stage2_shortlist_v1,generated/benchmark_stage2_shortlist_v1/benchmark_results.csv,helmholtz_dirichlet_control_DCR-NO_27,helmholtz_dirichlet_control,helmholtz_dirichlet_control,benchmark,dmno_reference,DCR-NO,DCR-NO [dmno-ref],27,120,,,,,,0.002662878906574425,,,,4.1726102608663496e-06,,,,,,,,,,,,,,,<LOCAL_ROOT>\DMNO_EXP\artifacts\benchmark_paper120\results\helmholtz-dirichlet-control\dcr-no\seed-0027\result.json,0.001,,,,,,,1,,,,,,,,,,,,,,,,,,,,,,,,,,,,,,,,,,,,,,,,
2026-05-03T08:43:57,one_step_benchmark,generated/benchmark_stage2_shortlist_v1,generated/benchmark_stage2_shortlist_v1/benchmark_results.csv,helmholtz_dirichlet_positive_DCR-NO_7,helmholtz_dirichlet_positive,helmholtz_dirichlet_positive,benchmark,dmno_reference,DCR-NO,DCR-NO [dmno-ref],7,120,,,,,,0.57130441880181,,,,0.203396737575531,,,,,,,,,,,,,,,<LOCAL_ROOT>\DMNO_EXP\artifacts\benchmark_paper120\results\helmholtz-dirichlet-positive\dcr-no\seed-0007\result.json,0.001,,,,,,,1,,,,,,,,,,,,,,,,,,,,,,,,,,,,,,,,,,,,,,,,
2026-05-03T08:43:57,one_step_benchmark,generated/benchmark_stage2_shortlist_v1,generated/benchmark_stage2_shortlist_v1/benchmark_results.csv,helmholtz_dirichlet_positive_DCR-NO_17,helmholtz_dirichlet_positive,helmholtz_dirichlet_positive,benchmark,dmno_reference,DCR-NO,DCR-NO [dmno-ref],17,120,,,,,,0.5660282302829232,,,,0.2058219164609909,,,,,,,,,,,,,,,<LOCAL_ROOT>\DMNO_EXP\artifacts\benchmark_paper120\results\helmholtz-dirichlet-positive\dcr-no\seed-0017\result.json,0.001,,,,,,,1,,,,,,,,,,,,,,,,,,,,,,,,,,,,,,,,,,,,,,,,
2026-05-03T08:43:57,one_step_benchmark,generated/benchmark_stage2_shortlist_v1,generated/benchmark_stage2_shortlist_v1/benchmark_results.csv,helmholtz_dirichlet_positive_DCR-NO_27,helmholtz_dirichlet_positive,helmholtz_dirichlet_positive,benchmark,dmno_reference,DCR-NO,DCR-NO [dmno-ref],27,120,,,,,,0.5697621297925941,,,,0.19864079356193542,,,,,,,,,,,,,,,<LOCAL_ROOT>\DMNO_EXP\artifacts\benchmark_paper120\results\helmholtz-dirichlet-positive\dcr-no\seed-0027\result.json,0.001,,,,,,,1,,,,,,,,,,,,,,,,,,,,,,,,,,,,,,,,,,,,,,,,
2026-05-03T08:43:57,one_step_benchmark,generated/benchmark_stage2_shortlist_v1,generated/benchmark_stage2_shortlist_v1/benchmark_results.csv,diffusion_neumann_control_DCR-NO_7,diffusion_neumann_control,diffusion_neumann_control,benchmark,dmno_reference,DCR-NO,DCR-NO [dmno-ref],7,120,,,,,,0.006029935929730175,,,,1.5252129742293619e-05,,,,,,,,,,,,,,,<LOCAL_ROOT>\DMNO_EXP\artifacts\benchmark_paper120_5seed_v20_36\results\diffusion-neumann-control\dcr-no\seed-0007\result.json,0.001,,,,,,,1,,,,,,,,,,,,,,,,,,,,,,,,,,,,,,,,,,,,,,,,
2026-05-03T08:43:57,one_step_benchmark,generated/benchmark_stage2_shortlist_v1,generated/benchmark_stage2_shortlist_v1/benchmark_results.csv,diffusion_neumann_control_DCR-NO_17,diffusion_neumann_control,diffusion_neumann_control,benchmark,dmno_reference,DCR-NO,DCR-NO [dmno-ref],17,120,,,,,,0.006030565160042924,,,,1.528881512058433e-05,,,,,,,,,,,,,,,<LOCAL_ROOT>\DMNO_EXP\artifacts\benchmark_paper120_5seed_v20_36\results\diffusion-neumann-control\dcr-no\seed-0017\result.json,0.001,,,,,,,1,,,,,,,,,,,,,,,,,,,,,,,,,,,,,,,,,,,,,,,,
2026-05-03T08:43:57,one_step_benchmark,generated/benchmark_stage2_shortlist_v1,generated/benchmark_stage2_shortlist_v1/benchmark_results.csv,diffusion_neumann_control_DCR-NO_27,diffusion_neumann_control,diffusion_neumann_control,benchmark,dmno_reference,DCR-NO,DCR-NO [dmno-ref],27,120,,,,,,0.0060262791948756,,,,1.528224856883753e-05,,,,,,,,,,,,,,,<LOCAL_ROOT>\DMNO_EXP\artifacts\benchmark_paper120_5seed_v20_36\results\diffusion-neumann-control\dcr-no\seed-0027\result.json,0.001,,,,,,,1,,,,,,,,,,,,,,,,,,,,,,,,,,,,,,,,,,,,,,,,
2026-05-03T08:43:57,one_step_benchmark,generated/benchmark_stage2_shortlist_v1,generated/benchmark_stage2_shortlist_v1/benchmark_results.csv,diffusion_neumann_control_DCR-NO_37,diffusion_neumann_control,diffusion_neumann_control,benchmark,dmno_reference,DCR-NO,DCR-NO [dmno-ref],37,120,,,,,,0.0060406023819940995,,,,1.5256340702762827e-05,,,,,,,,,,,,,,,<LOCAL_ROOT>\DMNO_EXP\artifacts\benchmark_paper120_5seed_v20_36\results\diffusion-neumann-control\dcr-no\seed-0037\result.json,0.001,,,,,,,1,,,,,,,,,,,,,,,,,,,,,,,,,,,,,,,,,,,,,,,,
2026-05-03T08:43:57,one_step_benchmark,generated/benchmark_stage2_shortlist_v1,generated/benchmark_stage2_shortlist_v1/benchmark_results.csv,diffusion_neumann_control_DCR-NO_47,diffusion_neumann_control,diffusion_neumann_control,benchmark,dmno_reference,DCR-NO,DCR-NO [dmno-ref],47,120,,,,,,0.006026077389539423,,,,1.5286786947399378e-05,,,,,,,,,,,,,,,<LOCAL_ROOT>\DMNO_EXP\artifacts\benchmark_paper120_5seed_v20_36\results\diffusion-neumann-control\dcr-no\seed-0047\result.json,0.001,,,,,,,1,,,,,,,,,,,,,,,,,,,,,,,,,,,,,,,,,,,,,,,,
2026-05-03T08:43:57,one_step_benchmark,generated/benchmark_stage2_shortlist_v1,generated/benchmark_stage2_shortlist_v1/benchmark_results.csv,diffusion_neumann_positive_DCR-NO_7,diffusion_neumann_positive,diffusion_neumann_positive,benchmark,dmno_reference,DCR-NO,DCR-NO [dmno-ref],7,120,,,,,,0.21567657297570875,,,,0.014316493645310402,,,,,,,,,,,,,,,<LOCAL_ROOT>\DMNO_EXP\artifacts\benchmark_paper120_5seed_v20_36\results\diffusion-neumann-positive\dcr-no\seed-0007\result.json,0.001,,,,,,,1,,,,,,,,,,,,,,,,,,,,,,,,,,,,,,,,,,,,,,,,
2026-05-03T08:43:57,one_step_benchmark,generated/benchmark_stage2_shortlist_v1,generated/benchmark_stage2_shortlist_v1/benchmark_results.csv,diffusion_neumann_positive_DCR-NO_17,diffusion_neumann_positive,diffusion_neumann_positive,benchmark,dmno_reference,DCR-NO,DCR-NO [dmno-ref],17,120,,,,,,0.21642706000492118,,,,0.015001625753939152,,,,,,,,,,,,,,,<LOCAL_ROOT>\DMNO_EXP\artifacts\benchmark_paper120_5seed_v20_36\results\diffusion-neumann-positive\dcr-no\seed-0017\result.json,0.001,,,,,,,1,,,,,,,,,,,,,,,,,,,,,,,,,,,,,,,,,,,,,,,,
2026-05-03T08:43:57,one_step_benchmark,generated/benchmark_stage2_shortlist_v1,generated/benchmark_stage2_shortlist_v1/benchmark_results.csv,diffusion_neumann_positive_DCR-NO_27,diffusion_neumann_positive,diffusion_neumann_positive,benchmark,dmno_reference,DCR-NO,DCR-NO [dmno-ref],27,120,,,,,,0.2207731416183404,,,,0.014923658221960068,,,,,,,,,,,,,,,<LOCAL_ROOT>\DMNO_EXP\artifacts\benchmark_paper120_5seed_v20_36\results\diffusion-neumann-positive\dcr-no\seed-0027\result.json,0.001,,,,,,,1,,,,,,,,,,,,,,,,,,,,,,,,,,,,,,,,,,,,,,,,
2026-05-03T08:43:57,one_step_benchmark,generated/benchmark_stage2_shortlist_v1,generated/benchmark_stage2_shortlist_v1/benchmark_results.csv,diffusion_neumann_positive_DCR-NO_37,diffusion_neumann_positive,diffusion_neumann_positive,benchmark,dmno_reference,DCR-NO,DCR-NO [dmno-ref],37,120,,,,,,0.216477974443284,,,,0.015126567333936691,,,,,,,,,,,,,,,<LOCAL_ROOT>\DMNO_EXP\artifacts\benchmark_paper120_5seed_v20_36\results\diffusion-neumann-positive\dcr-no\seed-0037\result.json,0.001,,,,,,,1,,,,,,,,,,,,,,,,,,,,,,,,,,,,,,,,,,,,,,,,
2026-05-03T08:43:57,one_step_benchmark,generated/benchmark_stage2_shortlist_v1,generated/benchmark_stage2_shortlist_v1/benchmark_results.csv,diffusion_neumann_positive_DCR-NO_47,diffusion_neumann_positive,diffusion_neumann_positive,benchmark,dmno_reference,DCR-NO,DCR-NO [dmno-ref],47,120,,,,,,0.22054341863210677,,,,0.014992445707321167,,,,,,,,,,,,,,,<LOCAL_ROOT>\DMNO_EXP\artifacts\benchmark_paper120_5seed_v20_36\results\diffusion-neumann-positive\dcr-no\seed-0047\result.json,0.001,,,,,,,1,,,,,,,,,,,,,,,,,,,,,,,,,,,,,,,,,,,,,,,,
2026-05-03T08:43:57,one_step_benchmark,generated/benchmark_stage2_shortlist_v1,generated/benchmark_stage2_shortlist_v1/benchmark_results.csv,helmholtz_dirichlet_control_DCR-NO_7,helmholtz_dirichlet_control,helmholtz_dirichlet_control,benchmark,dmno_reference,DCR-NO,DCR-NO [dmno-ref],7,120,,,,,,0.002663123709260629,,,,4.172611625108402e-06,,,,,,,,,,,,,,,<LOCAL_ROOT>\DMNO_EXP\artifacts\benchmark_paper120_5seed_v20_36\results\helmholtz-dirichlet-control\dcr-no\seed-0007\result.json,0.001,,,,,,,1,,,,,,,,,,,,,,,,,,,,,,,,,,,,,,,,,,,,,,,,
2026-05-03T08:43:57,one_step_benchmark,generated/benchmark_stage2_shortlist_v1,generated/benchmark_stage2_shortlist_v1/benchmark_results.csv,helmholtz_dirichlet_control_DCR-NO_17,helmholtz_dirichlet_control,helmholtz_dirichlet_control,benchmark,dmno_reference,DCR-NO,DCR-NO [dmno-ref],17,120,,,,,,0.002663149457807328,,,,4.172611625108402e-06,,,,,,,,,,,,,,,<LOCAL_ROOT>\DMNO_EXP\artifacts\benchmark_paper120_5seed_v20_36\results\helmholtz-dirichlet-control\dcr-no\seed-0017\result.json,0.001,,,,,,,1,,,,,,,,,,,,,,,,,,,,,,,,,,,,,,,,,,,,,,,,
2026-05-03T08:43:57,one_step_benchmark,generated/benchmark_stage2_shortlist_v1,generated/benchmark_stage2_shortlist_v1/benchmark_results.csv,helmholtz_dirichlet_control_DCR-NO_27,helmholtz_dirichlet_control,helmholtz_dirichlet_control,benchmark,dmno_reference,DCR-NO,DCR-NO [dmno-ref],27,120,,,,,,0.002662878906574425,,,,4.1726102608663496e-06,,,,,,,,,,,,,,,<LOCAL_ROOT>\DMNO_EXP\artifacts\benchmark_paper120_5seed_v20_36\results\helmholtz-dirichlet-control\dcr-no\seed-0027\result.json,0.001,,,,,,,1,,,,,,,,,,,,,,,,,,,,,,,,,,,,,,,,,,,,,,,,
2026-05-03T08:43:57,one_step_benchmark,generated/benchmark_stage2_shortlist_v1,generated/benchmark_stage2_shortlist_v1/benchmark_results.csv,helmholtz_dirichlet_control_DCR-NO_37,helmholtz_dirichlet_control,helmholtz_dirichlet_control,benchmark,dmno_reference,DCR-NO,DCR-NO [dmno-ref],37,120,,,,,,0.002664645026408407,,,,4.1726184463186655e-06,,,,,,,,,,,,,,,<LOCAL_ROOT>\DMNO_EXP\artifacts\benchmark_paper120_5seed_v20_36\results\helmholtz-dirichlet-control\dcr-no\seed-0037\result.json,0.001,,,,,,,1,,,,,,,,,,,,,,,,,,,,,,,,,,,,,,,,,,,,,,,,
2026-05-03T08:43:57,one_step_benchmark,generated/benchmark_stage2_shortlist_v1,generated/benchmark_stage2_shortlist_v1/benchmark_results.csv,helmholtz_dirichlet_control_DCR-NO_47,helmholtz_dirichlet_control,helmholtz_dirichlet_control,benchmark,dmno_reference,DCR-NO,DCR-NO [dmno-ref],47,120,,,,,,0.002662562164408078,,,,4.172607987129595e-06,,,,,,,,,,,,,,,<LOCAL_ROOT>\DMNO_EXP\artifacts\benchmark_paper120_5seed_v20_36\results\helmholtz-dirichlet-control\dcr-no\seed-0047\result.json,0.001,,,,,,,1,,,,,,,,,,,,,,,,,,,,,,,,,,,,,,,,,,,,,,,,
2026-05-03T08:43:57,one_step_benchmark,generated/benchmark_stage2_shortlist_v1,generated/benchmark_stage2_shortlist_v1/benchmark_results.csv,helmholtz_dirichlet_positive_DCR-NO_7,helmholtz_dirichlet_positive,helmholtz_dirichlet_positive,benchmark,dmno_reference,DCR-NO,DCR-NO [dmno-ref],7,120,,,,,,0.57130441880181,,,,0.203396737575531,,,,,,,,,,,,,,,<LOCAL_ROOT>\DMNO_EXP\artifacts\benchmark_paper120_5seed_v20_36\results\helmholtz-dirichlet-positive\dcr-no\seed-0007\result.json,0.001,,,,,,,1,,,,,,,,,,,,,,,,,,,,,,,,,,,,,,,,,,,,,,,,
2026-05-03T08:43:57,one_step_benchmark,generated/benchmark_stage2_shortlist_v1,generated/benchmark_stage2_shortlist_v1/benchmark_results.csv,helmholtz_dirichlet_positive_DCR-NO_17,helmholtz_dirichlet_positive,helmholtz_dirichlet_positive,benchmark,dmno_reference,DCR-NO,DCR-NO [dmno-ref],17,120,,,,,,0.5660282302829232,,,,0.2058219164609909,,,,,,,,,,,,,,,<LOCAL_ROOT>\DMNO_EXP\artifacts\benchmark_paper120_5seed_v20_36\results\helmholtz-dirichlet-positive\dcr-no\seed-0017\result.json,0.001,,,,,,,1,,,,,,,,,,,,,,,,,,,,,,,,,,,,,,,,,,,,,,,,
2026-05-03T08:43:57,one_step_benchmark,generated/benchmark_stage2_shortlist_v1,generated/benchmark_stage2_shortlist_v1/benchmark_results.csv,helmholtz_dirichlet_positive_DCR-NO_27,helmholtz_dirichlet_positive,helmholtz_dirichlet_positive,benchmark,dmno_reference,DCR-NO,DCR-NO [dmno-ref],27,120,,,,,,0.5697621297925941,,,,0.19864079356193542,,,,,,,,,,,,,,,<LOCAL_ROOT>\DMNO_EXP\artifacts\benchmark_paper120_5seed_v20_36\results\helmholtz-dirichlet-positive\dcr-no\seed-0027\result.json,0.001,,,,,,,1,,,,,,,,,,,,,,,,,,,,,,,,,,,,,,,,,,,,,,,,
2026-05-03T08:43:57,one_step_benchmark,generated/benchmark_stage2_shortlist_v1,generated/benchmark_stage2_shortlist_v1/benchmark_results.csv,helmholtz_dirichlet_positive_DCR-NO_37,helmholtz_dirichlet_positive,helmholtz_dirichlet_positive,benchmark,dmno_reference,DCR-NO,DCR-NO [dmno-ref],37,120,,,,,,0.5629845784436487,,,,0.2026558518409729,,,,,,,,,,,,,,,<LOCAL_ROOT>\DMNO_EXP\artifacts\benchmark_paper120_5seed_v20_36\results\helmholtz-dirichlet-positive\dcr-no\seed-0037\result.json,0.001,,,,,,,1,,,,,,,,,,,,,,,,,,,,,,,,,,,,,,,,,,,,,,,,
2026-05-03T08:43:57,one_step_benchmark,generated/benchmark_stage2_shortlist_v1,generated/benchmark_stage2_shortlist_v1/benchmark_results.csv,helmholtz_dirichlet_positive_DCR-NO_47,helmholtz_dirichlet_positive,helmholtz_dirichlet_positive,benchmark,dmno_reference,DCR-NO,DCR-NO [dmno-ref],47,120,,,,,,0.5714275825600846,,,,0.20184747874736786,,,,,,,,,,,,,,,<LOCAL_ROOT>\DMNO_EXP\artifacts\benchmark_paper120_5seed_v20_36\results\helmholtz-dirichlet-positive\dcr-no\seed-0047\result.json,0.001,,,,,,,1,,,,,,,,,,,,,,,,,,,,,,,,,,,,,,,,,,,,,,,,
2026-05-03T08:43:57,one_step_benchmark,generated/benchmark_stage2_shortlist_v1,generated/benchmark_stage2_shortlist_v1/benchmark_results.csv,diffusion_neumann_control_DCR-NO_7,diffusion_neumann_control,diffusion_neumann_control,convergence-extension,dmno_reference,DCR-NO,DCR-NO [dmno-ref],7,300,,,,,,0.006031772013114216,,,,1.5259667634381913e-05,,,,,,,,,,,,,,,<LOCAL_ROOT>\DMNO_EXP\artifacts\convergence_extension_convergence300\results\diffusion-neumann-control\dcr-no\seed-0007\result.json,0.001,,,,,,,1,,,,,,,,,,,,,,,,,,,,,,,,,,,,,,,,,,,,,,,,
2026-05-03T08:43:57,one_step_benchmark,generated/benchmark_stage2_shortlist_v1,generated/benchmark_stage2_shortlist_v1/benchmark_results.csv,diffusion_neumann_control_DCR-NO_17,diffusion_neumann_control,diffusion_neumann_control,convergence-extension,dmno_reference,DCR-NO,DCR-NO [dmno-ref],17,300,,,,,,0.006030565160042924,,,,1.527144922874868e-05,,,,,,,,,,,,,,,<LOCAL_ROOT>\DMNO_EXP\artifacts\convergence_extension_convergence300\results\diffusion-neumann-control\dcr-no\seed-0017\result.json,0.001,,,,,,,1,,,,,,,,,,,,,,,,,,,,,,,,,,,,,,,,,,,,,,,,
2026-05-03T08:43:57,one_step_benchmark,generated/benchmark_stage2_shortlist_v1,generated/benchmark_stage2_shortlist_v1/benchmark_results.csv,diffusion_neumann_control_DCR-NO_27,diffusion_neumann_control,diffusion_neumann_control,convergence-extension,dmno_reference,DCR-NO,DCR-NO [dmno-ref],27,300,,,,,,0.006028170489149145,,,,1.5272997188731097e-05,,,,,,,,,,,,,,,<LOCAL_ROOT>\DMNO_EXP\artifacts\convergence_extension_convergence300\results\diffusion-neumann-control\dcr-no\seed-0027\result.json,0.001,,,,,,,1,,,,,,,,,,,,,,,,,,,,,,,,,,,,,,,,,,,,,,,,
2026-05-03T08:43:57,one_step_benchmark,generated/benchmark_stage2_shortlist_v1,generated/benchmark_stage2_shortlist_v1/benchmark_results.csv,diffusion_neumann_positive_DCR-NO_7,diffusion_neumann_positive,diffusion_neumann_positive,convergence-extension,dmno_reference,DCR-NO,DCR-NO [dmno-ref],7,300,,,,,,0.20480377911708603,,,,0.014076665043830872,,,,,,,,,,,,,,,<LOCAL_ROOT>\DMNO_EXP\artifacts\convergence_extension_convergence300\results\diffusion-neumann-positive\dcr-no\seed-0007\result.json,0.001,,,,,,,1,,,,,,,,,,,,,,,,,,,,,,,,,,,,,,,,,,,,,,,,
2026-05-03T08:43:57,one_step_benchmark,generated/benchmark_stage2_shortlist_v1,generated/benchmark_stage2_shortlist_v1/benchmark_results.csv,diffusion_neumann_positive_DCR-NO_17,diffusion_neumann_positive,diffusion_neumann_positive,convergence-extension,dmno_reference,DCR-NO,DCR-NO [dmno-ref],17,300,,,,,,0.2094948361385852,,,,0.014820958487689495,,,,,,,,,,,,,,,<LOCAL_ROOT>\DMNO_EXP\artifacts\convergence_extension_convergence300\results\diffusion-neumann-positive\dcr-no\seed-0017\result.json,0.001,,,,,,,1,,,,,,,,,,,,,,,,,,,,,,,,,,,,,,,,,,,,,,,,
2026-05-03T08:43:57,one_step_benchmark,generated/benchmark_stage2_shortlist_v1,generated/benchmark_stage2_shortlist_v1/benchmark_results.csv,diffusion_neumann_positive_DCR-NO_27,diffusion_neumann_positive,diffusion_neumann_positive,convergence-extension,dmno_reference,DCR-NO,DCR-NO [dmno-ref],27,300,,,,,,0.20978893479762029,,,,0.014778966084122658,,,,,,,,,,,,,,,<LOCAL_ROOT>\DMNO_EXP\artifacts\convergence_extension_convergence300\results\diffusion-neumann-positive\dcr-no\seed-0027\result.json,0.001,,,,,,,1,,,,,,,,,,,,,,,,,,,,,,,,,,,,,,,,,,,,,,,,
2026-05-03T08:43:57,one_step_benchmark,generated/benchmark_stage2_shortlist_v1,generated/benchmark_stage2_shortlist_v1/benchmark_results.csv,diffusion_neumann_control_DCR-NO_7,diffusion_neumann_control,diffusion_neumann_control,convergence-extension,dmno_reference,DCR-NO,DCR-NO [dmno-ref],7,300,,,,,,0.006031772013114216,,,,1.5259667634381913e-05,,,,,,,,,,,,,,,<LOCAL_ROOT>\DMNO_EXP\artifacts\convergence_extension_convergence300_v20_36\results\diffusion-neumann-control\dcr-no\seed-0007\result.json,0.001,,,,,,,1,,,,,,,,,,,,,,,,,,,,,,,,,,,,,,,,,,,,,,,,
2026-05-03T08:43:57,one_step_benchmark,generated/benchmark_stage2_shortlist_v1,generated/benchmark_stage2_shortlist_v1/benchmark_results.csv,diffusion_neumann_control_DCR-NO_17,diffusion_neumann_control,diffusion_neumann_control,convergence-extension,dmno_reference,DCR-NO,DCR-NO [dmno-ref],17,300,,,,,,0.006030565160042924,,,,1.527144922874868e-05,,,,,,,,,,,,,,,<LOCAL_ROOT>\DMNO_EXP\artifacts\convergence_extension_convergence300_v20_36\results\diffusion-neumann-control\dcr-no\seed-0017\result.json,0.001,,,,,,,1,,,,,,,,,,,,,,,,,,,,,,,,,,,,,,,,,,,,,,,,
2026-05-03T08:43:57,one_step_benchmark,generated/benchmark_stage2_shortlist_v1,generated/benchmark_stage2_shortlist_v1/benchmark_results.csv,diffusion_neumann_control_DCR-NO_27,diffusion_neumann_control,diffusion_neumann_control,convergence-extension,dmno_reference,DCR-NO,DCR-NO [dmno-ref],27,300,,,,,,0.006028170489149145,,,,1.5272997188731097e-05,,,,,,,,,,,,,,,<LOCAL_ROOT>\DMNO_EXP\artifacts\convergence_extension_convergence300_v20_36\results\diffusion-neumann-control\dcr-no\seed-0027\result.json,0.001,,,,,,,1,,,,,,,,,,,,,,,,,,,,,,,,,,,,,,,,,,,,,,,,
2026-05-03T08:43:57,one_step_benchmark,generated/benchmark_stage2_shortlist_v1,generated/benchmark_stage2_shortlist_v1/benchmark_results.csv,diffusion_neumann_positive_DCR-NO_7,diffusion_neumann_positive,diffusion_neumann_positive,convergence-extension,dmno_reference,DCR-NO,DCR-NO [dmno-ref],7,300,,,,,,0.20480377911708603,,,,0.014076665043830872,,,,,,,,,,,,,,,<LOCAL_ROOT>\DMNO_EXP\artifacts\convergence_extension_convergence300_v20_36\results\diffusion-neumann-positive\dcr-no\seed-0007\result.json,0.001,,,,,,,1,,,,,,,,,,,,,,,,,,,,,,,,,,,,,,,,,,,,,,,,
2026-05-03T08:43:57,one_step_benchmark,generated/benchmark_stage2_shortlist_v1,generated/benchmark_stage2_shortlist_v1/benchmark_results.csv,diffusion_neumann_positive_DCR-NO_17,diffusion_neumann_positive,diffusion_neumann_positive,convergence-extension,dmno_reference,DCR-NO,DCR-NO [dmno-ref],17,300,,,,,,0.2094948361385852,,,,0.014820958487689495,,,,,,,,,,,,,,,<LOCAL_ROOT>\DMNO_EXP\artifacts\convergence_extension_convergence300_v20_36\results\diffusion-neumann-positive\dcr-no\seed-0017\result.json,0.001,,,,,,,1,,,,,,,,,,,,,,,,,,,,,,,,,,,,,,,,,,,,,,,,
2026-05-03T08:43:57,one_step_benchmark,generated/benchmark_stage2_shortlist_v1,generated/benchmark_stage2_shortlist_v1/benchmark_results.csv,diffusion_neumann_positive_DCR-NO_27,diffusion_neumann_positive,diffusion_neumann_positive,convergence-extension,dmno_reference,DCR-NO,DCR-NO [dmno-ref],27,300,,,,,,0.20978893479762029,,,,0.014778966084122658,,,,,,,,,,,,,,,<LOCAL_ROOT>\DMNO_EXP\artifacts\convergence_extension_convergence300_v20_36\results\diffusion-neumann-positive\dcr-no\seed-0027\result.json,0.001,,,,,,,1,,,,,,,,,,,,,,,,,,,,,,,,,,,,,,,,,,,,,,,,
2026-05-03T08:43:57,one_step_benchmark,generated/benchmark_stage2_shortlist_v1,generated/benchmark_stage2_shortlist_v1/benchmark_results.csv,diffusion_neumann_control_DCR-NO_7,diffusion_neumann_control,diffusion_neumann_control,benchmark,dmno_reference,DCR-NO,DCR-NO [dmno-ref],7,120,,,,,,0.006029935929730175,,,,1.5252129742293619e-05,,,,,,,,,,,,,,,<LOCAL_ROOT>\DMNO_EXP\artifacts\plugin_pilot120\results\diffusion-neumann-control\dcr-no\seed-0007\result.json,0.001,,,,,,,1,,,,,,,,,,,,,,,,,,,,,,,,,,,,,,,,,,,,,,,,
2026-05-03T08:43:57,one_step_benchmark,generated/benchmark_stage2_shortlist_v1,generated/benchmark_stage2_shortlist_v1/benchmark_results.csv,diffusion_neumann_positive_DCR-NO_7,diffusion_neumann_positive,diffusion_neumann_positive,benchmark,dmno_reference,DCR-NO,DCR-NO [dmno-ref],7,120,,,,,,0.21567657297570875,,,,0.014316493645310402,,,,,,,,,,,,,,,<LOCAL_ROOT>\DMNO_EXP\artifacts\plugin_pilot120\results\diffusion-neumann-positive\dcr-no\seed-0007\result.json,0.001,,,,,,,1,,,,,,,,,,,,,,,,,,,,,,,,,,,,,,,,,,,,,,,,
2026-05-03T08:43:57,one_step_benchmark,generated/benchmark_stage2_shortlist_v1,generated/benchmark_stage2_shortlist_v1/benchmark_results.csv,diffusion_neumann_control_DCR-NO_7,diffusion_neumann_control,diffusion_neumann_control,tau0-ablation,dmno_reference,DCR-NO,DCR-NO [dmno-ref],7,120,,,,,,0.006029493965540768,,,,1.5253511264745612e-05,,,,,,,,,,,,,,,<LOCAL_ROOT>\DMNO_EXP\artifacts\tau0_ablation_paper120\results\diffusion-neumann-control\dcr-no-tau0-0\seed-0007\result.json,0.001,,,,,,,1,,,,,,,,,,,,,,,,,,,,,,,,,,,,,,,,,,,,,,,,
2026-05-03T08:43:57,one_step_benchmark,generated/benchmark_stage2_shortlist_v1,generated/benchmark_stage2_shortlist_v1/benchmark_results.csv,diffusion_neumann_control_DCR-NO_17,diffusion_neumann_control,diffusion_neumann_control,tau0-ablation,dmno_reference,DCR-NO,DCR-NO [dmno-ref],17,120,,,,,,0.006030565160042924,,,,1.528881512058433e-05,,,,,,,,,,,,,,,<LOCAL_ROOT>\DMNO_EXP\artifacts\tau0_ablation_paper120\results\diffusion-neumann-control\dcr-no-tau0-0\seed-0017\result.json,0.001,,,,,,,1,,,,,,,,,,,,,,,,,,,,,,,,,,,,,,,,,,,,,,,,
2026-05-03T08:43:57,one_step_benchmark,generated/benchmark_stage2_shortlist_v1,generated/benchmark_stage2_shortlist_v1/benchmark_results.csv,diffusion_neumann_control_DCR-NO_27,diffusion_neumann_control,diffusion_neumann_control,tau0-ablation,dmno_reference,DCR-NO,DCR-NO [dmno-ref],27,120,,,,,,0.0060262791948756,,,,1.528224856883753e-05,,,,,,,,,,,,,,,<LOCAL_ROOT>\DMNO_EXP\artifacts\tau0_ablation_paper120\results\diffusion-neumann-control\dcr-no-tau0-0\seed-0027\result.json,0.001,,,,,,,1,,,,,,,,,,,,,,,,,,,,,,,,,,,,,,,,,,,,,,,,
2026-05-03T08:43:57,one_step_benchmark,generated/benchmark_stage2_shortlist_v1,generated/benchmark_stage2_shortlist_v1/benchmark_results.csv,diffusion_neumann_control_DCR-NO_7,diffusion_neumann_control,diffusion_neumann_control,tau0-ablation,dmno_reference,DCR-NO,DCR-NO [dmno-ref],7,120,,,,,,0.006029932793964513,,,,1.525233074062271e-05,,,,,,,,,,,,,,,<LOCAL_ROOT>\DMNO_EXP\artifacts\tau0_ablation_paper120\results\diffusion-neumann-control\dcr-no-tau0-0-1\seed-0007\result.json,0.001,,,,,,,1,,,,,,,,,,,,,,,,,,,,,,,,,,,,,,,,,,,,,,,,
2026-05-03T08:43:57,one_step_benchmark,generated/benchmark_stage2_shortlist_v1,generated/benchmark_stage2_shortlist_v1/benchmark_results.csv,diffusion_neumann_control_DCR-NO_17,diffusion_neumann_control,diffusion_neumann_control,tau0-ablation,dmno_reference,DCR-NO,DCR-NO [dmno-ref],17,120,,,,,,0.006030570106645763,,,,1.5289273505914025e-05,,,,,,,,,,,,,,,<LOCAL_ROOT>\DMNO_EXP\artifacts\tau0_ablation_paper120\results\diffusion-neumann-control\dcr-no-tau0-0-1\seed-0017\result.json,0.001,,,,,,,1,,,,,,,,,,,,,,,,,,,,,,,,,,,,,,,,,,,,,,,,
2026-05-03T08:43:57,one_step_benchmark,generated/benchmark_stage2_shortlist_v1,generated/benchmark_stage2_shortlist_v1/benchmark_results.csv,diffusion_neumann_control_DCR-NO_27,diffusion_neumann_control,diffusion_neumann_control,tau0-ablation,dmno_reference,DCR-NO,DCR-NO [dmno-ref],27,120,,,,,,0.0060262858900697385,,,,1.5282450476661325e-05,,,,,,,,,,,,,,,<LOCAL_ROOT>\DMNO_EXP\artifacts\tau0_ablation_paper120\results\diffusion-neumann-control\dcr-no-tau0-0-1\seed-0027\result.json,0.001,,,,,,,1,,,,,,,,,,,,,,,,,,,,,,,,,,,,,,,,,,,,,,,,
2026-05-03T08:43:57,one_step_benchmark,generated/benchmark_stage2_shortlist_v1,generated/benchmark_stage2_shortlist_v1/benchmark_results.csv,diffusion_neumann_control_DCR-NO_7,diffusion_neumann_control,diffusion_neumann_control,tau0-ablation,dmno_reference,DCR-NO,DCR-NO [dmno-ref],7,120,,,,,,0.006030152921249823,,,,1.525414609204745e-05,,,,,,,,,,,,,,,<LOCAL_ROOT>\DMNO_EXP\artifacts\tau0_ablation_paper120\results\diffusion-neumann-control\dcr-no-tau0-0-3\seed-0007\result.json,0.001,,,,,,,1,,,,,,,,,,,,,,,,,,,,,,,,,,,,,,,,,,,,,,,,
2026-05-03T08:43:57,one_step_benchmark,generated/benchmark_stage2_shortlist_v1,generated/benchmark_stage2_shortlist_v1/benchmark_results.csv,diffusion_neumann_control_DCR-NO_17,diffusion_neumann_control,diffusion_neumann_control,tau0-ablation,dmno_reference,DCR-NO,DCR-NO [dmno-ref],17,120,,,,,,0.00603077300661279,,,,1.5290821465896443e-05,,,,,,,,,,,,,,,<LOCAL_ROOT>\DMNO_EXP\artifacts\tau0_ablation_paper120\results\diffusion-neumann-control\dcr-no-tau0-0-3\seed-0017\result.json,0.001,,,,,,,1,,,,,,,,,,,,,,,,,,,,,,,,,,,,,,,,,,,,,,,,
2026-05-03T08:43:57,one_step_benchmark,generated/benchmark_stage2_shortlist_v1,generated/benchmark_stage2_shortlist_v1/benchmark_results.csv,diffusion_neumann_control_DCR-NO_27,diffusion_neumann_control,diffusion_neumann_control,tau0-ablation,dmno_reference,DCR-NO,DCR-NO [dmno-ref],27,120,,,,,,0.006026540067998857,,,,1.528426400909666e-05,,,,,,,,,,,,,,,<LOCAL_ROOT>\DMNO_EXP\artifacts\tau0_ablation_paper120\results\diffusion-neumann-control\dcr-no-tau0-0-3\seed-0027\result.json,0.001,,,,,,,1,,,,,,,,,,,,,,,,,,,,,,,,,,,,,,,,,,,,,,,,
2026-05-03T08:43:57,one_step_benchmark,generated/benchmark_stage2_shortlist_v1,generated/benchmark_stage2_shortlist_v1/benchmark_results.csv,diffusion_neumann_control_DCR-NO_7,diffusion_neumann_control,diffusion_neumann_control,tau0-ablation,dmno_reference,DCR-NO,DCR-NO [dmno-ref],7,120,,,,,,0.0060299248979413765,,,,1.526196501799859e-05,,,,,,,,,,,,,,,<LOCAL_ROOT>\DMNO_EXP\artifacts\tau0_ablation_paper120\results\diffusion-neumann-control\dcr-no-tau0-1\seed-0007\result.json,0.001,,,,,,,1,,,,,,,,,,,,,,,,,,,,,,,,,,,,,,,,,,,,,,,,
2026-05-03T08:43:57,one_step_benchmark,generated/benchmark_stage2_shortlist_v1,generated/benchmark_stage2_shortlist_v1/benchmark_results.csv,diffusion_neumann_control_DCR-NO_17,diffusion_neumann_control,diffusion_neumann_control,tau0-ablation,dmno_reference,DCR-NO,DCR-NO [dmno-ref],17,120,,,,,,0.006030954936087418,,,,1.529734618088696e-05,,,,,,,,,,,,,,,<LOCAL_ROOT>\DMNO_EXP\artifacts\tau0_ablation_paper120\results\diffusion-neumann-control\dcr-no-tau0-1\seed-0017\result.json,0.001,,,,,,,1,,,,,,,,,,,,,,,,,,,,,,,,,,,,,,,,,,,,,,,,
2026-05-03T08:43:57,one_step_benchmark,generated/benchmark_stage2_shortlist_v1,generated/benchmark_stage2_shortlist_v1/benchmark_results.csv,diffusion_neumann_control_DCR-NO_27,diffusion_neumann_control,diffusion_neumann_control,tau0-ablation,dmno_reference,DCR-NO,DCR-NO [dmno-ref],27,120,,,,,,0.006027591655572453,,,,1.529078508610837e-05,,,,,,,,,,,,,,,<LOCAL_ROOT>\DMNO_EXP\artifacts\tau0_ablation_paper120\results\diffusion-neumann-control\dcr-no-tau0-1\seed-0027\result.json,0.001,,,,,,,1,,,,,,,,,,,,,,,,,,,,,,,,,,,,,,,,,,,,,,,,
2026-05-03T08:43:57,one_step_benchmark,generated/benchmark_stage2_shortlist_v1,generated/benchmark_stage2_shortlist_v1/benchmark_results.csv,diffusion_neumann_control_DCR-NO_7,diffusion_neumann_control,diffusion_neumann_control,tau0-ablation,dmno_reference,DCR-NO,DCR-NO [dmno-ref],7,120,,,,,,0.006051251427620125,,,,1.5307818102883175e-05,,,,,,,,,,,,,,,<LOCAL_ROOT>\DMNO_EXP\artifacts\tau0_ablation_paper120\results\diffusion-neumann-control\dcr-no-tau0-3\seed-0007\result.json,0.001,,,,,,,1,,,,,,,,,,,,,,,,,,,,,,,,,,,,,,,,,,,,,,,,
2026-05-03T08:43:57,one_step_benchmark,generated/benchmark_stage2_shortlist_v1,generated/benchmark_stage2_shortlist_v1/benchmark_results.csv,diffusion_neumann_control_DCR-NO_17,diffusion_neumann_control,diffusion_neumann_control,tau0-ablation,dmno_reference,DCR-NO,DCR-NO [dmno-ref],17,120,,,,,,0.006057031698513882,,,,1.534485818410758e-05,,,,,,,,,,,,,,,<LOCAL_ROOT>\DMNO_EXP\artifacts\tau0_ablation_paper120\results\diffusion-neumann-control\dcr-no-tau0-3\seed-0017\result.json,0.001,,,,,,,1,,,,,,,,,,,,,,,,,,,,,,,,,,,,,,,,,,,,,,,,
2026-05-03T08:43:57,one_step_benchmark,generated/benchmark_stage2_shortlist_v1,generated/benchmark_stage2_shortlist_v1/benchmark_results.csv,diffusion_neumann_control_DCR-NO_27,diffusion_neumann_control,diffusion_neumann_control,tau0-ablation,dmno_reference,DCR-NO,DCR-NO [dmno-ref],27,120,,,,,,0.006050367914250467,,,,1.5338286175392568e-05,,,,,,,,,,,,,,,<LOCAL_ROOT>\DMNO_EXP\artifacts\tau0_ablation_paper120\results\diffusion-neumann-control\dcr-no-tau0-3\seed-0027\result.json,0.001,,,,,,,1,,,,,,,,,,,,,,,,,,,,,,,,,,,,,,,,,,,,,,,,
2026-05-03T08:43:57,one_step_benchmark,generated/benchmark_stage2_shortlist_v1,generated/benchmark_stage2_shortlist_v1/benchmark_results.csv,diffusion_neumann_positive_DCR-NO_7,diffusion_neumann_positive,diffusion_neumann_positive,tau0-ablation,dmno_reference,DCR-NO,DCR-NO [dmno-ref],7,120,,,,,,0.21567657297570875,,,,0.014316493645310402,,,,,,,,,,,,,,,<LOCAL_ROOT>\DMNO_EXP\artifacts\tau0_ablation_paper120\results\diffusion-neumann-positive\dcr-no-tau0-0\seed-0007\result.json,0.001,,,,,,,1,,,,,,,,,,,,,,,,,,,,,,,,,,,,,,,,,,,,,,,,
2026-05-03T08:43:57,one_step_benchmark,generated/benchmark_stage2_shortlist_v1,generated/benchmark_stage2_shortlist_v1/benchmark_results.csv,diffusion_neumann_positive_DCR-NO_17,diffusion_neumann_positive,diffusion_neumann_positive,tau0-ablation,dmno_reference,DCR-NO,DCR-NO [dmno-ref],17,120,,,,,,0.21642706000492118,,,,0.015001625753939152,,,,,,,,,,,,,,,<LOCAL_ROOT>\DMNO_EXP\artifacts\tau0_ablation_paper120\results\diffusion-neumann-positive\dcr-no-tau0-0\seed-0017\result.json,0.001,,,,,,,1,,,,,,,,,,,,,,,,,,,,,,,,,,,,,,,,,,,,,,,,
2026-05-03T08:43:57,one_step_benchmark,generated/benchmark_stage2_shortlist_v1,generated/benchmark_stage2_shortlist_v1/benchmark_results.csv,diffusion_neumann_positive_DCR-NO_27,diffusion_neumann_positive,diffusion_neumann_positive,tau0-ablation,dmno_reference,DCR-NO,DCR-NO [dmno-ref],27,120,,,,,,0.2207731416183404,,,,0.014923658221960068,,,,,,,,,,,,,,,<LOCAL_ROOT>\DMNO_EXP\artifacts\tau0_ablation_paper120\results\diffusion-neumann-positive\dcr-no-tau0-0\seed-0027\result.json,0.001,,,,,,,1,,,,,,,,,,,,,,,,,,,,,,,,,,,,,,,,,,,,,,,,
2026-05-03T08:43:57,one_step_benchmark,generated/benchmark_stage2_shortlist_v1,generated/benchmark_stage2_shortlist_v1/benchmark_results.csv,diffusion_neumann_positive_DCR-NO_7,diffusion_neumann_positive,diffusion_neumann_positive,tau0-ablation,dmno_reference,DCR-NO,DCR-NO [dmno-ref],7,120,,,,,,0.21541884457692695,,,,0.014340370893478394,,,,,,,,,,,,,,,<LOCAL_ROOT>\DMNO_EXP\artifacts\tau0_ablation_paper120\results\diffusion-neumann-positive\dcr-no-tau0-0-1\seed-0007\result.json,0.001,,,,,,,1,,,,,,,,,,,,,,,,,,,,,,,,,,,,,,,,,,,,,,,,
2026-05-03T08:43:57,one_step_benchmark,generated/benchmark_stage2_shortlist_v1,generated/benchmark_stage2_shortlist_v1/benchmark_results.csv,diffusion_neumann_positive_DCR-NO_17,diffusion_neumann_positive,diffusion_neumann_positive,tau0-ablation,dmno_reference,DCR-NO,DCR-NO [dmno-ref],17,120,,,,,,0.2189272649661417,,,,0.015140275470912457,,,,,,,,,,,,,,,<LOCAL_ROOT>\DMNO_EXP\artifacts\tau0_ablation_paper120\results\diffusion-neumann-positive\dcr-no-tau0-0-1\seed-0017\result.json,0.001,,,,,,,1,,,,,,,,,,,,,,,,,,,,,,,,,,,,,,,,,,,,,,,,
2026-05-03T08:43:57,one_step_benchmark,generated/benchmark_stage2_shortlist_v1,generated/benchmark_stage2_shortlist_v1/benchmark_results.csv,diffusion_neumann_positive_DCR-NO_27,diffusion_neumann_positive,diffusion_neumann_positive,tau0-ablation,dmno_reference,DCR-NO,DCR-NO [dmno-ref],27,120,,,,,,0.22013896120684803,,,,0.015026547014713287,,,,,,,,,,,,,,,<LOCAL_ROOT>\DMNO_EXP\artifacts\tau0_ablation_paper120\results\diffusion-neumann-positive\dcr-no-tau0-0-1\seed-0027\result.json,0.001,,,,,,,1,,,,,,,,,,,,,,,,,,,,,,,,,,,,,,,,,,,,,,,,
2026-05-03T08:43:57,one_step_benchmark,generated/benchmark_stage2_shortlist_v1,generated/benchmark_stage2_shortlist_v1/benchmark_results.csv,diffusion_neumann_positive_DCR-NO_7,diffusion_neumann_positive,diffusion_neumann_positive,tau0-ablation,dmno_reference,DCR-NO,DCR-NO [dmno-ref],7,120,,,,,,0.21580244556576775,,,,0.014467618428170681,,,,,,,,,,,,,,,<LOCAL_ROOT>\DMNO_EXP\artifacts\tau0_ablation_paper120\results\diffusion-neumann-positive\dcr-no-tau0-0-3\seed-0007\result.json,0.001,,,,,,,1,,,,,,,,,,,,,,,,,,,,,,,,,,,,,,,,,,,,,,,,
2026-05-03T08:43:57,one_step_benchmark,generated/benchmark_stage2_shortlist_v1,generated/benchmark_stage2_shortlist_v1/benchmark_results.csv,diffusion_neumann_positive_DCR-NO_17,diffusion_neumann_positive,diffusion_neumann_positive,tau0-ablation,dmno_reference,DCR-NO,DCR-NO [dmno-ref],17,120,,,,,,0.21635154259558867,,,,0.015066715888679028,,,,,,,,,,,,,,,<LOCAL_ROOT>\DMNO_EXP\artifacts\tau0_ablation_paper120\results\diffusion-neumann-positive\dcr-no-tau0-0-3\seed-0017\result.json,0.001,,,,,,,1,,,,,,,,,,,,,,,,,,,,,,,,,,,,,,,,,,,,,,,,
2026-05-03T08:43:57,one_step_benchmark,generated/benchmark_stage2_shortlist_v1,generated/benchmark_stage2_shortlist_v1/benchmark_results.csv,diffusion_neumann_positive_DCR-NO_27,diffusion_neumann_positive,diffusion_neumann_positive,tau0-ablation,dmno_reference,DCR-NO,DCR-NO [dmno-ref],27,120,,,,,,0.21935627708969876,,,,0.01499454490840435,,,,,,,,,,,,,,,<LOCAL_ROOT>\DMNO_EXP\artifacts\tau0_ablation_paper120\results\diffusion-neumann-positive\dcr-no-tau0-0-3\seed-0027\result.json,0.001,,,,,,,1,,,,,,,,,,,,,,,,,,,,,,,,,,,,,,,,,,,,,,,,
2026-05-03T08:43:57,one_step_benchmark,generated/benchmark_stage2_shortlist_v1,generated/benchmark_stage2_shortlist_v1/benchmark_results.csv,diffusion_neumann_positive_DCR-NO_7,diffusion_neumann_positive,diffusion_neumann_positive,tau0-ablation,dmno_reference,DCR-NO,DCR-NO [dmno-ref],7,120,,,,,,0.2166499944038132,,,,0.014483501203358173,,,,,,,,,,,,,,,<LOCAL_ROOT>\DMNO_EXP\artifacts\tau0_ablation_paper120\results\diffusion-neumann-positive\dcr-no-tau0-1\seed-0007\result.json,0.001,,,,,,,1,,,,,,,,,,,,,,,,,,,,,,,,,,,,,,,,,,,,,,,,
2026-05-03T08:43:57,one_step_benchmark,generated/benchmark_stage2_shortlist_v1,generated/benchmark_stage2_shortlist_v1/benchmark_results.csv,diffusion_neumann_positive_DCR-NO_17,diffusion_neumann_positive,diffusion_neumann_positive,tau0-ablation,dmno_reference,DCR-NO,DCR-NO [dmno-ref],17,120,,,,,,0.2202791036648204,,,,0.015176122076809406,,,,,,,,,,,,,,,<LOCAL_ROOT>\DMNO_EXP\artifacts\tau0_ablation_paper120\results\diffusion-neumann-positive\dcr-no-tau0-1\seed-0017\result.json,0.001,,,,,,,1,,,,,,,,,,,,,,,,,,,,,,,,,,,,,,,,,,,,,,,,
2026-05-03T08:43:57,one_step_benchmark,generated/benchmark_stage2_shortlist_v1,generated/benchmark_stage2_shortlist_v1/benchmark_results.csv,diffusion_neumann_positive_DCR-NO_27,diffusion_neumann_positive,diffusion_neumann_positive,tau0-ablation,dmno_reference,DCR-NO,DCR-NO [dmno-ref],27,120,,,,,,0.21815936697902652,,,,0.0149611234664917,,,,,,,,,,,,,,,<LOCAL_ROOT>\DMNO_EXP\artifacts\tau0_ablation_paper120\results\diffusion-neumann-positive\dcr-no-tau0-1\seed-0027\result.json,0.001,,,,,,,1,,,,,,,,,,,,,,,,,,,,,,,,,,,,,,,,,,,,,,,,
2026-05-03T08:43:57,one_step_benchmark,generated/benchmark_stage2_shortlist_v1,generated/benchmark_stage2_shortlist_v1/benchmark_results.csv,diffusion_neumann_positive_DCR-NO_7,diffusion_neumann_positive,diffusion_neumann_positive,tau0-ablation,dmno_reference,DCR-NO,DCR-NO [dmno-ref],7,120,,,,,,0.21896660423450168,,,,0.014870001934468746,,,,,,,,,,,,,,,<LOCAL_ROOT>\DMNO_EXP\artifacts\tau0_ablation_paper120\results\diffusion-neumann-positive\dcr-no-tau0-3\seed-0007\result.json,0.001,,,,,,,1,,,,,,,,,,,,,,,,,,,,,,,,,,,,,,,,,,,,,,,,
2026-05-03T08:43:57,one_step_benchmark,generated/benchmark_stage2_shortlist_v1,generated/benchmark_stage2_shortlist_v1/benchmark_results.csv,diffusion_neumann_positive_DCR-NO_17,diffusion_neumann_positive,diffusion_neumann_positive,tau0-ablation,dmno_reference,DCR-NO,DCR-NO [dmno-ref],17,120,,,,,,0.2201630801699709,,,,0.015214558690786362,,,,,,,,,,,,,,,<LOCAL_ROOT>\DMNO_EXP\artifacts\tau0_ablation_paper120\results\diffusion-neumann-positive\dcr-no-tau0-3\seed-0017\result.json,0.001,,,,,,,1,,,,,,,,,,,,,,,,,,,,,,,,,,,,,,,,,,,,,,,,
2026-05-03T08:43:57,one_step_benchmark,generated/benchmark_stage2_shortlist_v1,generated/benchmark_stage2_shortlist_v1/benchmark_results.csv,diffusion_neumann_positive_DCR-NO_27,diffusion_neumann_positive,diffusion_neumann_positive,tau0-ablation,dmno_reference,DCR-NO,DCR-NO [dmno-ref],27,120,,,,,,0.22016029135366919,,,,0.015162439085543156,,,,,,,,,,,,,,,<LOCAL_ROOT>\DMNO_EXP\artifacts\tau0_ablation_paper120\results\diffusion-neumann-positive\dcr-no-tau0-3\seed-0027\result.json,0.001,,,,,,,1,,,,,,,,,,,,,,,,,,,,,,,,,,,,,,,,,,,,,,,,
2026-05-03T08:43:57,one_step_benchmark,generated/benchmark_stage2_shortlist_v1,generated/benchmark_stage2_shortlist_v1/benchmark_results.csv,helmholtz_dirichlet_control_DCR-NO_7,helmholtz_dirichlet_control,helmholtz_dirichlet_control,tau0-ablation,dmno_reference,DCR-NO,DCR-NO [dmno-ref],7,120,,,,,,0.002663123709260629,,,,4.172611625108402e-06,,,,,,,,,,,,,,,<LOCAL_ROOT>\DMNO_EXP\artifacts\tau0_ablation_paper120\results\helmholtz-dirichlet-control\dcr-no-tau0-0\seed-0007\result.json,0.001,,,,,,,1,,,,,,,,,,,,,,,,,,,,,,,,,,,,,,,,,,,,,,,,
2026-05-03T08:43:57,one_step_benchmark,generated/benchmark_stage2_shortlist_v1,generated/benchmark_stage2_shortlist_v1/benchmark_results.csv,helmholtz_dirichlet_control_DCR-NO_17,helmholtz_dirichlet_control,helmholtz_dirichlet_control,tau0-ablation,dmno_reference,DCR-NO,DCR-NO [dmno-ref],17,120,,,,,,0.002663149457807328,,,,4.172611625108402e-06,,,,,,,,,,,,,,,<LOCAL_ROOT>\DMNO_EXP\artifacts\tau0_ablation_paper120\results\helmholtz-dirichlet-control\dcr-no-tau0-0\seed-0017\result.json,0.001,,,,,,,1,,,,,,,,,,,,,,,,,,,,,,,,,,,,,,,,,,,,,,,,
2026-05-03T08:43:57,one_step_benchmark,generated/benchmark_stage2_shortlist_v1,generated/benchmark_stage2_shortlist_v1/benchmark_results.csv,helmholtz_dirichlet_control_DCR-NO_27,helmholtz_dirichlet_control,helmholtz_dirichlet_control,tau0-ablation,dmno_reference,DCR-NO,DCR-NO [dmno-ref],27,120,,,,,,0.002662878906574425,,,,4.1726102608663496e-06,,,,,,,,,,,,,,,<LOCAL_ROOT>\DMNO_EXP\artifacts\tau0_ablation_paper120\results\helmholtz-dirichlet-control\dcr-no-tau0-0\seed-0027\result.json,0.001,,,,,,,1,,,,,,,,,,,,,,,,,,,,,,,,,,,,,,,,,,,,,,,,
2026-05-03T08:43:57,one_step_benchmark,generated/benchmark_stage2_shortlist_v1,generated/benchmark_stage2_shortlist_v1/benchmark_results.csv,helmholtz_dirichlet_control_DCR-NO_7,helmholtz_dirichlet_control,helmholtz_dirichlet_control,tau0-ablation,dmno_reference,DCR-NO,DCR-NO [dmno-ref],7,120,,,,,,0.002663123709260629,,,,4.172611625108402e-06,,,,,,,,,,,,,,,<LOCAL_ROOT>\DMNO_EXP\artifacts\tau0_ablation_paper120\results\helmholtz-dirichlet-control\dcr-no-tau0-0-1\seed-0007\result.json,0.001,,,,,,,1,,,,,,,,,,,,,,,,,,,,,,,,,,,,,,,,,,,,,,,,
2026-05-03T08:43:57,one_step_benchmark,generated/benchmark_stage2_shortlist_v1,generated/benchmark_stage2_shortlist_v1/benchmark_results.csv,helmholtz_dirichlet_control_DCR-NO_17,helmholtz_dirichlet_control,helmholtz_dirichlet_control,tau0-ablation,dmno_reference,DCR-NO,DCR-NO [dmno-ref],17,120,,,,,,0.002663149457807328,,,,4.172611625108402e-06,,,,,,,,,,,,,,,<LOCAL_ROOT>\DMNO_EXP\artifacts\tau0_ablation_paper120\results\helmholtz-dirichlet-control\dcr-no-tau0-0-1\seed-0017\result.json,0.001,,,,,,,1,,,,,,,,,,,,,,,,,,,,,,,,,,,,,,,,,,,,,,,,
2026-05-03T08:43:57,one_step_benchmark,generated/benchmark_stage2_shortlist_v1,generated/benchmark_stage2_shortlist_v1/benchmark_results.csv,helmholtz_dirichlet_control_DCR-NO_27,helmholtz_dirichlet_control,helmholtz_dirichlet_control,tau0-ablation,dmno_reference,DCR-NO,DCR-NO [dmno-ref],27,120,,,,,,0.002662878906574425,,,,4.1726102608663496e-06,,,,,,,,,,,,,,,<LOCAL_ROOT>\DMNO_EXP\artifacts\tau0_ablation_paper120\results\helmholtz-dirichlet-control\dcr-no-tau0-0-1\seed-0027\result.json,0.001,,,,,,,1,,,,,,,,,,,,,,,,,,,,,,,,,,,,,,,,,,,,,,,,
2026-05-03T08:43:57,one_step_benchmark,generated/benchmark_stage2_shortlist_v1,generated/benchmark_stage2_shortlist_v1/benchmark_results.csv,helmholtz_dirichlet_control_DCR-NO_7,helmholtz_dirichlet_control,helmholtz_dirichlet_control,tau0-ablation,dmno_reference,DCR-NO,DCR-NO [dmno-ref],7,120,,,,,,0.002663123709260629,,,,4.172611625108402e-06,,,,,,,,,,,,,,,<LOCAL_ROOT>\DMNO_EXP\artifacts\tau0_ablation_paper120\results\helmholtz-dirichlet-control\dcr-no-tau0-0-3\seed-0007\result.json,0.001,,,,,,,1,,,,,,,,,,,,,,,,,,,,,,,,,,,,,,,,,,,,,,,,
2026-05-03T08:43:57,one_step_benchmark,generated/benchmark_stage2_shortlist_v1,generated/benchmark_stage2_shortlist_v1/benchmark_results.csv,helmholtz_dirichlet_control_DCR-NO_17,helmholtz_dirichlet_control,helmholtz_dirichlet_control,tau0-ablation,dmno_reference,DCR-NO,DCR-NO [dmno-ref],17,120,,,,,,0.002663149457807328,,,,4.172611625108402e-06,,,,,,,,,,,,,,,<LOCAL_ROOT>\DMNO_EXP\artifacts\tau0_ablation_paper120\results\helmholtz-dirichlet-control\dcr-no-tau0-0-3\seed-0017\result.json,0.001,,,,,,,1,,,,,,,,,,,,,,,,,,,,,,,,,,,,,,,,,,,,,,,,
2026-05-03T08:43:57,one_step_benchmark,generated/benchmark_stage2_shortlist_v1,generated/benchmark_stage2_shortlist_v1/benchmark_results.csv,helmholtz_dirichlet_control_DCR-NO_27,helmholtz_dirichlet_control,helmholtz_dirichlet_control,tau0-ablation,dmno_reference,DCR-NO,DCR-NO [dmno-ref],27,120,,,,,,0.002662878906574425,,,,4.1726102608663496e-06,,,,,,,,,,,,,,,<LOCAL_ROOT>\DMNO_EXP\artifacts\tau0_ablation_paper120\results\helmholtz-dirichlet-control\dcr-no-tau0-0-3\seed-0027\result.json,0.001,,,,,,,1,,,,,,,,,,,,,,,,,,,,,,,,,,,,,,,,,,,,,,,,
2026-05-03T08:43:57,one_step_benchmark,generated/benchmark_stage2_shortlist_v1,generated/benchmark_stage2_shortlist_v1/benchmark_results.csv,helmholtz_dirichlet_control_DCR-NO_7,helmholtz_dirichlet_control,helmholtz_dirichlet_control,tau0-ablation,dmno_reference,DCR-NO,DCR-NO [dmno-ref],7,120,,,,,,0.002663123709260629,,,,4.172611625108402e-06,,,,,,,,,,,,,,,<LOCAL_ROOT>\DMNO_EXP\artifacts\tau0_ablation_paper120\results\helmholtz-dirichlet-control\dcr-no-tau0-1\seed-0007\result.json,0.001,,,,,,,1,,,,,,,,,,,,,,,,,,,,,,,,,,,,,,,,,,,,,,,,
2026-05-03T08:43:57,one_step_benchmark,generated/benchmark_stage2_shortlist_v1,generated/benchmark_stage2_shortlist_v1/benchmark_results.csv,helmholtz_dirichlet_control_DCR-NO_17,helmholtz_dirichlet_control,helmholtz_dirichlet_control,tau0-ablation,dmno_reference,DCR-NO,DCR-NO [dmno-ref],17,120,,,,,,0.002663149457807328,,,,4.172611625108402e-06,,,,,,,,,,,,,,,<LOCAL_ROOT>\DMNO_EXP\artifacts\tau0_ablation_paper120\results\helmholtz-dirichlet-control\dcr-no-tau0-1\seed-0017\result.json,0.001,,,,,,,1,,,,,,,,,,,,,,,,,,,,,,,,,,,,,,,,,,,,,,,,
2026-05-03T08:43:57,one_step_benchmark,generated/benchmark_stage2_shortlist_v1,generated/benchmark_stage2_shortlist_v1/benchmark_results.csv,helmholtz_dirichlet_control_DCR-NO_27,helmholtz_dirichlet_control,helmholtz_dirichlet_control,tau0-ablation,dmno_reference,DCR-NO,DCR-NO [dmno-ref],27,120,,,,,,0.002662878906574425,,,,4.1726102608663496e-06,,,,,,,,,,,,,,,<LOCAL_ROOT>\DMNO_EXP\artifacts\tau0_ablation_paper120\results\helmholtz-dirichlet-control\dcr-no-tau0-1\seed-0027\result.json,0.001,,,,,,,1,,,,,,,,,,,,,,,,,,,,,,,,,,,,,,,,,,,,,,,,
2026-05-03T08:43:57,one_step_benchmark,generated/benchmark_stage2_shortlist_v1,generated/benchmark_stage2_shortlist_v1/benchmark_results.csv,helmholtz_dirichlet_control_DCR-NO_7,helmholtz_dirichlet_control,helmholtz_dirichlet_control,tau0-ablation,dmno_reference,DCR-NO,DCR-NO [dmno-ref],7,120,,,,,,0.002663123709260629,,,,4.172611625108402e-06,,,,,,,,,,,,,,,<LOCAL_ROOT>\DMNO_EXP\artifacts\tau0_ablation_paper120\results\helmholtz-dirichlet-control\dcr-no-tau0-3\seed-0007\result.json,0.001,,,,,,,1,,,,,,,,,,,,,,,,,,,,,,,,,,,,,,,,,,,,,,,,
2026-05-03T08:43:57,one_step_benchmark,generated/benchmark_stage2_shortlist_v1,generated/benchmark_stage2_shortlist_v1/benchmark_results.csv,helmholtz_dirichlet_control_DCR-NO_17,helmholtz_dirichlet_control,helmholtz_dirichlet_control,tau0-ablation,dmno_reference,DCR-NO,DCR-NO [dmno-ref],17,120,,,,,,0.002663149457807328,,,,4.172611625108402e-06,,,,,,,,,,,,,,,<LOCAL_ROOT>\DMNO_EXP\artifacts\tau0_ablation_paper120\results\helmholtz-dirichlet-control\dcr-no-tau0-3\seed-0017\result.json,0.001,,,,,,,1,,,,,,,,,,,,,,,,,,,,,,,,,,,,,,,,,,,,,,,,
2026-05-03T08:43:57,one_step_benchmark,generated/benchmark_stage2_shortlist_v1,generated/benchmark_stage2_shortlist_v1/benchmark_results.csv,helmholtz_dirichlet_control_DCR-NO_27,helmholtz_dirichlet_control,helmholtz_dirichlet_control,tau0-ablation,dmno_reference,DCR-NO,DCR-NO [dmno-ref],27,120,,,,,,0.002662878906574425,,,,4.1726102608663496e-06,,,,,,,,,,,,,,,<LOCAL_ROOT>\DMNO_EXP\artifacts\tau0_ablation_paper120\results\helmholtz-dirichlet-control\dcr-no-tau0-3\seed-0027\result.json,0.001,,,,,,,1,,,,,,,,,,,,,,,,,,,,,,,,,,,,,,,,,,,,,,,,
2026-05-03T08:43:57,one_step_benchmark,generated/benchmark_stage2_shortlist_v1,generated/benchmark_stage2_shortlist_v1/benchmark_results.csv,helmholtz_dirichlet_positive_DCR-NO_7,helmholtz_dirichlet_positive,helmholtz_dirichlet_positive,tau0-ablation,dmno_reference,DCR-NO,DCR-NO [dmno-ref],7,120,,,,,,0.57130441880181,,,,0.203396737575531,,,,,,,,,,,,,,,<LOCAL_ROOT>\DMNO_EXP\artifacts\tau0_ablation_paper120\results\helmholtz-dirichlet-positive\dcr-no-tau0-0\seed-0007\result.json,0.001,,,,,,,1,,,,,,,,,,,,,,,,,,,,,,,,,,,,,,,,,,,,,,,,
2026-05-03T08:43:57,one_step_benchmark,generated/benchmark_stage2_shortlist_v1,generated/benchmark_stage2_shortlist_v1/benchmark_results.csv,helmholtz_dirichlet_positive_DCR-NO_17,helmholtz_dirichlet_positive,helmholtz_dirichlet_positive,tau0-ablation,dmno_reference,DCR-NO,DCR-NO [dmno-ref],17,120,,,,,,0.5660282302829232,,,,0.2058219164609909,,,,,,,,,,,,,,,<LOCAL_ROOT>\DMNO_EXP\artifacts\tau0_ablation_paper120\results\helmholtz-dirichlet-positive\dcr-no-tau0-0\seed-0017\result.json,0.001,,,,,,,1,,,,,,,,,,,,,,,,,,,,,,,,,,,,,,,,,,,,,,,,
2026-05-03T08:43:57,one_step_benchmark,generated/benchmark_stage2_shortlist_v1,generated/benchmark_stage2_shortlist_v1/benchmark_results.csv,helmholtz_dirichlet_positive_DCR-NO_27,helmholtz_dirichlet_positive,helmholtz_dirichlet_positive,tau0-ablation,dmno_reference,DCR-NO,DCR-NO [dmno-ref],27,120,,,,,,0.5697621297925941,,,,0.19864079356193542,,,,,,,,,,,,,,,<LOCAL_ROOT>\DMNO_EXP\artifacts\tau0_ablation_paper120\results\helmholtz-dirichlet-positive\dcr-no-tau0-0\seed-0027\result.json,0.001,,,,,,,1,,,,,,,,,,,,,,,,,,,,,,,,,,,,,,,,,,,,,,,,
2026-05-03T08:43:57,one_step_benchmark,generated/benchmark_stage2_shortlist_v1,generated/benchmark_stage2_shortlist_v1/benchmark_results.csv,helmholtz_dirichlet_positive_DCR-NO_7,helmholtz_dirichlet_positive,helmholtz_dirichlet_positive,tau0-ablation,dmno_reference,DCR-NO,DCR-NO [dmno-ref],7,120,,,,,,0.5713150124774601,,,,0.20338448882102966,,,,,,,,,,,,,,,<LOCAL_ROOT>\DMNO_EXP\artifacts\tau0_ablation_paper120\results\helmholtz-dirichlet-positive\dcr-no-tau0-0-1\seed-0007\result.json,0.001,,,,,,,1,,,,,,,,,,,,,,,,,,,,,,,,,,,,,,,,,,,,,,,,
2026-05-03T08:43:57,one_step_benchmark,generated/benchmark_stage2_shortlist_v1,generated/benchmark_stage2_shortlist_v1/benchmark_results.csv,helmholtz_dirichlet_positive_DCR-NO_17,helmholtz_dirichlet_positive,helmholtz_dirichlet_positive,tau0-ablation,dmno_reference,DCR-NO,DCR-NO [dmno-ref],17,120,,,,,,0.5660303287160251,,,,0.20582303404808044,,,,,,,,,,,,,,,<LOCAL_ROOT>\DMNO_EXP\artifacts\tau0_ablation_paper120\results\helmholtz-dirichlet-positive\dcr-no-tau0-0-1\seed-0017\result.json,0.001,,,,,,,1,,,,,,,,,,,,,,,,,,,,,,,,,,,,,,,,,,,,,,,,
2026-05-03T08:43:57,one_step_benchmark,generated/benchmark_stage2_shortlist_v1,generated/benchmark_stage2_shortlist_v1/benchmark_results.csv,helmholtz_dirichlet_positive_DCR-NO_27,helmholtz_dirichlet_positive,helmholtz_dirichlet_positive,tau0-ablation,dmno_reference,DCR-NO,DCR-NO [dmno-ref],27,120,,,,,,0.5697556006778335,,,,0.19864575564861298,,,,,,,,,,,,,,,<LOCAL_ROOT>\DMNO_EXP\artifacts\tau0_ablation_paper120\results\helmholtz-dirichlet-positive\dcr-no-tau0-0-1\seed-0027\result.json,0.001,,,,,,,1,,,,,,,,,,,,,,,,,,,,,,,,,,,,,,,,,,,,,,,,
2026-05-03T08:43:57,one_step_benchmark,generated/benchmark_stage2_shortlist_v1,generated/benchmark_stage2_shortlist_v1/benchmark_results.csv,helmholtz_dirichlet_positive_DCR-NO_7,helmholtz_dirichlet_positive,helmholtz_dirichlet_positive,tau0-ablation,dmno_reference,DCR-NO,DCR-NO [dmno-ref],7,120,,,,,,0.5713270687791625,,,,0.2033802717924118,,,,,,,,,,,,,,,<LOCAL_ROOT>\DMNO_EXP\artifacts\tau0_ablation_paper120\results\helmholtz-dirichlet-positive\dcr-no-tau0-0-3\seed-0007\result.json,0.001,,,,,,,1,,,,,,,,,,,,,,,,,,,,,,,,,,,,,,,,,,,,,,,,
2026-05-03T08:43:57,one_step_benchmark,generated/benchmark_stage2_shortlist_v1,generated/benchmark_stage2_shortlist_v1/benchmark_results.csv,helmholtz_dirichlet_positive_DCR-NO_17,helmholtz_dirichlet_positive,helmholtz_dirichlet_positive,tau0-ablation,dmno_reference,DCR-NO,DCR-NO [dmno-ref],17,120,,,,,,0.5660304465259581,,,,0.20582793653011322,,,,,,,,,,,,,,,<LOCAL_ROOT>\DMNO_EXP\artifacts\tau0_ablation_paper120\results\helmholtz-dirichlet-positive\dcr-no-tau0-0-3\seed-0017\result.json,0.001,,,,,,,1,,,,,,,,,,,,,,,,,,,,,,,,,,,,,,,,,,,,,,,,
2026-05-03T08:43:57,one_step_benchmark,generated/benchmark_stage2_shortlist_v1,generated/benchmark_stage2_shortlist_v1/benchmark_results.csv,helmholtz_dirichlet_positive_DCR-NO_27,helmholtz_dirichlet_positive,helmholtz_dirichlet_positive,tau0-ablation,dmno_reference,DCR-NO,DCR-NO [dmno-ref],27,120,,,,,,0.5697794954021206,,,,0.19859854876995087,,,,,,,,,,,,,,,<LOCAL_ROOT>\DMNO_EXP\artifacts\tau0_ablation_paper120\results\helmholtz-dirichlet-positive\dcr-no-tau0-0-3\seed-0027\result.json,0.001,,,,,,,1,,,,,,,,,,,,,,,,,,,,,,,,,,,,,,,,,,,,,,,,
2026-05-03T08:43:57,one_step_benchmark,generated/benchmark_stage2_shortlist_v1,generated/benchmark_stage2_shortlist_v1/benchmark_results.csv,helmholtz_dirichlet_positive_DCR-NO_7,helmholtz_dirichlet_positive,helmholtz_dirichlet_positive,tau0-ablation,dmno_reference,DCR-NO,DCR-NO [dmno-ref],7,120,,,,,,0.5713322929862552,,,,0.20335052907466888,,,,,,,,,,,,,,,<LOCAL_ROOT>\DMNO_EXP\artifacts\tau0_ablation_paper120\results\helmholtz-dirichlet-positive\dcr-no-tau0-1\seed-0007\result.json,0.001,,,,,,,1,,,,,,,,,,,,,,,,,,,,,,,,,,,,,,,,,,,,,,,,
2026-05-03T08:43:57,one_step_benchmark,generated/benchmark_stage2_shortlist_v1,generated/benchmark_stage2_shortlist_v1/benchmark_results.csv,helmholtz_dirichlet_positive_DCR-NO_17,helmholtz_dirichlet_positive,helmholtz_dirichlet_positive,tau0-ablation,dmno_reference,DCR-NO,DCR-NO [dmno-ref],17,120,,,,,,0.5660134235214446,,,,0.205905020236969,,,,,,,,,,,,,,,<LOCAL_ROOT>\DMNO_EXP\artifacts\tau0_ablation_paper120\results\helmholtz-dirichlet-positive\dcr-no-tau0-1\seed-0017\result.json,0.001,,,,,,,1,,,,,,,,,,,,,,,,,,,,,,,,,,,,,,,,,,,,,,,,
2026-05-03T08:43:57,one_step_benchmark,generated/benchmark_stage2_shortlist_v1,generated/benchmark_stage2_shortlist_v1/benchmark_results.csv,helmholtz_dirichlet_positive_DCR-NO_27,helmholtz_dirichlet_positive,helmholtz_dirichlet_positive,tau0-ablation,dmno_reference,DCR-NO,DCR-NO [dmno-ref],27,120,,,,,,0.5698154169267254,,,,0.1984807252883911,,,,,,,,,,,,,,,<LOCAL_ROOT>\DMNO_EXP\artifacts\tau0_ablation_paper120\results\helmholtz-dirichlet-positive\dcr-no-tau0-1\seed-0027\result.json,0.001,,,,,,,1,,,,,,,,,,,,,,,,,,,,,,,,,,,,,,,,,,,,,,,,
2026-05-03T08:43:57,one_step_benchmark,generated/benchmark_stage2_shortlist_v1,generated/benchmark_stage2_shortlist_v1/benchmark_results.csv,helmholtz_dirichlet_positive_DCR-NO_7,helmholtz_dirichlet_positive,helmholtz_dirichlet_positive,tau0-ablation,dmno_reference,DCR-NO,DCR-NO [dmno-ref],7,120,,,,,,0.5645640140491608,,,,0.20333027839660645,,,,,,,,,,,,,,,<LOCAL_ROOT>\DMNO_EXP\artifacts\tau0_ablation_paper120\results\helmholtz-dirichlet-positive\dcr-no-tau0-3\seed-0007\result.json,0.001,,,,,,,1,,,,,,,,,,,,,,,,,,,,,,,,,,,,,,,,,,,,,,,,
2026-05-03T08:43:57,one_step_benchmark,generated/benchmark_stage2_shortlist_v1,generated/benchmark_stage2_shortlist_v1/benchmark_results.csv,helmholtz_dirichlet_positive_DCR-NO_17,helmholtz_dirichlet_positive,helmholtz_dirichlet_positive,tau0-ablation,dmno_reference,DCR-NO,DCR-NO [dmno-ref],17,120,,,,,,0.565996755693304,,,,0.20597361028194427,,,,,,,,,,,,,,,<LOCAL_ROOT>\DMNO_EXP\artifacts\tau0_ablation_paper120\results\helmholtz-dirichlet-positive\dcr-no-tau0-3\seed-0017\result.json,0.001,,,,,,,1,,,,,,,,,,,,,,,,,,,,,,,,,,,,,,,,,,,,,,,,
2026-05-03T08:43:57,one_step_benchmark,generated/benchmark_stage2_shortlist_v1,generated/benchmark_stage2_shortlist_v1/benchmark_results.csv,helmholtz_dirichlet_positive_DCR-NO_27,helmholtz_dirichlet_positive,helmholtz_dirichlet_positive,tau0-ablation,dmno_reference,DCR-NO,DCR-NO [dmno-ref],27,120,,,,,,0.5699602350631116,,,,0.19828692078590393,,,,,,,,,,,,,,,<LOCAL_ROOT>\DMNO_EXP\artifacts\tau0_ablation_paper120\results\helmholtz-dirichlet-positive\dcr-no-tau0-3\seed-0027\result.json,0.001,,,,,,,1,,,,,,,,,,,,,,,,,,,,,,,,,,,,,,,,,,,,,,,,
2026-05-03T08:43:57,one_step_benchmark,generated/benchmark_stage2_shortlist_v1,generated/benchmark_stage2_shortlist_v1/benchmark_results.csv,diffusion_neumann_control_DCR-NO_7,diffusion_neumann_control,diffusion_neumann_control,tau0-ablation,dmno_reference,DCR-NO,DCR-NO [dmno-ref],7,120,,,,,,0.006029493965540768,,,,1.5253511264745612e-05,,,,,,,,,,,,,,,<LOCAL_ROOT>\DMNO_EXP\artifacts\tau0_ablation_paper120_v20_36\results\diffusion-neumann-control\dcr-no-tau0-0\seed-0007\result.json,0.001,,,,,,,1,,,,,,,,,,,,,,,,,,,,,,,,,,,,,,,,,,,,,,,,
2026-05-03T08:43:57,one_step_benchmark,generated/benchmark_stage2_shortlist_v1,generated/benchmark_stage2_shortlist_v1/benchmark_results.csv,diffusion_neumann_control_DCR-NO_17,diffusion_neumann_control,diffusion_neumann_control,tau0-ablation,dmno_reference,DCR-NO,DCR-NO [dmno-ref],17,120,,,,,,0.006030565160042924,,,,1.528881512058433e-05,,,,,,,,,,,,,,,<LOCAL_ROOT>\DMNO_EXP\artifacts\tau0_ablation_paper120_v20_36\results\diffusion-neumann-control\dcr-no-tau0-0\seed-0017\result.json,0.001,,,,,,,1,,,,,,,,,,,,,,,,,,,,,,,,,,,,,,,,,,,,,,,,
2026-05-03T08:43:57,one_step_benchmark,generated/benchmark_stage2_shortlist_v1,generated/benchmark_stage2_shortlist_v1/benchmark_results.csv,diffusion_neumann_control_DCR-NO_27,diffusion_neumann_control,diffusion_neumann_control,tau0-ablation,dmno_reference,DCR-NO,DCR-NO [dmno-ref],27,120,,,,,,0.0060262791948756,,,,1.528224856883753e-05,,,,,,,,,,,,,,,<LOCAL_ROOT>\DMNO_EXP\artifacts\tau0_ablation_paper120_v20_36\results\diffusion-neumann-control\dcr-no-tau0-0\seed-0027\result.json,0.001,,,,,,,1,,,,,,,,,,,,,,,,,,,,,,,,,,,,,,,,,,,,,,,,
2026-05-03T08:43:57,one_step_benchmark,generated/benchmark_stage2_shortlist_v1,generated/benchmark_stage2_shortlist_v1/benchmark_results.csv,diffusion_neumann_control_DCR-NO_7,diffusion_neumann_control,diffusion_neumann_control,tau0-ablation,dmno_reference,DCR-NO,DCR-NO [dmno-ref],7,120,,,,,,0.006029932793964513,,,,1.525233074062271e-05,,,,,,,,,,,,,,,<LOCAL_ROOT>\DMNO_EXP\artifacts\tau0_ablation_paper120_v20_36\results\diffusion-neumann-control\dcr-no-tau0-0-1\seed-0007\result.json,0.001,,,,,,,1,,,,,,,,,,,,,,,,,,,,,,,,,,,,,,,,,,,,,,,,
2026-05-03T08:43:57,one_step_benchmark,generated/benchmark_stage2_shortlist_v1,generated/benchmark_stage2_shortlist_v1/benchmark_results.csv,diffusion_neumann_control_DCR-NO_17,diffusion_neumann_control,diffusion_neumann_control,tau0-ablation,dmno_reference,DCR-NO,DCR-NO [dmno-ref],17,120,,,,,,0.006030570106645763,,,,1.5289273505914025e-05,,,,,,,,,,,,,,,<LOCAL_ROOT>\DMNO_EXP\artifacts\tau0_ablation_paper120_v20_36\results\diffusion-neumann-control\dcr-no-tau0-0-1\seed-0017\result.json,0.001,,,,,,,1,,,,,,,,,,,,,,,,,,,,,,,,,,,,,,,,,,,,,,,,
2026-05-03T08:43:57,one_step_benchmark,generated/benchmark_stage2_shortlist_v1,generated/benchmark_stage2_shortlist_v1/benchmark_results.csv,diffusion_neumann_control_DCR-NO_27,diffusion_neumann_control,diffusion_neumann_control,tau0-ablation,dmno_reference,DCR-NO,DCR-NO [dmno-ref],27,120,,,,,,0.0060262858900697385,,,,1.5282450476661325e-05,,,,,,,,,,,,,,,<LOCAL_ROOT>\DMNO_EXP\artifacts\tau0_ablation_paper120_v20_36\results\diffusion-neumann-control\dcr-no-tau0-0-1\seed-0027\result.json,0.001,,,,,,,1,,,,,,,,,,,,,,,,,,,,,,,,,,,,,,,,,,,,,,,,
2026-05-03T08:43:57,one_step_benchmark,generated/benchmark_stage2_shortlist_v1,generated/benchmark_stage2_shortlist_v1/benchmark_results.csv,diffusion_neumann_control_DCR-NO_7,diffusion_neumann_control,diffusion_neumann_control,tau0-ablation,dmno_reference,DCR-NO,DCR-NO [dmno-ref],7,120,,,,,,0.006030152921249823,,,,1.525414609204745e-05,,,,,,,,,,,,,,,<LOCAL_ROOT>\DMNO_EXP\artifacts\tau0_ablation_paper120_v20_36\results\diffusion-neumann-control\dcr-no-tau0-0-3\seed-0007\result.json,0.001,,,,,,,1,,,,,,,,,,,,,,,,,,,,,,,,,,,,,,,,,,,,,,,,
2026-05-03T08:43:57,one_step_benchmark,generated/benchmark_stage2_shortlist_v1,generated/benchmark_stage2_shortlist_v1/benchmark_results.csv,diffusion_neumann_control_DCR-NO_17,diffusion_neumann_control,diffusion_neumann_control,tau0-ablation,dmno_reference,DCR-NO,DCR-NO [dmno-ref],17,120,,,,,,0.00603077300661279,,,,1.5290821465896443e-05,,,,,,,,,,,,,,,<LOCAL_ROOT>\DMNO_EXP\artifacts\tau0_ablation_paper120_v20_36\results\diffusion-neumann-control\dcr-no-tau0-0-3\seed-0017\result.json,0.001,,,,,,,1,,,,,,,,,,,,,,,,,,,,,,,,,,,,,,,,,,,,,,,,
2026-05-03T08:43:57,one_step_benchmark,generated/benchmark_stage2_shortlist_v1,generated/benchmark_stage2_shortlist_v1/benchmark_results.csv,diffusion_neumann_control_DCR-NO_27,diffusion_neumann_control,diffusion_neumann_control,tau0-ablation,dmno_reference,DCR-NO,DCR-NO [dmno-ref],27,120,,,,,,0.006026540067998857,,,,1.528426400909666e-05,,,,,,,,,,,,,,,<LOCAL_ROOT>\DMNO_EXP\artifacts\tau0_ablation_paper120_v20_36\results\diffusion-neumann-control\dcr-no-tau0-0-3\seed-0027\result.json,0.001,,,,,,,1,,,,,,,,,,,,,,,,,,,,,,,,,,,,,,,,,,,,,,,,
2026-05-03T08:43:57,one_step_benchmark,generated/benchmark_stage2_shortlist_v1,generated/benchmark_stage2_shortlist_v1/benchmark_results.csv,diffusion_neumann_control_DCR-NO_7,diffusion_neumann_control,diffusion_neumann_control,tau0-ablation,dmno_reference,DCR-NO,DCR-NO [dmno-ref],7,120,,,,,,0.0060299248979413765,,,,1.526196501799859e-05,,,,,,,,,,,,,,,<LOCAL_ROOT>\DMNO_EXP\artifacts\tau0_ablation_paper120_v20_36\results\diffusion-neumann-control\dcr-no-tau0-1\seed-0007\result.json,0.001,,,,,,,1,,,,,,,,,,,,,,,,,,,,,,,,,,,,,,,,,,,,,,,,
2026-05-03T08:43:57,one_step_benchmark,generated/benchmark_stage2_shortlist_v1,generated/benchmark_stage2_shortlist_v1/benchmark_results.csv,diffusion_neumann_control_DCR-NO_17,diffusion_neumann_control,diffusion_neumann_control,tau0-ablation,dmno_reference,DCR-NO,DCR-NO [dmno-ref],17,120,,,,,,0.006030954936087418,,,,1.529734618088696e-05,,,,,,,,,,,,,,,<LOCAL_ROOT>\DMNO_EXP\artifacts\tau0_ablation_paper120_v20_36\results\diffusion-neumann-control\dcr-no-tau0-1\seed-0017\result.json,0.001,,,,,,,1,,,,,,,,,,,,,,,,,,,,,,,,,,,,,,,,,,,,,,,,
2026-05-03T08:43:57,one_step_benchmark,generated/benchmark_stage2_shortlist_v1,generated/benchmark_stage2_shortlist_v1/benchmark_results.csv,diffusion_neumann_control_DCR-NO_27,diffusion_neumann_control,diffusion_neumann_control,tau0-ablation,dmno_reference,DCR-NO,DCR-NO [dmno-ref],27,120,,,,,,0.006027591655572453,,,,1.529078508610837e-05,,,,,,,,,,,,,,,<LOCAL_ROOT>\DMNO_EXP\artifacts\tau0_ablation_paper120_v20_36\results\diffusion-neumann-control\dcr-no-tau0-1\seed-0027\result.json,0.001,,,,,,,1,,,,,,,,,,,,,,,,,,,,,,,,,,,,,,,,,,,,,,,,
2026-05-03T08:43:57,one_step_benchmark,generated/benchmark_stage2_shortlist_v1,generated/benchmark_stage2_shortlist_v1/benchmark_results.csv,diffusion_neumann_control_DCR-NO_7,diffusion_neumann_control,diffusion_neumann_control,tau0-ablation,dmno_reference,DCR-NO,DCR-NO [dmno-ref],7,120,,,,,,0.006051251427620125,,,,1.5307818102883175e-05,,,,,,,,,,,,,,,<LOCAL_ROOT>\DMNO_EXP\artifacts\tau0_ablation_paper120_v20_36\results\diffusion-neumann-control\dcr-no-tau0-3\seed-0007\result.json,0.001,,,,,,,1,,,,,,,,,,,,,,,,,,,,,,,,,,,,,,,,,,,,,,,,
2026-05-03T08:43:57,one_step_benchmark,generated/benchmark_stage2_shortlist_v1,generated/benchmark_stage2_shortlist_v1/benchmark_results.csv,diffusion_neumann_control_DCR-NO_17,diffusion_neumann_control,diffusion_neumann_control,tau0-ablation,dmno_reference,DCR-NO,DCR-NO [dmno-ref],17,120,,,,,,0.006057031698513882,,,,1.534485818410758e-05,,,,,,,,,,,,,,,<LOCAL_ROOT>\DMNO_EXP\artifacts\tau0_ablation_paper120_v20_36\results\diffusion-neumann-control\dcr-no-tau0-3\seed-0017\result.json,0.001,,,,,,,1,,,,,,,,,,,,,,,,,,,,,,,,,,,,,,,,,,,,,,,,
2026-05-03T08:43:57,one_step_benchmark,generated/benchmark_stage2_shortlist_v1,generated/benchmark_stage2_shortlist_v1/benchmark_results.csv,diffusion_neumann_control_DCR-NO_27,diffusion_neumann_control,diffusion_neumann_control,tau0-ablation,dmno_reference,DCR-NO,DCR-NO [dmno-ref],27,120,,,,,,0.006050367914250467,,,,1.5338286175392568e-05,,,,,,,,,,,,,,,<LOCAL_ROOT>\DMNO_EXP\artifacts\tau0_ablation_paper120_v20_36\results\diffusion-neumann-control\dcr-no-tau0-3\seed-0027\result.json,0.001,,,,,,,1,,,,,,,,,,,,,,,,,,,,,,,,,,,,,,,,,,,,,,,,
2026-05-03T08:43:57,one_step_benchmark,generated/benchmark_stage2_shortlist_v1,generated/benchmark_stage2_shortlist_v1/benchmark_results.csv,diffusion_neumann_positive_DCR-NO_7,diffusion_neumann_positive,diffusion_neumann_positive,tau0-ablation,dmno_reference,DCR-NO,DCR-NO [dmno-ref],7,120,,,,,,0.21567657297570875,,,,0.014316493645310402,,,,,,,,,,,,,,,<LOCAL_ROOT>\DMNO_EXP\artifacts\tau0_ablation_paper120_v20_36\results\diffusion-neumann-positive\dcr-no-tau0-0\seed-0007\result.json,0.001,,,,,,,1,,,,,,,,,,,,,,,,,,,,,,,,,,,,,,,,,,,,,,,,
2026-05-03T08:43:57,one_step_benchmark,generated/benchmark_stage2_shortlist_v1,generated/benchmark_stage2_shortlist_v1/benchmark_results.csv,diffusion_neumann_positive_DCR-NO_17,diffusion_neumann_positive,diffusion_neumann_positive,tau0-ablation,dmno_reference,DCR-NO,DCR-NO [dmno-ref],17,120,,,,,,0.21642706000492118,,,,0.015001625753939152,,,,,,,,,,,,,,,<LOCAL_ROOT>\DMNO_EXP\artifacts\tau0_ablation_paper120_v20_36\results\diffusion-neumann-positive\dcr-no-tau0-0\seed-0017\result.json,0.001,,,,,,,1,,,,,,,,,,,,,,,,,,,,,,,,,,,,,,,,,,,,,,,,
2026-05-03T08:43:57,one_step_benchmark,generated/benchmark_stage2_shortlist_v1,generated/benchmark_stage2_shortlist_v1/benchmark_results.csv,diffusion_neumann_positive_DCR-NO_27,diffusion_neumann_positive,diffusion_neumann_positive,tau0-ablation,dmno_reference,DCR-NO,DCR-NO [dmno-ref],27,120,,,,,,0.2207731416183404,,,,0.014923658221960068,,,,,,,,,,,,,,,<LOCAL_ROOT>\DMNO_EXP\artifacts\tau0_ablation_paper120_v20_36\results\diffusion-neumann-positive\dcr-no-tau0-0\seed-0027\result.json,0.001,,,,,,,1,,,,,,,,,,,,,,,,,,,,,,,,,,,,,,,,,,,,,,,,
2026-05-03T08:43:57,one_step_benchmark,generated/benchmark_stage2_shortlist_v1,generated/benchmark_stage2_shortlist_v1/benchmark_results.csv,diffusion_neumann_positive_DCR-NO_7,diffusion_neumann_positive,diffusion_neumann_positive,tau0-ablation,dmno_reference,DCR-NO,DCR-NO [dmno-ref],7,120,,,,,,0.21541884457692695,,,,0.014340370893478394,,,,,,,,,,,,,,,<LOCAL_ROOT>\DMNO_EXP\artifacts\tau0_ablation_paper120_v20_36\results\diffusion-neumann-positive\dcr-no-tau0-0-1\seed-0007\result.json,0.001,,,,,,,1,,,,,,,,,,,,,,,,,,,,,,,,,,,,,,,,,,,,,,,,
2026-05-03T08:43:57,one_step_benchmark,generated/benchmark_stage2_shortlist_v1,generated/benchmark_stage2_shortlist_v1/benchmark_results.csv,diffusion_neumann_positive_DCR-NO_17,diffusion_neumann_positive,diffusion_neumann_positive,tau0-ablation,dmno_reference,DCR-NO,DCR-NO [dmno-ref],17,120,,,,,,0.2189272649661417,,,,0.015140275470912457,,,,,,,,,,,,,,,<LOCAL_ROOT>\DMNO_EXP\artifacts\tau0_ablation_paper120_v20_36\results\diffusion-neumann-positive\dcr-no-tau0-0-1\seed-0017\result.json,0.001,,,,,,,1,,,,,,,,,,,,,,,,,,,,,,,,,,,,,,,,,,,,,,,,
2026-05-03T08:43:57,one_step_benchmark,generated/benchmark_stage2_shortlist_v1,generated/benchmark_stage2_shortlist_v1/benchmark_results.csv,diffusion_neumann_positive_DCR-NO_27,diffusion_neumann_positive,diffusion_neumann_positive,tau0-ablation,dmno_reference,DCR-NO,DCR-NO [dmno-ref],27,120,,,,,,0.22013896120684803,,,,0.015026547014713287,,,,,,,,,,,,,,,<LOCAL_ROOT>\DMNO_EXP\artifacts\tau0_ablation_paper120_v20_36\results\diffusion-neumann-positive\dcr-no-tau0-0-1\seed-0027\result.json,0.001,,,,,,,1,,,,,,,,,,,,,,,,,,,,,,,,,,,,,,,,,,,,,,,,
2026-05-03T08:43:57,one_step_benchmark,generated/benchmark_stage2_shortlist_v1,generated/benchmark_stage2_shortlist_v1/benchmark_results.csv,diffusion_neumann_positive_DCR-NO_7,diffusion_neumann_positive,diffusion_neumann_positive,tau0-ablation,dmno_reference,DCR-NO,DCR-NO [dmno-ref],7,120,,,,,,0.21580244556576775,,,,0.014467618428170681,,,,,,,,,,,,,,,<LOCAL_ROOT>\DMNO_EXP\artifacts\tau0_ablation_paper120_v20_36\results\diffusion-neumann-positive\dcr-no-tau0-0-3\seed-0007\result.json,0.001,,,,,,,1,,,,,,,,,,,,,,,,,,,,,,,,,,,,,,,,,,,,,,,,
2026-05-03T08:43:57,one_step_benchmark,generated/benchmark_stage2_shortlist_v1,generated/benchmark_stage2_shortlist_v1/benchmark_results.csv,diffusion_neumann_positive_DCR-NO_17,diffusion_neumann_positive,diffusion_neumann_positive,tau0-ablation,dmno_reference,DCR-NO,DCR-NO [dmno-ref],17,120,,,,,,0.21635154259558867,,,,0.015066715888679028,,,,,,,,,,,,,,,<LOCAL_ROOT>\DMNO_EXP\artifacts\tau0_ablation_paper120_v20_36\results\diffusion-neumann-positive\dcr-no-tau0-0-3\seed-0017\result.json,0.001,,,,,,,1,,,,,,,,,,,,,,,,,,,,,,,,,,,,,,,,,,,,,,,,
2026-05-03T08:43:57,one_step_benchmark,generated/benchmark_stage2_shortlist_v1,generated/benchmark_stage2_shortlist_v1/benchmark_results.csv,diffusion_neumann_positive_DCR-NO_27,diffusion_neumann_positive,diffusion_neumann_positive,tau0-ablation,dmno_reference,DCR-NO,DCR-NO [dmno-ref],27,120,,,,,,0.21935627708969876,,,,0.01499454490840435,,,,,,,,,,,,,,,<LOCAL_ROOT>\DMNO_EXP\artifacts\tau0_ablation_paper120_v20_36\results\diffusion-neumann-positive\dcr-no-tau0-0-3\seed-0027\result.json,0.001,,,,,,,1,,,,,,,,,,,,,,,,,,,,,,,,,,,,,,,,,,,,,,,,
2026-05-03T08:43:57,one_step_benchmark,generated/benchmark_stage2_shortlist_v1,generated/benchmark_stage2_shortlist_v1/benchmark_results.csv,diffusion_neumann_positive_DCR-NO_7,diffusion_neumann_positive,diffusion_neumann_positive,tau0-ablation,dmno_reference,DCR-NO,DCR-NO [dmno-ref],7,120,,,,,,0.2166499944038132,,,,0.014483501203358173,,,,,,,,,,,,,,,<LOCAL_ROOT>\DMNO_EXP\artifacts\tau0_ablation_paper120_v20_36\results\diffusion-neumann-positive\dcr-no-tau0-1\seed-0007\result.json,0.001,,,,,,,1,,,,,,,,,,,,,,,,,,,,,,,,,,,,,,,,,,,,,,,,
2026-05-03T08:43:57,one_step_benchmark,generated/benchmark_stage2_shortlist_v1,generated/benchmark_stage2_shortlist_v1/benchmark_results.csv,diffusion_neumann_positive_DCR-NO_17,diffusion_neumann_positive,diffusion_neumann_positive,tau0-ablation,dmno_reference,DCR-NO,DCR-NO [dmno-ref],17,120,,,,,,0.2202791036648204,,,,0.015176122076809406,,,,,,,,,,,,,,,<LOCAL_ROOT>\DMNO_EXP\artifacts\tau0_ablation_paper120_v20_36\results\diffusion-neumann-positive\dcr-no-tau0-1\seed-0017\result.json,0.001,,,,,,,1,,,,,,,,,,,,,,,,,,,,,,,,,,,,,,,,,,,,,,,,
2026-05-03T08:43:57,one_step_benchmark,generated/benchmark_stage2_shortlist_v1,generated/benchmark_stage2_shortlist_v1/benchmark_results.csv,diffusion_neumann_positive_DCR-NO_27,diffusion_neumann_positive,diffusion_neumann_positive,tau0-ablation,dmno_reference,DCR-NO,DCR-NO [dmno-ref],27,120,,,,,,0.21815936697902652,,,,0.0149611234664917,,,,,,,,,,,,,,,<LOCAL_ROOT>\DMNO_EXP\artifacts\tau0_ablation_paper120_v20_36\results\diffusion-neumann-positive\dcr-no-tau0-1\seed-0027\result.json,0.001,,,,,,,1,,,,,,,,,,,,,,,,,,,,,,,,,,,,,,,,,,,,,,,,
2026-05-03T08:43:57,one_step_benchmark,generated/benchmark_stage2_shortlist_v1,generated/benchmark_stage2_shortlist_v1/benchmark_results.csv,diffusion_neumann_positive_DCR-NO_7,diffusion_neumann_positive,diffusion_neumann_positive,tau0-ablation,dmno_reference,DCR-NO,DCR-NO [dmno-ref],7,120,,,,,,0.21896660423450168,,,,0.014870001934468746,,,,,,,,,,,,,,,<LOCAL_ROOT>\DMNO_EXP\artifacts\tau0_ablation_paper120_v20_36\results\diffusion-neumann-positive\dcr-no-tau0-3\seed-0007\result.json,0.001,,,,,,,1,,,,,,,,,,,,,,,,,,,,,,,,,,,,,,,,,,,,,,,,
2026-05-03T08:43:57,one_step_benchmark,generated/benchmark_stage2_shortlist_v1,generated/benchmark_stage2_shortlist_v1/benchmark_results.csv,diffusion_neumann_positive_DCR-NO_17,diffusion_neumann_positive,diffusion_neumann_positive,tau0-ablation,dmno_reference,DCR-NO,DCR-NO [dmno-ref],17,120,,,,,,0.2201630801699709,,,,0.015214558690786362,,,,,,,,,,,,,,,<LOCAL_ROOT>\DMNO_EXP\artifacts\tau0_ablation_paper120_v20_36\results\diffusion-neumann-positive\dcr-no-tau0-3\seed-0017\result.json,0.001,,,,,,,1,,,,,,,,,,,,,,,,,,,,,,,,,,,,,,,,,,,,,,,,
2026-05-03T08:43:57,one_step_benchmark,generated/benchmark_stage2_shortlist_v1,generated/benchmark_stage2_shortlist_v1/benchmark_results.csv,diffusion_neumann_positive_DCR-NO_27,diffusion_neumann_positive,diffusion_neumann_positive,tau0-ablation,dmno_reference,DCR-NO,DCR-NO [dmno-ref],27,120,,,,,,0.22016029135366919,,,,0.015162439085543156,,,,,,,,,,,,,,,<LOCAL_ROOT>\DMNO_EXP\artifacts\tau0_ablation_paper120_v20_36\results\diffusion-neumann-positive\dcr-no-tau0-3\seed-0027\result.json,0.001,,,,,,,1,,,,,,,,,,,,,,,,,,,,,,,,,,,,,,,,,,,,,,,,
2026-05-03T08:43:57,one_step_benchmark,generated/benchmark_stage2_shortlist_v1,generated/benchmark_stage2_shortlist_v1/benchmark_results.csv,helmholtz_dirichlet_control_DCR-NO_7,helmholtz_dirichlet_control,helmholtz_dirichlet_control,tau0-ablation,dmno_reference,DCR-NO,DCR-NO [dmno-ref],7,120,,,,,,0.002663123709260629,,,,4.172611625108402e-06,,,,,,,,,,,,,,,<LOCAL_ROOT>\DMNO_EXP\artifacts\tau0_ablation_paper120_v20_36\results\helmholtz-dirichlet-control\dcr-no-tau0-0\seed-0007\result.json,0.001,,,,,,,1,,,,,,,,,,,,,,,,,,,,,,,,,,,,,,,,,,,,,,,,
2026-05-03T08:43:57,one_step_benchmark,generated/benchmark_stage2_shortlist_v1,generated/benchmark_stage2_shortlist_v1/benchmark_results.csv,helmholtz_dirichlet_control_DCR-NO_17,helmholtz_dirichlet_control,helmholtz_dirichlet_control,tau0-ablation,dmno_reference,DCR-NO,DCR-NO [dmno-ref],17,120,,,,,,0.002663149457807328,,,,4.172611625108402e-06,,,,,,,,,,,,,,,<LOCAL_ROOT>\DMNO_EXP\artifacts\tau0_ablation_paper120_v20_36\results\helmholtz-dirichlet-control\dcr-no-tau0-0\seed-0017\result.json,0.001,,,,,,,1,,,,,,,,,,,,,,,,,,,,,,,,,,,,,,,,,,,,,,,,
2026-05-03T08:43:57,one_step_benchmark,generated/benchmark_stage2_shortlist_v1,generated/benchmark_stage2_shortlist_v1/benchmark_results.csv,helmholtz_dirichlet_control_DCR-NO_27,helmholtz_dirichlet_control,helmholtz_dirichlet_control,tau0-ablation,dmno_reference,DCR-NO,DCR-NO [dmno-ref],27,120,,,,,,0.002662878906574425,,,,4.1726102608663496e-06,,,,,,,,,,,,,,,<LOCAL_ROOT>\DMNO_EXP\artifacts\tau0_ablation_paper120_v20_36\results\helmholtz-dirichlet-control\dcr-no-tau0-0\seed-0027\result.json,0.001,,,,,,,1,,,,,,,,,,,,,,,,,,,,,,,,,,,,,,,,,,,,,,,,
2026-05-03T08:43:57,one_step_benchmark,generated/benchmark_stage2_shortlist_v1,generated/benchmark_stage2_shortlist_v1/benchmark_results.csv,helmholtz_dirichlet_control_DCR-NO_7,helmholtz_dirichlet_control,helmholtz_dirichlet_control,tau0-ablation,dmno_reference,DCR-NO,DCR-NO [dmno-ref],7,120,,,,,,0.002663123709260629,,,,4.172611625108402e-06,,,,,,,,,,,,,,,<LOCAL_ROOT>\DMNO_EXP\artifacts\tau0_ablation_paper120_v20_36\results\helmholtz-dirichlet-control\dcr-no-tau0-0-1\seed-0007\result.json,0.001,,,,,,,1,,,,,,,,,,,,,,,,,,,,,,,,,,,,,,,,,,,,,,,,
2026-05-03T08:43:57,one_step_benchmark,generated/benchmark_stage2_shortlist_v1,generated/benchmark_stage2_shortlist_v1/benchmark_results.csv,helmholtz_dirichlet_control_DCR-NO_17,helmholtz_dirichlet_control,helmholtz_dirichlet_control,tau0-ablation,dmno_reference,DCR-NO,DCR-NO [dmno-ref],17,120,,,,,,0.002663149457807328,,,,4.172611625108402e-06,,,,,,,,,,,,,,,<LOCAL_ROOT>\DMNO_EXP\artifacts\tau0_ablation_paper120_v20_36\results\helmholtz-dirichlet-control\dcr-no-tau0-0-1\seed-0017\result.json,0.001,,,,,,,1,,,,,,,,,,,,,,,,,,,,,,,,,,,,,,,,,,,,,,,,
2026-05-03T08:43:57,one_step_benchmark,generated/benchmark_stage2_shortlist_v1,generated/benchmark_stage2_shortlist_v1/benchmark_results.csv,helmholtz_dirichlet_control_DCR-NO_27,helmholtz_dirichlet_control,helmholtz_dirichlet_control,tau0-ablation,dmno_reference,DCR-NO,DCR-NO [dmno-ref],27,120,,,,,,0.002662878906574425,,,,4.1726102608663496e-06,,,,,,,,,,,,,,,<LOCAL_ROOT>\DMNO_EXP\artifacts\tau0_ablation_paper120_v20_36\results\helmholtz-dirichlet-control\dcr-no-tau0-0-1\seed-0027\result.json,0.001,,,,,,,1,,,,,,,,,,,,,,,,,,,,,,,,,,,,,,,,,,,,,,,,
2026-05-03T08:43:57,one_step_benchmark,generated/benchmark_stage2_shortlist_v1,generated/benchmark_stage2_shortlist_v1/benchmark_results.csv,helmholtz_dirichlet_control_DCR-NO_7,helmholtz_dirichlet_control,helmholtz_dirichlet_control,tau0-ablation,dmno_reference,DCR-NO,DCR-NO [dmno-ref],7,120,,,,,,0.002663123709260629,,,,4.172611625108402e-06,,,,,,,,,,,,,,,<LOCAL_ROOT>\DMNO_EXP\artifacts\tau0_ablation_paper120_v20_36\results\helmholtz-dirichlet-control\dcr-no-tau0-0-3\seed-0007\result.json,0.001,,,,,,,1,,,,,,,,,,,,,,,,,,,,,,,,,,,,,,,,,,,,,,,,
2026-05-03T08:43:57,one_step_benchmark,generated/benchmark_stage2_shortlist_v1,generated/benchmark_stage2_shortlist_v1/benchmark_results.csv,helmholtz_dirichlet_control_DCR-NO_17,helmholtz_dirichlet_control,helmholtz_dirichlet_control,tau0-ablation,dmno_reference,DCR-NO,DCR-NO [dmno-ref],17,120,,,,,,0.002663149457807328,,,,4.172611625108402e-06,,,,,,,,,,,,,,,<LOCAL_ROOT>\DMNO_EXP\artifacts\tau0_ablation_paper120_v20_36\results\helmholtz-dirichlet-control\dcr-no-tau0-0-3\seed-0017\result.json,0.001,,,,,,,1,,,,,,,,,,,,,,,,,,,,,,,,,,,,,,,,,,,,,,,,
2026-05-03T08:43:57,one_step_benchmark,generated/benchmark_stage2_shortlist_v1,generated/benchmark_stage2_shortlist_v1/benchmark_results.csv,helmholtz_dirichlet_control_DCR-NO_27,helmholtz_dirichlet_control,helmholtz_dirichlet_control,tau0-ablation,dmno_reference,DCR-NO,DCR-NO [dmno-ref],27,120,,,,,,0.002662878906574425,,,,4.1726102608663496e-06,,,,,,,,,,,,,,,<LOCAL_ROOT>\DMNO_EXP\artifacts\tau0_ablation_paper120_v20_36\results\helmholtz-dirichlet-control\dcr-no-tau0-0-3\seed-0027\result.json,0.001,,,,,,,1,,,,,,,,,,,,,,,,,,,,,,,,,,,,,,,,,,,,,,,,
2026-05-03T08:43:57,one_step_benchmark,generated/benchmark_stage2_shortlist_v1,generated/benchmark_stage2_shortlist_v1/benchmark_results.csv,helmholtz_dirichlet_control_DCR-NO_7,helmholtz_dirichlet_control,helmholtz_dirichlet_control,tau0-ablation,dmno_reference,DCR-NO,DCR-NO [dmno-ref],7,120,,,,,,0.002663123709260629,,,,4.172611625108402e-06,,,,,,,,,,,,,,,<LOCAL_ROOT>\DMNO_EXP\artifacts\tau0_ablation_paper120_v20_36\results\helmholtz-dirichlet-control\dcr-no-tau0-1\seed-0007\result.json,0.001,,,,,,,1,,,,,,,,,,,,,,,,,,,,,,,,,,,,,,,,,,,,,,,,
2026-05-03T08:43:57,one_step_benchmark,generated/benchmark_stage2_shortlist_v1,generated/benchmark_stage2_shortlist_v1/benchmark_results.csv,helmholtz_dirichlet_control_DCR-NO_17,helmholtz_dirichlet_control,helmholtz_dirichlet_control,tau0-ablation,dmno_reference,DCR-NO,DCR-NO [dmno-ref],17,120,,,,,,0.002663149457807328,,,,4.172611625108402e-06,,,,,,,,,,,,,,,<LOCAL_ROOT>\DMNO_EXP\artifacts\tau0_ablation_paper120_v20_36\results\helmholtz-dirichlet-control\dcr-no-tau0-1\seed-0017\result.json,0.001,,,,,,,1,,,,,,,,,,,,,,,,,,,,,,,,,,,,,,,,,,,,,,,,
2026-05-03T08:43:57,one_step_benchmark,generated/benchmark_stage2_shortlist_v1,generated/benchmark_stage2_shortlist_v1/benchmark_results.csv,helmholtz_dirichlet_control_DCR-NO_27,helmholtz_dirichlet_control,helmholtz_dirichlet_control,tau0-ablation,dmno_reference,DCR-NO,DCR-NO [dmno-ref],27,120,,,,,,0.002662878906574425,,,,4.1726102608663496e-06,,,,,,,,,,,,,,,<LOCAL_ROOT>\DMNO_EXP\artifacts\tau0_ablation_paper120_v20_36\results\helmholtz-dirichlet-control\dcr-no-tau0-1\seed-0027\result.json,0.001,,,,,,,1,,,,,,,,,,,,,,,,,,,,,,,,,,,,,,,,,,,,,,,,
2026-05-03T08:43:57,one_step_benchmark,generated/benchmark_stage2_shortlist_v1,generated/benchmark_stage2_shortlist_v1/benchmark_results.csv,helmholtz_dirichlet_control_DCR-NO_7,helmholtz_dirichlet_control,helmholtz_dirichlet_control,tau0-ablation,dmno_reference,DCR-NO,DCR-NO [dmno-ref],7,120,,,,,,0.002663123709260629,,,,4.172611625108402e-06,,,,,,,,,,,,,,,<LOCAL_ROOT>\DMNO_EXP\artifacts\tau0_ablation_paper120_v20_36\results\helmholtz-dirichlet-control\dcr-no-tau0-3\seed-0007\result.json,0.001,,,,,,,1,,,,,,,,,,,,,,,,,,,,,,,,,,,,,,,,,,,,,,,,
2026-05-03T08:43:57,one_step_benchmark,generated/benchmark_stage2_shortlist_v1,generated/benchmark_stage2_shortlist_v1/benchmark_results.csv,helmholtz_dirichlet_control_DCR-NO_17,helmholtz_dirichlet_control,helmholtz_dirichlet_control,tau0-ablation,dmno_reference,DCR-NO,DCR-NO [dmno-ref],17,120,,,,,,0.002663149457807328,,,,4.172611625108402e-06,,,,,,,,,,,,,,,<LOCAL_ROOT>\DMNO_EXP\artifacts\tau0_ablation_paper120_v20_36\results\helmholtz-dirichlet-control\dcr-no-tau0-3\seed-0017\result.json,0.001,,,,,,,1,,,,,,,,,,,,,,,,,,,,,,,,,,,,,,,,,,,,,,,,
2026-05-03T08:43:57,one_step_benchmark,generated/benchmark_stage2_shortlist_v1,generated/benchmark_stage2_shortlist_v1/benchmark_results.csv,helmholtz_dirichlet_control_DCR-NO_27,helmholtz_dirichlet_control,helmholtz_dirichlet_control,tau0-ablation,dmno_reference,DCR-NO,DCR-NO [dmno-ref],27,120,,,,,,0.002662878906574425,,,,4.1726102608663496e-06,,,,,,,,,,,,,,,<LOCAL_ROOT>\DMNO_EXP\artifacts\tau0_ablation_paper120_v20_36\results\helmholtz-dirichlet-control\dcr-no-tau0-3\seed-0027\result.json,0.001,,,,,,,1,,,,,,,,,,,,,,,,,,,,,,,,,,,,,,,,,,,,,,,,
2026-05-03T08:43:57,one_step_benchmark,generated/benchmark_stage2_shortlist_v1,generated/benchmark_stage2_shortlist_v1/benchmark_results.csv,helmholtz_dirichlet_positive_DCR-NO_7,helmholtz_dirichlet_positive,helmholtz_dirichlet_positive,tau0-ablation,dmno_reference,DCR-NO,DCR-NO [dmno-ref],7,120,,,,,,0.57130441880181,,,,0.203396737575531,,,,,,,,,,,,,,,<LOCAL_ROOT>\DMNO_EXP\artifacts\tau0_ablation_paper120_v20_36\results\helmholtz-dirichlet-positive\dcr-no-tau0-0\seed-0007\result.json,0.001,,,,,,,1,,,,,,,,,,,,,,,,,,,,,,,,,,,,,,,,,,,,,,,,
2026-05-03T08:43:57,one_step_benchmark,generated/benchmark_stage2_shortlist_v1,generated/benchmark_stage2_shortlist_v1/benchmark_results.csv,helmholtz_dirichlet_positive_DCR-NO_17,helmholtz_dirichlet_positive,helmholtz_dirichlet_positive,tau0-ablation,dmno_reference,DCR-NO,DCR-NO [dmno-ref],17,120,,,,,,0.5660282302829232,,,,0.2058219164609909,,,,,,,,,,,,,,,<LOCAL_ROOT>\DMNO_EXP\artifacts\tau0_ablation_paper120_v20_36\results\helmholtz-dirichlet-positive\dcr-no-tau0-0\seed-0017\result.json,0.001,,,,,,,1,,,,,,,,,,,,,,,,,,,,,,,,,,,,,,,,,,,,,,,,
2026-05-03T08:43:57,one_step_benchmark,generated/benchmark_stage2_shortlist_v1,generated/benchmark_stage2_shortlist_v1/benchmark_results.csv,helmholtz_dirichlet_positive_DCR-NO_27,helmholtz_dirichlet_positive,helmholtz_dirichlet_positive,tau0-ablation,dmno_reference,DCR-NO,DCR-NO [dmno-ref],27,120,,,,,,0.5697621297925941,,,,0.19864079356193542,,,,,,,,,,,,,,,<LOCAL_ROOT>\DMNO_EXP\artifacts\tau0_ablation_paper120_v20_36\results\helmholtz-dirichlet-positive\dcr-no-tau0-0\seed-0027\result.json,0.001,,,,,,,1,,,,,,,,,,,,,,,,,,,,,,,,,,,,,,,,,,,,,,,,
2026-05-03T08:43:57,one_step_benchmark,generated/benchmark_stage2_shortlist_v1,generated/benchmark_stage2_shortlist_v1/benchmark_results.csv,helmholtz_dirichlet_positive_DCR-NO_7,helmholtz_dirichlet_positive,helmholtz_dirichlet_positive,tau0-ablation,dmno_reference,DCR-NO,DCR-NO [dmno-ref],7,120,,,,,,0.5713150124774601,,,,0.20338448882102966,,,,,,,,,,,,,,,<LOCAL_ROOT>\DMNO_EXP\artifacts\tau0_ablation_paper120_v20_36\results\helmholtz-dirichlet-positive\dcr-no-tau0-0-1\seed-0007\result.json,0.001,,,,,,,1,,,,,,,,,,,,,,,,,,,,,,,,,,,,,,,,,,,,,,,,
2026-05-03T08:43:57,one_step_benchmark,generated/benchmark_stage2_shortlist_v1,generated/benchmark_stage2_shortlist_v1/benchmark_results.csv,helmholtz_dirichlet_positive_DCR-NO_17,helmholtz_dirichlet_positive,helmholtz_dirichlet_positive,tau0-ablation,dmno_reference,DCR-NO,DCR-NO [dmno-ref],17,120,,,,,,0.5660303287160251,,,,0.20582303404808044,,,,,,,,,,,,,,,<LOCAL_ROOT>\DMNO_EXP\artifacts\tau0_ablation_paper120_v20_36\results\helmholtz-dirichlet-positive\dcr-no-tau0-0-1\seed-0017\result.json,0.001,,,,,,,1,,,,,,,,,,,,,,,,,,,,,,,,,,,,,,,,,,,,,,,,
2026-05-03T08:43:57,one_step_benchmark,generated/benchmark_stage2_shortlist_v1,generated/benchmark_stage2_shortlist_v1/benchmark_results.csv,helmholtz_dirichlet_positive_DCR-NO_27,helmholtz_dirichlet_positive,helmholtz_dirichlet_positive,tau0-ablation,dmno_reference,DCR-NO,DCR-NO [dmno-ref],27,120,,,,,,0.5697556006778335,,,,0.19864575564861298,,,,,,,,,,,,,,,<LOCAL_ROOT>\DMNO_EXP\artifacts\tau0_ablation_paper120_v20_36\results\helmholtz-dirichlet-positive\dcr-no-tau0-0-1\seed-0027\result.json,0.001,,,,,,,1,,,,,,,,,,,,,,,,,,,,,,,,,,,,,,,,,,,,,,,,
2026-05-03T08:43:57,one_step_benchmark,generated/benchmark_stage2_shortlist_v1,generated/benchmark_stage2_shortlist_v1/benchmark_results.csv,helmholtz_dirichlet_positive_DCR-NO_7,helmholtz_dirichlet_positive,helmholtz_dirichlet_positive,tau0-ablation,dmno_reference,DCR-NO,DCR-NO [dmno-ref],7,120,,,,,,0.5713270687791625,,,,0.2033802717924118,,,,,,,,,,,,,,,<LOCAL_ROOT>\DMNO_EXP\artifacts\tau0_ablation_paper120_v20_36\results\helmholtz-dirichlet-positive\dcr-no-tau0-0-3\seed-0007\result.json,0.001,,,,,,,1,,,,,,,,,,,,,,,,,,,,,,,,,,,,,,,,,,,,,,,,
2026-05-03T08:43:57,one_step_benchmark,generated/benchmark_stage2_shortlist_v1,generated/benchmark_stage2_shortlist_v1/benchmark_results.csv,helmholtz_dirichlet_positive_DCR-NO_17,helmholtz_dirichlet_positive,helmholtz_dirichlet_positive,tau0-ablation,dmno_reference,DCR-NO,DCR-NO [dmno-ref],17,120,,,,,,0.5660304465259581,,,,0.20582793653011322,,,,,,,,,,,,,,,<LOCAL_ROOT>\DMNO_EXP\artifacts\tau0_ablation_paper120_v20_36\results\helmholtz-dirichlet-positive\dcr-no-tau0-0-3\seed-0017\result.json,0.001,,,,,,,1,,,,,,,,,,,,,,,,,,,,,,,,,,,,,,,,,,,,,,,,
2026-05-03T08:43:57,one_step_benchmark,generated/benchmark_stage2_shortlist_v1,generated/benchmark_stage2_shortlist_v1/benchmark_results.csv,helmholtz_dirichlet_positive_DCR-NO_27,helmholtz_dirichlet_positive,helmholtz_dirichlet_positive,tau0-ablation,dmno_reference,DCR-NO,DCR-NO [dmno-ref],27,120,,,,,,0.5697794954021206,,,,0.19859854876995087,,,,,,,,,,,,,,,<LOCAL_ROOT>\DMNO_EXP\artifacts\tau0_ablation_paper120_v20_36\results\helmholtz-dirichlet-positive\dcr-no-tau0-0-3\seed-0027\result.json,0.001,,,,,,,1,,,,,,,,,,,,,,,,,,,,,,,,,,,,,,,,,,,,,,,,
2026-05-03T08:43:57,one_step_benchmark,generated/benchmark_stage2_shortlist_v1,generated/benchmark_stage2_shortlist_v1/benchmark_results.csv,helmholtz_dirichlet_positive_DCR-NO_7,helmholtz_dirichlet_positive,helmholtz_dirichlet_positive,tau0-ablation,dmno_reference,DCR-NO,DCR-NO [dmno-ref],7,120,,,,,,0.5713322929862552,,,,0.20335052907466888,,,,,,,,,,,,,,,<LOCAL_ROOT>\DMNO_EXP\artifacts\tau0_ablation_paper120_v20_36\results\helmholtz-dirichlet-positive\dcr-no-tau0-1\seed-0007\result.json,0.001,,,,,,,1,,,,,,,,,,,,,,,,,,,,,,,,,,,,,,,,,,,,,,,,
2026-05-03T08:43:57,one_step_benchmark,generated/benchmark_stage2_shortlist_v1,generated/benchmark_stage2_shortlist_v1/benchmark_results.csv,helmholtz_dirichlet_positive_DCR-NO_17,helmholtz_dirichlet_positive,helmholtz_dirichlet_positive,tau0-ablation,dmno_reference,DCR-NO,DCR-NO [dmno-ref],17,120,,,,,,0.5660134235214446,,,,0.205905020236969,,,,,,,,,,,,,,,<LOCAL_ROOT>\DMNO_EXP\artifacts\tau0_ablation_paper120_v20_36\results\helmholtz-dirichlet-positive\dcr-no-tau0-1\seed-0017\result.json,0.001,,,,,,,1,,,,,,,,,,,,,,,,,,,,,,,,,,,,,,,,,,,,,,,,
2026-05-03T08:43:57,one_step_benchmark,generated/benchmark_stage2_shortlist_v1,generated/benchmark_stage2_shortlist_v1/benchmark_results.csv,helmholtz_dirichlet_positive_DCR-NO_27,helmholtz_dirichlet_positive,helmholtz_dirichlet_positive,tau0-ablation,dmno_reference,DCR-NO,DCR-NO [dmno-ref],27,120,,,,,,0.5698154169267254,,,,0.1984807252883911,,,,,,,,,,,,,,,<LOCAL_ROOT>\DMNO_EXP\artifacts\tau0_ablation_paper120_v20_36\results\helmholtz-dirichlet-positive\dcr-no-tau0-1\seed-0027\result.json,0.001,,,,,,,1,,,,,,,,,,,,,,,,,,,,,,,,,,,,,,,,,,,,,,,,
2026-05-03T08:43:57,one_step_benchmark,generated/benchmark_stage2_shortlist_v1,generated/benchmark_stage2_shortlist_v1/benchmark_results.csv,helmholtz_dirichlet_positive_DCR-NO_7,helmholtz_dirichlet_positive,helmholtz_dirichlet_positive,tau0-ablation,dmno_reference,DCR-NO,DCR-NO [dmno-ref],7,120,,,,,,0.5645640140491608,,,,0.20333027839660645,,,,,,,,,,,,,,,<LOCAL_ROOT>\DMNO_EXP\artifacts\tau0_ablation_paper120_v20_36\results\helmholtz-dirichlet-positive\dcr-no-tau0-3\seed-0007\result.json,0.001,,,,,,,1,,,,,,,,,,,,,,,,,,,,,,,,,,,,,,,,,,,,,,,,
2026-05-03T08:43:57,one_step_benchmark,generated/benchmark_stage2_shortlist_v1,generated/benchmark_stage2_shortlist_v1/benchmark_results.csv,helmholtz_dirichlet_positive_DCR-NO_17,helmholtz_dirichlet_positive,helmholtz_dirichlet_positive,tau0-ablation,dmno_reference,DCR-NO,DCR-NO [dmno-ref],17,120,,,,,,0.565996755693304,,,,0.20597361028194427,,,,,,,,,,,,,,,<LOCAL_ROOT>\DMNO_EXP\artifacts\tau0_ablation_paper120_v20_36\results\helmholtz-dirichlet-positive\dcr-no-tau0-3\seed-0017\result.json,0.001,,,,,,,1,,,,,,,,,,,,,,,,,,,,,,,,,,,,,,,,,,,,,,,,
2026-05-03T08:43:57,one_step_benchmark,generated/benchmark_stage2_shortlist_v1,generated/benchmark_stage2_shortlist_v1/benchmark_results.csv,helmholtz_dirichlet_positive_DCR-NO_27,helmholtz_dirichlet_positive,helmholtz_dirichlet_positive,tau0-ablation,dmno_reference,DCR-NO,DCR-NO [dmno-ref],27,120,,,,,,0.5699602350631116,,,,0.19828692078590393,,,,,,,,,,,,,,,<LOCAL_ROOT>\DMNO_EXP\artifacts\tau0_ablation_paper120_v20_36\results\helmholtz-dirichlet-positive\dcr-no-tau0-3\seed-0027\result.json,0.001,,,,,,,1,,,,,,,,,,,,,,,,,,,,,,,,,,,,,,,,,,,,,,,,
2026-05-03T08:43:57,one_step_benchmark,generated/benchmark_stage3_flagship_plus_smoke,generated/benchmark_stage3_flagship_plus_smoke/benchmark_results.csv,helmholtz_highk_positive_MiNO-Plus_7,helmholtz_highk_positive,helmholtz_highk,positive,tcno_cache,MiNO-Plus,MiNO-Plus,7,2,2,,,,,0.5853713899850845,,,0.34430472801129025,0.3411800091465314,1.5442238847414653,0.44989238679409027,,,,,,,,,53.45694899999944,804266,192,192,,0.0001,0.0001,1.0,0.02,0.02,0.05,3,1,,,,,,,,,,,,,,,,,,,,,,,,,,,,,,,,,,,,,,,,
2026-05-03T08:43:57,one_step_benchmark,generated/benchmark_synth_official_e16,generated/benchmark_synth_official_e16/benchmark_results.csv,darcy_synth_MiNO-Core_7,darcy_synth,darcy,synthetic,synthetic,MiNO-Core,MiNO-Core,7,16,4,,,,,0.9988657236099243,,,52.240952491760254,52.051876068115234,1.5656681060791016,0.931852400302887,,,,,,,,,13.794920000000275,424948,64,64,,0.0001,0.0001,1.0,,,,1,1,,,,,,,,,,,,,,,,,,,,,,,,,,,,,,,,,,,,,,,,
2026-05-03T08:43:57,one_step_benchmark,generated/benchmark_synth_official_e16,generated/benchmark_synth_official_e16/benchmark_results.csv,darcy_synth_MiNO-Plus_7,darcy_synth,darcy,synthetic,synthetic,MiNO-Plus,MiNO-Plus,7,16,4,,,,,0.9998871386051178,,,52.3440055847168,51.72047519683838,1.566836953163147,0.979834109544754,,,,,,,,,24.5046112,804008,64,64,,0.0001,0.0001,1.0,,,,1,1,,,,,,,,,,,,,,,,,,,,,,,,,,,,,,,,,,,,,,,,
2026-05-03T08:43:57,one_step_benchmark,generated/benchmark_synth_official_e16,generated/benchmark_synth_official_e16/benchmark_results.csv,darcy_synth_FNO_7,darcy_synth,darcy,synthetic,synthetic,FNO,FNO,7,16,4,,,,,1.0007750689983368,,,52.434661865234375,51.66072940826416,1.5740731060504913,0.9863900244235992,,,,,,,,,3.530773300000874,446759,64,64,,0.0001,0.0001,1.0,,,,1,1,,,,,,,,,,,,,,,,,,,,,,,,,,,,,,,,,,,,,,,,
2026-05-03T08:43:57,one_step_benchmark,generated/benchmark_synth_official_e16,generated/benchmark_synth_official_e16/benchmark_results.csv,darcy_synth_Conv-FNO_7,darcy_synth,darcy,synthetic,synthetic,Conv-FNO,Conv-FNO,7,16,4,,,,,0.9994115233421326,,,52.29402446746826,51.71864986419678,1.5768010318279266,0.9868953227996826,,,,,,,,,4.498790999999983,458055,64,64,,0.0001,0.0001,1.0,,,,1,1,,,,,,,,,,,,,,,,,,,,,,,,,,,,,,,,,,,,,,,,
2026-05-03T08:43:57,one_step_benchmark,generated/benchmark_synth_official_e16,generated/benchmark_synth_official_e16/benchmark_results.csv,darcy_synth_WNO-Official_7,darcy_synth,darcy,synthetic,synthetic,WNO-Official,WNO-Official,7,16,4,,,,,1.0012174844741821,,,52.48057842254639,51.656593322753906,1.5628943741321564,0.9797060340642929,,,,,,,,,8.103851799998665,399303,64,64,,0.0001,0.0001,1.0,,,,1,1,,,,,,,,,,,,,,,,,,,,,,,,,,,,,,,,,,,,,,,,
2026-05-03T08:43:57,one_step_benchmark,generated/benchmark_synth_official_e16,generated/benchmark_synth_official_e16/benchmark_results.csv,darcy_synth_UNO_7,darcy_synth,darcy,synthetic,synthetic,UNO,UNO,7,16,4,,,,,1.0013728737831116,,,52.49670600891113,51.656599044799805,1.5737622380256653,0.9774621576070786,,,,,,,,,7.179046999999628,1195431,64,64,,0.0001,0.0001,1.0,,,,1,1,,,,,,,,,,,,,,,,,,,,,,,,,,,,,,,,,,,,,,,,
2026-05-03T08:43:57,one_step_benchmark,generated/benchmark_synth_official_e16,generated/benchmark_synth_official_e16/benchmark_results.csv,darcy_synth_FNO+LearnedLocalTC_7,darcy_synth,darcy,synthetic,synthetic,FNO+LearnedLocalTC,FNO+LearnedLocalTC,7,16,4,,,,,1.0013731718063354,,,52.49675464630127,51.65643119812012,1.5664413571357727,0.9774779677391052,,,,,,,,,11.379398399998536,453806,64,64,,0.0001,0.0001,1.0,,,,1,1,,,,,,,,,,,,,,,,,,,,,,,,,,,,,,,,,,,,,,,,
2026-05-03T08:43:57,one_step_benchmark,generated/benchmark_synth_official_e16,generated/benchmark_synth_official_e16/benchmark_results.csv,navier_stokes_synth_MiNO-Core_7,navier_stokes_synth,navier_stokes,synthetic,synthetic,MiNO-Core,MiNO-Core,7,16,4,,,,,1.255641132593155,,,0.15773124992847443,0.16144228726625443,1.5452871322631836,0.14492780342698097,,,,,,,,,13.097060000000056,424948,64,64,,0.0001,0.0001,1.0,,,,1,1,,,,,,,,,,,,,,,,,,,,,,,,,,,,,,,,,,,,,,,,
2026-05-03T08:43:57,one_step_benchmark,generated/benchmark_synth_official_e16,generated/benchmark_synth_official_e16/benchmark_results.csv,navier_stokes_synth_MiNO-Plus_7,navier_stokes_synth,navier_stokes,synthetic,synthetic,MiNO-Plus,MiNO-Plus,7,16,4,,,,,0.9432263821363449,,,0.0874800942838192,0.08991742134094238,1.5099166631698608,0.403896227478981,,,,,,,,,24.57568799999899,804008,64,64,,0.0001,0.0001,1.0,,,,1,1,,,,,,,,,,,,,,,,,,,,,,,,,,,,,,,,,,,,,,,,
2026-05-03T08:43:57,one_step_benchmark,generated/benchmark_synth_official_e16,generated/benchmark_synth_official_e16/benchmark_results.csv,navier_stokes_synth_FNO_7,navier_stokes_synth,navier_stokes,synthetic,synthetic,FNO,FNO,7,16,4,,,,,0.9076429158449173,,,0.08132369443774223,0.08266606368124485,1.549322247505188,0.5569791495800018,,,,,,,,,3.6704604999995354,446759,64,64,,0.0001,0.0001,1.0,,,,1,1,,,,,,,,,,,,,,,,,,,,,,,,,,,,,,,,,,,,,,,,
2026-05-03T08:43:57,one_step_benchmark,generated/benchmark_synth_official_e16,generated/benchmark_synth_official_e16/benchmark_results.csv,navier_stokes_synth_Conv-FNO_7,navier_stokes_synth,navier_stokes,synthetic,synthetic,Conv-FNO,Conv-FNO,7,16,4,,,,,0.8646508306264877,,,0.0743841677904129,0.07315915543586016,1.4948521852493286,0.47614527493715286,,,,,,,,,4.649999200000821,458055,64,64,,0.0001,0.0001,1.0,,,,1,1,,,,,,,,,,,,,,,,,,,,,,,,,,,,,,,,,,,,,,,,
2026-05-03T08:43:57,one_step_benchmark,generated/benchmark_synth_official_e16,generated/benchmark_synth_official_e16/benchmark_results.csv,navier_stokes_synth_WNO-Official_7,navier_stokes_synth,navier_stokes,synthetic,synthetic,WNO-Official,WNO-Official,7,16,4,,,,,0.8910920768976212,,,0.07866173982620239,0.0787959136068821,1.5063560605049133,0.5276987701654434,,,,,,,,,8.194477600000027,399303,64,64,,0.0001,0.0001,1.0,,,,1,1,,,,,,,,,,,,,,,,,,,,,,,,,,,,,,,,,,,,,,,,
2026-05-03T08:43:57,one_step_benchmark,generated/benchmark_synth_official_e16,generated/benchmark_synth_official_e16/benchmark_results.csv,navier_stokes_synth_UNO_7,navier_stokes_synth,navier_stokes,synthetic,synthetic,UNO,UNO,7,16,4,,,,,0.8750530779361725,,,0.07586722448468208,0.07604392431676388,1.5277736186981201,0.5018979012966156,,,,,,,,,6.991443599999911,1195431,64,64,,0.0001,0.0001,1.0,,,,1,1,,,,,,,,,,,,,,,,,,,,,,,,,,,,,,,,,,,,,,,,
2026-05-03T08:43:57,one_step_benchmark,generated/benchmark_synth_official_e16,generated/benchmark_synth_official_e16/benchmark_results.csv,navier_stokes_synth_FNO+LearnedLocalTC_7,navier_stokes_synth,navier_stokes,synthetic,synthetic,FNO+LearnedLocalTC,FNO+LearnedLocalTC,7,16,4,,,,,0.9078350067138672,,,0.08131506480276585,0.08265016973018646,1.548839509487152,0.5658609718084335,,,,,,,,,10.161047400000825,453806,64,64,,0.0001,0.0001,1.0,,,,1,1,,,,,,,,,,,,,,,,,,,,,,,,,,,,,,,,,,,,,,,,
2026-05-03T08:43:57,one_step_benchmark,generated/benchmark_synth_official_e16,generated/benchmark_synth_official_e16/benchmark_results.csv,wave_synth_MiNO-Core_7,wave_synth,wave,synthetic,synthetic,MiNO-Core,MiNO-Core,7,16,4,,,,,0.6019373759627342,,,0.017288258764892817,0.016129162162542343,1.4305934309959412,350.01908415555954,,,,,,,,,13.020411800000147,424948,64,64,,0.0001,0.0001,1.0,,,,1,1,,,,,,,,,,,,,,,,,,,,,,,,,,,,,,,,,,,,,,,,
2026-05-03T08:43:57,one_step_benchmark,generated/benchmark_synth_official_e16,generated/benchmark_synth_official_e16/benchmark_results.csv,wave_synth_MiNO-Plus_7,wave_synth,wave,synthetic,synthetic,MiNO-Plus,MiNO-Plus,7,16,4,,,,,0.1807194948196411,,,0.0015224287490127608,0.0013782908790744841,1.4032168686389923,1129.4792771488428,,,,,,,,,24.5430894000001,804008,64,64,,0.0001,0.0001,1.0,,,,1,1,,,,,,,,,,,,,,,,,,,,,,,,,,,,,,,,,,,,,,,,
2026-05-03T08:43:57,one_step_benchmark,generated/benchmark_synth_official_e16,generated/benchmark_synth_official_e16/benchmark_results.csv,wave_synth_FNO_7,wave_synth,wave,synthetic,synthetic,FNO,FNO,7,16,4,,,,,0.5050722360610962,,,0.012352465186268091,0.011441080481745303,1.4189313352108002,1235.2573445737362,,,,,,,,,3.672565700000632,446759,64,64,,0.0001,0.0001,1.0,,,,1,1,,,,,,,,,,,,,,,,,,,,,,,,,,,,,,,,,,,,,,,,
2026-05-03T08:43:57,one_step_benchmark,generated/benchmark_synth_official_e16,generated/benchmark_synth_official_e16/benchmark_results.csv,wave_synth_Conv-FNO_7,wave_synth,wave,synthetic,synthetic,Conv-FNO,Conv-FNO,7,16,4,,,,,0.2203710936009884,,,0.0023354114964604378,0.0018556586874183267,1.4271380603313446,2812.4806772470474,,,,,,,,,4.361656700000822,458055,64,64,,0.0001,0.0001,1.0,,,,1,1,,,,,,,,,,,,,,,,,,,,,,,,,,,,,,,,,,,,,,,,
2026-05-03T08:43:57,one_step_benchmark,generated/benchmark_synth_official_e16,generated/benchmark_synth_official_e16/benchmark_results.csv,wave_synth_WNO-Official_7,wave_synth,wave,synthetic,synthetic,WNO-Official,WNO-Official,7,16,4,,,,,0.4322379231452942,,,0.00864167872350663,0.007613835739903152,1.4654631912708282,705.4086286723614,,,,,,,,,8.18099550000079,399303,64,64,,0.0001,0.0001,1.0,,,,1,1,,,,,,,,,,,,,,,,,,,,,,,,,,,,,,,,,,,,,,,,
2026-05-03T08:43:57,one_step_benchmark,generated/benchmark_synth_official_e16,generated/benchmark_synth_official_e16/benchmark_results.csv,wave_synth_UNO_7,wave_synth,wave,synthetic,synthetic,UNO,UNO,7,16,4,,,,,0.18677512556314468,,,0.0016363224131055176,0.0013414732820820063,1.43294757604599,2509.4414753317833,,,,,,,,,7.234493500000099,1195431,64,64,,0.0001,0.0001,1.0,,,,1,1,,,,,,,,,,,,,,,,,,,,,,,,,,,,,,,,,,,,,,,,
2026-05-03T08:43:57,one_step_benchmark,generated/benchmark_synth_official_e16,generated/benchmark_synth_official_e16/benchmark_results.csv,wave_synth_FNO+LearnedLocalTC_7,wave_synth,wave,synthetic,synthetic,FNO+LearnedLocalTC,FNO+LearnedLocalTC,7,16,4,,,,,0.5127318650484085,,,0.012646131915971637,0.01167990523390472,1.4286673665046692,820.4844539016485,,,,,,,,,10.014287299998614,453806,64,64,,0.0001,0.0001,1.0,,,,1,1,,,,,,,,,,,,,,,,,,,,,,,,,,,,,,,,,,,,,,,,
2026-05-03T08:43:57,empirical_closure,generated/empirical_closure/ablation_core,generated/empirical_closure/ablation_core/empirical_closure_results.csv,ablation_core_wave_synth_proxy_0p02_0p02_full_7,wave_synth,wave,synthetic,synthetic,MiNO-Plus,MiNO-Plus_wingaussian_modshell_balanced_K12_modes16_patch16,7,16,2,,proxy_0.02_0.02,full,,0.154536385089159,,,0.0011036514697480015,0.0010202800694969483,1.4015593230724335,1294.7546759061515,,,,0.059725228464230895,0.09599720764284332,,,,36.908541400000104,804008,64,64,,0.0001,0.0001,1.0,0.02,0.02,0.05,1,1,,ablation_core,,,,,,,,16,0,0,0,shell_balanced,False,16,,,2,,,,run,8,,,,,,,,12,gaussian,,,,,,,
2026-05-03T08:43:57,empirical_closure,generated/empirical_closure/ablation_core,generated/empirical_closure/ablation_core/empirical_closure_results.csv,ablation_core_wave_synth_proxy_0p02_0p02_full_11,wave_synth,wave,synthetic,synthetic,MiNO-Plus,MiNO-Plus_wingaussian_modshell_balanced_K12_modes16_patch16,11,16,2,,proxy_0.02_0.02,full,,0.16121410205960274,,,0.000833664475067053,0.001176348865556065,1.392148107290268,3093.4086646959186,,,,0.06052699366894861,0.10349771923696001,,,,36.406660399999964,804008,64,64,,0.0001,0.0001,1.0,0.02,0.02,0.05,1,1,,ablation_core,,,,,,,,16,0,0,0,shell_balanced,False,16,,,2,,,,run,8,,,,,,,,12,gaussian,,,,,,,
2026-05-03T08:43:57,empirical_closure,generated/empirical_closure/ablation_core,generated/empirical_closure/ablation_core/empirical_closure_results.csv,ablation_core_wave_synth_proxy_0p02_0p02_full_19,wave_synth,wave,synthetic,synthetic,MiNO-Plus,MiNO-Plus_wingaussian_modshell_balanced_K12_modes16_patch16,19,16,2,,proxy_0.02_0.02,full,,0.15797586552798748,,,0.0009437472326681018,0.0009658779927121941,1.4211464673280716,6614.789577333257,,,,0.0603860553043584,0.09855655510909855,,,,36.316730099999404,804008,64,64,,0.0001,0.0001,1.0,0.02,0.02,0.05,1,1,,ablation_core,,,,,,,,16,0,0,0,shell_balanced,False,16,,,2,,,,run,8,,,,,,,,12,gaussian,,,,,,,
2026-05-03T08:43:57,empirical_closure,generated/empirical_closure/ablation_core,generated/empirical_closure/ablation_core/empirical_closure_results.csv,ablation_core_wave_synth_proxy_0p02_0p02_no_local_refine_7,wave_synth,wave,synthetic,synthetic,MiNO-Plus,MiNO-Plus_wingaussian_modshell_balanced_K12_modes16_patch16,7,16,2,,proxy_0.02_0.02,no_local_refine,,0.5772097930312157,,,0.016072886646725237,0.014943687128834426,1.4633730798959732,2776.51165612787,,,,0.060920312612627946,0.09332476812414825,,,,36.06798429999981,793863,64,64,,0.0001,0.0001,1.0,0.02,0.02,0.05,1,1,,ablation_core,,,,,,,,16,0,0,0,shell_balanced,False,16,,,2,,,,run,8,,,,,,,,12,gaussian,,,,,,,
2026-05-03T08:43:57,empirical_closure,generated/empirical_closure/ablation_core,generated/empirical_closure/ablation_core/empirical_closure_results.csv,ablation_core_wave_synth_proxy_0p02_0p02_no_local_refine_11,wave_synth,wave,synthetic,synthetic,MiNO-Plus,MiNO-Plus_wingaussian_modshell_balanced_K12_modes16_patch16,11,16,2,,proxy_0.02_0.02,no_local_refine,,0.5421062633395195,,,0.00926246150629595,0.02126718731597066,1.4681352078914642,4066.9906831607223,,,,0.06207118765451014,0.10098950425162911,,,,36.070652899999914,793863,64,64,,0.0001,0.0001,1.0,0.02,0.02,0.05,1,1,,ablation_core,,,,,,,,16,0,0,0,shell_balanced,False,16,,,2,,,,run,8,,,,,,,,12,gaussian,,,,,,,
2026-05-03T08:43:57,empirical_closure,generated/empirical_closure/ablation_core,generated/empirical_closure/ablation_core/empirical_closure_results.csv,ablation_core_wave_synth_proxy_0p02_0p02_no_local_refine_19,wave_synth,wave,synthetic,synthetic,MiNO-Plus,MiNO-Plus_wingaussian_modshell_balanced_K12_modes16_patch16,19,16,2,,proxy_0.02_0.02,no_local_refine,,0.5423453822731972,,,0.012525413010735065,0.013763183989794925,1.4765169471502304,10998.721757452935,,,,0.0626277755945921,0.09570668148808181,,,,35.425992500000575,793863,64,64,,0.0001,0.0001,1.0,0.02,0.02,0.05,1,1,,ablation_core,,,,,,,,16,0,0,0,shell_balanced,False,16,,,2,,,,run,8,,,,,,,,12,gaussian,,,,,,,
2026-05-03T08:43:57,empirical_closure,generated/empirical_closure/ablation_core,generated/empirical_closure/ablation_core/empirical_closure_results.csv,ablation_core_wave_synth_proxy_0p02_0p02_no_transport_7,wave_synth,wave,synthetic,synthetic,MiNO-Plus,MiNO-Plus_wingaussian_modshell_balanced_K12_modes16_patch16,7,16,2,,proxy_0.02_0.02,no_transport,,0.15429336950182915,,,0.0011010746893589385,0.001017034323012922,1.3988381922245026,1002.5628594895825,,,,0.06260195087331037,0.09414523847711583,,,,18.165154400001484,393848,64,64,,0.0001,0.0001,1.0,0.02,0.02,0.05,1,1,,ablation_core,,,,,,,,16,0,0,0,shell_balanced,False,16,,,2,,,,run,8,,,,,,,,12,gaussian,,,,,,,
2026-05-03T08:43:57,empirical_closure,generated/empirical_closure/ablation_core,generated/empirical_closure/ablation_core/empirical_closure_results.csv,ablation_core_wave_synth_proxy_0p02_0p02_no_transport_11,wave_synth,wave,synthetic,synthetic,MiNO-Plus,MiNO-Plus_wingaussian_modshell_balanced_K12_modes16_patch16,11,16,2,,proxy_0.02_0.02,no_transport,,0.1607531923800707,,,0.0008308112846862059,0.0011719399990397505,1.387002021074295,1181.9837986975908,,,,0.06343691260553896,0.1013454298954457,,,,19.044859800000268,393848,64,64,,0.0001,0.0001,1.0,0.02,0.02,0.05,1,1,,ablation_core,,,,,,,,16,0,0,0,shell_balanced,False,16,,,2,,,,run,8,,,,,,,,12,gaussian,,,,,,,
2026-05-03T08:43:57,empirical_closure,generated/empirical_closure/ablation_core,generated/empirical_closure/ablation_core/empirical_closure_results.csv,ablation_core_wave_synth_proxy_0p02_0p02_no_transport_19,wave_synth,wave,synthetic,synthetic,MiNO-Plus,MiNO-Plus_wingaussian_modshell_balanced_K12_modes16_patch16,19,16,2,,proxy_0.02_0.02,no_transport,,0.1567368283867836,,,0.0009300893725594506,0.0009463428359595127,1.4186112880706787,5787.336077058688,,,,0.06414487593186398,0.09641868450368445,,,,17.576854599999933,393848,64,64,,0.0001,0.0001,1.0,0.02,0.02,0.05,1,1,,ablation_core,,,,,,,,16,0,0,0,shell_balanced,False,16,,,2,,,,run,8,,,,,,,,12,gaussian,,,,,,,
2026-05-03T08:43:57,empirical_closure,generated/empirical_closure/ablation_core,generated/empirical_closure/ablation_core/empirical_closure_results.csv,ablation_core_wave_synth_proxy_0p02_0p02_no_symbol_7,wave_synth,wave,synthetic,synthetic,MiNO-Plus,MiNO-Plus_wingaussian_modshell_balanced_K12_modes16_patch16,7,16,2,,proxy_0.02_0.02,no_symbol,,0.15357238799333572,,,0.0010909090633504093,0.0010078416380565614,1.4013807624578476,1337.0159871634096,,,,0.06067417732750376,0.09530283029501636,,,,31.74833690000014,552104,64,64,,0.0001,0.0001,1.0,0.02,0.02,0.05,1,1,,ablation_core,,,,,,,,16,0,0,0,shell_balanced,False,16,,,2,,,,run,8,,,,,,,,12,gaussian,,,,,,,
2026-05-03T08:43:57,empirical_closure,generated/empirical_closure/ablation_core,generated/empirical_closure/ablation_core/empirical_closure_results.csv,ablation_core_wave_synth_proxy_0p02_0p02_no_symbol_11,wave_synth,wave,synthetic,synthetic,MiNO-Plus,MiNO-Plus_wingaussian_modshell_balanced_K12_modes16_patch16,11,16,2,,proxy_0.02_0.02,no_symbol,,0.1597232986241579,,,0.0008191774722945411,0.0011576956021599472,1.3814038932323456,1439.6808225437999,,,,0.06136465227852265,0.10286224959418178,,,,30.18460750000122,552104,64,64,,0.0001,0.0001,1.0,0.02,0.02,0.05,1,1,,ablation_core,,,,,,,,16,0,0,0,shell_balanced,False,16,,,2,,,,run,8,,,,,,,,12,gaussian,,,,,,,
2026-05-03T08:43:57,empirical_closure,generated/empirical_closure/ablation_core,generated/empirical_closure/ablation_core/empirical_closure_results.csv,ablation_core_wave_synth_proxy_0p02_0p02_no_symbol_19,wave_synth,wave,synthetic,synthetic,MiNO-Plus,MiNO-Plus_wingaussian_modshell_balanced_K12_modes16_patch16,19,16,2,,proxy_0.02_0.02,no_symbol,,0.15716162882745266,,,0.0009341787226730958,0.0009482852001383435,1.4174533188343048,14160.365446813405,,,,0.06222266525340577,0.09742117207497358,,,,31.703875600000174,552104,64,64,,0.0001,0.0001,1.0,0.02,0.02,0.05,1,1,,ablation_core,,,,,,,,16,0,0,0,shell_balanced,False,16,,,2,,,,run,8,,,,,,,,12,gaussian,,,,,,,
2026-05-03T08:43:57,empirical_closure,generated/empirical_closure/ablation_core,generated/empirical_closure/ablation_core/empirical_closure_results.csv,ablation_core_helmholtz_variable_control_proxy_0p02_0p02_full_7,helmholtz_variable_control,helmholtz_variable,control,tcno_cache,MiNO-Plus,MiNO-Plus_wingaussian_modshell_balanced_K12_modes16_patch16,7,16,2,,proxy_0.02_0.02,full,,0.03289033410449823,,,0.0011791371022506307,0.0012194568407721817,1.4378735224405925,0.015647804830223322,,,,0.06114201922900975,0.37062526928881806,,,,3196.3846145000007,804266,192,192,,0.0001,0.0001,1.0,0.02,0.02,0.05,3,1,,ablation_core,,,,,,,,16,0,0,0,shell_balanced,False,16,,,2,,,,run,8,,,,,,,,12,gaussian,,,,,,,
2026-05-03T08:43:57,empirical_closure,generated/empirical_closure/ablation_core,generated/empirical_closure/ablation_core/empirical_closure_results.csv,ablation_core_helmholtz_variable_control_proxy_0p02_0p02_full_11,helmholtz_variable_control,helmholtz_variable,control,tcno_cache,MiNO-Plus,MiNO-Plus_wingaussian_modshell_balanced_K12_modes16_patch16,11,16,2,,proxy_0.02_0.02,full,,0.030184919945895672,,,0.0010286158891782786,0.00107062422951761,1.4562025566895802,0.012791897092635432,,,,0.061142122372984886,0.3730923340966304,,,,3193.3994902000013,804266,192,192,,0.0001,0.0001,1.0,0.02,0.02,0.05,3,1,,ablation_core,,,,,,,,16,0,0,0,shell_balanced,False,16,,,2,,,,run,8,,,,,,,,12,gaussian,,,,,,,
2026-05-03T08:43:57,empirical_closure,generated/empirical_closure/ablation_core,generated/empirical_closure/ablation_core/empirical_closure_results.csv,ablation_core_helmholtz_variable_control_proxy_0p02_0p02_full_19,helmholtz_variable_control,helmholtz_variable,control,tcno_cache,MiNO-Plus,MiNO-Plus_wingaussian_modshell_balanced_K12_modes16_patch16,19,16,2,,proxy_0.02_0.02,full,,0.03313252469524741,,,0.0012023553426843137,0.0012362485673899453,1.4032735029856365,0.012663526848579446,,,,0.061138588547085725,0.36837210195759934,,,,3193.7318688999985,804266,192,192,,0.0001,0.0001,1.0,0.02,0.02,0.05,3,1,,ablation_core,,,,,,,,16,0,0,0,shell_balanced,False,16,,,2,,,,run,8,,,,,,,,12,gaussian,,,,,,,
2026-05-03T08:43:57,empirical_closure,generated/empirical_closure/ablation_core,generated/empirical_closure/ablation_core/empirical_closure_results.csv,ablation_core_helmholtz_variable_control_proxy_0p02_0p02_no_local_refine_7,helmholtz_variable_control,helmholtz_variable,control,tcno_cache,MiNO-Plus,MiNO-Plus_wingaussian_modshell_balanced_K12_modes16_patch16,7,16,2,,proxy_0.02_0.02,no_local_refine,,0.09366962934533755,,,0.009488050399037698,0.009761637814032534,1.4323023955027263,0.025828346299628418,,,,0.06112440714302162,0.35603499474624795,,,,3194.8394646999986,794121,192,192,,0.0001,0.0001,1.0,0.02,0.02,0.05,3,1,,ablation_core,,,,,,,,16,0,0,0,shell_balanced,False,16,,,2,,,,run,8,,,,,,,,12,gaussian,,,,,,,
2026-05-03T08:43:57,empirical_closure,generated/empirical_closure/ablation_core,generated/empirical_closure/ablation_core/empirical_closure_results.csv,ablation_core_helmholtz_variable_control_proxy_0p02_0p02_no_local_refine_11,helmholtz_variable_control,helmholtz_variable,control,tcno_cache,MiNO-Plus,MiNO-Plus_wingaussian_modshell_balanced_K12_modes16_patch16,11,16,2,,proxy_0.02_0.02,no_local_refine,,0.09378682139019172,,,0.00954027462285012,0.0098315123662663,1.4783770143985748,0.02920142685373624,,,,0.06113018669808904,0.3588565979152918,,,,3200.7292541999996,794121,192,192,,0.0001,0.0001,1.0,0.02,0.02,0.05,3,1,,ablation_core,,,,,,,,16,0,0,0,shell_balanced,False,16,,,2,,,,run,8,,,,,,,,12,gaussian,,,,,,,
2026-05-03T08:43:57,empirical_closure,generated/empirical_closure/ablation_core,generated/empirical_closure/ablation_core/empirical_closure_results.csv,ablation_core_helmholtz_variable_control_proxy_0p02_0p02_no_local_refine_19,helmholtz_variable_control,helmholtz_variable,control,tcno_cache,MiNO-Plus,MiNO-Plus_wingaussian_modshell_balanced_K12_modes16_patch16,19,16,2,,proxy_0.02_0.02,no_local_refine,,0.09396636423965295,,,0.009553515003062785,0.00979575941649576,1.4639279146989186,0.027369261098404724,,,,0.06076179382701715,0.3579925236602624,,,,3197.748548000003,794121,192,192,,0.0001,0.0001,1.0,0.02,0.02,0.05,3,1,,ablation_core,,,,,,,,16,0,0,0,shell_balanced,False,16,,,2,,,,run,8,,,,,,,,12,gaussian,,,,,,,
2026-05-03T08:43:57,empirical_closure,generated/empirical_closure/ablation_core,generated/empirical_closure/ablation_core/empirical_closure_results.csv,ablation_core_helmholtz_variable_control_proxy_0p02_0p02_no_transport_7,helmholtz_variable_control,helmholtz_variable,control,tcno_cache,MiNO-Plus,MiNO-Plus_wingaussian_modshell_balanced_K12_modes16_patch16,7,16,2,,proxy_0.02_0.02,no_transport,,0.031958249087134995,,,0.0011219051375519484,0.0011573365288010489,1.4024546245733898,0.013993949396535754,,,,0.0476751922784994,0.42657655539611977,,,,20.351742300001206,394106,192,192,,0.0001,0.0001,1.0,0.02,0.02,0.05,3,1,,ablation_core,,,,,,,,16,0,0,0,shell_balanced,False,16,,,2,,,,run,8,,,,,,,,12,gaussian,,,,,,,
2026-05-03T08:43:57,empirical_closure,generated/empirical_closure/ablation_core,generated/empirical_closure/ablation_core/empirical_closure_results.csv,ablation_core_helmholtz_variable_control_proxy_0p02_0p02_no_transport_11,helmholtz_variable_control,helmholtz_variable,control,tcno_cache,MiNO-Plus,MiNO-Plus_wingaussian_modshell_balanced_K12_modes16_patch16,11,16,2,,proxy_0.02_0.02,no_transport,,0.030909452587366104,,,0.0010640135927436252,0.0011044831602096867,1.506015419960022,0.012676315770174066,,,,0.04767519220088919,0.425090067088604,,,,22.106237500003772,394106,192,192,,0.0001,0.0001,1.0,0.02,0.02,0.05,3,1,,ablation_core,,,,,,,,16,0,0,0,shell_balanced,False,16,,,2,,,,run,8,,,,,,,,12,gaussian,,,,,,,
2026-05-03T08:43:57,empirical_closure,generated/empirical_closure/ablation_core,generated/empirical_closure/ablation_core/empirical_closure_results.csv,ablation_core_helmholtz_variable_control_proxy_0p02_0p02_no_transport_19,helmholtz_variable_control,helmholtz_variable,control,tcno_cache,MiNO-Plus,MiNO-Plus_wingaussian_modshell_balanced_K12_modes16_patch16,19,16,2,,proxy_0.02_0.02,no_transport,,0.03255851427093148,,,0.0011678344211153064,0.0012046686266936983,1.4433259268601735,0.012883123786499103,,,,0.047675192433719836,0.42472293972969055,,,,20.611329299994395,394106,192,192,,0.0001,0.0001,1.0,0.02,0.02,0.05,3,1,,ablation_core,,,,,,,,16,0,0,0,shell_balanced,False,16,,,2,,,,run,8,,,,,,,,12,gaussian,,,,,,,
2026-05-03T08:43:57,empirical_closure,generated/empirical_closure/ablation_core,generated/empirical_closure/ablation_core/empirical_closure_results.csv,ablation_core_helmholtz_variable_control_proxy_0p02_0p02_no_symbol_7,helmholtz_variable_control,helmholtz_variable,control,tcno_cache,MiNO-Plus,MiNO-Plus_wingaussian_modshell_balanced_K12_modes16_patch16,7,16,2,,proxy_0.02_0.02,no_symbol,,0.03305344035228094,,,0.001227429160887065,0.0012684791048134987,1.4052238464355469,0.01750519429333508,,,,0.06114674786416193,0.37765098611513775,,,,2249.041193500001,552362,192,192,,0.0001,0.0001,1.0,0.02,0.02,0.05,3,1,,ablation_core,,,,,,,,16,0,0,0,shell_balanced,False,16,,,2,,,,run,8,,,,,,,,12,gaussian,,,,,,,
2026-05-03T08:43:57,empirical_closure,generated/empirical_closure/ablation_core,generated/empirical_closure/ablation_core/empirical_closure_results.csv,ablation_core_helmholtz_variable_control_proxy_0p02_0p02_no_symbol_11,helmholtz_variable_control,helmholtz_variable,control,tcno_cache,MiNO-Plus,MiNO-Plus_wingaussian_modshell_balanced_K12_modes16_patch16,11,16,2,,proxy_0.02_0.02,no_symbol,,0.033057507748405136,,,0.0012384227932974075,0.001285799148414905,1.3737122019131978,0.018034085631370544,,,,0.061146877938881516,0.3770447460313638,,,,2248.2351053999955,552362,192,192,,0.0001,0.0001,1.0,0.02,0.02,0.05,3,1,,ablation_core,,,,,,,,16,0,0,0,shell_balanced,False,16,,,2,,,,run,8,,,,,,,,12,gaussian,,,,,,,
2026-05-03T08:43:57,empirical_closure,generated/empirical_closure/ablation_core,generated/empirical_closure/ablation_core/empirical_closure_results.csv,ablation_core_helmholtz_variable_control_proxy_0p02_0p02_no_symbol_19,helmholtz_variable_control,helmholtz_variable,control,tcno_cache,MiNO-Plus,MiNO-Plus_wingaussian_modshell_balanced_K12_modes16_patch16,19,16,2,,proxy_0.02_0.02,no_symbol,,0.03394284828876456,,,0.001300737926309618,0.0013493916970522453,1.4167920847733815,0.01671153927842776,,,,0.061146285462503634,0.3761749193072319,,,,2248.323360100003,552362,192,192,,0.0001,0.0001,1.0,0.02,0.02,0.05,3,1,,ablation_core,,,,,,,,16,0,0,0,shell_balanced,False,16,,,2,,,,run,8,,,,,,,,12,gaussian,,,,,,,
2026-05-03T08:43:57,empirical_closure,generated/empirical_closure/ablation_core,generated/empirical_closure/ablation_core/empirical_closure_results.csv,ablation_core_helmholtz_highk_positive_proxy_0p02_0p02_full_7,helmholtz_highk_positive,helmholtz_highk,positive,tcno_cache,MiNO-Plus,MiNO-Plus_wingaussian_modshell_balanced_K12_modes16_patch16,7,16,2,,proxy_0.02_0.02,full,,0.38005978614091873,,,0.1471810732036829,0.14144549953440824,1.519375244776408,0.20742599666118622,,,,0.06098400972162684,0.2966347107042869,,,,3194.1498441000003,804266,192,192,,0.0001,0.0001,1.0,0.02,0.02,0.05,3,1,,ablation_core,,,,,,,,16,0,0,0,shell_balanced,False,16,,,2,,,,run,8,,,,,,,,12,gaussian,,,,,,,
2026-05-03T08:43:57,empirical_closure,generated/empirical_closure/ablation_core,generated/empirical_closure/ablation_core/empirical_closure_results.csv,ablation_core_helmholtz_highk_positive_proxy_0p02_0p02_full_11,helmholtz_highk_positive,helmholtz_highk,positive,tcno_cache,MiNO-Plus,MiNO-Plus_wingaussian_modshell_balanced_K12_modes16_patch16,11,16,2,,proxy_0.02_0.02,full,,0.3841774712006251,,,0.15039129989842573,0.1458780380586783,1.5077235500017803,0.2178747939566771,,,,0.059699213675533734,0.29634107649326324,,,,3195.516038499998,804266,192,192,,0.0001,0.0001,1.0,0.02,0.02,0.05,3,1,,ablation_core,,,,,,,,16,0,0,0,shell_balanced,False,16,,,2,,,,run,8,,,,,,,,12,gaussian,,,,,,,
2026-05-03T08:43:57,empirical_closure,generated/empirical_closure/ablation_core,generated/empirical_closure/ablation_core/empirical_closure_results.csv,ablation_core_helmholtz_highk_positive_proxy_0p02_0p02_full_19,helmholtz_highk_positive,helmholtz_highk,positive,tcno_cache,MiNO-Plus,MiNO-Plus_wingaussian_modshell_balanced_K12_modes16_patch16,19,16,2,,proxy_0.02_0.02,full,,0.3783087233702342,,,0.14578157911698023,0.14294180211921534,1.5094587206840515,0.22799879188338915,,,,0.061612773997088276,0.27875401203831035,,,,3194.0414079999973,804266,192,192,,0.0001,0.0001,1.0,0.02,0.02,0.05,3,1,,ablation_core,,,,,,,,16,0,0,0,shell_balanced,False,16,,,2,,,,run,8,,,,,,,,12,gaussian,,,,,,,
2026-05-03T08:43:57,empirical_closure,generated/empirical_closure/ablation_core,generated/empirical_closure/ablation_core/empirical_closure_results.csv,ablation_core_helmholtz_highk_positive_proxy_0p02_0p02_no_local_refine_7,helmholtz_highk_positive,helmholtz_highk,positive,tcno_cache,MiNO-Plus,MiNO-Plus_wingaussian_modshell_balanced_K12_modes16_patch16_ref1_rb-1.5_pdo0_diss0,7,16,2,,proxy_0.02_0.02,no_local_refine,,0.5583423028389612,,,0.31474369515975315,0.28520118196805316,1.518200049797694,0.344900269061327,,,,0.059422928374260664,0.2195142563432455,,,,5281.984292600002,794121,192,192,,0.0001,0.0001,1.0,0.02,0.02,0.05,3,1,,ablation_core,0.0,0.0,1.0,0.0,0.0,0.0,1.0,16,0,0,0,shell_balanced,False,16,-2.0,0.0,2,0.0,-1.5,0.0,run,8,0.5583423028389612,1.0,0.0,0.0,0.0,0.0,0.18242551386356354,12,gaussian,,,,,,,
2026-05-03T08:43:57,empirical_closure,generated/empirical_closure/ablation_micro,generated/empirical_closure/ablation_micro/empirical_closure_results.csv,ablation_wave_synth_field_only_full_7,wave_synth,wave,synthetic,synthetic,MiNO-Plus,MiNO-Plus_wingaussian_modshell_balanced_K12_modes16_patch16,7,1,2,,field_only,full,,0.6495003700256348,,,0.03866162151098251,0.06548036634922028,1.5170276165008545,1.4154561758041382,,,,0.0,0.0,,,,0.7495152000010421,804008,64,64,,0.0001,0.0001,1.0,0.0,0.0,0.05,1,1,,ablation,,,,,,,,16,1,2,1,shell_balanced,False,16,,,2,,,,run,8,,,,,,,,12,gaussian,,,,,,,
2026-05-03T08:43:57,empirical_closure,generated/empirical_closure/ablation_micro,generated/empirical_closure/ablation_micro/empirical_closure_results.csv,ablation_wave_synth_field_only_no_local_refine_7,wave_synth,wave,synthetic,synthetic,MiNO-Plus,MiNO-Plus_wingaussian_modshell_balanced_K12_modes16_patch16,7,1,2,,field_only,no_local_refine,,0.5645052194595337,,,0.029204998165369034,0.057380303740501404,1.4757778644561768,0.7695125341415405,,,,0.0,0.0,,,,0.10041129999808618,793863,64,64,,0.0001,0.0001,1.0,0.0,0.0,0.05,1,1,,ablation,,,,,,,,16,1,2,1,shell_balanced,False,16,,,2,,,,run,8,,,,,,,,12,gaussian,,,,,,,
2026-05-03T08:43:57,empirical_closure,generated/empirical_closure/ablation_micro,generated/empirical_closure/ablation_micro/empirical_closure_results.csv,ablation_wave_synth_proxy_0p02_0p02_full_7,wave_synth,wave,synthetic,synthetic,MiNO-Plus,MiNO-Plus_wingaussian_modshell_balanced_K12_modes16_patch16,7,1,2,,proxy_0.02_0.02,full,,0.6497955322265625,,,0.0386967658996582,0.06551465392112732,1.5170626640319824,1.4168106317520142,,,,0.05467694625258446,0.0863223522901535,,,,0.11092040000221459,804008,64,64,,0.0001,0.0001,1.0,0.02,0.02,0.05,1,1,,ablation,,,,,,,,16,1,2,1,shell_balanced,False,16,,,2,,,,run,8,,,,,,,,12,gaussian,,,,,,,
2026-05-03T08:43:57,empirical_closure,generated/empirical_closure/ablation_micro,generated/empirical_closure/ablation_micro/empirical_closure_results.csv,ablation_wave_synth_proxy_0p02_0p02_no_local_refine_7,wave_synth,wave,synthetic,synthetic,MiNO-Plus,MiNO-Plus_wingaussian_modshell_balanced_K12_modes16_patch16,7,1,2,,proxy_0.02_0.02,no_local_refine,,0.5650293827056885,,,0.02925925701856613,0.05743548274040222,1.475409984588623,0.7702667713165283,,,,0.05467694625258446,0.0863223522901535,,,,0.11865169999873615,793863,64,64,,0.0001,0.0001,1.0,0.02,0.02,0.05,1,1,,ablation,,,,,,,,16,1,2,1,shell_balanced,False,16,,,2,,,,run,8,,,,,,,,12,gaussian,,,,,,,
2026-05-03T08:43:57,empirical_closure,generated/empirical_closure/proxy_sweep,generated/empirical_closure/proxy_sweep/empirical_closure_results.csv,proxy_sweep_wave_synth_field_only_full_7,wave_synth,wave,synthetic,synthetic,MiNO-Plus,MiNO-Plus_wingaussian_modshell_balanced_K12_modes16_patch16,7,16,2,,field_only,full,,0.15416636690497398,,,0.0010989261863869615,0.001013453773339279,1.3962419927120209,997.2842074614018,,,,0.0,0.0,,,,43.33078299999761,804008,64,64,,0.0001,0.0001,1.0,0.0,0.0,0.05,1,1,,proxy_sweep,,,,,,,,16,0,0,0,shell_balanced,False,16,,,2,,,,run,8,,,,,,,,12,gaussian,,,,,,,
2026-05-03T08:43:57,empirical_closure,generated/empirical_closure/proxy_sweep,generated/empirical_closure/proxy_sweep/empirical_closure_results.csv,proxy_sweep_wave_synth_field_only_full_11,wave_synth,wave,synthetic,synthetic,MiNO-Plus,MiNO-Plus_wingaussian_modshell_balanced_K12_modes16_patch16,11,16,2,,field_only,full,,0.1602690750733018,,,0.0008249498205259442,0.0011675864370772615,1.3775926679372787,720.1404089964926,,,,0.0,0.0,,,,41.244127399997524,804008,64,64,,0.0001,0.0001,1.0,0.0,0.0,0.05,1,1,,proxy_sweep,,,,,,,,16,0,0,0,shell_balanced,False,16,,,2,,,,run,8,,,,,,,,12,gaussian,,,,,,,
2026-05-03T08:43:57,empirical_closure,generated/empirical_closure/proxy_sweep,generated/empirical_closure/proxy_sweep/empirical_closure_results.csv,proxy_sweep_wave_synth_field_only_full_19,wave_synth,wave,synthetic,synthetic,MiNO-Plus,MiNO-Plus_wingaussian_modshell_balanced_K12_modes16_patch16,19,16,2,,field_only,full,,0.156677458435297,,,0.0009294557603425346,0.0009461385488975793,1.4135614782571793,5651.989610397257,,,,0.0,0.0,,,,43.52263469999889,804008,64,64,,0.0001,0.0001,1.0,0.0,0.0,0.05,1,1,,proxy_sweep,,,,,,,,16,0,0,0,shell_balanced,False,16,,,2,,,,run,8,,,,,,,,12,gaussian,,,,,,,
2026-05-03T08:43:57,empirical_closure,generated/empirical_closure/proxy_sweep,generated/empirical_closure/proxy_sweep/empirical_closure_results.csv,proxy_sweep_wave_synth_proxy_0p02_0p02_full_7,wave_synth,wave,synthetic,synthetic,MiNO-Plus,MiNO-Plus_wingaussian_modshell_balanced_K12_modes16_patch16,7,16,2,,proxy_0.02_0.02,full,,0.1543811596930027,,,0.0011017981596523896,0.0010181944890064187,1.4002543240785599,1105.7392239486799,,,,0.06019810400903225,0.09565289194385211,,,,45.69303450000007,804008,64,64,,0.0001,0.0001,1.0,0.02,0.02,0.05,1,1,,proxy_sweep,,,,,,,,16,0,0,0,shell_balanced,False,16,,,2,,,,run,8,,,,,,,,12,gaussian,,,,,,,
2026-05-03T08:43:57,empirical_closure,generated/empirical_closure/proxy_sweep,generated/empirical_closure/proxy_sweep/empirical_closure_results.csv,proxy_sweep_wave_synth_proxy_0p02_0p02_full_11,wave_synth,wave,synthetic,synthetic,MiNO-Plus,MiNO-Plus_wingaussian_modshell_balanced_K12_modes16_patch16,11,16,2,,proxy_0.02_0.02,full,,0.16118541453033686,,,0.0008332279976457357,0.0011762957874452695,1.3908093124628067,2185.681683950126,,,,0.060666723254447184,0.10339465310486655,,,,47.51937609999732,804008,64,64,,0.0001,0.0001,1.0,0.02,0.02,0.05,1,1,,proxy_sweep,,,,,,,,16,0,0,0,shell_balanced,False,16,,,2,,,,run,8,,,,,,,,12,gaussian,,,,,,,
2026-05-03T08:43:57,empirical_closure,generated/empirical_closure/proxy_sweep,generated/empirical_closure/proxy_sweep/empirical_closure_results.csv,proxy_sweep_wave_synth_proxy_0p02_0p02_full_19,wave_synth,wave,synthetic,synthetic,MiNO-Plus,MiNO-Plus_wingaussian_modshell_balanced_K12_modes16_patch16,19,16,2,,proxy_0.02_0.02,full,,0.15783909149467945,,,0.0009412383442395367,0.0009568861969455611,1.422544777393341,5912.826888187788,,,,0.06065103248693049,0.09849342207113902,,,,46.05671679999796,804008,64,64,,0.0001,0.0001,1.0,0.02,0.02,0.05,1,1,,proxy_sweep,,,,,,,,16,0,0,0,shell_balanced,False,16,,,2,,,,run,8,,,,,,,,12,gaussian,,,,,,,
2026-05-03T08:43:57,empirical_closure,generated/empirical_closure/proxy_sweep,generated/empirical_closure/proxy_sweep/empirical_closure_results.csv,proxy_sweep_helmholtz_variable_control_field_only_full_7,helmholtz_variable_control,helmholtz_variable,control,tcno_cache,MiNO-Plus,MiNO-Plus_wingaussian_modshell_balanced_K12_modes16_patch16,7,16,2,,field_only,full,,0.030418410586814087,,,0.0010307249758625403,0.0010697001101410326,1.4311057925224304,0.013947730728735527,,,,0.0,0.0,,,,4586.724907399999,804266,192,192,,0.0001,0.0001,1.0,0.0,0.0,0.05,3,1,,proxy_sweep,,,,,,,,16,0,0,0,shell_balanced,False,16,,,2,,,,run,8,,,,,,,,12,gaussian,,,,,,,
2026-05-03T08:43:57,empirical_closure,generated/empirical_closure/proxy_sweep,generated/empirical_closure/proxy_sweep/empirical_closure_results.csv,proxy_sweep_helmholtz_variable_control_field_only_full_11,helmholtz_variable_control,helmholtz_variable,control,tcno_cache,MiNO-Plus,MiNO-Plus_wingaussian_modshell_balanced_K12_modes16_patch16,11,16,2,,field_only,full,,0.029274148245652516,,,0.0009790669403931436,0.0010227025389516105,1.4111945927143097,0.013350812175000707,,,,0.0,0.0,,,,3791.1939968000042,804266,192,192,,0.0001,0.0001,1.0,0.0,0.0,0.05,3,1,,proxy_sweep,,,,,,,,16,0,0,0,shell_balanced,False,16,,,2,,,,run,8,,,,,,,,12,gaussian,,,,,,,
2026-05-03T08:43:57,empirical_closure,generated/empirical_closure/proxy_sweep,generated/empirical_closure/proxy_sweep/empirical_closure_results.csv,proxy_sweep_helmholtz_variable_control_field_only_full_19,helmholtz_variable_control,helmholtz_variable,control,tcno_cache,MiNO-Plus,MiNO-Plus_wingaussian_modshell_balanced_K12_modes16_patch16,19,16,2,,field_only,full,,0.03077179891988635,,,0.001066414270705233,0.0011037169315386564,1.4593904415766399,0.012719346365580956,,,,0.0,0.0,,,,3876.4713577,804266,192,192,,0.0001,0.0001,1.0,0.0,0.0,0.05,3,1,,proxy_sweep,,,,,,,,16,0,0,0,shell_balanced,False,16,,,2,,,,run,8,,,,,,,,12,gaussian,,,,,,,
2026-05-03T08:43:57,empirical_closure,generated/empirical_closure/proxy_sweep,generated/empirical_closure/proxy_sweep/empirical_closure_results.csv,proxy_sweep_helmholtz_variable_control_proxy_0p02_0p02_full_7,helmholtz_variable_control,helmholtz_variable,control,tcno_cache,MiNO-Plus,MiNO-Plus_wingaussian_modshell_balanced_K12_modes16_patch16,7,16,2,,proxy_0.02_0.02,full,,0.03265469241887331,,,0.0011645215417956933,0.0012042195109340053,1.4320218463738759,0.015302352917691072,,,,0.0611423683197548,0.3708002871523301,,,,2826.6820916,804266,192,192,,0.0001,0.0001,1.0,0.02,0.02,0.05,3,1,,proxy_sweep,,,,,,,,16,0,0,0,shell_balanced,False,16,,,2,,,,run,8,,,,,,,,12,gaussian,,,,,,,
2026-05-03T08:43:57,empirical_closure,generated/empirical_closure/proxy_sweep,generated/empirical_closure/proxy_sweep/empirical_closure_results.csv,proxy_sweep_helmholtz_variable_control_proxy_0p02_0p02_full_11,helmholtz_variable_control,helmholtz_variable,control,tcno_cache,MiNO-Plus,MiNO-Plus_wingaussian_modshell_balanced_K12_modes16_patch16,11,16,2,,proxy_0.02_0.02,full,,0.030166978482156992,,,0.0010278294818514648,0.0010695977980503812,1.4327659010887146,0.012785112795730432,,,,0.061142081317181386,0.3731661153336366,,,,3763.5023987999994,804266,192,192,,0.0001,0.0001,1.0,0.02,0.02,0.05,3,1,,proxy_sweep,,,,,,,,16,0,0,0,shell_balanced,False,16,,,2,,,,run,8,,,,,,,,12,gaussian,,,,,,,
2026-05-03T08:43:57,empirical_closure,generated/empirical_closure/proxy_sweep,generated/empirical_closure/proxy_sweep/empirical_closure_results.csv,proxy_sweep_helmholtz_variable_control_proxy_0p02_0p02_full_19,helmholtz_variable_control,helmholtz_variable,control,tcno_cache,MiNO-Plus,MiNO-Plus_wingaussian_modshell_balanced_K12_modes16_patch16,19,16,2,,proxy_0.02_0.02,full,,0.033228227868676186,,,0.0012079109098219003,0.00124249656801112,1.3974843621253967,0.012772865748653809,,,,0.06113866545880834,0.36839435684184235,,,,8504.6032994,804266,192,192,,0.0001,0.0001,1.0,0.02,0.02,0.05,3,1,,proxy_sweep,,,,,,,,16,0,0,0,shell_balanced,False,16,,,2,,,,run,8,,,,,,,,12,gaussian,,,,,,,
2026-05-03T08:43:57,empirical_closure,generated/empirical_closure/smoke,generated/empirical_closure/smoke/empirical_closure_results.csv,smoke_wave_synth_proxy_0p02_0p02_full_7,wave_synth,wave,synthetic,synthetic,MiNO-Plus,MiNO-Plus_wingaussian_modshell_balanced_K12_modes16_patch16,7,2,2,,proxy_0.02_0.02,full,,0.4838445894420147,,,0.011328741762554273,0.010460907418746501,1.4476572424173355,2496.978863660246,,,,0.06248794270989796,0.09343791019637138,,,,21.609532400005264,804008,64,64,,0.0001,0.0001,1.0,0.02,0.02,0.05,1,1,,smoke,,,,,,,,16,,,,shell_balanced,False,16,,,2,,,,run,8,,,,,,,,12,gaussian,,,,,,,
2026-05-03T08:43:57,empirical_closure,generated/empirical_closure/smoke_quick,generated/empirical_closure/smoke_quick/empirical_closure_results.csv,smoke_wave_synth_proxy_0p02_0p02_full_7,wave_synth,wave,synthetic,synthetic,MiNO-Plus,MiNO-Plus_wingaussian_modshell_balanced_K12_modes16_patch16,7,2,2,,proxy_0.02_0.02,full,,0.525798499584198,,,0.01303380960598588,0.030494595877826214,1.4252979159355164,57.713077545166016,,,,0.05881331395357847,0.08621104061603546,,,,24.48839619998762,804008,64,64,,0.0001,0.0001,1.0,0.02,0.02,0.05,1,1,,smoke,,,,,,,,16,4,8,4,shell_balanced,False,16,,,2,,,,run,8,,,,,,,,12,gaussian,,,,,,,
2026-05-03T08:43:57,empirical_closure,generated/empirical_closure/smoke_quick_v2,generated/empirical_closure/smoke_quick_v2/empirical_closure_results.csv,smoke_wave_synth_proxy_0p02_0p02_full_7,wave_synth,wave,synthetic,synthetic,MiNO-Plus,MiNO-Plus_wingaussian_modshell_balanced_K12_modes16_patch16,7,2,2,,proxy_0.02_0.02,full,,0.4582555890083313,,,0.01924583688378334,0.04629917070269585,1.4640955924987793,0.431768536567688,,,,0.054616548120975494,0.08305460214614868,,,,1.7614859999994223,804008,64,64,,0.0001,0.0001,1.0,0.02,0.02,0.05,1,1,,smoke,,,,,,,,16,1,2,1,shell_balanced,False,16,,,2,,,,run,8,,,,,,,,12,gaussian,,,,,,,
2026-05-03T08:43:57,empirical_closure,generated/empirical_closure/smoke_quick_v2,generated/empirical_closure/smoke_quick_v2/empirical_closure_results.csv,smoke_helmholtz_variable_control_proxy_0p02_0p02_full_7,helmholtz_variable_control,helmholtz_variable,control,tcno_cache,MiNO-Plus,MiNO-Plus_wingaussian_modshell_balanced_K12_modes16_patch16,7,2,2,,proxy_0.02_0.02,full,,0.11165279895067215,,,0.012466346845030785,0.020096229389309883,1.5724990367889404,0.08786625415086746,,,,0.047748029232025146,0.44605377316474915,,,,13.533438799997384,804266,192,192,,0.0001,0.0001,1.0,0.02,0.02,0.05,3,1,,smoke,,,,,,,,16,1,2,1,shell_balanced,False,16,,,2,,,,run,8,,,,,,,,12,gaussian,,,,,,,
2026-05-03T08:43:57,empirical_closure,generated/empirical_closure/smoke_quick_v2,generated/empirical_closure/smoke_quick_v2/empirical_closure_results.csv,smoke_helmholtz_dirichlet_control_proxy_0p02_0p02_full_7,helmholtz_dirichlet_control,helmholtz_dirichlet,control,tcno_cache,MiNO-Plus,MiNO-Plus_wingaussian_modshell_balanced_K12_modes16_patch16,7,2,2,,proxy_0.02_0.02,full,,0.2885858118534088,,,0.08328176289796829,0.050249263644218445,1.357131004333496,0.22616492211818695,,,,0.04718916863203049,0.4786309599876404,,,,11.629104700001335,804266,192,192,,0.0001,0.0001,1.0,0.02,0.02,0.05,3,1,,smoke,,,,,,,,16,1,2,1,shell_balanced,False,16,,,2,,,,run,8,,,,,,,,12,gaussian,,,,,,,
2026-05-03T08:43:57,empirical_closure,generated/empirical_closure/smoke_quick_v2,generated/empirical_closure/smoke_quick_v2/empirical_closure_results.csv,smoke_helmholtz_highk_positive_proxy_0p02_0p02_full_7,helmholtz_highk_positive,helmholtz_highk,positive,tcno_cache,MiNO-Plus,MiNO-Plus_wingaussian_modshell_balanced_K12_modes16_patch16,7,2,2,,proxy_0.02_0.02,full,,0.7083225846290588,,,0.5017208456993103,0.5143476128578186,1.5319819450378418,0.5709027647972107,,,,0.04831700026988983,0.316355437040329,,,,11.994840399998793,804266,192,192,,0.0001,0.0001,1.0,0.02,0.02,0.05,3,1,,smoke,,,,,,,,16,1,2,1,shell_balanced,False,16,,,2,,,,run,8,,,,,,,,12,gaussian,,,,,,,
2026-05-03T08:43:57,empirical_closure,generated/empirical_closure/stage3,generated/empirical_closure/stage3/empirical_closure_results.csv,stage3_helmholtz_highk_positive_proxy_0p02_0p02_full_7,helmholtz_highk_positive,helmholtz_highk,positive,tcno_cache,MiNO-Plus,MiNO-Plus_wingaussian_modshell_balanced_K12_modes16_patch16,7,24,2,,proxy_0.02_0.02,full,,0.3480484609802564,,,0.12363582166532676,0.1207216630379359,1.5327201187610626,0.20408008247613907,,,,0.05997280745456616,0.2929983564342062,,,,3351.3039915000004,804266,192,192,,0.0001,0.0001,1.0,0.02,0.02,0.05,3,1,,stage3,,,,,,,,16,0,0,0,shell_balanced,False,16,,,2,,,,run,8,,,,,,,,12,gaussian,,,,,,,
2026-05-03T08:43:57,empirical_closure,generated/empirical_closure/stage3,generated/empirical_closure/stage3/empirical_closure_results.csv,stage3_helmholtz_highk_positive_proxy_0p02_0p02_full_11,helmholtz_highk_positive,helmholtz_highk,positive,tcno_cache,MiNO-Plus,MiNO-Plus_wingaussian_modshell_balanced_K12_modes16_patch16,11,24,2,,proxy_0.02_0.02,full,,0.3495689556002617,,,0.12472921051084995,0.12153718868891399,1.501964767773946,0.20158224056164423,,,,0.06151637706595162,0.28805676956350607,,,,3323.0535216,804266,192,192,,0.0001,0.0001,1.0,0.02,0.02,0.05,3,1,,stage3,,,,,,,,16,0,0,0,shell_balanced,False,16,,,2,,,,run,8,,,,,,,,12,gaussian,,,,,,,
2026-05-03T08:43:57,empirical_closure,generated/empirical_closure/stage3,generated/empirical_closure/stage3/empirical_closure_results.csv,stage3_helmholtz_highk_positive_proxy_0p02_0p02_full_19,helmholtz_highk_positive,helmholtz_highk,positive,tcno_cache,MiNO-Plus,MiNO-Plus_wingaussian_modshell_balanced_K12_modes16_patch16,19,24,2,,proxy_0.02_0.02,full,,0.34332243849833805,,,0.12038737783829372,0.11978673934936523,1.523260921239853,0.20676016559203467,,,,0.06743828766047955,0.2535652716954549,,,,3323.4828117000015,804266,192,192,,0.0001,0.0001,1.0,0.02,0.02,0.05,3,1,,stage3,,,,,,,,16,0,0,0,shell_balanced,False,16,,,2,,,,run,8,,,,,,,,12,gaussian,,,,,,,
2026-05-03T08:43:57,long_rollout,generated/long_rollout/local_smoke,generated/long_rollout/local_smoke/long_rollout_results.csv,navier_stokes_long_rollout_synth_MiNO-Plus_7_4_local_smoke,navier_stokes_long_rollout_synth,navier_stokes,synthetic_rollout,synthetic,MiNO-Plus,MiNO-Plus_wid64_dep6_pat16_str8_max16_wingaussian_modshell_balanced_tra12,7,2,1,local_smoke,,,4,,1.4095059633255005,1.7790992259979248,,0.8124550580978394,,,0.04110431345179677,0.2633266765624285,1.4095059633255005,,,1.5861663222312927,1.0920100212097168,3.774091124534607,6.1858196999965,804008,,,,0.0001,0.0001,1.0,0.02,0.02,0.05,,,,,,,,,,,,,,,,,False,,,,1,,,,run,,,,,,,,,,,cuda,0.9392346441745758,0.2633266765624285,5.136617049574852,1.4095059633255005,0.20274128392338753,0.9951705038547516
2026-05-03T08:43:57,long_rollout,generated/long_rollout/local_smoke,generated/long_rollout/local_smoke/long_rollout_results.csv,navier_stokes_long_rollout_synth_MiNO-Plus_11_4_local_smoke,navier_stokes_long_rollout_synth,navier_stokes,synthetic_rollout,synthetic,MiNO-Plus,MiNO-Plus_wid64_dep6_pat16_str8_max16_wingaussian_modshell_balanced_tra12,11,2,1,local_smoke,,,4,,1.3860011100769043,1.808558464050293,,0.9239208698272705,,,0.04085391340777278,0.24370227940380573,1.386001080274582,,,1.665706992149353,1.2698009610176086,4.094549894332886,2.66248440000345,804008,,,,0.0001,0.0001,1.0,0.02,0.02,0.05,,,,,,,,,,,,,,,,,False,,,,1,,,,run,,,,,,,,,,,cuda,0.866238534450531,0.24370227940380573,6.869275823235512,1.386001080274582,0.20212222076952457,1.021026611328125
2026-05-03T08:43:57,long_rollout,generated/long_rollout/local_smoke,generated/long_rollout/local_smoke/long_rollout_results.csv,navier_stokes_long_rollout_synth_MiNO-Plus_19_4_local_smoke,navier_stokes_long_rollout_synth,navier_stokes,synthetic_rollout,synthetic,MiNO-Plus,MiNO-Plus_wid64_dep6_pat16_str8_max16_wingaussian_modshell_balanced_tra12,19,2,1,local_smoke,,,4,,1.3545273542404175,1.7463906407356262,,0.8726001381874084,,,0.04099828004837036,0.2605389542877674,1.3545273169875145,,,1.5805307626724243,1.2347661256790161,4.088716506958008,2.7075125999981537,804008,,,,0.0001,0.0001,1.0,0.02,0.02,0.05,,,,,,,,,,,,,,,,,False,,,,1,,,,run,,,,,,,,,,,cuda,0.8049076497554779,0.2605389542877674,4.07634924352169,1.3545273169875145,0.2024795338511467,0.9943943619728088
