ablation,batch_size,best_val_loss,campaign,canonical_loss_weight,core_field_weight,core_warmup_epochs,dissipative_symbol_scale,dissipative_time_step,epochs,family,final_train_canonical_consistency,final_train_core_field_loss,final_train_core_warmup_loss,final_train_highfreq_core_loss,final_train_metadata_flow_loss,final_train_packet_space_loss,final_train_residual_energy,final_train_route_l1,final_train_symbol_order_loss,final_train_symbol_proxy,final_train_transport_proxy,frame_type,freeze_refinement_epochs,grad_clip_norm,hardware_profile,height,highfreq_core_loss_weight,highfreq_cutoff,in_channels,learning_rate,local_refine_scale,loss_config,max_modes,max_test_samples,max_train_samples,max_val_samples,metadata_flow_loss_weight,mode_strategy,model,model_variant,oom_fallback,out_channels,packet_space_loss_weight,parameters,patch_size,pdo_symbol_order,pdo_symbol_scale,proxy_temperature,reference_source,refine_lowpass_cutoff,regime,requested_batch_size,residual_energy_weight,route_bias_init,route_l1_weight,row_type,run_id,runtime_seconds,scenario,seed,skip_lowpass_cutoff,skip_reason,source_kind,sparse_topk,stride,symbol_order,symbol_order_loss_weight,symbol_order_target,symbol_parameterization,symbol_proxy_weight,test_canonical_flow_error,test_core_relative_l2,test_dissipative_multiplier_mean,test_dissipative_symbol_norm,test_high_frequency_relative_error_proxy,test_loss,test_metadata_shift_norm,test_packet_consistency,test_packet_wavefront_localization_error,test_pdo_identity_norm,test_pdo_identity_order_proxy,test_phase_error,test_raw_refine_correction_norm,test_refine_correction_norm,test_refine_high_frequency_fraction,test_refine_lowpass_removed_norm,test_refine_relative_energy,test_refinement_energy,test_relative_l2,test_residual_energy,test_route_mean,test_sobolev_h1_error_proxy,test_sobolev_h2_error_proxy,test_symbol_budget,test_symbol_error_proxy,test_symbol_order_proxy,test_symbol_order_scaling_error_proxy,test_symplectic_defect_proxy,test_tokenizer_active_fraction,test_tokenizer_covering_radius,test_tokenizer_phase_window_diameter,test_tokenizer_reconstruction_error,test_transport_budget,test_transported_input_norm,test_transported_input_shift_norm,test_transported_synthesis_shift_norm,test_wavefront_confidence_proxy,test_wf_transport_error_proxy,token_refine_scale,transport_highpass_cutoff,transport_parameterization,transport_proxy_weight,transport_stencil,transported_input_scale,transported_synthesis_scale,wavefront_confidence_scale,weight_decay,width,window_type
full,2,0.00937911141954828,branch_id_v3,0.02,2.0,12,0.0,1.0,24,wave,0.0,0.009534120528163234,0.0,0.0004742761918047715,1.9800267295977392e-05,0.007981312395713758,0.0001425267188703098,0.006447703441760193,0.029650077999879915,0.1010210639021049,0.06627941504120827,gabor_gaussian,12,1.0,,64,1.0,0.16,1,0.0001,0.05,proxy_0.20_0.05,16,0,0,0,2.0,shell_balanced,MiNO-Plus,MiNO-Plus_wingaussian_modshell_balanced_K12_modes16_patch16_ref0.05_rlp0.16_hfc0.16_rb-5_pdo0_diss0_symord0_symparspectral_order_wfconf2_trhamiltonian_verlet_framegabor_gaussian_sparse1_sklp0.16_tsyn1_tin1_tref0,False,1,0.05,1059764,16,-2.0,0.0,0.05,,0.16,synthetic,2,0.5,-5.0,0.05,run,branch_id_v3_wave_bicharacteristic_control_proxy_0p20_0p05_full_7_hamiltonian_verlet_gabor_gaussian_True_2p0_0p16_0p16_0p16_1p0_1p0_0p0_2p0_0p01_0p05_1p0_2p0_12_12,143.4959834000001,wave_bicharacteristic_control,7,0.16,,synthetic,True,8,0.0,0.01,0.0,,0.05,5.460761030917638e-05,0.36393572948873043,1.0,0.0,1.5782390497624874,0.0072000591026153415,0.018290725303813815,42341.55407632515,0.032609217683784664,0.0,0.0,1.3782300502061844,0.17777534946799278,0.1622562212869525,2.2327040136014458e-14,0.060011391527950764,0.00016558621791773476,0.00016558621791773476,0.35365959256887436,0.00016558621791773476,0.006444624799769372,0.3533062282949686,0.35257524996995926,0.9262033924460411,0.9262033924460411,0.17904503822016218,2.0382773727178574,0.0,0.9011479467153549,0.25,1.0774961709976196,4.878527939319611,0.22435048377762237,8.90392541885376,7.210816740989685,1.6968888342380524,1.4143895680705707,0.004839033979806118,0.0,0.16,hamiltonian_verlet,0.2,12,1.0,1.0,2.0,0.0001,64,gaussian
full,2,0.00405150480219163,branch_id_v3,0.02,2.0,12,0.0,1.0,24,wave,0.0,0.008704391574913947,0.0,0.0004548222880960869,2.0247078244513734e-05,0.008022862447736165,0.0001500872764760667,0.006421022650708134,0.04122327299167713,0.10983032026949029,0.06911769229918718,gabor_gaussian,12,1.0,,64,1.0,0.16,1,0.0001,0.05,proxy_0.20_0.05,16,0,0,0,2.0,shell_balanced,MiNO-Plus,MiNO-Plus_wingaussian_modshell_balanced_K12_modes16_patch16_ref0.05_rlp0.16_hfc0.16_rb-5_pdo0_diss0_symord0_symparspectral_order_wfconf2_trhamiltonian_verlet_framegabor_gaussian_sparse1_sklp0.16_tsyn1_tin1_tref0,False,1,0.05,1059764,16,-2.0,0.0,0.05,,0.16,synthetic,2,0.5,-5.0,0.05,run,branch_id_v3_wave_bicharacteristic_control_proxy_0p20_0p05_full_11_hamiltonian_verlet_gabor_gaussian_True_2p0_0p16_0p16_0p16_1p0_1p0_0p0_2p0_0p01_0p05_1p0_2p0_12_12,137.7992307000004,wave_bicharacteristic_control,11,0.16,,synthetic,True,8,0.0,0.01,0.0,,0.05,4.907277389065712e-05,0.3968457020819187,1.0,0.0,3.1899911537766457,0.006957643898203969,0.018326459918171167,139960.08093866706,0.0801683149766177,0.0,0.0,1.370799645781517,0.16955567989498377,0.15290244296193123,2.251741883772286e-14,0.06194208189845085,0.00014668918720417423,0.00014668918720417423,0.38719238713383675,0.00014668918720417423,0.006414886796846986,0.38714499771595,0.3867199160158634,0.881640363484621,0.881640363484621,0.20363129302859306,2.952107787132263,0.0,0.8805006220936775,0.25,1.0774961709976196,3.7669263035058975,0.2009952204922835,8.10124284029007,6.861141860485077,1.772635892033577,1.3463483303785324,0.007238714111736044,0.0,0.16,hamiltonian_verlet,0.2,12,1.0,1.0,2.0,0.0001,64,gaussian
full,2,0.008928383380407467,branch_id_v3,0.02,2.0,12,0.0,1.0,24,wave,0.0,0.008618644414430795,0.0,0.0003107230043800276,2.3187266947388707e-05,0.006471227658039425,0.00013775784854412146,0.006426809966797009,0.03294696278559665,0.09224922621312241,0.06740349344909191,gabor_gaussian,12,1.0,,64,1.0,0.16,1,0.0001,0.05,proxy_0.20_0.05,16,0,0,0,2.0,shell_balanced,MiNO-Plus,MiNO-Plus_wingaussian_modshell_balanced_K12_modes16_patch16_ref0.05_rlp0.16_hfc0.16_rb-5_pdo0_diss0_symord0_symparspectral_order_wfconf2_trhamiltonian_verlet_framegabor_gaussian_sparse1_sklp0.16_tsyn1_tin1_tref0,False,1,0.05,1059764,16,-2.0,0.0,0.05,,0.16,synthetic,2,0.5,-5.0,0.05,run,branch_id_v3_wave_bicharacteristic_control_proxy_0p20_0p05_full_19_hamiltonian_verlet_gabor_gaussian_True_2p0_0p16_0p16_0p16_1p0_1p0_0p0_2p0_0p01_0p05_1p0_2p0_12_12,138.67761429999882,wave_bicharacteristic_control,19,0.16,,synthetic,True,8,0.0,0.01,0.0,,0.05,7.193919145720429e-05,0.40963710844516754,1.0,0.0,2.7155155930668116,0.00978480899357237,0.01835990557447076,2266.7692123241723,0.08559762802906334,0.0,0.0,1.3453895896673203,0.2105735819786787,0.19297555647790432,2.2680854691928525e-14,0.07072266051545739,0.0001886010500129487,0.0001886010500129487,0.39864687994122505,0.0001886010500129487,0.006425536354072392,0.39765163511037827,0.39658767729997635,0.8763925607005755,0.8763925607005755,0.18161286832764745,1.9089008122682571,0.0,0.9121492132544518,0.25,1.0774961709976196,2.1458764150738716,0.27550719647357863,9.81392127275467,8.568718314170837,1.7397096008062363,1.37324042369922,0.0026978518726537004,0.0,0.16,hamiltonian_verlet,0.2,12,1.0,1.0,2.0,0.0001,64,gaussian
no_transport,2,0.029572633327916265,branch_id_v3,0.02,2.0,12,0.0,1.0,24,wave,0.0,0.029765951801285457,0.0,0.020797649417848636,0.9999998211860657,0.008882907296841344,6.804698566990434e-05,0.006431469499754409,0.019235729860762756,0.10125010476137201,0.06653729896061122,gabor_gaussian,12,1.0,,64,1.0,0.16,1,0.0001,0.05,proxy_0.20_0.05,16,0,0,0,2.0,shell_balanced,MiNO-Plus,MiNO-Plus_wingaussian_modshell_balanced_K12_modes16_patch16_ref0.05_rlp0.16_hfc0.16_rb-5_pdo0_diss0_symord0_symparspectral_order_wfconf2_trhamiltonian_verlet_framegabor_gaussian_sparse1_sklp0.16_tsyn1_tin1_tref0,False,1,0.05,347000,16,-2.0,0.0,0.05,,0.16,synthetic,2,0.5,-5.0,0.05,run,branch_id_v3_wave_bicharacteristic_control_proxy_0p20_0p05_no_transport_7_hamiltonian_verlet_gabor_gaussian_True_2p0_0p16_0p16_0p16_1p0_1p0_0p0_2p0_0p01_0p05_1p0_2p0_12_12,53.44342069999948,wave_bicharacteristic_control,7,0.16,,synthetic,True,8,0.0,0.01,0.0,,0.05,0.018309833481907845,0.6895282790064812,1.0,0.0,2.869762137532234,0.025771527085453272,0.0,24882.77360033244,0.034621938364580274,0.0,0.0,1.4869257062673569,0.0534885604865849,0.048919778782874346,2.0626116874523123e-14,0.0182740050368011,1.487982160597312e-05,1.487982160597312e-05,0.687402032315731,1.487982160597312e-05,0.0064659048221074045,0.6899187192320824,0.6921726763248444,0.9591270436843237,0.9591270436843237,0.1413056180269147,3.1700226962566376,0.0,0.9011479467153549,0.25,1.0774961709976196,4.878527939319611,0.0,9.833640992641449,3.323233613627963e-05,3.4190633755315503e-06,0.0,0.02066980383824557,0.0,0.16,hamiltonian_verlet,0.2,12,1.0,1.0,2.0,0.0001,64,gaussian
no_transport,2,0.03245090297423303,branch_id_v3,0.02,2.0,12,0.0,1.0,24,wave,0.0,0.029860080976504833,0.0,0.02164725898425483,0.9999998211860657,0.008872557322320063,0.00010763574922142045,0.006445271661505103,0.030467460746876895,0.11007453547790647,0.06918731642266114,gabor_gaussian,12,1.0,,64,1.0,0.16,1,0.0001,0.05,proxy_0.20_0.05,16,0,0,0,2.0,shell_balanced,MiNO-Plus,MiNO-Plus_wingaussian_modshell_balanced_K12_modes16_patch16_ref0.05_rlp0.16_hfc0.16_rb-5_pdo0_diss0_symord0_symparspectral_order_wfconf2_trhamiltonian_verlet_framegabor_gaussian_sparse1_sklp0.16_tsyn1_tin1_tref0,False,1,0.05,347000,16,-2.0,0.0,0.05,,0.16,synthetic,2,0.5,-5.0,0.05,run,branch_id_v3_wave_bicharacteristic_control_proxy_0p20_0p05_no_transport_11_hamiltonian_verlet_gabor_gaussian_True_2p0_0p16_0p16_0p16_1p0_1p0_0p0_2p0_0p01_0p05_1p0_2p0_12_12,51.865137400000094,wave_bicharacteristic_control,11,0.16,,synthetic,True,8,0.0,0.01,0.0,,0.05,0.018309833481907845,0.6869170516729355,1.0,0.0,3.1915145069360733,0.02174569375347346,0.0,26909.495461031795,0.02751608076505363,0.0,0.0,1.4711520671844482,0.14451120048761368,0.13019835017621517,2.1165401364458018e-14,0.053299151826649904,0.00010595664616630529,0.00010595664616630529,0.6816752701997757,0.00010595664616630529,0.006438522366806865,0.6843262985348701,0.6868148520588875,1.0308882966637611,1.0308882966637611,0.17473437494481914,3.1420178711414337,0.0,0.8805006220936775,0.25,1.0774961709976196,3.7669263035058975,0.0,8.757285833358765,2.6863327093451517e-05,3.5427731290837983e-06,0.0,0.01805737824179232,0.0,0.16,hamiltonian_verlet,0.2,12,1.0,1.0,2.0,0.0001,64,gaussian
no_transport,2,0.02808095107320696,branch_id_v3,0.02,2.0,12,0.0,1.0,24,wave,0.0,0.035971224666961156,0.0,0.02764948207186535,0.9999998211860657,0.007090566073505518,9.159427272228034e-05,0.006449207779951394,0.02755646042836209,0.09397023582520585,0.06769676227122545,gabor_gaussian,12,1.0,,64,1.0,0.16,1,0.0001,0.05,proxy_0.20_0.05,16,0,0,0,2.0,shell_balanced,MiNO-Plus,MiNO-Plus_wingaussian_modshell_balanced_K12_modes16_patch16_ref0.05_rlp0.16_hfc0.16_rb-5_pdo0_diss0_symord0_symparspectral_order_wfconf2_trhamiltonian_verlet_framegabor_gaussian_sparse1_sklp0.16_tsyn1_tin1_tref0,False,1,0.05,347000,16,-2.0,0.0,0.05,,0.16,synthetic,2,0.5,-5.0,0.05,run,branch_id_v3_wave_bicharacteristic_control_proxy_0p20_0p05_no_transport_19_hamiltonian_verlet_gabor_gaussian_True_2p0_0p16_0p16_0p16_1p0_1p0_0p0_2p0_0p01_0p05_1p0_2p0_12_12,51.081305200001225,wave_bicharacteristic_control,19,0.16,,synthetic,True,8,0.0,0.01,0.0,,0.05,0.018309833481907845,0.7793519012629986,1.0,0.0,3.9093984961509705,0.0332701753359288,0.0,315.4041902124882,0.027948506642132998,0.0,0.0,1.514128252863884,0.17659700848162174,0.16058097872883081,2.2025823996784277e-14,0.06155369896441698,0.00013067186637272243,0.00013067186637272243,0.7733366340398788,0.00013067186637272243,0.006446369341574609,0.7745093889534473,0.7758164629340172,0.9442970231175423,0.9442970231175423,0.1662113950587809,2.6991618871688843,0.0,0.9121492132544518,0.25,1.0774961709976196,2.1458764150738716,0.0,10.53374981880188,3.0498858677674434e-05,2.365748969168635e-06,0.0,0.008393020776566118,0.0,0.16,hamiltonian_verlet,0.2,12,1.0,1.0,2.0,0.0001,64,gaussian
randomized_metadata,2,0.045827808789908886,branch_id_v3,0.02,2.0,12,0.0,1.0,24,wave,0.0,0.043558247930680714,0.0,0.033053523142977305,766.0546925862631,0.009266282962926198,3.382808685614691e-06,0.006451041001128033,0.0003068130905982495,0.1321220858177791,0.041078516631387174,gabor_gaussian,12,1.0,,64,1.0,0.16,1,0.0001,0.05,proxy_0.20_0.05,16,0,0,0,2.0,shell_balanced,MiNO-Plus,MiNO-Plus_wingaussian_modshell_balanced_K12_modes16_patch16_ref0.05_rlp0.16_hfc0.16_rb-5_pdo0_diss0_symord0_symparspectral_order_wfconf2_trhamiltonian_verlet_framegabor_gaussian_sparse1_sklp0.16_tsyn1_tin1_tref0,False,1,0.05,1059764,16,-2.0,0.0,0.05,,0.16,synthetic,2,0.5,-5.0,0.05,run,branch_id_v3_wave_bicharacteristic_control_proxy_0p20_0p05_randomized_metadata_7_hamiltonian_verlet_gabor_gaussian_True_2p0_0p16_0p16_0p16_1p0_1p0_0p0_2p0_0p01_0p05_1p0_2p0_12_12,144.7437217000006,wave_bicharacteristic_control,7,0.16,,synthetic,True,8,0.0,0.01,0.0,,0.05,0.4615752808749676,0.9245525971055031,1.0,0.0,6.793163865804672,0.04144071601331234,0.4623792804777622,71859.12439115345,0.20958757866173983,0.0,0.0,1.5241974890232086,0.00646947615314275,0.006362806481774896,1.6600909688898452e-14,0.001117166168114636,2.3896952860980036e-07,2.3896952860980036e-07,0.9151555746793747,2.3896952860980036e-07,0.00652053247904405,0.930268719792366,0.9344558566808701,0.8797340380648772,0.8797340380648772,0.011953163649498796,3.383353143930435,0.0,0.9011479467153549,0.25,1.0774961709976196,4.878527939319611,0.18880454699198404,5.232440412044525,11.688569784164429,0.8718862980604172,0.0,0.10889965947717428,0.0,0.16,hamiltonian_verlet,0.2,12,1.0,1.0,2.0,0.0001,64,gaussian
randomized_metadata,2,0.037001256132498384,branch_id_v3,0.02,2.0,12,0.0,1.0,24,wave,0.0,0.03778670961037278,0.0,0.02795947657432407,771.2117665608724,0.009189469329915786,3.067447296463873e-06,0.006485174720486005,8.812915962153056e-05,0.13934131083078682,0.04263607024525603,gabor_gaussian,12,1.0,,64,1.0,0.16,1,0.0001,0.05,proxy_0.20_0.05,16,0,0,0,2.0,shell_balanced,MiNO-Plus,MiNO-Plus_wingaussian_modshell_balanced_K12_modes16_patch16_ref0.05_rlp0.16_hfc0.16_rb-5_pdo0_diss0_symord0_symparspectral_order_wfconf2_trhamiltonian_verlet_framegabor_gaussian_sparse1_sklp0.16_tsyn1_tin1_tref0,False,1,0.05,1059764,16,-2.0,0.0,0.05,,0.16,synthetic,2,0.5,-5.0,0.05,run,branch_id_v3_wave_bicharacteristic_control_proxy_0p20_0p05_randomized_metadata_11_hamiltonian_verlet_gabor_gaussian_True_2p0_0p16_0p16_0p16_1p0_1p0_0p0_2p0_0p01_0p05_1p0_2p0_12_12,143.47929169999952,wave_bicharacteristic_control,11,0.16,,synthetic,True,8,0.0,0.01,0.0,,0.05,0.4571245461702347,0.9041920825839043,1.0,0.0,12.618809908628464,0.03626583982259035,0.45759328082203865,314308.64601653814,0.2809637803584337,0.0,0.0,1.5120956599712372,0.0031718663522042334,0.0031022297916933894,1.8051868551336478e-14,0.000629837089945795,5.921767387562227e-08,5.921767387562227e-08,0.9058381095528603,5.921767387562227e-08,0.006570499972440302,0.9120588526129723,0.9164955019950867,0.8476070339481035,0.8476070339481035,0.02088794613761517,3.5720063745975494,0.0,0.8805006220936775,0.25,1.0774961709976196,3.7669263035058975,0.17202209122478962,4.997083902359009,10.27094441652298,1.281099021434784,0.0,0.09872758854180574,0.0,0.16,hamiltonian_verlet,0.2,12,1.0,1.0,2.0,0.0001,64,gaussian
randomized_metadata,2,0.036382590886205435,branch_id_v3,0.02,2.0,12,0.0,1.0,24,wave,0.0,0.04264430001300449,0.0,0.03348808885008717,771.3617477416992,0.007314745373150799,4.658150859408276e-06,0.006405956577509642,0.00986723277795439,0.12028990507436295,0.041154346195980906,gabor_gaussian,12,1.0,,64,1.0,0.16,1,0.0001,0.05,proxy_0.20_0.05,16,0,0,0,2.0,shell_balanced,MiNO-Plus,MiNO-Plus_wingaussian_modshell_balanced_K12_modes16_patch16_ref0.05_rlp0.16_hfc0.16_rb-5_pdo0_diss0_symord0_symparspectral_order_wfconf2_trhamiltonian_verlet_framegabor_gaussian_sparse1_sklp0.16_tsyn1_tin1_tref0,False,1,0.05,1059764,16,-2.0,0.0,0.05,,0.16,synthetic,2,0.5,-5.0,0.05,run,branch_id_v3_wave_bicharacteristic_control_proxy_0p20_0p05_randomized_metadata_19_hamiltonian_verlet_gabor_gaussian_True_2p0_0p16_0p16_0p16_1p0_1p0_0p0_2p0_0p01_0p05_1p0_2p0_12_12,131.95140990000073,wave_bicharacteristic_control,19,0.16,,synthetic,True,8,0.0,0.01,0.0,,0.05,0.4623017981648445,0.9207179993391037,1.0,0.0,13.514443039894104,0.047117538284510374,0.4627702385187149,2249.319183714688,0.22038941597566009,0.0,0.0,1.513016477227211,0.0026814877637661994,0.002643424639245495,1.8030890403969186e-14,0.00039698207183391787,3.5295906419818834e-08,3.5295906419818834e-08,0.916403703391552,3.5295906419818834e-08,0.006559618224855512,0.9248827397823334,0.9289219900965691,0.8520691941181818,0.8520691941181818,0.08358491398394108,3.541377156972885,0.0,0.9121492132544518,0.25,1.0774961709976196,2.1458764150738716,0.22835840719441572,5.243288040161133,12.069801568984985,0.4889988340437412,0.0,0.11855948576703668,0.0,0.16,hamiltonian_verlet,0.2,12,1.0,1.0,2.0,0.0001,64,gaussian
no_symbol,2,0.010287501601851545,branch_id_v3,0.02,2.0,12,0.0,1.0,24,wave,0.0,0.010178217465484826,0.0,0.0003540205933253067,2.7418509347398867e-05,0.008526412003751224,3.2895719328962514e-05,0.006440020214843874,0.0,0.10251392136948805,0.06627621276614566,gabor_gaussian,12,1.0,,64,1.0,0.16,1,0.0001,0.05,proxy_0.20_0.05,16,0,0,0,2.0,shell_balanced,MiNO-Plus,MiNO-Plus_wingaussian_modshell_balanced_K12_modes16_patch16_ref0.05_rlp0.16_hfc0.16_rb-5_pdo0_diss0_symord0_symparspectral_order_wfconf2_trhamiltonian_verlet_framegabor_gaussian_sparse1_sklp0.16_tsyn1_tin1_tref0,False,1,0.05,854708,16,-2.0,0.0,0.05,,0.16,synthetic,2,0.5,-5.0,0.05,run,branch_id_v3_wave_bicharacteristic_control_proxy_0p20_0p05_no_symbol_7_hamiltonian_verlet_gabor_gaussian_True_2p0_0p16_0p16_0p16_1p0_1p0_0p0_2p0_0p01_0p05_1p0_2p0_12_12,122.36548529999891,wave_bicharacteristic_control,7,0.16,,synthetic,True,8,0.0,0.01,0.0,,0.05,4.6684111111972015e-05,0.38601766899228096,1.0,0.0,1.3200544603168964,0.00812665731064044,0.018307416699826717,52831.44550040923,0.041323927347548306,0.0,0.0,1.4774184823036194,0.08958165533840656,0.08255110448226333,2.2355134524808988e-14,0.028912212932482362,4.277920447748329e-05,4.277920447748329e-05,0.3808119557797909,4.277920447748329e-05,0.0064322041580453515,0.3810054026544094,0.380232609808445,0.0,0.0,0.0,2.3021355122327805,0.0,0.9011479467153549,0.25,1.0774961709976196,4.878527939319611,0.4222532231360674,9.05751234292984,7.350214898586273,1.322752133011818,0.8835883624851704,0.005726505667553283,0.0,0.16,hamiltonian_verlet,0.2,12,1.0,1.0,2.0,0.0001,64,gaussian
no_symbol,2,0.004580775566864759,branch_id_v3,0.02,2.0,12,0.0,1.0,24,wave,0.0,0.00916395460565885,0.0,0.000453613675441981,1.5602675726237674e-05,0.008296005561229928,9.47572370174991e-05,0.00643059018572482,0.0,0.11072261755665143,0.06911861609357099,gabor_gaussian,12,1.0,,64,1.0,0.16,1,0.0001,0.05,proxy_0.20_0.05,16,0,0,0,2.0,shell_balanced,MiNO-Plus,MiNO-Plus_wingaussian_modshell_balanced_K12_modes16_patch16_ref0.05_rlp0.16_hfc0.16_rb-5_pdo0_diss0_symord0_symparspectral_order_wfconf2_trhamiltonian_verlet_framegabor_gaussian_sparse1_sklp0.16_tsyn1_tin1_tref0,False,1,0.05,854708,16,-2.0,0.0,0.05,,0.16,synthetic,2,0.5,-5.0,0.05,run,branch_id_v3_wave_bicharacteristic_control_proxy_0p20_0p05_no_symbol_11_hamiltonian_verlet_gabor_gaussian_True_2p0_0p16_0p16_0p16_1p0_1p0_0p0_2p0_0p01_0p05_1p0_2p0_12_12,119.37246120000054,wave_bicharacteristic_control,11,0.16,,synthetic,True,8,0.0,0.01,0.0,,0.05,6.192675436977879e-05,0.40687745809555054,1.0,0.0,2.201171100139618,0.007257208490045741,0.01835935260169208,123162.419226259,0.07647674693726003,0.0,0.0,1.3335247039794922,0.1387880053371191,0.12603725120425224,2.0218723249530485e-14,0.04940447025001049,9.907874982673093e-05,9.907874982673093e-05,0.39921753853559494,9.907874982673093e-05,0.0064239101484417915,0.399371650069952,0.3988191969692707,0.0,0.0,0.0,2.40456286072731,0.0,0.8805006220936775,0.25,1.0774961709976196,3.7669263035058975,0.545103303467234,8.12490701675415,6.890469968318939,1.2390103414654732,0.6321821175515652,0.007792565826093778,0.0,0.16,hamiltonian_verlet,0.2,12,1.0,1.0,2.0,0.0001,64,gaussian
no_symbol,2,0.009398155147209764,branch_id_v3,0.02,2.0,12,0.0,1.0,24,wave,0.0,0.008939917427293645,0.0,0.0002631341959992521,3.066848512389697e-05,0.00679867157790189,0.00010333626596548129,0.006416038367509221,0.0,0.09483086791199942,0.06740361669411261,gabor_gaussian,12,1.0,,64,1.0,0.16,1,0.0001,0.05,proxy_0.20_0.05,16,0,0,0,2.0,shell_balanced,MiNO-Plus,MiNO-Plus_wingaussian_modshell_balanced_K12_modes16_patch16_ref0.05_rlp0.16_hfc0.16_rb-5_pdo0_diss0_symord0_symparspectral_order_wfconf2_trhamiltonian_verlet_framegabor_gaussian_sparse1_sklp0.16_tsyn1_tin1_tref0,False,1,0.05,854708,16,-2.0,0.0,0.05,,0.16,synthetic,2,0.5,-5.0,0.05,run,branch_id_v3_wave_bicharacteristic_control_proxy_0p20_0p05_no_symbol_19_hamiltonian_verlet_gabor_gaussian_True_2p0_0p16_0p16_0p16_1p0_1p0_0p0_2p0_0p01_0p05_1p0_2p0_12_12,119.88038699999925,wave_bicharacteristic_control,19,0.16,,synthetic,True,8,0.0,0.01,0.0,,0.05,6.276505018831813e-05,0.4158530607819557,1.0,0.0,1.4759172797203064,0.01015504778479226,0.01835195394232869,2357.272224165499,0.08958251611329615,0.0,0.0,1.3682499080896378,0.1819226946681738,0.16730811167508364,2.2443394722638176e-14,0.05996094457805157,0.00014189480634740903,0.00014189480634740903,0.40625913068652153,0.00014189480634740903,0.0064115337445400655,0.4050431326031685,0.40375594794750214,0.0,0.0,0.0,1.5288341492414474,0.0,0.9121492132544518,0.25,1.0774961709976196,2.1458764150738716,0.6387774335841337,9.817837476730347,8.57320785522461,0.8074708059430122,0.5955824020008246,0.001478497841162607,0.0,0.16,hamiltonian_verlet,0.2,12,1.0,1.0,2.0,0.0001,64,gaussian
oracle_transport,2,0.00950422981986776,branch_id_v3,0.02,2.0,12,0.0,1.0,24,wave,0.0,0.009611848311275631,0.0,0.00046357397968677105,5.1204557087458635e-12,0.007993995595218925,0.0001251838674534156,0.006442056047186877,0.011715426303756734,0.10162486174764733,0.0662762785019974,gabor_gaussian,12,1.0,,64,1.0,0.16,1,0.0001,0.05,proxy_0.20_0.05,16,0,0,0,2.0,shell_balanced,MiNO-Plus,MiNO-Plus_wingaussian_modshell_balanced_K12_modes16_patch16_ref0.05_rlp0.16_hfc0.16_rb-5_pdo0_diss0_symord0_symparspectral_order_wfconf2_trhamiltonian_verlet_framegabor_gaussian_sparse1_sklp0.16_tsyn1_tin1_tref0,False,1,0.05,1059764,16,-2.0,0.0,0.05,,0.16,synthetic,2,0.5,-5.0,0.05,run,branch_id_v3_wave_bicharacteristic_control_proxy_0p20_0p05_oracle_transport_7_hamiltonian_verlet_gabor_gaussian_True_2p0_0p16_0p16_0p16_1p0_1p0_0p0_2p0_0p01_0p05_1p0_2p0_12_12,74.99775289999889,wave_bicharacteristic_control,7,0.16,,synthetic,True,8,0.0,0.01,0.0,,0.05,3.9114045335963965e-08,0.36950153298676014,1.0,0.0,1.8287681713700294,0.007474990619812161,0.018309803679585457,45060.56111338362,0.034077431075274944,0.0,0.0,1.3341185599565506,0.13470579590648413,0.12338262889534235,2.2674417241529393e-14,0.04471195302903652,9.560139687891933e-05,9.560139687891933e-05,0.3617954086512327,9.560139687891933e-05,0.006443990103434771,0.36169002018868923,0.3609403483569622,0.875462089975675,0.875462089975675,0.1060352686860521,2.3630009293556213,0.0,0.9011479467153549,0.25,1.0774961709976196,4.878527939319611,0.25094155346353847,8.994203865528107,7.316085875034332,1.8447484225034714,0.0,0.006219422575668432,0.0,0.16,hamiltonian_verlet,0.2,12,1.0,1.0,2.0,0.0001,64,gaussian
oracle_transport,2,0.004052239091834053,branch_id_v3,0.02,2.0,12,0.0,1.0,24,wave,0.0,0.008785853499527244,0.0,0.00047090313743562245,5.1204557087458635e-12,0.008002643815416377,0.0001483043395940816,0.00643345092733701,0.03185448737349361,0.11032055349399646,0.0691182710385571,gabor_gaussian,12,1.0,,64,1.0,0.16,1,0.0001,0.05,proxy_0.20_0.05,16,0,0,0,2.0,shell_balanced,MiNO-Plus,MiNO-Plus_wingaussian_modshell_balanced_K12_modes16_patch16_ref0.05_rlp0.16_hfc0.16_rb-5_pdo0_diss0_symord0_symparspectral_order_wfconf2_trhamiltonian_verlet_framegabor_gaussian_sparse1_sklp0.16_tsyn1_tin1_tref0,False,1,0.05,1059764,16,-2.0,0.0,0.05,,0.16,synthetic,2,0.5,-5.0,0.05,run,branch_id_v3_wave_bicharacteristic_control_proxy_0p20_0p05_oracle_transport_11_hamiltonian_verlet_gabor_gaussian_True_2p0_0p16_0p16_0p16_1p0_1p0_0p0_2p0_0p01_0p05_1p0_2p0_12_12,75.69913730000007,wave_bicharacteristic_control,11,0.16,,synthetic,True,8,0.0,0.01,0.0,,0.05,3.9114045335963965e-08,0.39659740403294563,1.0,0.0,3.1257460936903954,0.006956770492251962,0.018309803679585457,167233.6699656248,0.08145290333777666,0.0,0.0,1.3679173737764359,0.1685727071017027,0.15218232665210962,2.157053129389912e-14,0.06129180919378996,0.00014522483752443804,0.00014522483752443804,0.3869409002363682,0.00014522483752443804,0.006430399313103408,0.38677218183875084,0.3863269127905369,0.8430933281779289,0.8430933281779289,0.17502503999276087,3.0711741745471954,0.0,0.8805006220936775,0.25,1.0774961709976196,3.7669263035058975,0.21346550155431032,8.134818971157074,6.8955769538879395,2.1766546964645386,0.0,0.006703537714201957,0.0,0.16,hamiltonian_verlet,0.2,12,1.0,1.0,2.0,0.0001,64,gaussian
oracle_transport,2,0.008943171822465956,branch_id_v3,0.02,2.0,12,0.0,1.0,24,wave,0.0,0.00862226558092516,0.0,0.00033903357901484316,5.1204557087458635e-12,0.006420818128390238,0.00014668940305758346,0.006434659328078851,0.026977243251167238,0.09377177618443966,0.06740319177818795,gabor_gaussian,12,1.0,,64,1.0,0.16,1,0.0001,0.05,proxy_0.20_0.05,16,0,0,0,2.0,shell_balanced,MiNO-Plus,MiNO-Plus_wingaussian_modshell_balanced_K12_modes16_patch16_ref0.05_rlp0.16_hfc0.16_rb-5_pdo0_diss0_symord0_symparspectral_order_wfconf2_trhamiltonian_verlet_framegabor_gaussian_sparse1_sklp0.16_tsyn1_tin1_tref0,False,1,0.05,1059764,16,-2.0,0.0,0.05,,0.16,synthetic,2,0.5,-5.0,0.05,run,branch_id_v3_wave_bicharacteristic_control_proxy_0p20_0p05_oracle_transport_19_hamiltonian_verlet_gabor_gaussian_True_2p0_0p16_0p16_0p16_1p0_1p0_0p0_2p0_0p01_0p05_1p0_2p0_12_12,74.19683550000082,wave_bicharacteristic_control,19,0.16,,synthetic,True,8,0.0,0.01,0.0,,0.05,3.9114045335963965e-08,0.40918610990047455,1.0,0.0,2.5486473366618156,0.009752479498274624,0.018309803679585457,2271.0370921716094,0.08669280516915023,0.0,0.0,1.2698115855455399,0.2139085941016674,0.19584710989147425,2.2774038057005392e-14,0.07209092378616333,0.00019424673109824653,0.00019424673109824653,0.39790263399481773,0.00019424673109824653,0.0064319324446842074,0.39689192920923233,0.39580072835087776,0.8340795747935772,0.8340795747935772,0.16348278732039034,2.120148003101349,0.0,0.9121492132544518,0.25,1.0774961709976196,2.1458764150738716,0.3138347212225199,9.791255116462708,8.528501898050308,1.5044989585876465,0.0,0.0024779180821496993,0.0,0.16,hamiltonian_verlet,0.2,12,1.0,1.0,2.0,0.0001,64,gaussian
uno_plus_same_refine,2,0.00013599613703263458,branch_id_v3,0.02,2.0,12,0.0,1.0,24,wave,0.0,0.00013151117324620523,0.0,0.00010886713596391928,0.0,0.0,4.1286236987051844e-10,0.006340097626283144,0.0,0.0,0.0,gabor_gaussian,12,1.0,,64,1.0,0.16,1,0.0001,0.05,proxy_0.20_0.05,16,0,0,0,2.0,shell_balanced,UNO+SameRefine,UNOplusSameRefine_same_ref0.05,False,1,0.05,1205579,16,-2.0,0.0,0.05,,0.16,synthetic,2,0.5,-5.0,0.05,run,branch_id_v3_wave_bicharacteristic_control_proxy_0p20_0p05_uno_plus_same_refine_7_hamiltonian_verlet_gabor_gaussian_True_2p0_0p16_0p16_0p16_1p0_1p0_0p0_2p0_0p01_0p05_1p0_2p0_12_12,17.57355319999988,wave_bicharacteristic_control,7,0.16,,synthetic,True,8,0.0,0.01,0.0,,0.05,0.0,0.053236059844493866,0.0,0.0,1.05636540427804,0.0001296075538448349,0.0,5536.103975039325,0.0035297970316605642,0.0,0.0,1.306713417172432,0.00036287452167016454,0.000284425625068252,1.963907043987887e-14,0.00021480787472683005,4.510565948523393e-10,4.510565948523393e-10,0.05323522351682186,4.510565948523393e-10,0.006325009686406702,0.057292493525892496,0.05910828849300742,0.0,0.0,0.0,2.719767451286316,0.0,0.0,0.0,0.0,0.0,0.0,0.0,0.0,0.0,0.0,0.004216652174363844,0.0,0.16,hamiltonian_verlet,0.2,12,1.0,1.0,2.0,0.0001,64,gaussian
uno_plus_same_refine,2,0.00020553776585074957,branch_id_v3,0.02,2.0,12,0.0,1.0,24,wave,0.0,0.00014885584634309149,0.0,0.00012783205526526822,0.0,0.0,4.4874374037264425e-10,0.006340100265030439,0.0,0.0,0.0,gabor_gaussian,12,1.0,,64,1.0,0.16,1,0.0001,0.05,proxy_0.20_0.05,16,0,0,0,2.0,shell_balanced,UNO+SameRefine,UNOplusSameRefine_same_ref0.05,False,1,0.05,1205579,16,-2.0,0.0,0.05,,0.16,synthetic,2,0.5,-5.0,0.05,run,branch_id_v3_wave_bicharacteristic_control_proxy_0p20_0p05_uno_plus_same_refine_11_hamiltonian_verlet_gabor_gaussian_True_2p0_0p16_0p16_0p16_1p0_1p0_0p0_2p0_0p01_0p05_1p0_2p0_12_12,17.82927759999984,wave_bicharacteristic_control,11,0.16,,synthetic,True,8,0.0,0.01,0.0,,0.05,0.0,0.06752716703340411,0.0,0.0,1.9966443628072739,0.0002051704614132177,0.0,29909.474838022143,0.003825177642283961,0.0,0.0,1.3559913635253906,0.00030832695665594656,0.00026635492395143956,1.9605250743635612e-14,0.00014553937126038363,4.3223707599238104e-10,4.3223707599238104e-10,0.06752541474997997,4.3223707599238104e-10,0.006325018417555839,0.07036446081474423,0.07222317392006516,0.0,0.0,0.0,2.7797670662403107,0.0,0.0,0.0,0.0,0.0,0.0,0.0,0.0,0.0,0.0,0.008721533558855299,0.0,0.16,hamiltonian_verlet,0.2,12,1.0,1.0,2.0,0.0001,64,gaussian
uno_plus_same_refine,2,0.00015535545981038013,branch_id_v3,0.02,2.0,12,0.0,1.0,24,wave,0.0,0.00012606921245605918,0.0,0.00010774628102202162,0.0,0.0,8.961877438068422e-10,0.006340097480763991,0.0,0.0,0.0,gabor_gaussian,12,1.0,,64,1.0,0.16,1,0.0001,0.05,proxy_0.20_0.05,16,0,0,0,2.0,shell_balanced,UNO+SameRefine,UNOplusSameRefine_same_ref0.05,False,1,0.05,1205579,16,-2.0,0.0,0.05,,0.16,synthetic,2,0.5,-5.0,0.05,run,branch_id_v3_wave_bicharacteristic_control_proxy_0p20_0p05_uno_plus_same_refine_19_hamiltonian_verlet_gabor_gaussian_True_2p0_0p16_0p16_0p16_1p0_1p0_0p0_2p0_0p01_0p05_1p0_2p0_12_12,17.56821349999882,wave_bicharacteristic_control,19,0.16,,synthetic,True,8,0.0,0.01,0.0,,0.05,0.0,0.04698884394019842,0.0,0.0,1.9340536072850227,0.00013425283759715967,0.0,119.35654645040631,0.005670704289514106,0.0,0.0,1.3207578510046005,0.00045949817285872996,0.0004018292311229743,8.913340250632534e-15,0.0002093850316668977,7.490704376222901e-10,7.490704376222901e-10,0.046986923553049564,7.490704376222901e-10,0.006325018999632448,0.04901230940595269,0.05067639937624335,0.0,0.0,0.0,2.723809689283371,0.0,0.0,0.0,0.0,0.0,0.0,0.0,0.0,0.0,0.0,0.0013436744557111524,0.0,0.16,hamiltonian_verlet,0.2,12,1.0,1.0,2.0,0.0001,64,gaussian
wno_plus_same_refine,2,0.000383553280698834,branch_id_v3,0.02,2.0,12,0.0,1.0,24,wave,0.0,0.0003615131172409747,0.0,0.0002786398604257556,0.0,0.0,1.6869173662115156e-09,0.006340106658171862,0.0,0.0,0.0,gabor_gaussian,12,1.0,,64,1.0,0.16,1,0.0001,0.05,proxy_0.20_0.05,16,0,0,0,2.0,shell_balanced,WNO-style+SameRefine,WNO-styleplusSameRefine_same_ref0.05,False,1,0.05,47749,16,-2.0,0.0,0.05,,0.16,synthetic,2,0.5,-5.0,0.05,run,branch_id_v3_wave_bicharacteristic_control_proxy_0p20_0p05_wno_plus_same_refine_7_hamiltonian_verlet_gabor_gaussian_True_2p0_0p16_0p16_0p16_1p0_1p0_0p0_2p0_0p01_0p05_1p0_2p0_12_12,7.070186800001466,wave_bicharacteristic_control,7,0.16,,synthetic,True,8,0.0,0.01,0.0,,0.05,0.0,0.08159577241167426,0.0,0.0,0.8821375146508217,0.00034058988603646867,0.0,5566.116393623874,0.008553530162316747,0.0,0.0,1.4147632271051407,0.0008301875641336665,0.0005157604864507448,1.678511701443228e-14,0.0005974466730549466,1.576483499299286e-09,1.576483499299286e-09,0.0815952685661614,1.576483499299286e-09,0.006325027265120298,0.08331298781558871,0.08415279816836119,0.0,0.0,0.0,0.5750829875469208,0.0,0.0,0.0,0.0,0.0,0.0,0.0,0.0,0.0,0.0,0.01629268280521501,0.0,0.16,hamiltonian_verlet,0.2,12,1.0,1.0,2.0,0.0001,64,gaussian
wno_plus_same_refine,2,0.0004522822200669907,branch_id_v3,0.02,2.0,12,0.0,1.0,24,wave,0.0,0.00032582307873478084,0.0,0.0002619122997960706,0.0,0.0,4.601632542603855e-09,0.0063400997799665975,0.0,0.0,0.0,gabor_gaussian,12,1.0,,64,1.0,0.16,1,0.0001,0.05,proxy_0.20_0.05,16,0,0,0,2.0,shell_balanced,WNO-style+SameRefine,WNO-styleplusSameRefine_same_ref0.05,False,1,0.05,47749,16,-2.0,0.0,0.05,,0.16,synthetic,2,0.5,-5.0,0.05,run,branch_id_v3_wave_bicharacteristic_control_proxy_0p20_0p05_wno_plus_same_refine_11_hamiltonian_verlet_gabor_gaussian_True_2p0_0p16_0p16_0p16_1p0_1p0_0p0_2p0_0p01_0p05_1p0_2p0_12_12,7.119054599999799,wave_bicharacteristic_control,11,0.16,,synthetic,True,8,0.0,0.01,0.0,,0.05,0.0,0.09441748354583979,0.0,0.0,1.4126997888088226,0.00041491727643006016,0.0,32907.233128383756,0.008716338401427492,0.0,0.0,1.3549827486276627,0.0010119196304003708,0.0009209293348249048,8.273209076788726e-15,0.000385257229936542,5.156097132585913e-09,5.156097132585913e-09,0.0944272130727768,5.156097132585913e-09,0.006325073482003063,0.09697853494435549,0.09806979540735483,0.0,0.0,0.0,0.4360974133014679,0.0,0.0,0.0,0.0,0.0,0.0,0.0,0.0,0.0,0.0,0.015514535538386554,0.0,0.16,hamiltonian_verlet,0.2,12,1.0,1.0,2.0,0.0001,64,gaussian
wno_plus_same_refine,2,0.000371479703062505,branch_id_v3,0.02,2.0,12,0.0,1.0,24,wave,0.0,0.0002994599679671713,0.0,0.00024241519713541493,0.0,0.0,5.171299323365278e-10,0.00634010587236844,0.0,0.0,0.0,gabor_gaussian,12,1.0,,64,1.0,0.16,1,0.0001,0.05,proxy_0.20_0.05,16,0,0,0,2.0,shell_balanced,WNO-style+SameRefine,WNO-styleplusSameRefine_same_ref0.05,False,1,0.05,47749,16,-2.0,0.0,0.05,,0.16,synthetic,2,0.5,-5.0,0.05,run,branch_id_v3_wave_bicharacteristic_control_proxy_0p20_0p05_wno_plus_same_refine_19_hamiltonian_verlet_gabor_gaussian_True_2p0_0p16_0p16_0p16_1p0_1p0_0p0_2p0_0p01_0p05_1p0_2p0_12_12,7.132125800000722,wave_bicharacteristic_control,19,0.16,,synthetic,True,8,0.0,0.01,0.0,,0.05,0.0,0.07100458443164825,0.0,0.0,1.3843030408024788,0.00030497364605253097,0.0,129.3220927985385,0.00975034873408731,0.0,0.0,1.31771981716156,0.0004554244296741672,0.00032414607449027244,1.05285473248122e-14,0.00028951970125490334,4.957993390841686e-10,4.957993390841686e-10,0.0710017099045217,4.957993390841686e-10,0.0063250327366404235,0.07214600779116154,0.0727314567193389,0.0,0.0,0.0,0.6856053471565247,0.0,0.0,0.0,0.0,0.0,0.0,0.0,0.0,0.0,0.0,0.0033355910709360614,0.0,0.16,hamiltonian_verlet,0.2,12,1.0,1.0,2.0,0.0001,64,gaussian
full,2,0.0017229734366992489,branch_id_v3,0.02,2.0,12,0.0,1.0,24,wave,0.0,0.0008631213171004978,0.0,0.00010000530456485042,2.2222294717266777e-05,0.0012009128283049602,7.980317332734188e-06,0.006346505474842464,0.0023503153994776462,0.05719665138167329,0.10853171767666936,gabor_gaussian,12,1.0,,64,1.0,0.16,1,0.0001,0.05,proxy_0.20_0.05,16,0,0,0,2.0,shell_balanced,MiNO-Plus,MiNO-Plus_wingaussian_modshell_balanced_K12_modes16_patch16_ref0.05_rlp0.16_hfc0.16_rb-5_pdo0_diss0_symord0_symparspectral_order_wfconf2_trhamiltonian_verlet_framegabor_gaussian_sparse1_sklp0.16_tsyn1_tin1_tref0,False,1,0.05,1059764,16,-2.0,0.0,0.05,,0.16,synthetic,2,0.5,-5.0,0.05,run,branch_id_v3_wave_chirp_propagation_proxy_0p20_0p05_full_7_hamiltonian_verlet_gabor_gaussian_True_2p0_0p16_0p16_0p16_1p0_1p0_0p0_2p0_0p01_0p05_1p0_2p0_12_12,131.26768209999864,wave_chirp_propagation,7,0.16,,synthetic,True,8,0.0,0.01,0.0,,0.05,4.161820743320277e-05,0.32125525549054146,1.0,0.0,5.690074805170298,0.0009478046795265982,0.01753484085202217,1842520.734375,0.07981131458655,0.0,0.0,1.5251227766275406,0.016784785024356097,0.014109174953773618,2.5552985867939668e-14,0.00773906649556011,8.846403037665596e-06,8.846403037665596e-06,0.3190687745809555,8.846403037665596e-06,0.006361767591442913,0.3191753029823303,0.319066122174263,0.9307859229544798,0.9307859229544798,-0.025367488192083936,0.8600601702928543,0.0,0.49816644191741943,0.25,1.0774961709976196,0.454564830288291,0.21353873082747063,3.975569874048233,3.658057391643524,1.0225820913910866,1.346181184053421,0.006479464878793806,0.0,0.16,hamiltonian_verlet,0.2,12,1.0,1.0,2.0,0.0001,64,gaussian
full,2,0.0005982900256640278,branch_id_v3,0.02,2.0,12,0.0,1.0,24,wave,0.0,0.0011812414986707154,0.0,0.00018836942285815894,2.120552755021284e-05,0.0012077771207259502,1.9210848145453003e-05,0.0063455697187843425,0.00488911858216549,0.06113895356732731,0.10864785329128306,gabor_gaussian,12,1.0,,64,1.0,0.16,1,0.0001,0.05,proxy_0.20_0.05,16,0,0,0,2.0,shell_balanced,MiNO-Plus,MiNO-Plus_wingaussian_modshell_balanced_K12_modes16_patch16_ref0.05_rlp0.16_hfc0.16_rb-5_pdo0_diss0_symord0_symparspectral_order_wfconf2_trhamiltonian_verlet_framegabor_gaussian_sparse1_sklp0.16_tsyn1_tin1_tref0,False,1,0.05,1059764,16,-2.0,0.0,0.05,,0.16,synthetic,2,0.5,-5.0,0.05,run,branch_id_v3_wave_chirp_propagation_proxy_0p20_0p05_full_11_hamiltonian_verlet_gabor_gaussian_True_2p0_0p16_0p16_0p16_1p0_1p0_0p0_2p0_0p01_0p05_1p0_2p0_12_12,131.19357599999967,wave_chirp_propagation,11,0.16,,synthetic,True,8,0.0,0.01,0.0,,0.05,3.89612146136642e-05,0.24540888611227274,1.0,0.0,3.666053179651499,0.0005117392001920962,0.017516700318083167,1856328.61328125,0.03567049259436317,0.0,0.0,1.4195437282323837,0.023063291213475168,0.01533634273800999,2.4601439854664265e-14,0.014324726769700646,1.2320918040487072e-05,1.2320918040487072e-05,0.24313662759959698,1.2320918040487072e-05,0.006329408148303628,0.24378218688070774,0.24389453046023846,0.984722134967645,0.984722134967645,0.06174689140708741,0.8109912201762199,0.0,0.4822225645184517,0.25,1.0774961709976196,0.596028883010149,0.1916042771190405,4.148518949747086,4.486992567777634,1.4809448421001434,1.4162042339642842,0.005443447356810793,0.0,0.16,hamiltonian_verlet,0.2,12,1.0,1.0,2.0,0.0001,64,gaussian
full,2,0.0007979688507475657,branch_id_v3,0.02,2.0,12,0.0,1.0,24,wave,0.0,0.0011092826326451661,0.0,6.942611351708668e-05,2.277843839237903e-05,0.0025143081487234062,1.0315972719462016e-05,0.006358947042220582,0.007714686022760968,0.04544531940094506,0.10929936915636063,gabor_gaussian,12,1.0,,64,1.0,0.16,1,0.0001,0.05,proxy_0.20_0.05,16,0,0,0,2.0,shell_balanced,MiNO-Plus,MiNO-Plus_wingaussian_modshell_balanced_K12_modes16_patch16_ref0.05_rlp0.16_hfc0.16_rb-5_pdo0_diss0_symord0_symparspectral_order_wfconf2_trhamiltonian_verlet_framegabor_gaussian_sparse1_sklp0.16_tsyn1_tin1_tref0,False,1,0.05,1059764,16,-2.0,0.0,0.05,,0.16,synthetic,2,0.5,-5.0,0.05,run,branch_id_v3_wave_chirp_propagation_proxy_0p20_0p05_full_19_hamiltonian_verlet_gabor_gaussian_True_2p0_0p16_0p16_0p16_1p0_1p0_0p0_2p0_0p01_0p05_1p0_2p0_12_12,129.41125250000005,wave_chirp_propagation,19,0.16,,synthetic,True,8,0.0,0.01,0.0,,0.05,5.133579043103964e-05,0.38737979158759117,1.0,0.0,12.122282717376947,0.001650582162255887,0.017534732818603516,1266141.9194335938,0.09307852201163769,0.0,0.0,1.4449145942926407,0.024354546680115163,0.019603132619522512,2.3556693112136576e-14,0.01227575819939375,1.559138274842553e-05,1.559138274842553e-05,0.38433555886149406,1.559138274842553e-05,0.006341129133943468,0.38385114073753357,0.3831841070204973,0.9181535157064596,0.9181535157064596,-0.10061272625656177,0.702746793627739,0.0,0.5098054744303226,0.25,1.0774961709976196,0.7291370816528797,0.23634297338624796,4.20531353354454,4.943276792764664,1.3641111254692078,1.380522092183431,0.004809348931303248,0.0,0.16,hamiltonian_verlet,0.2,12,1.0,1.0,2.0,0.0001,64,gaussian
no_transport,2,0.005418815213488415,branch_id_v3,0.02,2.0,12,0.0,1.0,24,wave,0.0,0.00623587095469702,0.0,0.00545633034016646,1.0,0.0012083776618207291,1.863934292190006e-07,0.006396671068311359,0.013133531048273047,0.06295142443074535,0.10872965026646852,gabor_gaussian,12,1.0,,64,1.0,0.16,1,0.0001,0.05,proxy_0.20_0.05,16,0,0,0,2.0,shell_balanced,MiNO-Plus,MiNO-Plus_wingaussian_modshell_balanced_K12_modes16_patch16_ref0.05_rlp0.16_hfc0.16_rb-5_pdo0_diss0_symord0_symparspectral_order_wfconf2_trhamiltonian_verlet_framegabor_gaussian_sparse1_sklp0.16_tsyn1_tin1_tref0,False,1,0.05,347000,16,-2.0,0.0,0.05,,0.16,synthetic,2,0.5,-5.0,0.05,run,branch_id_v3_wave_chirp_propagation_proxy_0p20_0p05_no_transport_7_hamiltonian_verlet_gabor_gaussian_True_2p0_0p16_0p16_0p16_1p0_1p0_0p0_2p0_0p01_0p05_1p0_2p0_12_12,49.26362309999968,wave_chirp_propagation,7,0.16,,synthetic,True,8,0.0,0.01,0.0,,0.05,0.017541948705911636,0.6772682294249535,1.0,0.0,9.720946811139584,0.003997469088062644,0.0,501143.576171875,0.04338099109008908,0.0,0.0,1.4906311482191086,0.003128366166492924,0.002669613815669436,2.560116129033123e-14,0.001379496228764765,3.193122287692418e-07,3.193122287692418e-07,0.6770359463989735,3.193122287692418e-07,0.006382396153640002,0.6798034757375717,0.6825061962008476,0.919035321722428,0.919035321722428,0.10662795199217119,1.666209951043129,0.0,0.49816644191741943,0.25,1.0774961709976196,0.454564830288291,0.0,4.156570613384247,1.4062580248719314e-05,4.194547670977045e-06,0.0,0.017648028442636132,0.0,0.16,hamiltonian_verlet,0.2,12,1.0,1.0,2.0,0.0001,64,gaussian
no_transport,2,0.005645432858727872,branch_id_v3,0.02,2.0,12,0.0,1.0,24,wave,0.0,0.006297071350369758,0.0,0.0052936757359323865,1.0,0.0013288000460912979,2.162208001236602e-06,0.006360466844247033,0.031897467405845724,0.06628386672430982,0.10865428935115536,gabor_gaussian,12,1.0,,64,1.0,0.16,1,0.0001,0.05,proxy_0.20_0.05,16,0,0,0,2.0,shell_balanced,MiNO-Plus,MiNO-Plus_wingaussian_modshell_balanced_K12_modes16_patch16_ref0.05_rlp0.16_hfc0.16_rb-5_pdo0_diss0_symord0_symparspectral_order_wfconf2_trhamiltonian_verlet_framegabor_gaussian_sparse1_sklp0.16_tsyn1_tin1_tref0,False,1,0.05,347000,16,-2.0,0.0,0.05,,0.16,synthetic,2,0.5,-5.0,0.05,run,branch_id_v3_wave_chirp_propagation_proxy_0p20_0p05_no_transport_11_hamiltonian_verlet_gabor_gaussian_True_2p0_0p16_0p16_0p16_1p0_1p0_0p0_2p0_0p01_0p05_1p0_2p0_12_12,47.813890499999616,wave_chirp_propagation,11,0.16,,synthetic,True,8,0.0,0.01,0.0,,0.05,0.017541948705911636,0.8231664448976517,1.0,0.0,7.927271991968155,0.0062611241737613454,0.0,1200447.92578125,0.029010359197854996,0.0,0.0,1.5969175398349762,0.00839473435189575,0.005640244169626385,2.353037749253128e-14,0.005141535424627364,1.6299207912240377e-06,1.6299207912240377e-06,0.8228038847446442,1.6299207912240377e-06,0.006345797213725746,0.8270653188228607,0.8310732953250408,0.9549160574873289,0.9549160574873289,0.18014148949199202,1.507964737713337,0.0,0.4822225645184517,0.25,1.0774961709976196,0.596028883010149,0.0,4.480542689561844,1.292844399358728e-05,3.878090282682933e-06,0.0,0.026169054675847292,0.0,0.16,hamiltonian_verlet,0.2,12,1.0,1.0,2.0,0.0001,64,gaussian
no_transport,2,0.00744029157795012,branch_id_v3,0.02,2.0,12,0.0,1.0,24,wave,0.0,0.007219088338994577,0.0,0.00608351685392942,1.0,0.0011032090509009624,1.0712568481729967e-06,0.0063817979050024105,0.03145536427230885,0.05856472143204883,0.10927076606700818,gabor_gaussian,12,1.0,,64,1.0,0.16,1,0.0001,0.05,proxy_0.20_0.05,16,0,0,0,2.0,shell_balanced,MiNO-Plus,MiNO-Plus_wingaussian_modshell_balanced_K12_modes16_patch16_ref0.05_rlp0.16_hfc0.16_rb-5_pdo0_diss0_symord0_symparspectral_order_wfconf2_trhamiltonian_verlet_framegabor_gaussian_sparse1_sklp0.16_tsyn1_tin1_tref0,False,1,0.05,347000,16,-2.0,0.0,0.05,,0.16,synthetic,2,0.5,-5.0,0.05,run,branch_id_v3_wave_chirp_propagation_proxy_0p20_0p05_no_transport_19_hamiltonian_verlet_gabor_gaussian_True_2p0_0p16_0p16_0p16_1p0_1p0_0p0_2p0_0p01_0p05_1p0_2p0_12_12,49.81857300000047,wave_chirp_propagation,19,0.16,,synthetic,True,8,0.0,0.01,0.0,,0.05,0.017541948705911636,1.0187289342284203,1.0,0.0,23.585844293236732,0.008476241229800507,0.0,825040.4838867188,0.044367510825395584,0.0,0.0,1.4396165758371353,0.004162152472417802,0.0033489506313344464,2.320962115024089e-14,0.0021034976234659553,4.5952777760760455e-07,4.5952777760760455e-07,1.0184433832764626,4.5952777760760455e-07,0.006422232429031283,1.0209717229008675,1.023389108479023,0.9576978571712971,0.9576978571712971,0.19071301817893982,1.186589553952217,0.0,0.5098054744303226,0.25,1.0774961709976196,0.7291370816528797,0.0,4.440597295761108,1.5431645579155884e-05,2.157440512462472e-06,0.0,0.0129294462967664,0.0,0.16,hamiltonian_verlet,0.2,12,1.0,1.0,2.0,0.0001,64,gaussian
randomized_metadata,2,0.007428006792906672,branch_id_v3,0.02,2.0,12,0.0,1.0,24,wave,0.0,0.008971239702077582,0.0,0.0075293633417459205,834.6296106974283,0.001388323895146944,3.020289648011006e-09,0.006435692446151127,0.00010915260872934596,0.08209786131434764,0.036747489823028445,gabor_gaussian,12,1.0,,64,1.0,0.16,1,0.0001,0.05,proxy_0.20_0.05,16,0,0,0,2.0,shell_balanced,MiNO-Plus,MiNO-Plus_wingaussian_modshell_balanced_K12_modes16_patch16_ref0.05_rlp0.16_hfc0.16_rb-5_pdo0_diss0_symord0_symparspectral_order_wfconf2_trhamiltonian_verlet_framegabor_gaussian_sparse1_sklp0.16_tsyn1_tin1_tref0,False,1,0.05,1059764,16,-2.0,0.0,0.05,,0.16,synthetic,2,0.5,-5.0,0.05,run,branch_id_v3_wave_chirp_propagation_proxy_0p20_0p05_randomized_metadata_7_hamiltonian_verlet_gabor_gaussian_True_2p0_0p16_0p16_0p16_1p0_1p0_0p0_2p0_0p01_0p05_1p0_2p0_12_12,131.5318145000001,wave_chirp_propagation,7,0.16,,synthetic,True,8,0.0,0.01,0.0,,0.05,0.46157364919781685,1.0501235648989677,1.0,0.0,24.16781795024872,0.0078352804412134,0.46233708411455154,4007941.6875,0.47942811250686646,0.0,0.0,1.525825411081314,0.0004972362658008933,0.0004963698229403235,5.0539120241038695e-15,2.885327626245271e-05,8.616278912576547e-09,8.616278912576547e-09,0.9970046281814575,8.616278912576547e-09,0.006692850962281227,1.0612935051321983,1.064933717250824,0.8703133625288805,0.8703133625288805,0.02898500408628024,1.2357009276747704,0.0,0.49816644191741943,0.25,1.0774961709976196,0.454564830288291,0.20025306846946478,2.4884758293628693,5.180084526538849,0.9964951723814011,0.0,0.13971488131210208,0.0,0.16,hamiltonian_verlet,0.2,12,1.0,1.0,2.0,0.0001,64,gaussian
randomized_metadata,2,0.008201944001484662,branch_id_v3,0.02,2.0,12,0.0,1.0,24,wave,0.0,0.008794151459975788,0.0,0.006735893521787754,840.2144584655762,0.0015298934131351416,1.1281939327201229e-08,0.006470569535546626,0.0024594262892302745,0.08847353359063466,0.037871747238871954,gabor_gaussian,12,1.0,,64,1.0,0.16,1,0.0001,0.05,proxy_0.20_0.05,16,0,0,0,2.0,shell_balanced,MiNO-Plus,MiNO-Plus_wingaussian_modshell_balanced_K12_modes16_patch16_ref0.05_rlp0.16_hfc0.16_rb-5_pdo0_diss0_symord0_symparspectral_order_wfconf2_trhamiltonian_verlet_framegabor_gaussian_sparse1_sklp0.16_tsyn1_tin1_tref0,False,1,0.05,1059764,16,-2.0,0.0,0.05,,0.16,synthetic,2,0.5,-5.0,0.05,run,branch_id_v3_wave_chirp_propagation_proxy_0p20_0p05_randomized_metadata_11_hamiltonian_verlet_gabor_gaussian_True_2p0_0p16_0p16_0p16_1p0_1p0_0p0_2p0_0p01_0p05_1p0_2p0_12_12,133.82183789999908,wave_chirp_propagation,11,0.16,,synthetic,True,8,0.0,0.01,0.0,,0.05,0.4571185074746609,1.026108793914318,1.0,0.0,14.83411717414856,0.008592431549914181,0.4575479328632355,4118350.15625,0.4686244949698448,0.0,0.0,1.5353585928678513,0.00024788876362435985,0.00024008172113099135,4.1639284977838066e-15,6.1376730172924e-05,2.114104738493161e-09,2.114104738493161e-09,1.0862713307142258,2.114104738493161e-09,0.00666525773704052,1.032009981572628,1.034292258322239,0.8318550735712051,0.8318550735712051,0.05602551781339571,0.8559693470597267,0.0,0.4822225645184517,0.25,1.0774961709976196,0.596028883010149,0.18589314787338176,2.1233774721622467,5.268033027648926,0.9789168909192085,0.0,0.1464949008077383,0.0,0.16,hamiltonian_verlet,0.2,12,1.0,1.0,2.0,0.0001,64,gaussian
randomized_metadata,2,0.007833799754735082,branch_id_v3,0.02,2.0,12,0.0,1.0,24,wave,0.0,0.008890885626897216,0.0,0.007274479086239201,840.3744316101074,0.0012280668004981028,5.239068207041342e-09,0.006432246989182507,0.004882211321576809,0.07508514817648877,0.03707976918667555,gabor_gaussian,12,1.0,,64,1.0,0.16,1,0.0001,0.05,proxy_0.20_0.05,16,0,0,0,2.0,shell_balanced,MiNO-Plus,MiNO-Plus_wingaussian_modshell_balanced_K12_modes16_patch16_ref0.05_rlp0.16_hfc0.16_rb-5_pdo0_diss0_symord0_symparspectral_order_wfconf2_trhamiltonian_verlet_framegabor_gaussian_sparse1_sklp0.16_tsyn1_tin1_tref0,False,1,0.05,1059764,16,-2.0,0.0,0.05,,0.16,synthetic,2,0.5,-5.0,0.05,run,branch_id_v3_wave_chirp_propagation_proxy_0p20_0p05_randomized_metadata_19_hamiltonian_verlet_gabor_gaussian_True_2p0_0p16_0p16_0p16_1p0_1p0_0p0_2p0_0p01_0p05_1p0_2p0_12_12,135.0456273000018,wave_chirp_propagation,19,0.16,,synthetic,True,8,0.0,0.01,0.0,,0.05,0.4622967652976513,1.0569073930382729,1.0,0.0,28.747984409332275,0.009182871144730598,0.46273913979530334,2936188.7109375,0.48772069439291954,0.0,0.0,1.5453261137008667,0.00040522416020394303,0.0003968795317632612,1.1193791860871795e-14,7.355284105869941e-05,5.3321441428888505e-09,5.3321441428888505e-09,1.0594120621681213,5.3321441428888505e-09,0.006465166807174683,1.060935914516449,1.0636196434497833,0.848445326089859,0.848445326089859,0.06781248420399304,0.9722856432199478,0.0,0.5098054744303226,0.25,1.0774961709976196,0.7291370816528797,0.20950336319704851,2.228376254439354,5.084905624389648,0.9954700842499733,0.0,0.14067985489964485,0.0,0.16,hamiltonian_verlet,0.2,12,1.0,1.0,2.0,0.0001,64,gaussian
no_symbol,2,0.002105394214595435,branch_id_v3,0.02,2.0,12,0.0,1.0,24,wave,0.0,0.0010156214035911641,0.0,4.5822204810974654e-05,8.695563678884355e-06,0.0011418520646202523,8.939190690337995e-06,0.006347753495598833,0.0,0.06512986007146537,0.10853344077865283,gabor_gaussian,12,1.0,,64,1.0,0.16,1,0.0001,0.05,proxy_0.20_0.05,16,0,0,0,2.0,shell_balanced,MiNO-Plus,MiNO-Plus_wingaussian_modshell_balanced_K12_modes16_patch16_ref0.05_rlp0.16_hfc0.16_rb-5_pdo0_diss0_symord0_symparspectral_order_wfconf2_trhamiltonian_verlet_framegabor_gaussian_sparse1_sklp0.16_tsyn1_tin1_tref0,False,1,0.05,854708,16,-2.0,0.0,0.05,,0.16,synthetic,2,0.5,-5.0,0.05,run,branch_id_v3_wave_chirp_propagation_proxy_0p20_0p05_no_symbol_7_hamiltonian_verlet_gabor_gaussian_True_2p0_0p16_0p16_0p16_1p0_1p0_0p0_2p0_0p01_0p05_1p0_2p0_12_12,119.13651350000146,wave_chirp_propagation,7,0.16,,synthetic,True,8,0.0,0.01,0.0,,0.05,2.6613616682880092e-05,0.34538879804313183,1.0,0.0,3.998739897273481,0.0011304194667900447,0.0175425021443516,1834085.9140625,0.08523066446650773,0.0,0.0,1.4675534069538116,0.022039900883100927,0.018616646761074662,2.5833027030521438e-14,0.009987866040319204,1.5313467052635588e-05,1.5313467052635588e-05,0.34217198099941015,1.5313467052635588e-05,0.006333962082862854,0.3418682534247637,0.34149446338415146,0.0,0.0,0.0,1.832431748509407,0.0,0.49816644191741943,0.25,1.0774961709976196,0.454564830288291,0.6315761860460043,4.016057372093201,3.7361615896224976,0.7854942977428436,0.9102014179031054,0.0026988686877302825,0.0,0.16,hamiltonian_verlet,0.2,12,1.0,1.0,2.0,0.0001,64,gaussian
no_symbol,2,0.0007793098939146148,branch_id_v3,0.02,2.0,12,0.0,1.0,24,wave,0.0,0.0014700381355699694,0.0,0.00010043106836595446,1.3629532332970484e-05,0.0011526637607251662,1.7046739266390887e-05,0.00635707878973335,0.0,0.07010240623882662,0.10865595145151019,gabor_gaussian,12,1.0,,64,1.0,0.16,1,0.0001,0.05,proxy_0.20_0.05,16,0,0,0,2.0,shell_balanced,MiNO-Plus,MiNO-Plus_wingaussian_modshell_balanced_K12_modes16_patch16_ref0.05_rlp0.16_hfc0.16_rb-5_pdo0_diss0_symord0_symparspectral_order_wfconf2_trhamiltonian_verlet_framegabor_gaussian_sparse1_sklp0.16_tsyn1_tin1_tref0,False,1,0.05,854708,16,-2.0,0.0,0.05,,0.16,synthetic,2,0.5,-5.0,0.05,run,branch_id_v3_wave_chirp_propagation_proxy_0p20_0p05_no_symbol_11_hamiltonian_verlet_gabor_gaussian_True_2p0_0p16_0p16_0p16_1p0_1p0_0p0_2p0_0p01_0p05_1p0_2p0_12_12,120.75304989999859,wave_chirp_propagation,11,0.16,,synthetic,True,8,0.0,0.01,0.0,,0.05,3.442380671003775e-05,0.2708498015999794,1.0,0.0,2.8158080466091633,0.0006598287909582723,0.017541476991027594,1992075.259765625,0.03879017995495815,0.0,0.0,1.4919257760047913,0.01513241115026176,0.010359754378441721,2.510099341717525e-14,0.00912653049454093,5.5908568077356335e-06,5.5908568077356335e-06,0.269167460501194,5.5908568077356335e-06,0.006400000129360706,0.2692841272801161,0.26908825244754553,0.0,0.0,0.0,1.1666380763053894,0.0,0.4822225645184517,0.25,1.0774961709976196,0.596028883010149,0.5342783958961567,4.195401638746262,4.5589579641819,0.7063454166054726,1.153826576968034,0.0038061925442889333,0.0,0.16,hamiltonian_verlet,0.2,12,1.0,1.0,2.0,0.0001,64,gaussian
no_symbol,2,0.0009086644367926056,branch_id_v3,0.02,2.0,12,0.0,1.0,24,wave,0.0,0.0012035731075078122,0.0,3.564287173200379e-05,7.083389374903011e-06,0.0010252419989834987,1.1338071031744926e-05,0.00635562784736976,0.0,0.06015692352472494,0.10931130948786934,gabor_gaussian,12,1.0,,64,1.0,0.16,1,0.0001,0.05,proxy_0.20_0.05,16,0,0,0,2.0,shell_balanced,MiNO-Plus,MiNO-Plus_wingaussian_modshell_balanced_K12_modes16_patch16_ref0.05_rlp0.16_hfc0.16_rb-5_pdo0_diss0_symord0_symparspectral_order_wfconf2_trhamiltonian_verlet_framegabor_gaussian_sparse1_sklp0.16_tsyn1_tin1_tref0,False,1,0.05,854708,16,-2.0,0.0,0.05,,0.16,synthetic,2,0.5,-5.0,0.05,run,branch_id_v3_wave_chirp_propagation_proxy_0p20_0p05_no_symbol_19_hamiltonian_verlet_gabor_gaussian_True_2p0_0p16_0p16_0p16_1p0_1p0_0p0_2p0_0p01_0p05_1p0_2p0_12_12,120.38173639999877,wave_chirp_propagation,19,0.16,,synthetic,True,8,0.0,0.01,0.0,,0.05,2.0288254745537415e-05,0.3955614808946848,1.0,0.0,6.878590067848563,0.0017080250836443156,0.017549362499266863,1304175.2626953125,0.09539737086743116,0.0,0.0,1.4197966903448105,0.025073256576433778,0.020279963151551783,2.4061608604961917e-14,0.012510365690104663,1.6676310167440533e-05,1.6676310167440533e-05,0.39226929657161236,1.6676310167440533e-05,0.006340870400890708,0.39129699394106865,0.3902433104813099,0.0,0.0,0.0,1.024699628353119,0.0,0.5098054744303226,0.25,1.0774961709976196,0.7291370816528797,0.6394603202740351,4.20096692442894,4.94862025976181,0.6571908742189407,1.2224321787556012,0.002212512437836267,0.0,0.16,hamiltonian_verlet,0.2,12,1.0,1.0,2.0,0.0001,64,gaussian
oracle_transport,2,0.001683581565885106,branch_id_v3,0.02,2.0,12,0.0,1.0,24,wave,0.0,0.0008999893046469273,0.0,0.00013552708242059452,5.828329485702e-11,0.0008913239095515261,8.942578423839128e-06,0.00633187938365154,0.0025531865297428644,0.06106030027149245,0.10853218116487066,gabor_gaussian,12,1.0,,64,1.0,0.16,1,0.0001,0.05,proxy_0.20_0.05,16,0,0,0,2.0,shell_balanced,MiNO-Plus,MiNO-Plus_wingaussian_modshell_balanced_K12_modes16_patch16_ref0.05_rlp0.16_hfc0.16_rb-5_pdo0_diss0_symord0_symparspectral_order_wfconf2_trhamiltonian_verlet_framegabor_gaussian_sparse1_sklp0.16_tsyn1_tin1_tref0,False,1,0.05,1059764,16,-2.0,0.0,0.05,,0.16,synthetic,2,0.5,-5.0,0.05,run,branch_id_v3_wave_chirp_propagation_proxy_0p20_0p05_oracle_transport_7_hamiltonian_verlet_gabor_gaussian_True_2p0_0p16_0p16_0p16_1p0_1p0_0p0_2p0_0p01_0p05_1p0_2p0_12_12,73.64980080000169,wave_chirp_propagation,7,0.16,,synthetic,True,8,0.0,0.01,0.0,,0.05,1.1386692477799443e-07,0.32215386629104614,1.0,0.0,5.347437504678965,0.0009415844860996003,0.017542019486427307,1742510.2578125,0.08420317829586565,0.0,0.0,1.4720856696367264,0.021495168679393828,0.01801324193365872,2.4900549846471097e-14,0.009996395907364786,1.4407863346832528e-05,1.4407863346832528e-05,0.31938782148063183,1.4407863346832528e-05,0.006320160813629627,0.3195584826171398,0.3193516954779625,0.9151949733495712,0.9151949733495712,0.04766656912397593,0.7207328975200653,0.0,0.49816644191741943,0.25,1.0774961709976196,0.454564830288291,0.23210101574659348,3.984627366065979,3.732506603002548,1.1846841871738434,0.0,0.005967561271972954,0.0,0.16,hamiltonian_verlet,0.2,12,1.0,1.0,2.0,0.0001,64,gaussian
oracle_transport,2,0.0006291399640758755,branch_id_v3,0.02,2.0,12,0.0,1.0,24,wave,0.0,0.0012301742945055594,0.0,0.00018109247199996995,5.828329485702e-11,0.0008523559937808992,1.9293036588171237e-05,0.006345716392388567,0.024849018431268632,0.06714122998528183,0.10865685514484842,gabor_gaussian,12,1.0,,64,1.0,0.16,1,0.0001,0.05,proxy_0.20_0.05,16,0,0,0,2.0,shell_balanced,MiNO-Plus,MiNO-Plus_wingaussian_modshell_balanced_K12_modes16_patch16_ref0.05_rlp0.16_hfc0.16_rb-5_pdo0_diss0_symord0_symparspectral_order_wfconf2_trhamiltonian_verlet_framegabor_gaussian_sparse1_sklp0.16_tsyn1_tin1_tref0,False,1,0.05,1059764,16,-2.0,0.0,0.05,,0.16,synthetic,2,0.5,-5.0,0.05,run,branch_id_v3_wave_chirp_propagation_proxy_0p20_0p05_oracle_transport_11_hamiltonian_verlet_gabor_gaussian_True_2p0_0p16_0p16_0p16_1p0_1p0_0p0_2p0_0p01_0p05_1p0_2p0_12_12,73.73079730000245,wave_chirp_propagation,11,0.16,,synthetic,True,8,0.0,0.01,0.0,,0.05,1.1386692477799443e-07,0.24989272933453321,1.0,0.0,3.499414436519146,0.00053952342204866,0.017542019486427307,1797300.98828125,0.035720487125217915,0.0,0.0,1.4194421917200089,0.0235376360360533,0.015605743741616607,2.5433810026326883e-14,0.014675393118523061,1.2764165006728945e-05,1.2764165006728945e-05,0.24754944443702698,1.2764165006728945e-05,0.006328241026494652,0.24777031876146793,0.24780791625380516,0.8933833452562491,0.8933833452562491,0.15968314410444387,0.934696264564991,0.0,0.4822225645184517,0.25,1.0774961709976196,0.596028883010149,0.20811628581335148,4.193827837705612,4.582068085670471,1.329791635274887,0.0,0.005013406975194812,0.0,0.16,hamiltonian_verlet,0.2,12,1.0,1.0,2.0,0.0001,64,gaussian
oracle_transport,2,0.000811842895927839,branch_id_v3,0.02,2.0,12,0.0,1.0,24,wave,0.0,0.0011183030314138402,0.0,9.90004881865995e-05,5.828329485702e-11,0.0008598009947794102,1.1816923000414667e-05,0.006355408297774072,0.04360869410447776,0.057492304244078696,0.1093118015366296,gabor_gaussian,12,1.0,,64,1.0,0.16,1,0.0001,0.05,proxy_0.20_0.05,16,0,0,0,2.0,shell_balanced,MiNO-Plus,MiNO-Plus_wingaussian_modshell_balanced_K12_modes16_patch16_ref0.05_rlp0.16_hfc0.16_rb-5_pdo0_diss0_symord0_symparspectral_order_wfconf2_trhamiltonian_verlet_framegabor_gaussian_sparse1_sklp0.16_tsyn1_tin1_tref0,False,1,0.05,1059764,16,-2.0,0.0,0.05,,0.16,synthetic,2,0.5,-5.0,0.05,run,branch_id_v3_wave_chirp_propagation_proxy_0p20_0p05_oracle_transport_19_hamiltonian_verlet_gabor_gaussian_True_2p0_0p16_0p16_0p16_1p0_1p0_0p0_2p0_0p01_0p05_1p0_2p0_12_12,74.72985630000039,wave_chirp_propagation,19,0.16,,synthetic,True,8,0.0,0.01,0.0,,0.05,1.1386692477799443e-07,0.387721486389637,1.0,0.0,12.703497361391783,0.0016479612859257031,0.017542019486427307,1284439.1787109375,0.0931199537590146,0.0,0.0,1.4409051686525345,0.017378486809320748,0.013981921132653952,2.438154734869997e-14,0.008771906606853008,7.98307513605323e-06,7.98307513605323e-06,0.3855561204254627,7.98307513605323e-06,0.0063924918649718165,0.38517895340919495,0.38466172851622105,0.8491510935127735,0.8491510935127735,0.20162489893846214,1.242239199578762,0.0,0.5098054744303226,0.25,1.0774961709976196,0.7291370816528797,0.26373360057671863,4.218982964754105,4.975151389837265,1.4816801398992538,0.0,0.004694160132203251,0.0,0.16,hamiltonian_verlet,0.2,12,1.0,1.0,2.0,0.0001,64,gaussian
uno_plus_same_refine,2,2.4519503995179548e-05,branch_id_v3,0.02,2.0,12,0.0,1.0,24,wave,0.0,2.677623264920233e-05,0.0,2.2695177581984655e-05,0.0,0.0,3.481242588758889e-10,0.006340100371744484,0.0,0.0,0.0,gabor_gaussian,12,1.0,,64,1.0,0.16,1,0.0001,0.05,proxy_0.20_0.05,16,0,0,0,2.0,shell_balanced,UNO+SameRefine,UNOplusSameRefine_same_ref0.05,False,1,0.05,1205579,16,-2.0,0.0,0.05,,0.16,synthetic,2,0.5,-5.0,0.05,run,branch_id_v3_wave_chirp_propagation_proxy_0p20_0p05_uno_plus_same_refine_7_hamiltonian_verlet_gabor_gaussian_True_2p0_0p16_0p16_0p16_1p0_1p0_0p0_2p0_0p01_0p05_1p0_2p0_12_12,17.734750799998437,wave_chirp_propagation,7,0.16,,synthetic,True,8,0.0,0.01,0.0,,0.05,0.0,0.04739226819947362,0.0,0.0,3.4584609121084213,1.63097001859569e-05,0.0,270821.265625,0.007898435418610461,0.0,0.0,1.4091200828552246,0.00016228521235461812,0.00010931026736216154,1.2364225904915168e-14,0.00011647491919575259,4.325243462000028e-10,4.325243462000028e-10,0.04739127587527037,4.325243462000028e-10,0.006325018359348178,0.05077078705653548,0.05307247117161751,0.0,0.0,0.0,1.3607007265090942,0.0,0.0,0.0,0.0,0.0,0.0,0.0,0.0,0.0,0.0,0.004689113877248019,0.0,0.16,hamiltonian_verlet,0.2,12,1.0,1.0,2.0,0.0001,64,gaussian
uno_plus_same_refine,2,5.241777694209304e-05,branch_id_v3,0.02,2.0,12,0.0,1.0,24,wave,0.0,3.722066420171662e-05,0.0,3.1211535533278344e-05,0.0,0.0,1.9028786055544367e-10,0.006340099857576813,0.0,0.0,0.0,gabor_gaussian,12,1.0,,64,1.0,0.16,1,0.0001,0.05,proxy_0.20_0.05,16,0,0,0,2.0,shell_balanced,UNO+SameRefine,UNOplusSameRefine_same_ref0.05,False,1,0.05,1205579,16,-2.0,0.0,0.05,,0.16,synthetic,2,0.5,-5.0,0.05,run,branch_id_v3_wave_chirp_propagation_proxy_0p20_0p05_uno_plus_same_refine_11_hamiltonian_verlet_gabor_gaussian_True_2p0_0p16_0p16_0p16_1p0_1p0_0p0_2p0_0p01_0p05_1p0_2p0_12_12,17.362631899999542,wave_chirp_propagation,11,0.16,,synthetic,True,8,0.0,0.01,0.0,,0.05,0.0,0.07372226566076279,0.0,0.0,2.466097654774785,4.334836262387398e-05,0.0,238333.58325195312,0.01120936255028937,0.0,0.0,1.4338806867599487,0.00010253177242702805,7.2031766649161e-05,5.415934541035068e-15,7.073727510942263e-05,1.868109061539669e-10,1.868109061539669e-10,0.07372171618044376,1.868109061539669e-10,0.0063250287203118205,0.07617170689627528,0.07814327487722039,0.0,0.0,0.0,1.1262313798069954,0.0,0.0,0.0,0.0,0.0,0.0,0.0,0.0,0.0,0.0,0.016688689254806377,0.0,0.16,hamiltonian_verlet,0.2,12,1.0,1.0,2.0,0.0001,64,gaussian
uno_plus_same_refine,2,6.77670213917736e-05,branch_id_v3,0.02,2.0,12,0.0,1.0,24,wave,0.0,7.150790421898516e-05,0.0,6.37491507783731e-05,0.0,0.0,4.411555886221774e-10,0.006340106367133558,0.0,0.0,0.0,gabor_gaussian,12,1.0,,64,1.0,0.16,1,0.0001,0.05,proxy_0.20_0.05,16,0,0,0,2.0,shell_balanced,UNO+SameRefine,UNOplusSameRefine_same_ref0.05,False,1,0.05,1205579,16,-2.0,0.0,0.05,,0.16,synthetic,2,0.5,-5.0,0.05,run,branch_id_v3_wave_chirp_propagation_proxy_0p20_0p05_uno_plus_same_refine_19_hamiltonian_verlet_gabor_gaussian_True_2p0_0p16_0p16_0p16_1p0_1p0_0p0_2p0_0p01_0p05_1p0_2p0_12_12,17.873457699999562,wave_chirp_propagation,19,0.16,,synthetic,True,8,0.0,0.01,0.0,,0.05,0.0,0.088362080976367,0.0,0.0,8.379284977912903,6.164283377074753e-05,0.0,217812.63708496094,0.010863163974136114,0.0,0.0,1.4384831637144089,0.0001845562546805013,0.00012339667227934115,1.3421753104067504e-14,0.00013147681511327391,5.075276102162185e-10,5.075276102162185e-10,0.08836022252216935,5.075276102162185e-10,0.006325027265120298,0.09173314552754164,0.09431980643421412,0.0,0.0,0.0,1.3637768104672432,0.0,0.0,0.0,0.0,0.0,0.0,0.0,0.0,0.0,0.0,0.010915572784142569,0.0,0.16,hamiltonian_verlet,0.2,12,1.0,1.0,2.0,0.0001,64,gaussian
wno_plus_same_refine,2,8.249595589404635e-05,branch_id_v3,0.02,2.0,12,0.0,1.0,24,wave,0.0,0.0001037489827619235,0.0,9.535840244249509e-05,0.0,0.0,9.661760403597656e-11,0.006340100226225331,0.0,0.0,0.0,gabor_gaussian,12,1.0,,64,1.0,0.16,1,0.0001,0.05,proxy_0.20_0.05,16,0,0,0,2.0,shell_balanced,WNO-style+SameRefine,WNO-styleplusSameRefine_same_ref0.05,False,1,0.05,47749,16,-2.0,0.0,0.05,,0.16,synthetic,2,0.5,-5.0,0.05,run,branch_id_v3_wave_chirp_propagation_proxy_0p20_0p05_wno_plus_same_refine_7_hamiltonian_verlet_gabor_gaussian_True_2p0_0p16_0p16_0p16_1p0_1p0_0p0_2p0_0p01_0p05_1p0_2p0_12_12,6.982267699997465,wave_chirp_propagation,7,0.16,,synthetic,True,8,0.0,0.01,0.0,,0.05,0.0,0.09669936913996935,0.0,0.0,2.787368007004261,8.725696625333512e-05,0.0,220450.7861328125,0.019026923255296424,0.0,0.0,1.310349091887474,0.0001248307689820649,5.771817359345732e-05,4.3411119614212044e-15,0.00010690141152736032,1.2637491443937e-10,1.2637491443937e-10,0.09669914096593857,1.2637491443937e-10,0.0063842786476016045,0.0979604721069336,0.09890763089060783,0.0,0.0,0.0,0.8213197439908981,0.0,0.0,0.0,0.0,0.0,0.0,0.0,0.0,0.0,0.0,0.010429812362417579,0.0,0.16,hamiltonian_verlet,0.2,12,1.0,1.0,2.0,0.0001,64,gaussian
wno_plus_same_refine,2,0.00017070510830308194,branch_id_v3,0.02,2.0,12,0.0,1.0,24,wave,0.0,0.00011857241975121724,0.0,0.00010878978627223053,0.0,0.0,7.574645748594419e-10,0.006340100226225331,0.0,0.0,0.0,gabor_gaussian,12,1.0,,64,1.0,0.16,1,0.0001,0.05,proxy_0.20_0.05,16,0,0,0,2.0,shell_balanced,WNO-style+SameRefine,WNO-styleplusSameRefine_same_ref0.05,False,1,0.05,47749,16,-2.0,0.0,0.05,,0.16,synthetic,2,0.5,-5.0,0.05,run,branch_id_v3_wave_chirp_propagation_proxy_0p20_0p05_wno_plus_same_refine_11_hamiltonian_verlet_gabor_gaussian_True_2p0_0p16_0p16_0p16_1p0_1p0_0p0_2p0_0p01_0p05_1p0_2p0_12_12,6.963955399998667,wave_chirp_propagation,11,0.16,,synthetic,True,8,0.0,0.01,0.0,,0.05,0.0,0.14639592077583075,0.0,0.0,2.1814690828323364,0.00019610050367191434,0.0,213880.44677734375,0.03261842008214444,0.0,0.0,1.3723056763410568,0.00020629663958970923,0.00012377558505249908,1.4301269235453414e-14,0.00015407249338750262,6.247371283490954e-10,6.247371283490954e-10,0.1463951524347067,6.247371283490954e-10,0.006325043737888336,0.14828514121472836,0.14978444948792458,0.0,0.0,0.0,1.3615664392709732,0.0,0.0,0.0,0.0,0.0,0.0,0.0,0.0,0.0,0.0,0.03418973216321319,0.0,0.16,hamiltonian_verlet,0.2,12,1.0,1.0,2.0,0.0001,64,gaussian
wno_plus_same_refine,2,0.00010145144483431068,branch_id_v3,0.02,2.0,12,0.0,1.0,24,wave,0.0,0.00011627058358953946,0.0,0.00010995105935762695,0.0,0.0,1.6175253815762605e-10,0.006340100284432992,0.0,0.0,0.0,gabor_gaussian,12,1.0,,64,1.0,0.16,1,0.0001,0.05,proxy_0.20_0.05,16,0,0,0,2.0,shell_balanced,WNO-style+SameRefine,WNO-styleplusSameRefine_same_ref0.05,False,1,0.05,47749,16,-2.0,0.0,0.05,,0.16,synthetic,2,0.5,-5.0,0.05,run,branch_id_v3_wave_chirp_propagation_proxy_0p20_0p05_wno_plus_same_refine_19_hamiltonian_verlet_gabor_gaussian_True_2p0_0p16_0p16_0p16_1p0_1p0_0p0_2p0_0p01_0p05_1p0_2p0_12_12,7.440565600001719,wave_chirp_propagation,19,0.16,,synthetic,True,8,0.0,0.01,0.0,,0.05,0.0,0.11407037219032645,0.0,0.0,3.8112862780690193,0.00011044053712794266,0.0,95374.36798095703,0.015636307100066915,0.0,0.0,1.4851774871349335,0.0001305398318436346,7.478122188331326e-05,7.674016514063156e-15,0.00010137577010027599,2.0037567959041436e-10,2.0037567959041436e-10,0.11407006997615099,2.0037567959041436e-10,0.006325028312858194,0.11547427624464035,0.1167444596067071,0.0,0.0,0.0,1.605972781777382,0.0,0.0,0.0,0.0,0.0,0.0,0.0,0.0,0.0,0.0,0.013887986046029255,0.0,0.16,hamiltonian_verlet,0.2,12,1.0,1.0,2.0,0.0001,64,gaussian
full,2,0.0004380726386443712,branch_id_v3,0.02,2.0,12,0.0,1.0,24,wave,0.0,0.0004418999354432647,0.0,0.0001295094962188159,3.650018137098717e-05,0.0016557719063712284,8.478537722567125e-06,0.006329770859641333,0.002882662520278245,0.07520981614167492,0.08614239655435085,gabor_gaussian,12,1.0,,64,1.0,0.16,1,0.0001,0.05,proxy_0.20_0.05,16,0,0,0,2.0,shell_balanced,MiNO-Plus,MiNO-Plus_wingaussian_modshell_balanced_K12_modes16_patch16_ref0.05_rlp0.16_hfc0.16_rb-5_pdo0_diss0_symord0_symparspectral_order_wfconf2_trhamiltonian_verlet_framegabor_gaussian_sparse1_sklp0.16_tsyn1_tin1_tref0,False,1,0.05,1059764,16,-2.0,0.0,0.05,,0.16,synthetic,2,0.5,-5.0,0.05,run,branch_id_v3_wave_two_packet_no_interaction_proxy_0p20_0p05_full_7_hamiltonian_verlet_gabor_gaussian_True_2p0_0p16_0p16_0p16_1p0_1p0_0p0_2p0_0p01_0p05_1p0_2p0_12_12,130.01917429999958,wave_two_packet_no_interaction,7,0.16,,synthetic,True,8,0.0,0.01,0.0,,0.05,4.029504361824365e-05,0.2019882146269083,1.0,0.0,0.3525029718875885,0.0004339297993283253,0.016093643382191658,314832.59765625,0.007075550500303507,0.0,0.0,1.2848283052444458,0.02016436168923974,0.018105108989402652,2.4496124224925638e-14,0.008877102518454194,7.386654772290058e-06,7.386654772290058e-06,0.2000444531440735,7.386654772290058e-06,0.006377056066412479,0.1996295563876629,0.19905073940753937,0.9026878488560518,0.9026878488560518,0.09083336646047731,1.3922143280506134,0.0,0.758769117295742,0.25,1.0774961709976196,0.6156100779771805,0.2359543281296889,5.379799723625183,5.299341976642609,0.8951411470770836,1.3805359899997711,0.00928641704376787,0.0,0.16,hamiltonian_verlet,0.2,12,1.0,1.0,2.0,0.0001,64,gaussian
full,2,0.0004243019429850392,branch_id_v3,0.02,2.0,12,0.0,1.0,24,wave,0.0,0.0004837345289464186,0.0,0.00016867216891114367,3.2305764951464276e-05,0.0030337795566689842,7.876174208831799e-06,0.006349896701673667,0.00038820468095461064,0.06884174405907591,0.08611939940601587,gabor_gaussian,12,1.0,,64,1.0,0.16,1,0.0001,0.05,proxy_0.20_0.05,16,0,0,0,2.0,shell_balanced,MiNO-Plus,MiNO-Plus_wingaussian_modshell_balanced_K12_modes16_patch16_ref0.05_rlp0.16_hfc0.16_rb-5_pdo0_diss0_symord0_symparspectral_order_wfconf2_trhamiltonian_verlet_framegabor_gaussian_sparse1_sklp0.16_tsyn1_tin1_tref0,False,1,0.05,1059764,16,-2.0,0.0,0.05,,0.16,synthetic,2,0.5,-5.0,0.05,run,branch_id_v3_wave_two_packet_no_interaction_proxy_0p20_0p05_full_11_hamiltonian_verlet_gabor_gaussian_True_2p0_0p16_0p16_0p16_1p0_1p0_0p0_2p0_0p01_0p05_1p0_2p0_12_12,129.6410806999993,wave_two_packet_no_interaction,11,0.16,,synthetic,True,8,0.0,0.01,0.0,,0.05,3.686816398840165e-05,0.20159451477229595,1.0,0.0,0.37784088775515556,0.0004323916400608141,0.016091633355244994,319712.15625,0.007082190248183906,0.0,0.0,1.2957363277673721,0.021601614076644182,0.01855140272527933,2.3598181421167802e-14,0.011066444916650653,7.755501087558514e-06,7.755501087558514e-06,0.1996848825365305,7.755501087558514e-06,0.006363761378452182,0.19942471757531166,0.19895821623504162,0.9955511490503947,0.9955511490503947,0.028886305677588098,1.555980533361435,0.0,0.7631536796689034,0.25,1.0774961709976196,0.6170949414372444,0.21184721868485212,5.353966593742371,5.2750343680381775,0.8791465908288956,1.3330848862727482,0.011109064449556172,0.0,0.16,hamiltonian_verlet,0.2,12,1.0,1.0,2.0,0.0001,64,gaussian
full,2,0.0005082272182335146,branch_id_v3,0.02,2.0,12,0.0,1.0,24,wave,0.0,0.0005608574386618178,0.0,0.00013140554013565028,2.9460266432579374e-05,0.0016443519465004404,1.2028470185517412e-05,0.006341429485473782,0.0023232140993059147,0.07606249783808987,0.0861397731738786,gabor_gaussian,12,1.0,,64,1.0,0.16,1,0.0001,0.05,proxy_0.20_0.05,16,0,0,0,2.0,shell_balanced,MiNO-Plus,MiNO-Plus_wingaussian_modshell_balanced_K12_modes16_patch16_ref0.05_rlp0.16_hfc0.16_rb-5_pdo0_diss0_symord0_symparspectral_order_wfconf2_trhamiltonian_verlet_framegabor_gaussian_sparse1_sklp0.16_tsyn1_tin1_tref0,False,1,0.05,1059764,16,-2.0,0.0,0.05,,0.16,synthetic,2,0.5,-5.0,0.05,run,branch_id_v3_wave_two_packet_no_interaction_proxy_0p20_0p05_full_19_hamiltonian_verlet_gabor_gaussian_True_2p0_0p16_0p16_0p16_1p0_1p0_0p0_2p0_0p01_0p05_1p0_2p0_12_12,132.6731366999993,wave_two_packet_no_interaction,19,0.16,,synthetic,True,8,0.0,0.01,0.0,,0.05,4.222564393785433e-05,0.21441997773945332,1.0,0.0,0.39765286445617676,0.00048656189392204396,0.01609297120012343,369804.24609375,0.008207462728023529,0.0,0.0,1.2793527841567993,0.025566244265064597,0.02276041149161756,2.482849296540641e-14,0.01164408540353179,1.1673948847601423e-05,1.1673948847601423e-05,0.2118073906749487,1.1673948847601423e-05,0.0063567531760782,0.21158611588180065,0.21113558113574982,0.8818314435581366,0.8818314435581366,0.06406918455225726,2.5376839637756348,0.0,0.7692920714616776,0.25,1.0774961709976196,0.6212729960680008,0.25278014224022627,5.429887175559998,5.360645174980164,1.0945647060871124,1.3874249284466107,0.007128450088202953,0.0,0.16,hamiltonian_verlet,0.2,12,1.0,1.0,2.0,0.0001,64,gaussian
no_transport,2,0.00678475241875276,branch_id_v3,0.02,2.0,12,0.0,1.0,24,wave,0.0,0.006771803552207227,0.0,0.006416679001025234,1.0,0.0018764348181624275,6.426948632546707e-08,0.006367356739550208,0.014931735369221618,0.08176570494348805,0.08597371416787307,gabor_gaussian,12,1.0,,64,1.0,0.16,1,0.0001,0.05,proxy_0.20_0.05,16,0,0,0,2.0,shell_balanced,MiNO-Plus,MiNO-Plus_wingaussian_modshell_balanced_K12_modes16_patch16_ref0.05_rlp0.16_hfc0.16_rb-5_pdo0_diss0_symord0_symparspectral_order_wfconf2_trhamiltonian_verlet_framegabor_gaussian_sparse1_sklp0.16_tsyn1_tin1_tref0,False,1,0.05,347000,16,-2.0,0.0,0.05,,0.16,synthetic,2,0.5,-5.0,0.05,run,branch_id_v3_wave_two_packet_no_interaction_proxy_0p20_0p05_no_transport_7_hamiltonian_verlet_gabor_gaussian_True_2p0_0p16_0p16_0p16_1p0_1p0_0p0_2p0_0p01_0p05_1p0_2p0_12_12,47.72997849999956,wave_two_packet_no_interaction,7,0.16,,synthetic,True,8,0.0,0.01,0.0,,0.05,0.01609968952834606,0.790916882455349,1.0,0.0,1.7518330812454224,0.006777064292691648,0.0,642247.21875,0.03967562783509493,0.0,0.0,1.2843006253242493,0.0016062787180999294,0.001471772775403224,2.4591087841499396e-14,0.0006433689923142083,4.882676396533725e-08,4.882676396533725e-08,0.7908860743045807,4.882676396533725e-08,0.006383792380802333,0.7960307598114014,0.8011211007833481,0.9126165794829527,0.9126165794829527,0.12321424373658374,3.5391645431518555,0.0,0.758769117295742,0.25,1.0774961709976196,0.6156100779771805,0.0,6.024837255477905,1.6014413404263905e-05,1.4975910005432524e-06,0.0,0.03560248389840126,0.0,0.16,hamiltonian_verlet,0.2,12,1.0,1.0,2.0,0.0001,64,gaussian
no_transport,2,0.00600749475415796,branch_id_v3,0.02,2.0,12,0.0,1.0,24,wave,0.0,0.006168707467926045,0.0,0.005956003811055173,1.0,0.001957817602184756,1.4233963248807177e-08,0.006336575209085519,0.03701891625920931,0.07860979499916236,0.0859564032095174,gabor_gaussian,12,1.0,,64,1.0,0.16,1,0.0001,0.05,proxy_0.20_0.05,16,0,0,0,2.0,shell_balanced,MiNO-Plus,MiNO-Plus_wingaussian_modshell_balanced_K12_modes16_patch16_ref0.05_rlp0.16_hfc0.16_rb-5_pdo0_diss0_symord0_symparspectral_order_wfconf2_trhamiltonian_verlet_framegabor_gaussian_sparse1_sklp0.16_tsyn1_tin1_tref0,False,1,0.05,347000,16,-2.0,0.0,0.05,,0.16,synthetic,2,0.5,-5.0,0.05,run,branch_id_v3_wave_two_packet_no_interaction_proxy_0p20_0p05_no_transport_11_hamiltonian_verlet_gabor_gaussian_True_2p0_0p16_0p16_0p16_1p0_1p0_0p0_2p0_0p01_0p05_1p0_2p0_12_12,47.08554079999885,wave_two_packet_no_interaction,11,0.16,,synthetic,True,8,0.0,0.01,0.0,,0.05,0.01609968952834606,0.744487963616848,1.0,0.0,1.737782821059227,0.006005189614370465,0.0,211275.3203125,0.027111132396385074,0.0,0.0,1.2833442389965057,0.000946730186115019,0.0007919332929304801,2.432956324266108e-14,0.0005187766801100224,1.4132240822029019e-08,1.4132240822029019e-08,0.7444856092333794,1.4132240822029019e-08,0.006325110211037099,0.7495299652218819,0.75440713763237,0.9870215418438116,0.9870215418438116,0.19246455557489148,3.1417610943317413,0.0,0.7631536796689034,0.25,1.0774961709976196,0.6170949414372444,0.0,5.942620515823364,1.579519471306412e-05,2.1930752609478077e-06,0.0,0.03112538601271808,0.0,0.16,hamiltonian_verlet,0.2,12,1.0,1.0,2.0,0.0001,64,gaussian
no_transport,2,0.006839139794465154,branch_id_v3,0.02,2.0,12,0.0,1.0,24,wave,0.0,0.007043975288979709,0.0,0.006598492143287634,1.0,0.0018988704662964058,1.9322871747107229e-07,0.006389186921296641,0.026459707645699382,0.08193928717325132,0.08597278300051887,gabor_gaussian,12,1.0,,64,1.0,0.16,1,0.0001,0.05,proxy_0.20_0.05,16,0,0,0,2.0,shell_balanced,MiNO-Plus,MiNO-Plus_wingaussian_modshell_balanced_K12_modes16_patch16_ref0.05_rlp0.16_hfc0.16_rb-5_pdo0_diss0_symord0_symparspectral_order_wfconf2_trhamiltonian_verlet_framegabor_gaussian_sparse1_sklp0.16_tsyn1_tin1_tref0,False,1,0.05,347000,16,-2.0,0.0,0.05,,0.16,synthetic,2,0.5,-5.0,0.05,run,branch_id_v3_wave_two_packet_no_interaction_proxy_0p20_0p05_no_transport_19_hamiltonian_verlet_gabor_gaussian_True_2p0_0p16_0p16_0p16_1p0_1p0_0p0_2p0_0p01_0p05_1p0_2p0_12_12,47.15554680000059,wave_two_packet_no_interaction,19,0.16,,synthetic,True,8,0.0,0.01,0.0,,0.05,0.01609968952834606,0.795523501932621,1.0,0.0,1.703537032008171,0.00685553572839126,0.0,410080.44140625,0.048650345765054226,0.0,0.0,1.3684815615415573,0.0036428306193556637,0.003219124744646251,2.3077551561346762e-14,0.001704750320641324,2.3368159673964328e-07,2.3368159673964328e-07,0.7954497262835503,2.3368159673964328e-07,0.006376073230057955,0.8000142350792885,0.8044657483696938,0.9478239205976328,0.9478239205976328,0.16221379628404975,3.1590083837509155,0.0,0.7692920714616776,0.25,1.0774961709976196,0.6212729960680008,0.0,6.015683352947235,1.598968265170697e-05,1.3877526043870603e-06,0.0,0.034097771625965834,0.0,0.16,hamiltonian_verlet,0.2,12,1.0,1.0,2.0,0.0001,64,gaussian
randomized_metadata,2,0.010558322886936367,branch_id_v3,0.02,2.0,12,0.0,1.0,24,wave,0.0,0.011607845798910906,0.0,0.010726314290271452,980.0127220153809,0.0020318994987367964,2.965776684423401e-09,0.006388020750212793,3.2067138666510196e-05,0.13056181371212006,0.020572476632272203,gabor_gaussian,12,1.0,,64,1.0,0.16,1,0.0001,0.05,proxy_0.20_0.05,16,0,0,0,2.0,shell_balanced,MiNO-Plus,MiNO-Plus_wingaussian_modshell_balanced_K12_modes16_patch16_ref0.05_rlp0.16_hfc0.16_rb-5_pdo0_diss0_symord0_symparspectral_order_wfconf2_trhamiltonian_verlet_framegabor_gaussian_sparse1_sklp0.16_tsyn1_tin1_tref0,False,1,0.05,1059764,16,-2.0,0.0,0.05,,0.16,synthetic,2,0.5,-5.0,0.05,run,branch_id_v3_wave_two_packet_no_interaction_proxy_0p20_0p05_randomized_metadata_7_hamiltonian_verlet_gabor_gaussian_True_2p0_0p16_0p16_0p16_1p0_1p0_0p0_2p0_0p01_0p05_1p0_2p0_12_12,133.1384356999988,wave_two_packet_no_interaction,7,0.16,,synthetic,True,8,0.0,0.01,0.0,,0.05,0.4615677371621132,0.9965491890907288,1.0,0.0,2.363794982433319,0.010686079505831003,0.4622511602938175,846104.28125,0.36718576960265636,0.0,0.0,1.5253988653421402,0.0005041580297984183,0.0005031751352362335,6.388402268107653e-15,3.1364740380013245e-05,5.705131977951083e-09,5.705131977951083e-09,0.991742305457592,5.705131977951083e-09,0.006692850962281227,1.0017969086766243,1.006094254553318,0.8737288676202297,0.8737288676202297,0.02957073888319428,3.4334239959716797,0.0,0.758769117295742,0.25,1.0774961709976196,0.6156100779771805,0.20899439044296741,2.894948333501816,7.06224924325943,0.6333487033843994,0.0,0.15980446338653564,0.0,0.16,hamiltonian_verlet,0.2,12,1.0,1.0,2.0,0.0001,64,gaussian
randomized_metadata,2,0.010191694600507617,branch_id_v3,0.02,2.0,12,0.0,1.0,24,wave,0.0,0.011969660253574451,0.0,0.011083305289503187,986.1901448567709,0.002031870200880803,1.1943237787637173e-09,0.00639021292833301,0.0006361706715930874,0.1304889377206564,0.020107011271951098,gabor_gaussian,12,1.0,,64,1.0,0.16,1,0.0001,0.05,proxy_0.20_0.05,16,0,0,0,2.0,shell_balanced,MiNO-Plus,MiNO-Plus_wingaussian_modshell_balanced_K12_modes16_patch16_ref0.05_rlp0.16_hfc0.16_rb-5_pdo0_diss0_symord0_symparspectral_order_wfconf2_trhamiltonian_verlet_framegabor_gaussian_sparse1_sklp0.16_tsyn1_tin1_tref0,False,1,0.05,1059764,16,-2.0,0.0,0.05,,0.16,synthetic,2,0.5,-5.0,0.05,run,branch_id_v3_wave_two_packet_no_interaction_proxy_0p20_0p05_randomized_metadata_11_hamiltonian_verlet_gabor_gaussian_True_2p0_0p16_0p16_0p16_1p0_1p0_0p0_2p0_0p01_0p05_1p0_2p0_12_12,134.1536042000007,wave_two_packet_no_interaction,11,0.16,,synthetic,True,8,0.0,0.01,0.0,,0.05,0.4570028483867645,1.013980709016323,1.0,0.0,2.5039043724536896,0.012032611994072795,0.4573923610150814,993039.640625,0.4363689459860325,0.0,0.0,1.5217303335666656,0.00024462994952045847,0.0002365226155234268,4.202075976522164e-15,6.239356571313692e-05,1.260603316177722e-09,1.260603316177722e-09,1.052008032798767,1.260603316177722e-09,0.006692850962281227,1.0206746608018875,1.0249812602996826,0.826939387867848,0.826939387867848,0.038660481436333306,3.241177022457123,0.0,0.7631536796689034,0.25,1.0774961709976196,0.6170949414372444,0.17976258415728807,3.157381594181061,7.042364776134491,0.9015617966651917,0.0,0.15952983312308788,0.0,0.16,hamiltonian_verlet,0.2,12,1.0,1.0,2.0,0.0001,64,gaussian
randomized_metadata,2,0.01059300429187715,branch_id_v3,0.02,2.0,12,0.0,1.0,24,wave,0.0,0.011640216185090443,0.0,0.01076845097122714,984.8688888549805,0.002032544328055034,3.0233236608667724e-09,0.006392758815006043,0.007138219555296625,0.13056935152659813,0.020698810112662613,gabor_gaussian,12,1.0,,64,1.0,0.16,1,0.0001,0.05,proxy_0.20_0.05,16,0,0,0,2.0,shell_balanced,MiNO-Plus,MiNO-Plus_wingaussian_modshell_balanced_K12_modes16_patch16_ref0.05_rlp0.16_hfc0.16_rb-5_pdo0_diss0_symord0_symparspectral_order_wfconf2_trhamiltonian_verlet_framegabor_gaussian_sparse1_sklp0.16_tsyn1_tin1_tref0,False,1,0.05,1059764,16,-2.0,0.0,0.05,,0.16,synthetic,2,0.5,-5.0,0.05,run,branch_id_v3_wave_two_packet_no_interaction_proxy_0p20_0p05_randomized_metadata_19_hamiltonian_verlet_gabor_gaussian_True_2p0_0p16_0p16_0p16_1p0_1p0_0p0_2p0_0p01_0p05_1p0_2p0_12_12,131.88445729999876,wave_two_packet_no_interaction,19,0.16,,synthetic,True,8,0.0,0.01,0.0,,0.05,0.46240120381116867,1.0044040232896805,1.0,0.0,2.1722789853811264,0.012374576414003968,0.4625656083226204,1009235.5625,0.3658172097057104,0.0,0.0,1.5230871886014938,0.0006089090602472425,0.0006082513282308355,2.7534155379865127e-15,2.8141902475908864e-05,8.336736523339994e-09,8.336736523339994e-09,1.0664193704724312,8.336736523339994e-09,0.006692850962281227,1.009805716574192,1.0135553628206253,0.8382112383842468,0.8382112383842468,0.15936500952557253,3.2332020699977875,0.0,0.7692920714616776,0.25,1.0774961709976196,0.6212729960680008,0.24817611401279768,2.5279642194509506,7.061893820762634,0.835646778345108,0.0,0.13977677561342716,0.0,0.16,hamiltonian_verlet,0.2,12,1.0,1.0,2.0,0.0001,64,gaussian
no_symbol,2,0.0006212663429323584,branch_id_v3,0.02,2.0,12,0.0,1.0,24,wave,0.0,0.000689151563468234,0.0,9.073327654126236e-05,1.1821728397383898e-05,0.0017281451340143879,9.771105889437118e-06,0.006308953238961597,0.0,0.0839095781557262,0.08613934693858027,gabor_gaussian,12,1.0,,64,1.0,0.16,1,0.0001,0.05,proxy_0.20_0.05,16,0,0,0,2.0,shell_balanced,MiNO-Plus,MiNO-Plus_wingaussian_modshell_balanced_K12_modes16_patch16_ref0.05_rlp0.16_hfc0.16_rb-5_pdo0_diss0_symord0_symparspectral_order_wfconf2_trhamiltonian_verlet_framegabor_gaussian_sparse1_sklp0.16_tsyn1_tin1_tref0,False,1,0.05,854708,16,-2.0,0.0,0.05,,0.16,synthetic,2,0.5,-5.0,0.05,run,branch_id_v3_wave_two_packet_no_interaction_proxy_0p20_0p05_no_symbol_7_hamiltonian_verlet_gabor_gaussian_True_2p0_0p16_0p16_0p16_1p0_1p0_0p0_2p0_0p01_0p05_1p0_2p0_12_12,121.71219050000218,wave_two_packet_no_interaction,7,0.16,,synthetic,True,8,0.0,0.01,0.0,,0.05,2.776837209239602e-05,0.24201581813395023,1.0,0.0,0.2434968575835228,0.0006225322722457349,0.01609565527178347,603803.46875,0.007706169504672289,0.0,0.0,1.2705798000097275,0.01993443281389773,0.018049762351438403,2.4324671627390685e-14,0.00846080423798412,7.3413335144323355e-06,7.3413335144323355e-06,0.2396671436727047,7.3413335144323355e-06,0.006325963942799717,0.23857422173023224,0.2373426891863346,0.0,0.0,0.0,1.8962305039167404,0.0,0.758769117295742,0.25,1.0774961709976196,0.6156100779771805,0.5677889448901018,5.485340058803558,5.419041335582733,0.5751551315188408,1.0024555909136932,0.0035615287779364735,0.0,0.16,hamiltonian_verlet,0.2,12,1.0,1.0,2.0,0.0001,64,gaussian
no_symbol,2,0.0005464747082442045,branch_id_v3,0.02,2.0,12,0.0,1.0,24,wave,0.0,0.0006224762594987018,0.0,8.963828546863321e-05,1.6618443150188494e-05,0.0016402118271798827,1.3236544873507228e-05,0.006334942804339032,0.0,0.083491960229973,0.08611834732194741,gabor_gaussian,12,1.0,,64,1.0,0.16,1,0.0001,0.05,proxy_0.20_0.05,16,0,0,0,2.0,shell_balanced,MiNO-Plus,MiNO-Plus_wingaussian_modshell_balanced_K12_modes16_patch16_ref0.05_rlp0.16_hfc0.16_rb-5_pdo0_diss0_symord0_symparspectral_order_wfconf2_trhamiltonian_verlet_framegabor_gaussian_sparse1_sklp0.16_tsyn1_tin1_tref0,False,1,0.05,854708,16,-2.0,0.0,0.05,,0.16,synthetic,2,0.5,-5.0,0.05,run,branch_id_v3_wave_two_packet_no_interaction_proxy_0p20_0p05_no_symbol_11_hamiltonian_verlet_gabor_gaussian_True_2p0_0p16_0p16_0p16_1p0_1p0_0p0_2p0_0p01_0p05_1p0_2p0_12_12,121.90158499999961,wave_two_packet_no_interaction,11,0.16,,synthetic,True,8,0.0,0.01,0.0,,0.05,3.1487825253861956e-05,0.23375097662210464,1.0,0.0,0.33935654163360596,0.0005782557636848651,0.01609230460599065,398206.3828125,0.008287121774628758,0.0,0.0,1.3075208365917206,0.02591328858397901,0.022599112708121538,2.4289677731724295e-14,0.012679158477112651,1.1509754699545738e-05,1.1509754699545738e-05,0.2309022732079029,1.1509754699545738e-05,0.0063534865621477365,0.2301199808716774,0.22927717119455338,0.0,0.0,0.0,2.8986296951770782,0.0,0.7631536796689034,0.25,1.0774961709976196,0.6170949414372444,0.4595796863238017,5.469824731349945,5.4014739990234375,0.5930469036102295,1.2547583679358165,0.005392440070863813,0.0,0.16,hamiltonian_verlet,0.2,12,1.0,1.0,2.0,0.0001,64,gaussian
no_symbol,2,0.0006164373044157401,branch_id_v3,0.02,2.0,12,0.0,1.0,24,wave,0.0,0.0006387251851265319,0.0,4.773552397333939e-05,1.2935265885971603e-05,0.0017524532061846305,1.4394571792308852e-05,0.0063345718178122,0.0,0.08424540578077237,0.08613876222322385,gabor_gaussian,12,1.0,,64,1.0,0.16,1,0.0001,0.05,proxy_0.20_0.05,16,0,0,0,2.0,shell_balanced,MiNO-Plus,MiNO-Plus_wingaussian_modshell_balanced_K12_modes16_patch16_ref0.05_rlp0.16_hfc0.16_rb-5_pdo0_diss0_symord0_symparspectral_order_wfconf2_trhamiltonian_verlet_framegabor_gaussian_sparse1_sklp0.16_tsyn1_tin1_tref0,False,1,0.05,854708,16,-2.0,0.0,0.05,,0.16,synthetic,2,0.5,-5.0,0.05,run,branch_id_v3_wave_two_packet_no_interaction_proxy_0p20_0p05_no_symbol_19_hamiltonian_verlet_gabor_gaussian_True_2p0_0p16_0p16_0p16_1p0_1p0_0p0_2p0_0p01_0p05_1p0_2p0_12_12,119.20979190000071,wave_two_packet_no_interaction,19,0.16,,synthetic,True,8,0.0,0.01,0.0,,0.05,1.840983827605669e-05,0.24136034026741982,1.0,0.0,0.32760755717754364,0.0006132804483058862,0.01609676261432469,470574.62109375,0.007325474114622921,0.0,0.0,1.3106123954057693,0.02975326729938388,0.026676560984924436,2.4893632551907345e-14,0.013176313019357622,1.6036003444241942e-05,1.6036003444241942e-05,0.23787552304565907,1.6036003444241942e-05,0.00631812255596742,0.2369829285889864,0.23601630330085754,0.0,0.0,0.0,2.721119374036789,0.0,0.7692920714616776,0.25,1.0774961709976196,0.6212729960680008,0.5662516780818502,5.477098107337952,5.415648996829987,0.5020558051764965,1.2390674700339634,0.004159767035162076,0.0,0.16,hamiltonian_verlet,0.2,12,1.0,1.0,2.0,0.0001,64,gaussian
oracle_transport,2,0.0004689058259828016,branch_id_v3,0.02,2.0,12,0.0,1.0,24,wave,0.0,0.00047370988856224966,0.0,0.00014468513472820632,6.815510655844292e-11,0.001304973959728765,9.387254787422231e-06,0.006333468501300861,0.015951019440156717,0.08089889617015918,0.08613691184048851,gabor_gaussian,12,1.0,,64,1.0,0.16,1,0.0001,0.05,proxy_0.20_0.05,16,0,0,0,2.0,shell_balanced,MiNO-Plus,MiNO-Plus_wingaussian_modshell_balanced_K12_modes16_patch16_ref0.05_rlp0.16_hfc0.16_rb-5_pdo0_diss0_symord0_symparspectral_order_wfconf2_trhamiltonian_verlet_framegabor_gaussian_sparse1_sklp0.16_tsyn1_tin1_tref0,False,1,0.05,1059764,16,-2.0,0.0,0.05,,0.16,synthetic,2,0.5,-5.0,0.05,run,branch_id_v3_wave_two_packet_no_interaction_proxy_0p20_0p05_oracle_transport_7_hamiltonian_verlet_gabor_gaussian_True_2p0_0p16_0p16_0p16_1p0_1p0_0p0_2p0_0p01_0p05_1p0_2p0_12_12,76.01611060000141,wave_two_packet_no_interaction,7,0.16,,synthetic,True,8,0.0,0.01,0.0,,0.05,1.2737666565953987e-07,0.2089434266090393,1.0,0.0,0.3442150503396988,0.0004633796306734439,0.01609967090189457,321765.8359375,0.006967638444621116,0.0,0.0,1.3215695321559906,0.022624517092481256,0.020252905786037445,2.3085980809721364e-14,0.010083872475661337,9.242983310286945e-06,9.242983310286945e-06,0.20676169358193874,9.242983310286945e-06,0.0063481361721642315,0.20629530400037766,0.20572075806558132,0.8544266757865747,0.8544266757865747,0.1252321737507979,1.7642685621976852,0.0,0.758769117295742,0.25,1.0774961709976196,0.6156100779771805,0.25744021652887267,5.362771689891815,5.311672210693359,1.0461138039827347,0.0,0.010485153063200414,0.0,0.16,hamiltonian_verlet,0.2,12,1.0,1.0,2.0,0.0001,64,gaussian
oracle_transport,2,0.0004675550662796013,branch_id_v3,0.02,2.0,12,0.0,1.0,24,wave,0.0,0.00048265197498646256,0.0,0.00015324026329229432,6.815510655844292e-11,0.0014536126303331305,9.396019947871537e-06,0.006336776985942076,0.028379597895157833,0.07658782415091991,0.08611853358646233,gabor_gaussian,12,1.0,,64,1.0,0.16,1,0.0001,0.05,proxy_0.20_0.05,16,0,0,0,2.0,shell_balanced,MiNO-Plus,MiNO-Plus_wingaussian_modshell_balanced_K12_modes16_patch16_ref0.05_rlp0.16_hfc0.16_rb-5_pdo0_diss0_symord0_symparspectral_order_wfconf2_trhamiltonian_verlet_framegabor_gaussian_sparse1_sklp0.16_tsyn1_tin1_tref0,False,1,0.05,1059764,16,-2.0,0.0,0.05,,0.16,synthetic,2,0.5,-5.0,0.05,run,branch_id_v3_wave_two_packet_no_interaction_proxy_0p20_0p05_oracle_transport_11_hamiltonian_verlet_gabor_gaussian_True_2p0_0p16_0p16_0p16_1p0_1p0_0p0_2p0_0p01_0p05_1p0_2p0_12_12,75.40785549999782,wave_two_packet_no_interaction,11,0.16,,synthetic,True,8,0.0,0.01,0.0,,0.05,1.2737666565953987e-07,0.2107756193727255,1.0,0.0,0.3850533068180084,0.0004716850889963098,0.01609967090189457,359167.8125,0.007259662088472396,0.0,0.0,1.27177232503891,0.02370329829864204,0.020351980347186327,2.4363179015722287e-14,0.012150697875767946,9.33360183807963e-06,9.33360183807963e-06,0.2086185310035944,9.33360183807963e-06,0.0063521674601361156,0.20845949091017246,0.2080688253045082,0.8982889379064242,0.8982889379064242,0.17077030516035543,2.2024981677532196,0.0,0.7631536796689034,0.25,1.0774961709976196,0.6170949414372444,0.21894919375578561,5.375611245632172,5.324389159679413,1.0471358746290207,0.0,0.01072728878352791,0.0,0.16,hamiltonian_verlet,0.2,12,1.0,1.0,2.0,0.0001,64,gaussian
oracle_transport,2,0.0004959920333931223,branch_id_v3,0.02,2.0,12,0.0,1.0,24,wave,0.0,0.0005002622656320455,0.0,0.00011284058867507459,6.815510655844292e-11,0.0014386481173763361,1.1584660986348657e-05,0.0063479242283695685,0.038661701449503504,0.08102439297363162,0.08613811464359362,gabor_gaussian,12,1.0,,64,1.0,0.16,1,0.0001,0.05,proxy_0.20_0.05,16,0,0,0,2.0,shell_balanced,MiNO-Plus,MiNO-Plus_wingaussian_modshell_balanced_K12_modes16_patch16_ref0.05_rlp0.16_hfc0.16_rb-5_pdo0_diss0_symord0_symparspectral_order_wfconf2_trhamiltonian_verlet_framegabor_gaussian_sparse1_sklp0.16_tsyn1_tin1_tref0,False,1,0.05,1059764,16,-2.0,0.0,0.05,,0.16,synthetic,2,0.5,-5.0,0.05,run,branch_id_v3_wave_two_packet_no_interaction_proxy_0p20_0p05_oracle_transport_19_hamiltonian_verlet_gabor_gaussian_True_2p0_0p16_0p16_0p16_1p0_1p0_0p0_2p0_0p01_0p05_1p0_2p0_12_12,73.9564939999982,wave_two_packet_no_interaction,19,0.16,,synthetic,True,8,0.0,0.01,0.0,,0.05,1.2737666565953987e-07,0.2129080966114998,1.0,0.0,0.3748738169670105,0.00047992548206821084,0.01609967090189457,385557.234375,0.007990509329829365,0.0,0.0,1.2733743786811829,0.025420641992241144,0.02255405718460679,2.4725044196283533e-14,0.011726692551746964,1.1462821703389636e-05,1.1462821703389636e-05,0.21042151376605034,1.1462821703389636e-05,0.006330867763608694,0.21004099398851395,0.20953870937228203,0.8751142919063568,0.8751142919063568,0.19825415584879616,2.1880581974983215,0.0,0.7692920714616776,0.25,1.0774961709976196,0.6212729960680008,0.26040584066261846,5.413874328136444,5.362287640571594,0.9128788486123085,0.0,0.008844569092616439,0.0,0.16,hamiltonian_verlet,0.2,12,1.0,1.0,2.0,0.0001,64,gaussian
uno_plus_same_refine,2,5.321144897152408e-06,branch_id_v3,0.02,2.0,12,0.0,1.0,24,wave,0.0,6.735975612552163e-06,0.0,4.649808024244824e-06,0.0,0.0,2.5525138773463407e-10,0.006340100303835546,0.0,0.0,0.0,gabor_gaussian,12,1.0,,64,1.0,0.16,1,0.0001,0.05,proxy_0.20_0.05,16,0,0,0,2.0,shell_balanced,UNO+SameRefine,UNOplusSameRefine_same_ref0.05,False,1,0.05,1205579,16,-2.0,0.0,0.05,,0.16,synthetic,2,0.5,-5.0,0.05,run,branch_id_v3_wave_two_packet_no_interaction_proxy_0p20_0p05_uno_plus_same_refine_7_hamiltonian_verlet_gabor_gaussian_True_2p0_0p16_0p16_0p16_1p0_1p0_0p0_2p0_0p01_0p05_1p0_2p0_12_12,17.46847379999963,wave_two_packet_no_interaction,7,0.16,,synthetic,True,8,0.0,0.01,0.0,,0.05,0.0,0.02188701438717544,0.0,0.0,0.1515099499374628,5.1943907806162315e-06,0.0,47276.72802734375,0.0006004721653880551,0.0,0.0,1.325310006737709,0.0001517870678071631,0.00010558223038970027,1.2429774925966982e-14,0.0001090453370125033,2.5121568367203473e-10,2.5121568367203473e-10,0.021886713104322553,2.5121568367203473e-10,0.006325027323327959,0.02358922711573541,0.024643250973895192,0.0,0.0,0.0,2.685973644256592,0.0,0.0,0.0,0.0,0.0,0.0,0.0,0.0,0.0,0.0,0.00031656507053412497,0.0,0.16,hamiltonian_verlet,0.2,12,1.0,1.0,2.0,0.0001,64,gaussian
uno_plus_same_refine,2,4.4504313336801715e-06,branch_id_v3,0.02,2.0,12,0.0,1.0,24,wave,0.0,7.067917503415326e-06,0.0,3.7612544853497334e-06,0.0,0.0,8.821908626064727e-11,0.00634010056577002,0.0,0.0,0.0,gabor_gaussian,12,1.0,,64,1.0,0.16,1,0.0001,0.05,proxy_0.20_0.05,16,0,0,0,2.0,shell_balanced,UNO+SameRefine,UNOplusSameRefine_same_ref0.05,False,1,0.05,1205579,16,-2.0,0.0,0.05,,0.16,synthetic,2,0.5,-5.0,0.05,run,branch_id_v3_wave_two_packet_no_interaction_proxy_0p20_0p05_uno_plus_same_refine_11_hamiltonian_verlet_gabor_gaussian_True_2p0_0p16_0p16_0p16_1p0_1p0_0p0_2p0_0p01_0p05_1p0_2p0_12_12,17.56799420000243,wave_two_packet_no_interaction,11,0.16,,synthetic,True,8,0.0,0.01,0.0,,0.05,0.0,0.02022694074548781,0.0,0.0,0.13751117512583733,4.435475830177893e-06,0.0,40598.158203125,0.0006535554712172598,0.0,0.0,1.3631239086389542,8.795168560027378e-05,6.29476353424252e-05,3.875321476294911e-15,6.142530310171423e-05,8.928754263726191e-11,8.928754263726191e-11,0.020227032247930765,8.928754263726191e-11,0.006354581564664841,0.021455708658322692,0.022377482848241925,0.0,0.0,0.0,2.5581115186214447,0.0,0.0,0.0,0.0,0.0,0.0,0.0,0.0,0.0,0.0,0.0001922876390381134,0.0,0.16,hamiltonian_verlet,0.2,12,1.0,1.0,2.0,0.0001,64,gaussian
uno_plus_same_refine,2,6.630096493154269e-06,branch_id_v3,0.02,2.0,12,0.0,1.0,24,wave,0.0,6.195913793286915e-06,0.0,5.122481799920327e-06,0.0,0.0,1.7937170527828247e-10,0.006340100362043207,0.0,0.0,0.0,gabor_gaussian,12,1.0,,64,1.0,0.16,1,0.0001,0.05,proxy_0.20_0.05,16,0,0,0,2.0,shell_balanced,UNO+SameRefine,UNOplusSameRefine_same_ref0.05,False,1,0.05,1205579,16,-2.0,0.0,0.05,,0.16,synthetic,2,0.5,-5.0,0.05,run,branch_id_v3_wave_two_packet_no_interaction_proxy_0p20_0p05_uno_plus_same_refine_19_hamiltonian_verlet_gabor_gaussian_True_2p0_0p16_0p16_0p16_1p0_1p0_0p0_2p0_0p01_0p05_1p0_2p0_12_12,17.440255499997875,wave_two_packet_no_interaction,19,0.16,,synthetic,True,8,0.0,0.01,0.0,,0.05,0.0,0.024461234686896205,0.0,0.0,0.1613081619143486,6.485821756996302e-06,0.0,58098.52783203125,0.0006740772441844456,0.0,0.0,1.319987177848816,0.00012331833204370923,8.981776500149863e-05,7.961524722061226e-15,8.449957022094168e-05,1.8178550331704457e-10,1.8178550331704457e-10,0.024461691733449697,1.8178550331704457e-10,0.00635458342730999,0.026418272638693452,0.02738792053423822,0.0,0.0,0.0,2.590044468641281,0.0,0.0,0.0,0.0,0.0,0.0,0.0,0.0,0.0,0.0,0.00025661881954874843,0.0,0.16,hamiltonian_verlet,0.2,12,1.0,1.0,2.0,0.0001,64,gaussian
wno_plus_same_refine,2,9.036268011186621e-06,branch_id_v3,0.02,2.0,12,0.0,1.0,24,wave,0.0,9.517772885677308e-06,0.0,7.2120403539580975e-06,0.0,0.0,2.1614174628333446e-10,0.006340100381445761,0.0,0.0,0.0,gabor_gaussian,12,1.0,,64,1.0,0.16,1,0.0001,0.05,proxy_0.20_0.05,16,0,0,0,2.0,shell_balanced,WNO-style+SameRefine,WNO-styleplusSameRefine_same_ref0.05,False,1,0.05,47749,16,-2.0,0.0,0.05,,0.16,synthetic,2,0.5,-5.0,0.05,run,branch_id_v3_wave_two_packet_no_interaction_proxy_0p20_0p05_wno_plus_same_refine_7_hamiltonian_verlet_gabor_gaussian_True_2p0_0p16_0p16_0p16_1p0_1p0_0p0_2p0_0p01_0p05_1p0_2p0_12_12,6.993693500000518,wave_two_packet_no_interaction,7,0.16,,synthetic,True,8,0.0,0.01,0.0,,0.05,0.0,0.02904107584618032,0.0,0.0,0.1274964064359665,9.14050451683579e-06,0.0,48468.84375,0.000917664379812777,0.0,0.0,1.0948890149593353,0.00018045829347101972,9.841690553002991e-05,1.2085552700543214e-14,0.00015125901336432435,2.1825665406927097e-10,2.1825665406927097e-10,0.029040562687441707,2.1825665406927097e-10,0.006325025111436844,0.029439972946420312,0.02965431334450841,0.0,0.0,0.0,0.2733997404575348,0.0,0.0,0.0,0.0,0.0,0.0,0.0,0.0,0.0,0.0,0.00043046907740063034,0.0,0.16,hamiltonian_verlet,0.2,12,1.0,1.0,2.0,0.0001,64,gaussian
wno_plus_same_refine,2,1.4371906559063063e-05,branch_id_v3,0.02,2.0,12,0.0,1.0,24,wave,0.0,1.4863362480355136e-05,0.0,1.0857197499566004e-05,0.0,0.0,3.4298623085201224e-10,0.006340100245627885,0.0,0.0,0.0,gabor_gaussian,12,1.0,,64,1.0,0.16,1,0.0001,0.05,proxy_0.20_0.05,16,0,0,0,2.0,shell_balanced,WNO-style+SameRefine,WNO-styleplusSameRefine_same_ref0.05,False,1,0.05,47749,16,-2.0,0.0,0.05,,0.16,synthetic,2,0.5,-5.0,0.05,run,branch_id_v3_wave_two_packet_no_interaction_proxy_0p20_0p05_wno_plus_same_refine_11_hamiltonian_verlet_gabor_gaussian_True_2p0_0p16_0p16_0p16_1p0_1p0_0p0_2p0_0p01_0p05_1p0_2p0_12_12,7.0193435000001045,wave_two_packet_no_interaction,11,0.16,,synthetic,True,8,0.0,0.01,0.0,,0.05,0.0,0.03649255959317088,0.0,0.0,0.16087409295141697,1.4431510976464779e-05,0.0,53394.98291015625,0.0011043661215808243,0.0,0.0,1.1390356570482254,0.00017164416931336746,0.00012202447942399886,1.6491104466902023e-14,0.00012071120636392152,3.3558313766723913e-10,3.3558313766723913e-10,0.036491808481514454,3.3558313766723913e-10,0.006325027265120298,0.0371718592941761,0.037433370016515255,0.0,0.0,0.0,0.3966520130634308,0.0,0.0,0.0,0.0,0.0,0.0,0.0,0.0,0.0,0.0,0.00024972465871542227,0.0,0.16,hamiltonian_verlet,0.2,12,1.0,1.0,2.0,0.0001,64,gaussian
wno_plus_same_refine,2,5.872200631529267e-06,branch_id_v3,0.02,2.0,12,0.0,1.0,24,wave,0.0,6.0942808014867e-06,0.0,4.157235527676069e-06,0.0,0.0,2.4346486111881394e-10,0.006340100284432992,0.0,0.0,0.0,gabor_gaussian,12,1.0,,64,1.0,0.16,1,0.0001,0.05,proxy_0.20_0.05,16,0,0,0,2.0,shell_balanced,WNO-style+SameRefine,WNO-styleplusSameRefine_same_ref0.05,False,1,0.05,47749,16,-2.0,0.0,0.05,,0.16,synthetic,2,0.5,-5.0,0.05,run,branch_id_v3_wave_two_packet_no_interaction_proxy_0p20_0p05_wno_plus_same_refine_19_hamiltonian_verlet_gabor_gaussian_True_2p0_0p16_0p16_0p16_1p0_1p0_0p0_2p0_0p01_0p05_1p0_2p0_12_12,7.204961900002672,wave_two_packet_no_interaction,19,0.16,,synthetic,True,8,0.0,0.01,0.0,,0.05,0.0,0.02319817477837205,0.0,0.0,0.09482250455766916,5.830053737554408e-06,0.0,33455.5595703125,0.0007468771582352929,0.0,0.0,1.2141266465187073,0.00022006172002875246,0.00010609304717945633,1.3431535593454462e-14,0.0001927985777001595,2.536339367698037e-10,2.536339367698037e-10,0.023196310736238956,2.536339367698037e-10,0.006325025111436844,0.02344201924279332,0.0235622376203537,0.0,0.0,0.0,0.2138320505619049,0.0,0.0,0.0,0.0,0.0,0.0,0.0,0.0,0.0,0.0,0.0008415384727413766,0.0,0.16,hamiltonian_verlet,0.2,12,1.0,1.0,2.0,0.0001,64,gaussian
full,2,0.0015683356468798593,branch_id_v3,0.02,2.0,12,0.0,1.0,24,wave,0.0,0.002646519840103186,0.0,0.0002067194306315893,0.0,0.007374438040036087,0.00012084958711966465,0.006365819921484217,0.0016277060420269625,0.09041209557714562,0.06763429093795519,gabor_gaussian,12,1.0,,64,1.0,0.16,1,0.0001,0.05,proxy_0.20_0.05,16,0,0,0,2.0,shell_balanced,MiNO-Plus,MiNO-Plus_wingaussian_modshell_balanced_K12_modes16_patch16_ref0.05_rlp0.16_hfc0.16_rb-5_pdo0_diss0_symord0_symparspectral_order_wfconf2_trhamiltonian_verlet_framegabor_gaussian_sparse1_sklp0.16_tsyn1_tin1_tref0,False,1,0.05,1059764,16,-2.0,0.0,0.05,,0.16,synthetic,2,0.5,-5.0,0.05,run,branch_id_v3_wave_variable_speed_nocaustic_proxy_0p20_0p05_full_7_hamiltonian_verlet_gabor_gaussian_True_2p0_0p16_0p16_0p16_1p0_1p0_0p0_2p0_0p01_0p05_1p0_2p0_12_12,130.43035860000236,wave_variable_speed_nocaustic,7,0.16,,synthetic,True,8,0.0,0.01,0.0,,0.05,0.009143224800936878,0.25858819112181664,1.0,0.0,0.8478206805884838,0.004163743433309719,0.009143224800936878,22191.35599333048,0.019753385335206985,0.0,0.0,1.3635090440511703,0.18163589388132095,0.171242518350482,2.4705593143441022e-14,0.05347026512026787,0.0001674703034950653,0.0001674703034950653,0.24812409654259682,0.0001674703034950653,0.006352505995891988,0.24863266572356224,0.24895116314291954,0.9891557122270266,0.9891557122270266,-0.07931740061758319,0.7329019457101822,0.0,0.8809789419174194,0.25,1.0774961709976196,4.721535868942738,0.25764646008610725,8.0420600771904,4.559070408344269,0.6594672314822674,1.3750802154342334,0.0042396554636070505,0.0,0.16,hamiltonian_verlet,0.2,12,1.0,1.0,2.0,0.0001,64,gaussian
full,2,0.0018497956625651568,branch_id_v3,0.02,2.0,12,0.0,1.0,24,wave,0.0,0.002278728711341197,0.0,0.0002234394163072769,0.0,0.017601598985493183,6.502355739712584e-05,0.006388383034694319,0.016878422155665856,0.05767719001354029,0.06811683361108105,gabor_gaussian,12,1.0,,64,1.0,0.16,1,0.0001,0.05,proxy_0.20_0.05,16,0,0,0,2.0,shell_balanced,MiNO-Plus,MiNO-Plus_wingaussian_modshell_balanced_K12_modes16_patch16_ref0.05_rlp0.16_hfc0.16_rb-5_pdo0_diss0_symord0_symparspectral_order_wfconf2_trhamiltonian_verlet_framegabor_gaussian_sparse1_sklp0.16_tsyn1_tin1_tref0,False,1,0.05,1059764,16,-2.0,0.0,0.05,,0.16,synthetic,2,0.5,-5.0,0.05,run,branch_id_v3_wave_variable_speed_nocaustic_proxy_0p20_0p05_full_11_hamiltonian_verlet_gabor_gaussian_True_2p0_0p16_0p16_0p16_1p0_1p0_0p0_2p0_0p01_0p05_1p0_2p0_12_12,130.98583380000127,wave_variable_speed_nocaustic,11,0.16,,synthetic,True,8,0.0,0.01,0.0,,0.05,0.009259709273464978,0.22273804619908333,1.0,0.0,0.6268144231289625,0.0022734896192559972,0.009259709273464978,127986.37153053284,0.01311360765248537,0.0,0.0,1.3577647358179092,0.10323795862495899,0.09346318570896983,2.6109152148029815e-14,0.03540587821044028,7.940208047330088e-05,7.940208047330088e-05,0.21593371219933033,7.940208047330088e-05,0.006378119520377368,0.21657755598425865,0.21682629361748695,0.9839015230536461,0.9839015230536461,-0.1340830490407825,0.9161909818649292,0.0,0.8481345549225807,0.25,1.0774961709976196,7.217818915843964,0.2349262135103345,7.477163732051849,3.6813101768493652,0.6525718569755554,1.4186532472570736,0.004813196457689628,0.0,0.16,hamiltonian_verlet,0.2,12,1.0,1.0,2.0,0.0001,64,gaussian
full,2,0.0019570674776332453,branch_id_v3,0.02,2.0,12,0.0,1.0,24,wave,0.0,0.002421404965692394,0.0,0.0002233935592812486,0.0,0.007946096840896644,0.00010267486216738082,0.006379081751219928,0.0516146554145962,0.07948359466778736,0.06929829452807705,gabor_gaussian,12,1.0,,64,1.0,0.16,1,0.0001,0.05,proxy_0.20_0.05,16,0,0,0,2.0,shell_balanced,MiNO-Plus,MiNO-Plus_wingaussian_modshell_balanced_K12_modes16_patch16_ref0.05_rlp0.16_hfc0.16_rb-5_pdo0_diss0_symord0_symparspectral_order_wfconf2_trhamiltonian_verlet_framegabor_gaussian_sparse1_sklp0.16_tsyn1_tin1_tref0,False,1,0.05,1059764,16,-2.0,0.0,0.05,,0.16,synthetic,2,0.5,-5.0,0.05,run,branch_id_v3_wave_variable_speed_nocaustic_proxy_0p20_0p05_full_19_hamiltonian_verlet_gabor_gaussian_True_2p0_0p16_0p16_0p16_1p0_1p0_0p0_2p0_0p01_0p05_1p0_2p0_12_12,129.13526450000063,wave_variable_speed_nocaustic,19,0.16,,synthetic,True,8,0.0,0.01,0.0,,0.05,0.008765831706114113,0.25915013439953327,1.0,0.0,0.6571836732327938,0.002260547786136158,0.008765831706114113,54150.47861549258,0.026346876344177872,0.0,0.0,1.3838897496461868,0.0999655295163393,0.09138697199523449,2.3475802947981448e-14,0.03425166686065495,7.45092779652623e-05,7.45092779652623e-05,0.2518509142100811,7.45092779652623e-05,0.006409327790606767,0.25188249722123146,0.2516861706972122,0.9421502389013767,0.9421502389013767,-0.16982915099166954,0.9235183149576187,0.0,0.8498883619904518,0.25,1.0774961709976196,2.104289725422859,0.296455055475235,7.636064946651459,4.852224111557007,0.6017646118998528,1.3715223719676335,0.004814263782463968,0.0,0.16,hamiltonian_verlet,0.2,12,1.0,1.0,2.0,0.0001,64,gaussian
no_transport,2,0.009194986516376957,branch_id_v3,0.02,2.0,12,0.0,1.0,24,wave,0.0,0.008697014500891479,0.0,0.006372576602492093,0.0,0.007268650146822135,8.820884537878253e-05,0.006378558668075129,0.02006364520639181,0.09674223318385582,0.06765882523419957,gabor_gaussian,12,1.0,,64,1.0,0.16,1,0.0001,0.05,proxy_0.20_0.05,16,0,0,0,2.0,shell_balanced,MiNO-Plus,MiNO-Plus_wingaussian_modshell_balanced_K12_modes16_patch16_ref0.05_rlp0.16_hfc0.16_rb-5_pdo0_diss0_symord0_symparspectral_order_wfconf2_trhamiltonian_verlet_framegabor_gaussian_sparse1_sklp0.16_tsyn1_tin1_tref0,False,1,0.05,347000,16,-2.0,0.0,0.05,,0.16,synthetic,2,0.5,-5.0,0.05,run,branch_id_v3_wave_variable_speed_nocaustic_proxy_0p20_0p05_no_transport_7_hamiltonian_verlet_gabor_gaussian_True_2p0_0p16_0p16_0p16_1p0_1p0_0p0_2p0_0p01_0p05_1p0_2p0_12_12,47.27629800000068,wave_variable_speed_nocaustic,7,0.16,,synthetic,True,8,0.0,0.01,0.0,,0.05,0.0,0.4504118114709854,1.0,0.0,1.174427755177021,0.009941427619196475,0.0,21832.459864348173,0.026004234445281327,0.0,0.0,1.398008331656456,0.16131687629967928,0.149131765589118,2.4292737426488014e-14,0.0536626111716032,0.00012755928673868766,0.00012755928673868766,0.4442014805972576,0.00012755928673868766,0.00636390078580007,0.44616616517305374,0.44802623987197876,0.9687875844538212,0.9687875844538212,0.14221900748088956,0.29362113773822784,0.0,0.8809789419174194,0.25,1.0774961709976196,4.721535868942738,0.0,9.236372947692871,2.937240628853033e-05,1.6570794798553834e-06,0.0,0.014281005132943392,0.0,0.16,hamiltonian_verlet,0.2,12,1.0,1.0,2.0,0.0001,64,gaussian
no_transport,2,0.012368154304567724,branch_id_v3,0.02,2.0,12,0.0,1.0,24,wave,0.0,0.010634742061180683,0.0,0.008713476174307289,0.0,0.006487729648749034,4.924242147315757e-05,0.006375696839919935,0.022240499733015895,0.09034244995564222,0.06829148693941534,gabor_gaussian,12,1.0,,64,1.0,0.16,1,0.0001,0.05,proxy_0.20_0.05,16,0,0,0,2.0,shell_balanced,MiNO-Plus,MiNO-Plus_wingaussian_modshell_balanced_K12_modes16_patch16_ref0.05_rlp0.16_hfc0.16_rb-5_pdo0_diss0_symord0_symparspectral_order_wfconf2_trhamiltonian_verlet_framegabor_gaussian_sparse1_sklp0.16_tsyn1_tin1_tref0,False,1,0.05,347000,16,-2.0,0.0,0.05,,0.16,synthetic,2,0.5,-5.0,0.05,run,branch_id_v3_wave_variable_speed_nocaustic_proxy_0p20_0p05_no_transport_11_hamiltonian_verlet_gabor_gaussian_True_2p0_0p16_0p16_0p16_1p0_1p0_0p0_2p0_0p01_0p05_1p0_2p0_12_12,48.27724859999944,wave_variable_speed_nocaustic,11,0.16,,synthetic,True,8,0.0,0.01,0.0,,0.05,0.0,0.42614904418587685,1.0,0.0,1.0713280364871025,0.005484066816279665,0.0,71830.0169789195,0.017748420650605112,0.0,0.0,1.407472863793373,0.09443066036328673,0.08253005612641573,2.54252480055378e-14,0.03746099793352187,6.208043896549498e-05,6.208043896549498e-05,0.4224252589046955,6.208043896549498e-05,0.006363772787153721,0.42488598451018333,0.42708608135581017,0.9127975689868132,0.9127975689868132,0.148526707770543,0.27494142949581146,0.0,0.8481345549225807,0.25,1.0774961709976196,7.217818915843964,0.0,8.612738013267517,2.6568435032459092e-05,1.285063945033471e-06,0.0,0.020843323785811663,0.0,0.16,hamiltonian_verlet,0.2,12,1.0,1.0,2.0,0.0001,64,gaussian
no_transport,2,0.006845043855719268,branch_id_v3,0.02,2.0,12,0.0,1.0,24,wave,0.0,0.009112840203063874,0.0,0.007051475976671402,0.0,0.006735292568919249,7.162551733586042e-05,0.006381263500467564,0.023522802395746112,0.09237136932400365,0.06948020115184288,gabor_gaussian,12,1.0,,64,1.0,0.16,1,0.0001,0.05,proxy_0.20_0.05,16,0,0,0,2.0,shell_balanced,MiNO-Plus,MiNO-Plus_wingaussian_modshell_balanced_K12_modes16_patch16_ref0.05_rlp0.16_hfc0.16_rb-5_pdo0_diss0_symord0_symparspectral_order_wfconf2_trhamiltonian_verlet_framegabor_gaussian_sparse1_sklp0.16_tsyn1_tin1_tref0,False,1,0.05,347000,16,-2.0,0.0,0.05,,0.16,synthetic,2,0.5,-5.0,0.05,run,branch_id_v3_wave_variable_speed_nocaustic_proxy_0p20_0p05_no_transport_19_hamiltonian_verlet_gabor_gaussian_True_2p0_0p16_0p16_0p16_1p0_1p0_0p0_2p0_0p01_0p05_1p0_2p0_12_12,46.58166540000093,wave_variable_speed_nocaustic,19,0.16,,synthetic,True,8,0.0,0.01,0.0,,0.05,0.0,0.506177194416523,1.0,0.0,1.0666042864322662,0.008532609237590805,0.0,32676.66987082362,0.021688400709535927,0.0,0.0,1.4245755672454834,0.11998745147138834,0.10593810817226768,2.512607660384229e-14,0.04779757768847048,0.00010078907507704571,0.00010078907507704571,0.5010926984250546,0.00010078907507704571,0.006368049245793372,0.5029451437294483,0.5047884546220303,0.9198437370359898,0.9198437370359898,0.1485678837634623,0.31962379813194275,0.0,0.8498883619904518,0.25,1.0774961709976196,2.104289725422859,0.0,8.692396581172943,2.926362753896683e-05,1.314720989853413e-06,0.0,0.013336687814444304,0.0,0.16,hamiltonian_verlet,0.2,12,1.0,1.0,2.0,0.0001,64,gaussian
randomized_metadata,2,0.029259932809509337,branch_id_v3,0.02,2.0,12,0.0,1.0,24,wave,0.0,0.03190201321073497,0.0,0.029024006381708507,0.0,0.007276871110661887,2.805500488219555e-07,0.006443098478484899,0.001033624104214444,0.12143932670975725,0.043200563134936,gabor_gaussian,12,1.0,,64,1.0,0.16,1,0.0001,0.05,proxy_0.20_0.05,16,0,0,0,2.0,shell_balanced,MiNO-Plus,MiNO-Plus_wingaussian_modshell_balanced_K12_modes16_patch16_ref0.05_rlp0.16_hfc0.16_rb-5_pdo0_diss0_symord0_symparspectral_order_wfconf2_trhamiltonian_verlet_framegabor_gaussian_sparse1_sklp0.16_tsyn1_tin1_tref0,False,1,0.05,1059764,16,-2.0,0.0,0.05,,0.16,synthetic,2,0.5,-5.0,0.05,run,branch_id_v3_wave_variable_speed_nocaustic_proxy_0p20_0p05_randomized_metadata_7_hamiltonian_verlet_gabor_gaussian_True_2p0_0p16_0p16_0p16_1p0_1p0_0p0_2p0_0p01_0p05_1p0_2p0_12_12,133.62996930000008,wave_variable_speed_nocaustic,7,0.16,,synthetic,True,8,0.0,0.01,0.0,,0.05,0.46161428466439247,0.8431205898523331,1.0,0.0,3.6880212128162384,0.03380012325942516,0.46161428466439247,48420.69841361046,0.20854130294173956,0.0,0.0,1.5034117549657822,0.0005266969310468994,0.0005235552307567559,6.336887683019337e-15,5.621804939437425e-05,1.4713649743036683e-09,1.4713649743036683e-09,0.8541342094540596,1.4713649743036683e-09,0.006692850962281227,0.8496186956763268,0.8558456748723984,0.8824177061518034,0.8824177061518034,0.04185782892939945,0.6582981944084167,0.0,0.8809789419174194,0.25,1.0774961709976196,4.721535868942738,0.22769916678468385,5.639184951782227,11.55170738697052,0.46405356749892235,0.0,0.08999181352555752,0.0,0.16,hamiltonian_verlet,0.2,12,1.0,1.0,2.0,0.0001,64,gaussian
randomized_metadata,2,0.035647731041535735,branch_id_v3,0.02,2.0,12,0.0,1.0,24,wave,0.0,0.03308410370179141,0.0,0.030749852089987446,0.0,0.006471420490318754,2.193640284605299e-07,0.006472281374347706,0.003525299485772848,0.11710386009265979,0.04075984645169228,gabor_gaussian,12,1.0,,64,1.0,0.16,1,0.0001,0.05,proxy_0.20_0.05,16,0,0,0,2.0,shell_balanced,MiNO-Plus,MiNO-Plus_wingaussian_modshell_balanced_K12_modes16_patch16_ref0.05_rlp0.16_hfc0.16_rb-5_pdo0_diss0_symord0_symparspectral_order_wfconf2_trhamiltonian_verlet_framegabor_gaussian_sparse1_sklp0.16_tsyn1_tin1_tref0,False,1,0.05,1059764,16,-2.0,0.0,0.05,,0.16,synthetic,2,0.5,-5.0,0.05,run,branch_id_v3_wave_variable_speed_nocaustic_proxy_0p20_0p05_randomized_metadata_11_hamiltonian_verlet_gabor_gaussian_True_2p0_0p16_0p16_0p16_1p0_1p0_0p0_2p0_0p01_0p05_1p0_2p0_12_12,131.83226439999999,wave_variable_speed_nocaustic,11,0.16,,synthetic,True,8,0.0,0.01,0.0,,0.05,0.4572487659752369,0.9064481928944588,1.0,0.0,3.0728524923324585,0.02610909240320325,0.4572487659752369,506117.7995080948,0.23155329748988152,0.0,0.0,1.529186189174652,0.000339889000315452,0.00032472945531480946,1.0511453776420134e-14,9.818650050874567e-05,8.462975945033868e-10,8.462975945033868e-10,0.9373209699988365,8.462975945033868e-10,0.006669726339168847,0.9130142703652382,0.9186204969882965,0.8317780780295531,0.8317780780295531,0.06617470761799875,0.3920440152287483,0.0,0.8481345549225807,0.25,1.0774961709976196,7.217818915843964,0.1845263366897901,4.673104465007782,10.282452464103699,1.1847329139709473,0.0,0.15003410261124372,0.0,0.16,hamiltonian_verlet,0.2,12,1.0,1.0,2.0,0.0001,64,gaussian
randomized_metadata,2,0.023887612856924534,branch_id_v3,0.02,2.0,12,0.0,1.0,24,wave,0.0,0.030781484422429155,0.0,0.028155558839595567,0.0,0.006761336776738365,2.83491096819688e-07,0.0064396088710054755,0.005329708297116061,0.11816229997202754,0.04205795559876909,gabor_gaussian,12,1.0,,64,1.0,0.16,1,0.0001,0.05,proxy_0.20_0.05,16,0,0,0,2.0,shell_balanced,MiNO-Plus,MiNO-Plus_wingaussian_modshell_balanced_K12_modes16_patch16_ref0.05_rlp0.16_hfc0.16_rb-5_pdo0_diss0_symord0_symparspectral_order_wfconf2_trhamiltonian_verlet_framegabor_gaussian_sparse1_sklp0.16_tsyn1_tin1_tref0,False,1,0.05,1059764,16,-2.0,0.0,0.05,,0.16,synthetic,2,0.5,-5.0,0.05,run,branch_id_v3_wave_variable_speed_nocaustic_proxy_0p20_0p05_randomized_metadata_19_hamiltonian_verlet_gabor_gaussian_True_2p0_0p16_0p16_0p16_1p0_1p0_0p0_2p0_0p01_0p05_1p0_2p0_12_12,134.71538950000104,wave_variable_speed_nocaustic,19,0.16,,synthetic,True,8,0.0,0.01,0.0,,0.05,0.4623694121837616,0.8654293790459633,1.0,0.0,3.169409081339836,0.02518334856722504,0.4623694121837616,144233.04218119383,0.24244366772472858,0.0,0.0,1.5194204449653625,0.0009178992186207324,0.0009096466455957852,1.1094584344534497e-14,0.0001184755310532637,6.859725398822292e-09,6.859725398822292e-09,0.877463735640049,6.859725398822292e-09,0.006620319443754852,0.8727019727230072,0.8781444579362869,0.8374518466492494,0.8374518466492494,0.09366445546038449,0.43727806955575943,0.0,0.8498883619904518,0.25,1.0774961709976196,2.104289725422859,0.23773531584690014,4.426022529602051,10.28472912311554,1.004221849143505,0.0,0.10576932597905397,0.0,0.16,hamiltonian_verlet,0.2,12,1.0,1.0,2.0,0.0001,64,gaussian
no_symbol,2,0.0016303809170494787,branch_id_v3,0.02,2.0,12,0.0,1.0,24,wave,0.0,0.00271517776006173,0.0,0.00019227477757037073,0.0,0.0071362795812698705,0.00012402946932373501,0.006311614444712177,0.0,0.0971464520941178,0.06763609778136015,gabor_gaussian,12,1.0,,64,1.0,0.16,1,0.0001,0.05,proxy_0.20_0.05,16,0,0,0,2.0,shell_balanced,MiNO-Plus,MiNO-Plus_wingaussian_modshell_balanced_K12_modes16_patch16_ref0.05_rlp0.16_hfc0.16_rb-5_pdo0_diss0_symord0_symparspectral_order_wfconf2_trhamiltonian_verlet_framegabor_gaussian_sparse1_sklp0.16_tsyn1_tin1_tref0,False,1,0.05,854708,16,-2.0,0.0,0.05,,0.16,synthetic,2,0.5,-5.0,0.05,run,branch_id_v3_wave_variable_speed_nocaustic_proxy_0p20_0p05_no_symbol_7_hamiltonian_verlet_gabor_gaussian_True_2p0_0p16_0p16_0p16_1p0_1p0_0p0_2p0_0p01_0p05_1p0_2p0_12_12,118.78817319999871,wave_variable_speed_nocaustic,7,0.16,,synthetic,True,8,0.0,0.01,0.0,,0.05,0.00894526473712176,0.2601977698504925,1.0,0.0,0.7251648399978876,0.004134551694733091,0.00894526473712176,18311.95686531067,0.019691082765348256,0.0,0.0,1.3508930206298828,0.184010430239141,0.17363980412483215,2.553297302049489e-14,0.05385110201314092,0.00017192914583574748,0.00017192914583574748,0.24933398701250553,0.00017192914583574748,0.006296259583905339,0.24969745054841042,0.2498534396290779,0.0,0.0,0.0,0.9979114085435867,0.0,0.8809789419174194,0.25,1.0774961709976196,4.721535868942738,0.6744066948692004,8.048912584781647,4.599387556314468,0.2701899837702513,0.7190628300110499,0.0041396548913326114,0.0,0.16,hamiltonian_verlet,0.2,12,1.0,1.0,2.0,0.0001,64,gaussian
no_symbol,2,0.0018404694565106183,branch_id_v3,0.02,2.0,12,0.0,1.0,24,wave,0.0,0.0023309375525665623,0.0,0.00020289290902534654,0.0,0.006329131392703857,8.290452647467343e-05,0.00634169908395658,0.0,0.09158732136711478,0.0681413218844682,gabor_gaussian,12,1.0,,64,1.0,0.16,1,0.0001,0.05,proxy_0.20_0.05,16,0,0,0,2.0,shell_balanced,MiNO-Plus,MiNO-Plus_wingaussian_modshell_balanced_K12_modes16_patch16_ref0.05_rlp0.16_hfc0.16_rb-5_pdo0_diss0_symord0_symparspectral_order_wfconf2_trhamiltonian_verlet_framegabor_gaussian_sparse1_sklp0.16_tsyn1_tin1_tref0,False,1,0.05,854708,16,-2.0,0.0,0.05,,0.16,synthetic,2,0.5,-5.0,0.05,run,branch_id_v3_wave_variable_speed_nocaustic_proxy_0p20_0p05_no_symbol_11_hamiltonian_verlet_gabor_gaussian_True_2p0_0p16_0p16_0p16_1p0_1p0_0p0_2p0_0p01_0p05_1p0_2p0_12_12,119.69895309999993,wave_variable_speed_nocaustic,11,0.16,,synthetic,True,8,0.0,0.01,0.0,,0.05,0.00913040223531425,0.22530101612210274,1.0,0.0,0.5898901894688606,0.002301838103448972,0.00913040223531425,106299.7606203556,0.0116938590654172,0.0,0.0,1.350063368678093,0.11827499140053988,0.10703460406512022,2.555335263320583e-14,0.040644754422828555,0.00010397187679700437,0.00010397187679700437,0.21736271679401398,0.00010397187679700437,0.0063274308340623975,0.21784614957869053,0.21797439269721508,0.0,0.0,0.0,0.763034850358963,0.0,0.8481345549225807,0.25,1.0774961709976196,7.217818915843964,0.6012986749410629,7.468706369400024,3.736614763736725,0.2589446622878313,0.7709996576110522,0.004967396525898948,0.0,0.16,hamiltonian_verlet,0.2,12,1.0,1.0,2.0,0.0001,64,gaussian
no_symbol,2,0.001923523159348406,branch_id_v3,0.02,2.0,12,0.0,1.0,24,wave,0.0,0.0024964449839899316,0.0,0.00020578493907426795,0.0,0.0066070308481963975,0.00010153560347703205,0.006346064968965948,0.0,0.0932284378601859,0.06931663141585886,gabor_gaussian,12,1.0,,64,1.0,0.16,1,0.0001,0.05,proxy_0.20_0.05,16,0,0,0,2.0,shell_balanced,MiNO-Plus,MiNO-Plus_wingaussian_modshell_balanced_K12_modes16_patch16_ref0.05_rlp0.16_hfc0.16_rb-5_pdo0_diss0_symord0_symparspectral_order_wfconf2_trhamiltonian_verlet_framegabor_gaussian_sparse1_sklp0.16_tsyn1_tin1_tref0,False,1,0.05,854708,16,-2.0,0.0,0.05,,0.16,synthetic,2,0.5,-5.0,0.05,run,branch_id_v3_wave_variable_speed_nocaustic_proxy_0p20_0p05_no_symbol_19_hamiltonian_verlet_gabor_gaussian_True_2p0_0p16_0p16_0p16_1p0_1p0_0p0_2p0_0p01_0p05_1p0_2p0_12_12,120.89699509999991,wave_variable_speed_nocaustic,19,0.16,,synthetic,True,8,0.0,0.01,0.0,,0.05,0.009687402052804828,0.26487530767917633,1.0,0.0,0.6457084491848946,0.0022876988077769056,0.009687402052804828,52927.37494747341,0.0249106849078089,0.0,0.0,1.3797372430562973,0.13745906669646502,0.12531958986073732,2.4782706811200816e-14,0.04759035701863468,0.0001402358871018805,0.0001402358871018805,0.25471322424709797,0.0001402358871018805,0.006330293894279748,0.2546832859516144,0.2544449772685766,0.0,0.0,0.0,0.4434461146593094,0.0,0.8498883619904518,0.25,1.0774961709976196,2.104289725422859,0.6792471011479696,7.6484087109565735,4.86477318406105,0.32480767741799355,0.7923874892294407,0.004691184614785016,0.0,0.16,hamiltonian_verlet,0.2,12,1.0,1.0,2.0,0.0001,64,gaussian
oracle_transport,2,,branch_id_v3,0.02,,12,,,24,,,,,,,,,,,,,gabor_gaussian,12,,local_smoke,,1.0,0.16,,,,proxy_0.20_0.05,,,,,2.0,,,,,,0.05,,,,,,,0.16,,,,,,skipped,branch_id_v3_wave_variable_speed_nocaustic_proxy_0p20_0p05_oracle_transport_7_hamiltonian_verlet_gabor_gaussian_spectral_order_True_2p0_0p16_0p16_2p0_0p01_0p05_1p0_2p0_12_12,,wave_variable_speed_nocaustic,7,,"oracle_transport requires a known packet-center flow; supported scenarios are ['wave_bicharacteristic_control', 'wave_chirp_propagation', 'wave_two_packet_no_interaction'].",,True,,0.0,0.01,0.0,spectral_order,,,,,,,,,,,,,,,,,,,,,,,,,,,,,,,,,,,,,,,,,0.16,hamiltonian_verlet,,,,,2.0,,,
oracle_transport,2,,branch_id_v3,0.02,,12,,,24,,,,,,,,,,,,,gabor_gaussian,12,,local_smoke,,1.0,0.16,,,,proxy_0.20_0.05,,,,,2.0,,,,,,0.05,,,,,,,0.16,,,,,,skipped,branch_id_v3_wave_variable_speed_nocaustic_proxy_0p20_0p05_oracle_transport_11_hamiltonian_verlet_gabor_gaussian_spectral_order_True_2p0_0p16_0p16_2p0_0p01_0p05_1p0_2p0_12_12,,wave_variable_speed_nocaustic,11,,"oracle_transport requires a known packet-center flow; supported scenarios are ['wave_bicharacteristic_control', 'wave_chirp_propagation', 'wave_two_packet_no_interaction'].",,True,,0.0,0.01,0.0,spectral_order,,,,,,,,,,,,,,,,,,,,,,,,,,,,,,,,,,,,,,,,,0.16,hamiltonian_verlet,,,,,2.0,,,
oracle_transport,2,,branch_id_v3,0.02,,12,,,24,,,,,,,,,,,,,gabor_gaussian,12,,local_smoke,,1.0,0.16,,,,proxy_0.20_0.05,,,,,2.0,,,,,,0.05,,,,,,,0.16,,,,,,skipped,branch_id_v3_wave_variable_speed_nocaustic_proxy_0p20_0p05_oracle_transport_19_hamiltonian_verlet_gabor_gaussian_spectral_order_True_2p0_0p16_0p16_2p0_0p01_0p05_1p0_2p0_12_12,,wave_variable_speed_nocaustic,19,,"oracle_transport requires a known packet-center flow; supported scenarios are ['wave_bicharacteristic_control', 'wave_chirp_propagation', 'wave_two_packet_no_interaction'].",,True,,0.0,0.01,0.0,spectral_order,,,,,,,,,,,,,,,,,,,,,,,,,,,,,,,,,,,,,,,,,0.16,hamiltonian_verlet,,,,,2.0,,,
uno_plus_same_refine,2,0.00020462081374716945,branch_id_v3,0.02,2.0,12,0.0,1.0,24,wave,0.0,0.0001977808504610342,0.0,0.00015175308749348915,0.0,0.0,2.97681314205082e-10,0.006340097665088251,0.0,0.0,0.0,gabor_gaussian,12,1.0,,64,1.0,0.16,1,0.0001,0.05,proxy_0.20_0.05,16,0,0,0,2.0,shell_balanced,UNO+SameRefine,UNOplusSameRefine_same_ref0.05,False,1,0.05,1205579,16,-2.0,0.0,0.05,,0.16,synthetic,2,0.5,-5.0,0.05,run,branch_id_v3_wave_variable_speed_nocaustic_proxy_0p20_0p05_uno_plus_same_refine_7_hamiltonian_verlet_gabor_gaussian_True_2p0_0p16_0p16_0p16_1p0_1p0_0p0_2p0_0p01_0p05_1p0_2p0_12_12,18.101478299999144,wave_variable_speed_nocaustic,7,0.16,,synthetic,True,8,0.0,0.01,0.0,,0.05,0.0,0.06778302462771535,0.0,0.0,0.7003341652452946,0.00021829490651725791,0.0,6308.52063684538,0.004587345887557603,0.0,0.0,1.363116815686226,0.0003303326120658312,0.0002476375157129951,2.1532064774907223e-14,0.0002066817760351114,3.293256986558468e-10,3.293256986558468e-10,0.06778293941169977,3.293256986558468e-10,0.006325022142846137,0.07096739811822772,0.07331391330808401,0.0,0.0,0.0,0.6205614060163498,0.0,0.0,0.0,0.0,0.0,0.0,0.0,0.0,0.0,0.0,0.003334460809128359,0.0,0.16,hamiltonian_verlet,0.2,12,1.0,1.0,2.0,0.0001,64,gaussian
uno_plus_same_refine,2,0.0002688306867639767,branch_id_v3,0.02,2.0,12,0.0,1.0,24,wave,0.0,0.00022714697767393469,0.0,0.00017986344937526155,0.0,0.0,5.050956050980937e-10,0.006340097800906126,0.0,0.0,0.0,gabor_gaussian,12,1.0,,64,1.0,0.16,1,0.0001,0.05,proxy_0.20_0.05,16,0,0,0,2.0,shell_balanced,UNO+SameRefine,UNOplusSameRefine_same_ref0.05,False,1,0.05,1205579,16,-2.0,0.0,0.05,,0.16,synthetic,2,0.5,-5.0,0.05,run,branch_id_v3_wave_variable_speed_nocaustic_proxy_0p20_0p05_uno_plus_same_refine_11_hamiltonian_verlet_gabor_gaussian_True_2p0_0p16_0p16_0p16_1p0_1p0_0p0_2p0_0p01_0p05_1p0_2p0_12_12,17.47826999999961,wave_variable_speed_nocaustic,11,0.16,,synthetic,True,8,0.0,0.01,0.0,,0.05,0.0,0.08081037644296885,0.0,0.0,0.6379270851612091,0.0001886926957013202,0.0,45690.07573515177,0.00686766896978952,0.0,0.0,1.35562202334404,0.0002943545659945812,0.00025390428527316544,1.993970593802371e-14,0.00013494291215465637,5.604090386190919e-10,5.604090386190919e-10,0.08080891706049442,5.604090386190919e-10,0.0063249816303141415,0.08630943950265646,0.0886869328096509,0.0,0.0,0.0,0.7231592684984207,0.0,0.0,0.0,0.0,0.0,0.0,0.0,0.0,0.0,0.0,0.004100524296518415,0.0,0.16,hamiltonian_verlet,0.2,12,1.0,1.0,2.0,0.0001,64,gaussian
uno_plus_same_refine,2,0.00016814115770102944,branch_id_v3,0.02,2.0,12,0.0,1.0,24,wave,0.0,0.00019492259722634722,0.0,0.00015711147974191894,0.0,0.0,5.666712885969242e-10,0.006340099760564044,0.0,0.0,0.0,gabor_gaussian,12,1.0,,64,1.0,0.16,1,0.0001,0.05,proxy_0.20_0.05,16,0,0,0,2.0,shell_balanced,UNO+SameRefine,UNOplusSameRefine_same_ref0.05,False,1,0.05,1205579,16,-2.0,0.0,0.05,,0.16,synthetic,2,0.5,-5.0,0.05,run,branch_id_v3_wave_variable_speed_nocaustic_proxy_0p20_0p05_uno_plus_same_refine_19_hamiltonian_verlet_gabor_gaussian_True_2p0_0p16_0p16_0p16_1p0_1p0_0p0_2p0_0p01_0p05_1p0_2p0_12_12,17.33271429999877,wave_variable_speed_nocaustic,19,0.16,,synthetic,True,8,0.0,0.01,0.0,,0.05,0.0,0.0740383006632328,0.0,0.0,0.7106005027890205,0.00017181011025968473,0.0,13374.712781846523,0.003719431726494804,0.0,0.0,1.3671063929796219,0.00036899305996485054,0.0003380623529665172,6.621333840443303e-15,0.00014094447033130564,9.345280174710702e-10,9.345280174710702e-10,0.07403863687068224,9.345280174710702e-10,0.0063842840027064085,0.07779785245656967,0.08038461953401566,0.0,0.0,0.0,0.48174506425857544,0.0,0.0,0.0,0.0,0.0,0.0,0.0,0.0,0.0,0.0,0.004036315469420515,0.0,0.16,hamiltonian_verlet,0.2,12,1.0,1.0,2.0,0.0001,64,gaussian
wno_plus_same_refine,2,0.00043458007894514594,branch_id_v3,0.02,2.0,12,0.0,1.0,24,wave,0.0,0.0003960809766188807,0.0,0.00029686782606101286,0.0,0.0,1.0641249837313922e-09,0.006340103679879879,0.0,0.0,0.0,gabor_gaussian,12,1.0,,64,1.0,0.16,1,0.0001,0.05,proxy_0.20_0.05,16,0,0,0,2.0,shell_balanced,WNO-style+SameRefine,WNO-styleplusSameRefine_same_ref0.05,False,1,0.05,47749,16,-2.0,0.0,0.05,,0.16,synthetic,2,0.5,-5.0,0.05,run,branch_id_v3_wave_variable_speed_nocaustic_proxy_0p20_0p05_wno_plus_same_refine_7_hamiltonian_verlet_gabor_gaussian_True_2p0_0p16_0p16_0p16_1p0_1p0_0p0_2p0_0p01_0p05_1p0_2p0_12_12,6.8754952999988745,wave_variable_speed_nocaustic,7,0.16,,synthetic,True,8,0.0,0.01,0.0,,0.05,0.0,0.09514116402715445,0.0,0.0,0.7586878314614296,0.0004602496192092076,0.0,7901.077730305493,0.011610578920226544,0.0,0.0,1.4025800675153732,0.0005576704134000465,0.0004164335841778666,1.1355831804780385e-14,0.0003513472438498866,9.254581059825462e-10,9.254581059825462e-10,0.09514005482196808,9.254581059825462e-10,0.0063250293605960906,0.09774171747267246,0.09962599445134401,0.0,0.0,0.0,2.4474207907915115,0.0,0.0,0.0,0.0,0.0,0.0,0.0,0.0,0.0,0.0,0.013351151224924251,0.0,0.16,hamiltonian_verlet,0.2,12,1.0,1.0,2.0,0.0001,64,gaussian
wno_plus_same_refine,2,0.00038818334905954544,branch_id_v3,0.02,2.0,12,0.0,1.0,24,wave,0.0,0.00038699982057247934,0.0,0.00031034802395879524,0.0,0.0,3.991519862319344e-09,0.006340097849412511,0.0,0.0,0.0,gabor_gaussian,12,1.0,,64,1.0,0.16,1,0.0001,0.05,proxy_0.20_0.05,16,0,0,0,2.0,shell_balanced,WNO-style+SameRefine,WNO-styleplusSameRefine_same_ref0.05,False,1,0.05,47749,16,-2.0,0.0,0.05,,0.16,synthetic,2,0.5,-5.0,0.05,run,branch_id_v3_wave_variable_speed_nocaustic_proxy_0p20_0p05_wno_plus_same_refine_11_hamiltonian_verlet_gabor_gaussian_True_2p0_0p16_0p16_0p16_1p0_1p0_0p0_2p0_0p01_0p05_1p0_2p0_12_12,7.101639199998317,wave_variable_speed_nocaustic,11,0.16,,synthetic,True,8,0.0,0.01,0.0,,0.05,0.0,0.10290106758475304,0.0,0.0,0.6979627497494221,0.00031158935598796234,0.0,31582.408570110798,0.008268742152722552,0.0,0.0,1.3949588537216187,0.000908206551684998,0.000783740688348189,7.409312868224895e-15,0.00041767306174733676,5.003540470838175e-09,5.003540470838175e-09,0.10290127154439688,5.003540470838175e-09,0.006325018242932856,0.10598595347255468,0.10821382515132427,0.0,0.0,0.0,3.341071218252182,0.0,0.0,0.0,0.0,0.0,0.0,0.0,0.0,0.0,0.0,0.017122128687333316,0.0,0.16,hamiltonian_verlet,0.2,12,1.0,1.0,2.0,0.0001,64,gaussian
wno_plus_same_refine,2,0.000293465340291732,branch_id_v3,0.02,2.0,12,0.0,1.0,24,wave,0.0,0.00033103268500174937,0.0,0.00026219307498346706,0.0,0.0,5.960406661865517e-10,0.0063401002359266085,0.0,0.0,0.0,gabor_gaussian,12,1.0,,64,1.0,0.16,1,0.0001,0.05,proxy_0.20_0.05,16,0,0,0,2.0,shell_balanced,WNO-style+SameRefine,WNO-styleplusSameRefine_same_ref0.05,False,1,0.05,47749,16,-2.0,0.0,0.05,,0.16,synthetic,2,0.5,-5.0,0.05,run,branch_id_v3_wave_variable_speed_nocaustic_proxy_0p20_0p05_wno_plus_same_refine_19_hamiltonian_verlet_gabor_gaussian_True_2p0_0p16_0p16_0p16_1p0_1p0_0p0_2p0_0p01_0p05_1p0_2p0_12_12,6.91784589999952,wave_variable_speed_nocaustic,19,0.16,,synthetic,True,8,0.0,0.01,0.0,,0.05,0.0,0.09268217999488115,0.0,0.0,0.7421107664704323,0.00027384052373236045,0.0,15653.5283055529,0.011627341824350879,0.0,0.0,1.3906156569719315,0.0005080440896563232,0.00028364875106490217,1.7599502982558793e-14,0.000394590073483414,7.664550764896472e-10,7.664550764896472e-10,0.09268111549317837,7.664550764896472e-10,0.006325014459434897,0.09565765783190727,0.09765202552080154,0.0,0.0,0.0,3.2773016691207886,0.0,0.0,0.0,0.0,0.0,0.0,0.0,0.0,0.0,0.0,0.012623340939171612,0.0,0.16,hamiltonian_verlet,0.2,12,1.0,1.0,2.0,0.0001,64,gaussian
full,2,0.003907049060217105,branch_id_v3,0.02,2.0,12,0.0,1.0,24,wave,0.0,0.00466115207382245,0.0,0.000792773633293109,0.0,0.006596143912853829,0.00011535880624554314,0.006383751422011604,0.018294926519350458,0.0903398545148472,0.062476578556622066,gabor_gaussian,12,1.0,,64,1.0,0.16,1,0.0001,0.05,proxy_0.20_0.05,16,0,0,0,2.0,shell_balanced,MiNO-Plus,MiNO-Plus_wingaussian_modshell_balanced_K12_modes16_patch16_ref0.05_rlp0.16_hfc0.16_rb-5_pdo0_diss0_symord0_symparspectral_order_wfconf2_trhamiltonian_verlet_framegabor_gaussian_sparse1_sklp0.16_tsyn1_tin1_tref0,False,1,0.05,1059764,16,-2.0,0.0,0.05,,0.16,synthetic,2,0.5,-5.0,0.05,run,branch_id_v3_wave_synth_proxy_0p20_0p05_full_7_hamiltonian_verlet_gabor_gaussian_True_2p0_0p16_0p16_0p16_1p0_1p0_0p0_2p0_0p01_0p05_1p0_2p0_12_12,129.32967279999866,wave_synth,7,0.16,,synthetic,True,8,0.0,0.01,0.0,,0.05,0.011924158781766891,0.3036818243563175,1.0,0.0,0.8104822561144829,0.004380953367217444,0.011924158781766891,1872.1993173342198,0.02509550249669701,0.0,0.0,1.4148066341876984,0.16953323408961296,0.15388452634215355,2.396764766363947e-14,0.054370527155697346,0.00015082711524883052,0.00015082711524883052,0.29438359662890434,0.00015082711524883052,0.0063738798489794135,0.29647498577833176,0.2979321591556072,0.9097437870999178,0.9097437870999178,0.1273433736835917,1.2628173530101776,0.0,0.8898277878761292,0.25,1.0774961709976196,3.9681008085608482,0.24891007908930382,8.90861827135086,6.010210812091827,1.5736053586006165,1.3696913793683052,0.011257824546191841,0.0,0.16,hamiltonian_verlet,0.2,12,1.0,1.0,2.0,0.0001,64,gaussian
full,2,0.004213248088490218,branch_id_v3,0.02,2.0,12,0.0,1.0,24,wave,0.0,0.004774462533532642,0.0,0.0008534387052350212,0.0,0.008994709258937897,0.00013309112811536275,0.006388990819687024,0.0014921165638952516,0.08316241854724164,0.06337296823039651,gabor_gaussian,12,1.0,,64,1.0,0.16,1,0.0001,0.05,proxy_0.20_0.05,16,0,0,0,2.0,shell_balanced,MiNO-Plus,MiNO-Plus_wingaussian_modshell_balanced_K12_modes16_patch16_ref0.05_rlp0.16_hfc0.16_rb-5_pdo0_diss0_symord0_symparspectral_order_wfconf2_trhamiltonian_verlet_framegabor_gaussian_sparse1_sklp0.16_tsyn1_tin1_tref0,False,1,0.05,1059764,16,-2.0,0.0,0.05,,0.16,synthetic,2,0.5,-5.0,0.05,run,branch_id_v3_wave_synth_proxy_0p20_0p05_full_11_hamiltonian_verlet_gabor_gaussian_True_2p0_0p16_0p16_0p16_1p0_1p0_0p0_2p0_0p01_0p05_1p0_2p0_12_12,131.3193121000004,wave_synth,11,0.16,,synthetic,True,8,0.0,0.01,0.0,,0.05,0.011809696909040213,0.32713175006210804,1.0,0.0,0.87308419495821,0.004725028673419729,0.011809696909040213,29219.69526488334,0.02870050072669983,0.0,0.0,1.4079058021306992,0.0003014495632669423,0.0002809266225085594,6.6523493811751174e-15,0.00010751553691079607,6.025545999654991e-10,6.025545999654991e-10,0.3271293006837368,6.025545999654991e-10,0.006692850962281227,0.3292471654713154,0.33074705861508846,0.7807140871882439,0.7807140871882439,0.1784554502616326,1.3127138912677765,0.0,0.840242326259613,0.25,1.0774961709976196,6.832262247800827,0.21615411217013994,7.452587723731995,4.425669640302658,1.0489322766661644,1.3373144467671711,0.01093055127421394,0.0,0.16,hamiltonian_verlet,0.2,12,1.0,1.0,2.0,0.0001,64,gaussian
full,2,0.004173971610725857,branch_id_v3,0.02,2.0,12,0.0,1.0,24,wave,0.0,0.005018323759334938,0.0,0.0007907774149013372,0.0,0.007018672244157642,0.00014626249223207802,0.006389865612921615,0.006521915430009055,0.08811237119759123,0.06413479739179213,gabor_gaussian,12,1.0,,64,1.0,0.16,1,0.0001,0.05,proxy_0.20_0.05,16,0,0,0,2.0,shell_balanced,MiNO-Plus,MiNO-Plus_wingaussian_modshell_balanced_K12_modes16_patch16_ref0.05_rlp0.16_hfc0.16_rb-5_pdo0_diss0_symord0_symparspectral_order_wfconf2_trhamiltonian_verlet_framegabor_gaussian_sparse1_sklp0.16_tsyn1_tin1_tref0,False,1,0.05,1059764,16,-2.0,0.0,0.05,,0.16,synthetic,2,0.5,-5.0,0.05,run,branch_id_v3_wave_synth_proxy_0p20_0p05_full_19_hamiltonian_verlet_gabor_gaussian_True_2p0_0p16_0p16_0p16_1p0_1p0_0p0_2p0_0p01_0p05_1p0_2p0_12_12,130.27939849999893,wave_synth,19,0.16,,synthetic,True,8,0.0,0.01,0.0,,0.05,0.01186508999671787,0.2715101055800915,1.0,0.0,0.7875260934233665,0.002817521773977205,0.01186508999671787,27912.39229767956,0.02412283606827259,0.0,0.0,1.4354338943958282,0.1498556574806571,0.1366061558946967,2.2333580077400208e-14,0.04588302969932556,0.0001550287934151129,0.0001550287934151129,0.2635114137083292,0.0001550287934151129,0.00637905765324831,0.2661563288420439,0.2680586576461792,0.9027642036477724,0.9027642036477724,0.06219969034039726,1.251347191631794,0.0,0.8824138939380646,0.25,1.0774961709976196,3.000800520181656,0.29952165484428406,7.803702116012573,5.390201553702354,1.529421642422676,1.3793236141403515,0.01119522110093385,0.0,0.16,hamiltonian_verlet,0.2,12,1.0,1.0,2.0,0.0001,64,gaussian
no_transport,2,0.014123432978522032,branch_id_v3,0.02,2.0,12,0.0,1.0,24,wave,0.0,0.01412800590818127,0.0,0.010481651159352623,0.0,0.006933545063172157,5.7682057776749694e-05,0.0063928002103542285,0.01811742316931486,0.09215856514250238,0.06260194823456307,gabor_gaussian,12,1.0,,64,1.0,0.16,1,0.0001,0.05,proxy_0.20_0.05,16,0,0,0,2.0,shell_balanced,MiNO-Plus,MiNO-Plus_wingaussian_modshell_balanced_K12_modes16_patch16_ref0.05_rlp0.16_hfc0.16_rb-5_pdo0_diss0_symord0_symparspectral_order_wfconf2_trhamiltonian_verlet_framegabor_gaussian_sparse1_sklp0.16_tsyn1_tin1_tref0,False,1,0.05,347000,16,-2.0,0.0,0.05,,0.16,synthetic,2,0.5,-5.0,0.05,run,branch_id_v3_wave_synth_proxy_0p20_0p05_no_transport_7_hamiltonian_verlet_gabor_gaussian_True_2p0_0p16_0p16_0p16_1p0_1p0_0p0_2p0_0p01_0p05_1p0_2p0_12_12,46.53916559999925,wave_synth,7,0.16,,synthetic,True,8,0.0,0.01,0.0,,0.05,0.0,0.5608611404895782,1.0,0.0,1.1969475597143173,0.014993700111517683,0.0,9031.981358498335,0.024654374225065112,0.0,0.0,1.4624723941087723,0.12462984398007393,0.11002554092556238,2.4343524463214198e-14,0.04541406990028918,7.689242738706525e-05,7.689242738706525e-05,0.5564588569104671,7.689242738706525e-05,0.006382607447449118,0.5594752207398415,0.5622915551066399,0.9530168796579043,0.9530168796579043,0.12906437328395745,0.4405124858021736,0.0,0.8898277878761292,0.25,1.0774961709976196,3.9681008085608482,0.0,10.35157561302185,2.9271080165926833e-05,2.1394971270183305e-06,0.0,0.013537554652430117,0.0,0.16,hamiltonian_verlet,0.2,12,1.0,1.0,2.0,0.0001,64,gaussian
no_transport,2,0.020115702005568892,branch_id_v3,0.02,2.0,12,0.0,1.0,24,wave,0.0,0.016408858728633884,0.0,0.01263375154909833,0.0,0.007521725608967245,9.177258821561433e-05,0.006388358354646091,0.03577407131281992,0.09871010975136112,0.06343691128616531,gabor_gaussian,12,1.0,,64,1.0,0.16,1,0.0001,0.05,proxy_0.20_0.05,16,0,0,0,2.0,shell_balanced,MiNO-Plus,MiNO-Plus_wingaussian_modshell_balanced_K12_modes16_patch16_ref0.05_rlp0.16_hfc0.16_rb-5_pdo0_diss0_symord0_symparspectral_order_wfconf2_trhamiltonian_verlet_framegabor_gaussian_sparse1_sklp0.16_tsyn1_tin1_tref0,False,1,0.05,347000,16,-2.0,0.0,0.05,,0.16,synthetic,2,0.5,-5.0,0.05,run,branch_id_v3_wave_synth_proxy_0p20_0p05_no_transport_11_hamiltonian_verlet_gabor_gaussian_True_2p0_0p16_0p16_0p16_1p0_1p0_0p0_2p0_0p01_0p05_1p0_2p0_12_12,46.568270499999926,wave_synth,11,0.16,,synthetic,True,8,0.0,0.01,0.0,,0.05,0.0,0.5297146551311016,1.0,0.0,1.2120222747325897,0.008828488527797163,0.0,11890.22760605812,0.022863259306177497,0.0,0.0,1.470943957567215,0.06733965268358588,0.05996417417190969,1.8380600449979096e-14,0.024401964736171067,3.106380285089472e-05,3.106380285089472e-05,0.5271392613649368,3.106380285089472e-05,0.006445319333579391,0.5303114429116249,0.5332694612443447,0.9325107509891192,0.9325107509891192,0.18758353799542724,0.23826278001070023,0.0,0.840242326259613,0.25,1.0774961709976196,6.832262247800827,0.0,8.37464314699173,2.564295277807105e-05,2.2668898864708353e-06,0.0,0.012401188665535301,0.0,0.16,hamiltonian_verlet,0.2,12,1.0,1.0,2.0,0.0001,64,gaussian
no_transport,2,0.013045925530605018,branch_id_v3,0.02,2.0,12,0.0,1.0,24,wave,0.0,0.015446640017520016,0.0,0.011365231330273673,0.0,0.007103421846598697,0.00011190242969405517,0.006384717698286598,0.024924134525159996,0.09450283755237858,0.06414487375877798,gabor_gaussian,12,1.0,,64,1.0,0.16,1,0.0001,0.05,proxy_0.20_0.05,16,0,0,0,2.0,shell_balanced,MiNO-Plus,MiNO-Plus_wingaussian_modshell_balanced_K12_modes16_patch16_ref0.05_rlp0.16_hfc0.16_rb-5_pdo0_diss0_symord0_symparspectral_order_wfconf2_trhamiltonian_verlet_framegabor_gaussian_sparse1_sklp0.16_tsyn1_tin1_tref0,False,1,0.05,347000,16,-2.0,0.0,0.05,,0.16,synthetic,2,0.5,-5.0,0.05,run,branch_id_v3_wave_synth_proxy_0p20_0p05_no_transport_19_hamiltonian_verlet_gabor_gaussian_True_2p0_0p16_0p16_0p16_1p0_1p0_0p0_2p0_0p01_0p05_1p0_2p0_12_12,48.284618699999555,wave_synth,19,0.16,,synthetic,True,8,0.0,0.01,0.0,,0.05,0.0,0.5320573151111603,1.0,0.0,1.1030088141560555,0.011967024416662753,0.0,20879.175474686548,0.023434233851730824,0.0,0.0,1.4769211113452911,0.11277043726295233,0.0998364444822073,2.2546537077592385e-14,0.03938100556842983,8.288199842354516e-05,8.288199842354516e-05,0.528067771345377,8.288199842354516e-05,0.006396811339072883,0.5313943922519684,0.5343199893832207,0.918116724739472,0.918116724739472,0.16300091985613108,0.7773980125784874,0.0,0.8824138939380646,0.25,1.0774961709976196,3.000800520181656,0.0,9.310600697994232,3.065450187023089e-05,1.563595496634207e-06,0.0,0.012575236149132252,0.0,0.16,hamiltonian_verlet,0.2,12,1.0,1.0,2.0,0.0001,64,gaussian
randomized_metadata,2,0.02768603665754199,branch_id_v3,0.02,2.0,12,0.0,1.0,24,wave,0.0,0.035676816070917994,0.0,0.03135458364461859,0.0,0.006938923055713531,4.700085994476429e-07,0.006443258442838366,0.0016088292710871126,0.11861656427693863,0.04063049199370047,gabor_gaussian,12,1.0,,64,1.0,0.16,1,0.0001,0.05,proxy_0.20_0.05,16,0,0,0,2.0,shell_balanced,MiNO-Plus,MiNO-Plus_wingaussian_modshell_balanced_K12_modes16_patch16_ref0.05_rlp0.16_hfc0.16_rb-5_pdo0_diss0_symord0_symparspectral_order_wfconf2_trhamiltonian_verlet_framegabor_gaussian_sparse1_sklp0.16_tsyn1_tin1_tref0,False,1,0.05,1059764,16,-2.0,0.0,0.05,,0.16,synthetic,2,0.5,-5.0,0.05,run,branch_id_v3_wave_synth_proxy_0p20_0p05_randomized_metadata_7_hamiltonian_verlet_gabor_gaussian_True_2p0_0p16_0p16_0p16_1p0_1p0_0p0_2p0_0p01_0p05_1p0_2p0_12_12,134.9215980000008,wave_synth,7,0.16,,synthetic,True,8,0.0,0.01,0.0,,0.05,0.46205826103687286,0.8809732422232628,1.0,0.0,2.1189447790384293,0.03856673138216138,0.46205826103687286,6683.003306046128,0.18344270065426826,0.0,0.0,1.5202906876802444,0.007710752775892615,0.007564187340904027,1.8332296066821314e-14,0.001327296980889514,3.56038754034671e-07,3.56038754034671e-07,0.899475060403347,3.56038754034671e-07,0.006455980823375285,0.8867616951465607,0.8921684548258781,0.8902000673115253,0.8902000673115253,0.042901697255122904,0.4917147308588028,0.0,0.8898277878761292,0.25,1.0774961709976196,3.9681008085608482,0.17929270025342703,5.1978636384010315,12.102183818817139,0.3326635882258415,0.0,0.13142765499651432,0.0,0.16,hamiltonian_verlet,0.2,12,1.0,1.0,2.0,0.0001,64,gaussian
randomized_metadata,2,0.03349324781447649,branch_id_v3,0.02,2.0,12,0.0,1.0,24,wave,0.0,0.03350616582126046,0.0,0.0290253319205173,0.0,0.007540266205372366,2.08868961948383e-06,0.006412263251453017,0.0012234955429448746,0.12518669804558158,0.04254669820268949,gabor_gaussian,12,1.0,,64,1.0,0.16,1,0.0001,0.05,proxy_0.20_0.05,16,0,0,0,2.0,shell_balanced,MiNO-Plus,MiNO-Plus_wingaussian_modshell_balanced_K12_modes16_patch16_ref0.05_rlp0.16_hfc0.16_rb-5_pdo0_diss0_symord0_symparspectral_order_wfconf2_trhamiltonian_verlet_framegabor_gaussian_sparse1_sklp0.16_tsyn1_tin1_tref0,False,1,0.05,1059764,16,-2.0,0.0,0.05,,0.16,synthetic,2,0.5,-5.0,0.05,run,branch_id_v3_wave_synth_proxy_0p20_0p05_randomized_metadata_11_hamiltonian_verlet_gabor_gaussian_True_2p0_0p16_0p16_0p16_1p0_1p0_0p0_2p0_0p01_0p05_1p0_2p0_12_12,131.44050719999723,wave_synth,11,0.16,,synthetic,True,8,0.0,0.01,0.0,,0.05,0.45725569501519203,0.9238264337182045,1.0,0.0,2.404548317193985,0.028291294816881418,0.45725569501519203,54330.307165920734,0.24954194948077202,0.0,0.0,1.5100934356451035,0.013680351432412863,0.01330474647693336,1.7105497379973206e-14,0.002847722906153649,1.4759865329949662e-06,1.4759865329949662e-06,0.9233952090144157,1.4759865329949662e-06,0.006422295235097408,0.9298029690980911,0.9347214549779892,0.8481334758301576,0.8481334758301576,0.036116761698698006,0.28644660860300064,0.0,0.840242326259613,0.25,1.0774961709976196,6.832262247800827,0.17448594079663357,4.826134383678436,9.91366970539093,1.0129253193736076,0.0,0.1233700355514884,0.0,0.16,hamiltonian_verlet,0.2,12,1.0,1.0,2.0,0.0001,64,gaussian
randomized_metadata,2,0.029118218459188938,branch_id_v3,0.02,2.0,12,0.0,1.0,24,wave,0.0,0.03157826736181354,0.0,0.026844908657949418,0.0,0.007154677858731399,1.9508076416485665e-06,0.006413129138915489,0.009934630147957554,0.12088738350818555,0.0422390402139475,gabor_gaussian,12,1.0,,64,1.0,0.16,1,0.0001,0.05,proxy_0.20_0.05,16,0,0,0,2.0,shell_balanced,MiNO-Plus,MiNO-Plus_wingaussian_modshell_balanced_K12_modes16_patch16_ref0.05_rlp0.16_hfc0.16_rb-5_pdo0_diss0_symord0_symparspectral_order_wfconf2_trhamiltonian_verlet_framegabor_gaussian_sparse1_sklp0.16_tsyn1_tin1_tref0,False,1,0.05,1059764,16,-2.0,0.0,0.05,,0.16,synthetic,2,0.5,-5.0,0.05,run,branch_id_v3_wave_synth_proxy_0p20_0p05_randomized_metadata_19_hamiltonian_verlet_gabor_gaussian_True_2p0_0p16_0p16_0p16_1p0_1p0_0p0_2p0_0p01_0p05_1p0_2p0_12_12,133.38792580000154,wave_synth,19,0.16,,synthetic,True,8,0.0,0.01,0.0,,0.05,0.4625074900686741,0.8779683634638786,1.0,0.0,2.185966670513153,0.029664790956303477,0.4625074900686741,77785.4939448759,0.21138883847743273,0.0,0.0,1.5472561120986938,0.005929256498347968,0.005820320366183296,1.687105094215095e-14,0.0009911210654536262,2.6421610144211627e-07,2.6421610144211627e-07,0.8774143680930138,2.6421610144211627e-07,0.006474509253166616,0.8838149905204773,0.8891217336058617,0.8354726992547512,0.8354726992547512,0.10804235997299354,0.314151294529438,0.0,0.8824138939380646,0.25,1.0774961709976196,3.000800520181656,0.21102353713164726,5.101628422737122,11.233704924583435,1.092915691435337,0.0,0.11813490651547909,0.0,0.16,hamiltonian_verlet,0.2,12,1.0,1.0,2.0,0.0001,64,gaussian
no_symbol,2,0.004147991887293756,branch_id_v3,0.02,2.0,12,0.0,1.0,24,wave,0.0,0.004745307885362611,0.0,0.0007794991664316816,0.0,0.006683238820793728,9.610616467625732e-05,0.006370940216584131,0.0,0.09297777937414746,0.062480729538947344,gabor_gaussian,12,1.0,,64,1.0,0.16,1,0.0001,0.05,proxy_0.20_0.05,16,0,0,0,2.0,shell_balanced,MiNO-Plus,MiNO-Plus_wingaussian_modshell_balanced_K12_modes16_patch16_ref0.05_rlp0.16_hfc0.16_rb-5_pdo0_diss0_symord0_symparspectral_order_wfconf2_trhamiltonian_verlet_framegabor_gaussian_sparse1_sklp0.16_tsyn1_tin1_tref0,False,1,0.05,854708,16,-2.0,0.0,0.05,,0.16,synthetic,2,0.5,-5.0,0.05,run,branch_id_v3_wave_synth_proxy_0p20_0p05_no_symbol_7_hamiltonian_verlet_gabor_gaussian_True_2p0_0p16_0p16_0p16_1p0_1p0_0p0_2p0_0p01_0p05_1p0_2p0_12_12,119.46286809999947,wave_synth,7,0.16,,synthetic,True,8,0.0,0.01,0.0,,0.05,0.01132686308119446,0.30948981270194054,1.0,0.0,0.8071951791644096,0.004559839464491233,0.01132686308119446,4523.618604835123,0.026558817480690777,0.0,0.0,1.415381744503975,0.15807150024920702,0.14369467366486788,2.3131612380414084e-14,0.05039996257983148,0.0001315801691816887,0.0001315801691816887,0.30078332871198654,0.0001315801691816887,0.006359159771818668,0.3027889207005501,0.30416615679860115,0.0,0.0,0.0,1.7249926775693893,0.0,0.8898277878761292,0.25,1.0774961709976196,3.9681008085608482,0.6602066606283188,8.91100960969925,5.960806787014008,0.44175924733281136,0.7880445520083109,0.011038596683647484,0.0,0.16,hamiltonian_verlet,0.2,12,1.0,1.0,2.0,0.0001,64,gaussian
no_symbol,2,0.003929107420844957,branch_id_v3,0.02,2.0,12,0.0,1.0,24,wave,0.0,0.00495858632348245,0.0,0.000826675715870806,0.0,0.007200619435025146,0.00015379269927962014,0.006366896520679195,0.0,0.1000712321838364,0.06336046677703659,gabor_gaussian,12,1.0,,64,1.0,0.16,1,0.0001,0.05,proxy_0.20_0.05,16,0,0,0,2.0,shell_balanced,MiNO-Plus,MiNO-Plus_wingaussian_modshell_balanced_K12_modes16_patch16_ref0.05_rlp0.16_hfc0.16_rb-5_pdo0_diss0_symord0_symparspectral_order_wfconf2_trhamiltonian_verlet_framegabor_gaussian_sparse1_sklp0.16_tsyn1_tin1_tref0,False,1,0.05,854708,16,-2.0,0.0,0.05,,0.16,synthetic,2,0.5,-5.0,0.05,run,branch_id_v3_wave_synth_proxy_0p20_0p05_no_symbol_11_hamiltonian_verlet_gabor_gaussian_True_2p0_0p16_0p16_0p16_1p0_1p0_0p0_2p0_0p01_0p05_1p0_2p0_12_12,118.98437510000076,wave_synth,11,0.16,,synthetic,True,8,0.0,0.01,0.0,,0.05,0.011828070506453514,0.3294234797358513,1.0,0.0,0.9021457806229591,0.004383367937407456,0.011828070506453514,30671.978848084807,0.030259516090154648,0.0,0.0,1.415147602558136,0.13220245856791735,0.11831853818148375,2.2916715674772695e-14,0.04418665263801813,0.00012506877487794554,0.00012506877487794554,0.3218378871679306,0.00012506877487794554,0.006379611499141902,0.3242511674761772,0.32597501389682293,0.0,0.0,0.0,0.9342689514160156,0.0,0.840242326259613,0.25,1.0774961709976196,6.832262247800827,0.6225686967372894,7.112815856933594,4.427202790975571,0.7917450442910194,0.754411398122708,0.009441236907150596,0.0,0.16,hamiltonian_verlet,0.2,12,1.0,1.0,2.0,0.0001,64,gaussian
no_symbol,2,0.004237306522554718,branch_id_v3,0.02,2.0,12,0.0,1.0,24,wave,0.0,0.005121901696838904,0.0,0.0007604167403769679,0.0,0.006863621301211727,0.00015149922163952093,0.006370937849472587,0.0,0.0950944737996906,0.06413252162747085,gabor_gaussian,12,1.0,,64,1.0,0.16,1,0.0001,0.05,proxy_0.20_0.05,16,0,0,0,2.0,shell_balanced,MiNO-Plus,MiNO-Plus_wingaussian_modshell_balanced_K12_modes16_patch16_ref0.05_rlp0.16_hfc0.16_rb-5_pdo0_diss0_symord0_symparspectral_order_wfconf2_trhamiltonian_verlet_framegabor_gaussian_sparse1_sklp0.16_tsyn1_tin1_tref0,False,1,0.05,854708,16,-2.0,0.0,0.05,,0.16,synthetic,2,0.5,-5.0,0.05,run,branch_id_v3_wave_synth_proxy_0p20_0p05_no_symbol_19_hamiltonian_verlet_gabor_gaussian_True_2p0_0p16_0p16_0p16_1p0_1p0_0p0_2p0_0p01_0p05_1p0_2p0_12_12,120.55727190000107,wave_synth,19,0.16,,synthetic,True,8,0.0,0.01,0.0,,0.05,0.011623182101175189,0.2805126868188381,1.0,0.0,0.8012189492583275,0.002971491077914834,0.011623182101175189,37608.07220515981,0.022948899830225855,0.0,0.0,1.4423811435699463,0.15381956193596125,0.14041903242468834,2.2733713359485456e-14,0.04678946826606989,0.0001635937378523522,0.0001635937378523522,0.2722323089838028,0.0001635937378523522,0.006359609717037529,0.2748400680720806,0.2766596060246229,0.0,0.0,0.0,1.6278196424245834,0.0,0.8824138939380646,0.25,1.0774961709976196,3.000800520181656,0.6768420916050673,7.79798698425293,5.405413180589676,0.48237351328134537,0.8035156900684038,0.011082477401942015,0.0,0.16,hamiltonian_verlet,0.2,12,1.0,1.0,2.0,0.0001,64,gaussian
oracle_transport,2,,branch_id_v3,0.02,,12,,,24,,,,,,,,,,,,,gabor_gaussian,12,,local_smoke,,1.0,0.16,,,,proxy_0.20_0.05,,,,,2.0,,,,,,0.05,,,,,,,0.16,,,,,,skipped,branch_id_v3_wave_synth_proxy_0p20_0p05_oracle_transport_7_hamiltonian_verlet_gabor_gaussian_spectral_order_True_2p0_0p16_0p16_2p0_0p01_0p05_1p0_2p0_12_12,,wave_synth,7,,"oracle_transport requires a known packet-center flow; supported scenarios are ['wave_bicharacteristic_control', 'wave_chirp_propagation', 'wave_two_packet_no_interaction'].",,True,,0.0,0.01,0.0,spectral_order,,,,,,,,,,,,,,,,,,,,,,,,,,,,,,,,,,,,,,,,,0.16,hamiltonian_verlet,,,,,2.0,,,
oracle_transport,2,,branch_id_v3,0.02,,12,,,24,,,,,,,,,,,,,gabor_gaussian,12,,local_smoke,,1.0,0.16,,,,proxy_0.20_0.05,,,,,2.0,,,,,,0.05,,,,,,,0.16,,,,,,skipped,branch_id_v3_wave_synth_proxy_0p20_0p05_oracle_transport_11_hamiltonian_verlet_gabor_gaussian_spectral_order_True_2p0_0p16_0p16_2p0_0p01_0p05_1p0_2p0_12_12,,wave_synth,11,,"oracle_transport requires a known packet-center flow; supported scenarios are ['wave_bicharacteristic_control', 'wave_chirp_propagation', 'wave_two_packet_no_interaction'].",,True,,0.0,0.01,0.0,spectral_order,,,,,,,,,,,,,,,,,,,,,,,,,,,,,,,,,,,,,,,,,0.16,hamiltonian_verlet,,,,,2.0,,,
oracle_transport,2,,branch_id_v3,0.02,,12,,,24,,,,,,,,,,,,,gabor_gaussian,12,,local_smoke,,1.0,0.16,,,,proxy_0.20_0.05,,,,,2.0,,,,,,0.05,,,,,,,0.16,,,,,,skipped,branch_id_v3_wave_synth_proxy_0p20_0p05_oracle_transport_19_hamiltonian_verlet_gabor_gaussian_spectral_order_True_2p0_0p16_0p16_2p0_0p01_0p05_1p0_2p0_12_12,,wave_synth,19,,"oracle_transport requires a known packet-center flow; supported scenarios are ['wave_bicharacteristic_control', 'wave_chirp_propagation', 'wave_two_packet_no_interaction'].",,True,,0.0,0.01,0.0,spectral_order,,,,,,,,,,,,,,,,,,,,,,,,,,,,,,,,,,,,,,,,,0.16,hamiltonian_verlet,,,,,2.0,,,
uno_plus_same_refine,2,0.0009332249683211558,branch_id_v3,0.02,2.0,12,0.0,1.0,24,wave,0.0,0.0009242120916799953,0.0,0.0006921009092669314,0.0,0.0,2.8151412451160596e-10,0.0063401045626960695,0.0,0.0,0.0,gabor_gaussian,12,1.0,,64,1.0,0.16,1,0.0001,0.05,proxy_0.20_0.05,16,0,0,0,2.0,shell_balanced,UNO+SameRefine,UNOplusSameRefine_same_ref0.05,False,1,0.05,1205579,16,-2.0,0.0,0.05,,0.16,synthetic,2,0.5,-5.0,0.05,run,branch_id_v3_wave_synth_proxy_0p20_0p05_uno_plus_same_refine_7_hamiltonian_verlet_gabor_gaussian_True_2p0_0p16_0p16_0p16_1p0_1p0_0p0_2p0_0p01_0p05_1p0_2p0_12_12,17.719086900000548,wave_synth,7,0.16,,synthetic,True,8,0.0,0.01,0.0,,0.05,0.0,0.14971832372248173,0.0,0.0,0.8235983848571777,0.001043962940457277,0.0,1041.521064528264,0.01827821767074056,0.0,0.0,1.424679234623909,0.0002609209877846297,0.00020189335373288486,1.692473387864468e-14,0.00016152148054970894,2.359248438971173e-10,2.359248438971173e-10,0.1497185006737709,2.359248438971173e-10,0.006325029477011412,0.15543757937848568,0.15976097248494625,0.0,0.0,0.0,0.9540332108736038,0.0,0.0,0.0,0.0,0.0,0.0,0.0,0.0,0.0,0.0,0.011857576377224177,0.0,0.16,hamiltonian_verlet,0.2,12,1.0,1.0,2.0,0.0001,64,gaussian
uno_plus_same_refine,2,0.001165975430922117,branch_id_v3,0.02,2.0,12,0.0,1.0,24,wave,0.0,0.0009635853639338166,0.0,0.0007111313880159287,0.0,0.0,5.547877657853065e-10,0.006340103592568387,0.0,0.0,0.0,gabor_gaussian,12,1.0,,64,1.0,0.16,1,0.0001,0.05,proxy_0.20_0.05,16,0,0,0,2.0,shell_balanced,UNO+SameRefine,UNOplusSameRefine_same_ref0.05,False,1,0.05,1205579,16,-2.0,0.0,0.05,,0.16,synthetic,2,0.5,-5.0,0.05,run,branch_id_v3_wave_synth_proxy_0p20_0p05_uno_plus_same_refine_11_hamiltonian_verlet_gabor_gaussian_True_2p0_0p16_0p16_0p16_1p0_1p0_0p0_2p0_0p01_0p05_1p0_2p0_12_12,19.532075399998575,wave_synth,11,0.16,,synthetic,True,8,0.0,0.01,0.0,,0.05,0.0,0.1576890805736184,0.0,0.0,0.8989464342594147,0.0008030525932554156,0.0,2829.389199629426,0.009310111025115475,0.0,0.0,1.3968476206064224,0.0002975260740640806,0.00026828247791854665,1.6725857001255592e-14,0.00011451544742158148,5.541650957563427e-10,5.541650957563427e-10,0.15768900699913502,5.541650957563427e-10,0.006354598561301827,0.16336914617568254,0.16758716385811567,0.0,0.0,0.0,0.8315739035606384,0.0,0.0,0.0,0.0,0.0,0.0,0.0,0.0,0.0,0.0,0.013132602558471262,0.0,0.16,hamiltonian_verlet,0.2,12,1.0,1.0,2.0,0.0001,64,gaussian
uno_plus_same_refine,2,0.0009391852545377333,branch_id_v3,0.02,2.0,12,0.0,1.0,24,wave,0.0,0.0009029957460976826,0.0,0.0006682850362267345,0.0,0.0,8.186690602050387e-10,0.006340103136608377,0.0,0.0,0.0,gabor_gaussian,12,1.0,,64,1.0,0.16,1,0.0001,0.05,proxy_0.20_0.05,16,0,0,0,2.0,shell_balanced,UNO+SameRefine,UNOplusSameRefine_same_ref0.05,False,1,0.05,1205579,16,-2.0,0.0,0.05,,0.16,synthetic,2,0.5,-5.0,0.05,run,branch_id_v3_wave_synth_proxy_0p20_0p05_uno_plus_same_refine_19_hamiltonian_verlet_gabor_gaussian_True_2p0_0p16_0p16_0p16_1p0_1p0_0p0_2p0_0p01_0p05_1p0_2p0_12_12,19.40085750000071,wave_synth,19,0.16,,synthetic,True,8,0.0,0.01,0.0,,0.05,0.0,0.15445264242589474,0.0,0.0,0.8012165725231171,0.0009102523181354627,0.0,5301.632789075375,0.01653188798809424,0.0,0.0,1.425290584564209,0.00039181440297397785,0.0003627463956945576,5.91409335791928e-15,0.00014304510932561243,9.016260932304121e-10,9.016260932304121e-10,0.1544534545391798,9.016260932304121e-10,0.006354582845233381,0.16014174558222294,0.16431992314755917,0.0,0.0,0.0,0.7437086924910545,0.0,0.0,0.0,0.0,0.0,0.0,0.0,0.0,0.0,0.0,0.010995572025422007,0.0,0.16,hamiltonian_verlet,0.2,12,1.0,1.0,2.0,0.0001,64,gaussian
wno_plus_same_refine,2,0.0011603874736465514,branch_id_v3,0.02,2.0,12,0.0,1.0,24,wave,0.0,0.0011236275167902932,0.0,0.0008488784454433093,0.0,0.0,1.5393912545143735e-09,0.00634010059487385,0.0,0.0,0.0,gabor_gaussian,12,1.0,,64,1.0,0.16,1,0.0001,0.05,proxy_0.20_0.05,16,0,0,0,2.0,shell_balanced,WNO-style+SameRefine,WNO-styleplusSameRefine_same_ref0.05,False,1,0.05,47749,16,-2.0,0.0,0.05,,0.16,synthetic,2,0.5,-5.0,0.05,run,branch_id_v3_wave_synth_proxy_0p20_0p05_wno_plus_same_refine_7_hamiltonian_verlet_gabor_gaussian_True_2p0_0p16_0p16_0p16_1p0_1p0_0p0_2p0_0p01_0p05_1p0_2p0_12_12,7.385786700000608,wave_synth,7,0.16,,synthetic,True,8,0.0,0.01,0.0,,0.05,0.0,0.1637722235172987,0.0,0.0,0.8430301919579506,0.001265971404791344,0.0,772.9783976022154,0.019542419584468007,0.0,0.0,1.4217136204242706,0.0007300938814296387,0.0004902201326331124,1.4913195376823956e-14,0.0004903281223960221,1.4197583317332452e-09,1.4197583317332452e-09,0.16376982629299164,1.4197583317332452e-09,0.006325026508420706,0.1689982246607542,0.17280403338372707,0.0,0.0,0.0,2.879118800163269,0.0,0.0,0.0,0.0,0.0,0.0,0.0,0.0,0.0,0.0,0.017764694639481604,0.0,0.16,hamiltonian_verlet,0.2,12,1.0,1.0,2.0,0.0001,64,gaussian
wno_plus_same_refine,2,0.0013489360208041035,branch_id_v3,0.02,2.0,12,0.0,1.0,24,wave,0.0,0.00109915979555808,0.0,0.0008188240074863037,0.0,0.0,5.602548064365109e-09,0.006340097083011642,0.0,0.0,0.0,gabor_gaussian,12,1.0,,64,1.0,0.16,1,0.0001,0.05,proxy_0.20_0.05,16,0,0,0,2.0,shell_balanced,WNO-style+SameRefine,WNO-styleplusSameRefine_same_ref0.05,False,1,0.05,47749,16,-2.0,0.0,0.05,,0.16,synthetic,2,0.5,-5.0,0.05,run,branch_id_v3_wave_synth_proxy_0p20_0p05_wno_plus_same_refine_11_hamiltonian_verlet_gabor_gaussian_True_2p0_0p16_0p16_0p16_1p0_1p0_0p0_2p0_0p01_0p05_1p0_2p0_12_12,6.966726500002551,wave_synth,11,0.16,,synthetic,True,8,0.0,0.01,0.0,,0.05,0.0,0.16627225931733847,0.0,0.0,0.900565080344677,0.0008948771064751782,0.0,2707.531853619963,0.015507353120483458,0.0,0.0,1.449923500418663,0.00110100835445337,0.000966290979704354,9.058922079678176e-15,0.00047189452379825525,6.901856197671918e-09,6.901856197671918e-09,0.1662773909047246,6.901856197671918e-09,0.006325060152448714,0.17145206965506077,0.1753425095230341,0.0,0.0,0.0,3.7571089565753937,0.0,0.0,0.0,0.0,0.0,0.0,0.0,0.0,0.0,0.0,0.020064629148691893,0.0,0.16,hamiltonian_verlet,0.2,12,1.0,1.0,2.0,0.0001,64,gaussian
wno_plus_same_refine,2,0.0010732395894592628,branch_id_v3,0.02,2.0,12,0.0,1.0,24,wave,0.0,0.001049546066496987,0.0,0.0007841466200867823,0.0,0.0,1.1910749955768019e-09,0.006340104038827121,0.0,0.0,0.0,gabor_gaussian,12,1.0,,64,1.0,0.16,1,0.0001,0.05,proxy_0.20_0.05,16,0,0,0,2.0,shell_balanced,WNO-style+SameRefine,WNO-styleplusSameRefine_same_ref0.05,False,1,0.05,47749,16,-2.0,0.0,0.05,,0.16,synthetic,2,0.5,-5.0,0.05,run,branch_id_v3_wave_synth_proxy_0p20_0p05_wno_plus_same_refine_19_hamiltonian_verlet_gabor_gaussian_True_2p0_0p16_0p16_0p16_1p0_1p0_0p0_2p0_0p01_0p05_1p0_2p0_12_12,6.927160600000207,wave_synth,19,0.16,,synthetic,True,8,0.0,0.01,0.0,,0.05,0.0,0.1615825779736042,0.0,0.0,0.791793704032898,0.0010029314289567992,0.0,6501.372047344223,0.02023900975473225,0.0,0.0,1.4535071104764938,0.000552649624296464,0.00035472756462695543,1.7617347002142126e-14,0.00037804083513037767,9.830772099150842e-10,9.830772099150842e-10,0.1615812610834837,9.830772099150842e-10,0.006325027148704976,0.1666351519525051,0.17038288712501526,0.0,0.0,0.0,3.6108393371105194,0.0,0.0,0.0,0.0,0.0,0.0,0.0,0.0,0.0,0.0,0.01614455913659185,0.0,0.16,hamiltonian_verlet,0.2,12,1.0,1.0,2.0,0.0001,64,gaussian
