ablation,batch_size,best_val_loss,branch_diversity_weight,branch_entropy_weight,branch_routing,branch_synthesis,campaign,canonical_loss_weight,core_field_weight,core_warmup_epochs,dissipative_symbol_scale,dissipative_time_step,effective_metadata_flow_loss_weight,epochs,family,final_train_branch_diversity_loss,final_train_branch_entropy_loss,final_train_canonical_consistency,final_train_core_field_loss,final_train_core_warmup_loss,final_train_highfreq_core_loss,final_train_metadata_flow_loss,final_train_packet_space_loss,final_train_residual_energy,final_train_route_l1,final_train_symbol_order_loss,final_train_symbol_proxy,final_train_transport_proxy,frame_type,freeze_refinement_epochs,grad_clip_norm,height,highfreq_core_loss_weight,highfreq_cutoff,in_channels,learning_rate,local_refine_scale,loss_config,max_modes,max_test_samples,max_train_samples,max_val_samples,metadata_flow_loss_weight,mode_strategy,model,model_variant,num_canonical_branches,oom_fallback,out_channels,packet_space_loss_weight,parameters,patch_size,pdo_symbol_order,pdo_symbol_scale,proxy_temperature,reference_source,refine_lowpass_cutoff,regime,requested_batch_size,residual_energy_weight,route_bias_init,route_l1_weight,row_type,run_id,runtime_seconds,scenario,seed,skip_lowpass_cutoff,source_kind,sparse_topk,stride,symbol_order,symbol_order_loss_weight,symbol_order_target,symbol_proxy_weight,test_branch_diversity,test_branch_entropy,test_branch_spread,test_branch_usage_max,test_canonical_flow_error,test_core_relative_l2,test_dissipative_multiplier_mean,test_dissipative_symbol_norm,test_high_frequency_relative_error_proxy,test_loss,test_metadata_shift_norm,test_packet_consistency,test_packet_wavefront_localization_error,test_pdo_identity_norm,test_pdo_identity_order_proxy,test_phase_error,test_raw_refine_correction_norm,test_refine_correction_norm,test_refine_high_frequency_fraction,test_refine_lowpass_removed_norm,test_refine_relative_energy,test_refinement_energy,test_relative_l2,test_residual_energy,test_route_mean,test_sobolev_h1_error_proxy,test_sobolev_h2_error_proxy,test_symbol_budget,test_symbol_error_proxy,test_symbol_order_proxy,test_symbol_order_scaling_error_proxy,test_symplectic_defect_proxy,test_tokenizer_active_fraction,test_tokenizer_covering_radius,test_tokenizer_phase_window_diameter,test_tokenizer_reconstruction_error,test_transport_budget,test_transported_input_norm,test_transported_input_shift_norm,test_transported_landing_gate,test_transported_landing_norm,test_transported_synthesis_shift_norm,test_wavefront_confidence_proxy,test_wf_transport_error_proxy,token_refine_scale,transport_highpass_cutoff,transport_parameterization,transport_proxy_weight,transport_stencil,transported_decoder_channels,transported_decoder_scale,transported_decoder_transport_gate,transported_input_scale,transported_synthesis_mode,transported_synthesis_scale,wavefront_confidence_scale,weight_decay,width,window_type
full,1,0.2854713499546051,0.01,0.01,metadata_softmax,sum,helmholtz_branched_highk,0.02,2.0,2,0.0,1.0,0.0,4,helmholtz_highk,0.0023024281254038215,0.010877644643187523,0.0,0.3019445240497589,0.0,0.1869395300745964,0.0,0.179028432816267,3.308608942376168e-10,0.006691187620162964,0.0024681207141838968,0.6213123500347137,0.04833287559449673,anisotropic_gabor,2,1.0,192,1.0,0.16,3,0.0001,0.05,proxy_0.20_0.05,8,1,2,1,0.0,shell_balanced,MiNO-Plus,MiNO-Plus_wingaussian_modshell_balanced_K6_modes8_patch16_ref0.05_rlp0.16_hfc0.16_rb-5_pdo0_diss0_symord0_symparspectral_order_wfconf2_trhamiltonian_verlet_frameanisotropic_gabor_sparse1_sklp0.16_tsyn1_tin1_tsmwarp_tdec1x16_tdgate1_tref0_br3_brroutemetadata_softmax_brent0.01_brdiv0.01,3,False,1,0.05,1696301,16,-2.0,0.0,0.05,,0.16,control,1,0.5,-5.0,0.05,run,helmholtz_branched_highk_helmholtz_highk_control_proxy_0p20_0p05_full_7_hamiltonian_verlet_anisotropic_gabor_True_2p0_0p16_0p16_0p16_1p0_1p0_warp_16_1p0_True_0p0_3_metadata_softmax_0p01_0p01_0p0_0p01_0p05_1p0_0p0_2_2,98.23388270000214,helmholtz_highk_control,7,0.16,tcno_cache,True,16,0.0,0.01,0.0,0.05,0.6613114029169083,1.0865342617034912,0.00032665598700987175,0.3807823956012726,0.0014861122472211719,0.5458617806434631,1.0,0.0,51.87165832519531,0.29796478152275085,0.0014861122472211719,0.3746531307697296,0.02918226271867752,0.0,1.1011026617400999e-12,1.5330724716186523,0.0038150264881551266,0.0036923836451023817,9.887537566043852e-15,0.0009595467709004879,3.698377715188883e-10,3.698377715188883e-10,0.545861542224884,3.698377715188883e-10,0.006690192501991987,0.548282265663147,0.5504279732704163,0.24037554115056992,0.24037554115056992,-0.015001269057393074,0.003985881805419922,0.0,1.0,0.06372366100549698,1.3623838424682617,0.7317731380462646,0.08416279591619968,58.140377044677734,15.8192720413208,0.36043980717658997,0.05117415636777878,0.19545267522335052,0.8758101016283035,0.05317742004990578,0.0,0.16,hamiltonian_verlet,0.2,6,16,1.0,True,1.0,warp,1.0,2.0,0.0001,192,gaussian
full,1,0.2947303056716919,0.01,0.01,metadata_softmax,sum,helmholtz_branched_highk,0.02,2.0,2,0.0,1.0,0.0,4,helmholtz_highk,0.003247407963499427,0.016110869124531746,0.0,0.30278803408145905,0.0,0.1877094730734825,0.0,0.17923608049750328,9.1035387561611e-11,0.006691193440929055,0.0016534018313336674,0.6214478611946106,0.0483161099255085,anisotropic_gabor,2,1.0,192,1.0,0.16,3,0.0001,0.05,proxy_0.20_0.05,8,1,2,1,0.0,shell_balanced,MiNO-Plus,MiNO-Plus_wingaussian_modshell_balanced_K6_modes8_patch16_ref0.05_rlp0.16_hfc0.16_rb-5_pdo0_diss0_symord0_symparspectral_order_wfconf2_trhamiltonian_verlet_frameanisotropic_gabor_sparse1_sklp0.16_tsyn1_tin1_tsmwarp_tdec1x16_tdgate1_tref0_br3_brroutemetadata_softmax_brent0.01_brdiv0.01,3,False,1,0.05,1696301,16,-2.0,0.0,0.05,,0.16,control,1,0.5,-5.0,0.05,run,helmholtz_branched_highk_helmholtz_highk_control_proxy_0p20_0p05_full_11_hamiltonian_verlet_anisotropic_gabor_True_2p0_0p16_0p16_0p16_1p0_1p0_warp_16_1p0_True_0p0_3_metadata_softmax_0p01_0p01_0p0_0p01_0p05_1p0_0p0_2_2,98.06892829999924,helmholtz_highk_control,11,0.16,tcno_cache,True,16,0.0,0.01,0.0,0.05,0.6562585532665253,1.0807359516620636,0.0003315942085464485,0.39035436511039734,0.0012115933932363987,0.5491989254951477,1.0,0.0,57.8669319152832,0.30161869525909424,0.0012115933932363987,0.3720214068889618,0.03160151466727257,0.0,-2.570293221424054e-13,1.383349061012268,0.0023545175790786743,0.002020212821662426,1.4538802155456346e-14,0.001209335750900209,1.1071128042106082e-10,1.1071128042106082e-10,0.5491982698440552,1.1071128042106082e-10,0.006690201815217733,0.5518525242805481,0.5542788505554199,0.2303127385675907,0.2303127385675907,0.01481614913791418,0.07928705215454102,0.0,1.0,0.06372366100549698,1.3623838424682617,0.7317664623260498,0.0869281031191349,59.63605499267578,13.794052124023438,0.3663182258605957,0.07274326682090759,0.13309001922607422,0.8748373240232468,0.0562979020178318,0.0,0.16,hamiltonian_verlet,0.2,6,16,1.0,True,1.0,warp,1.0,2.0,0.0001,192,gaussian
full,1,0.2962791621685028,0.01,0.01,metadata_softmax,sum,helmholtz_branched_highk,0.02,2.0,2,0.0,1.0,0.0,4,helmholtz_highk,0.002904807450249791,0.011056358925998211,0.0,0.30247074365615845,0.0,0.18744510412216187,0.0,0.17906656488776207,1.615921840780743e-10,0.006691196002066135,0.0004512980995059479,0.6212556809186935,0.04831799492239952,anisotropic_gabor,2,1.0,192,1.0,0.16,3,0.0001,0.05,proxy_0.20_0.05,8,1,2,1,0.0,shell_balanced,MiNO-Plus,MiNO-Plus_wingaussian_modshell_balanced_K6_modes8_patch16_ref0.05_rlp0.16_hfc0.16_rb-5_pdo0_diss0_symord0_symparspectral_order_wfconf2_trhamiltonian_verlet_frameanisotropic_gabor_sparse1_sklp0.16_tsyn1_tin1_tsmwarp_tdec1x16_tdgate1_tref0_br3_brroutemetadata_softmax_brent0.01_brdiv0.01,3,False,1,0.05,1696301,16,-2.0,0.0,0.05,,0.16,control,1,0.5,-5.0,0.05,run,helmholtz_branched_highk_helmholtz_highk_control_proxy_0p20_0p05_full_19_hamiltonian_verlet_anisotropic_gabor_True_2p0_0p16_0p16_0p16_1p0_1p0_warp_16_1p0_True_0p0_3_metadata_softmax_0p01_0p01_0p0_0p01_0p05_1p0_0p0_2_2,98.50943720000214,helmholtz_highk_control,19,0.16,tcno_cache,True,16,0.0,0.01,0.0,0.05,0.6605718582868576,1.086275339126587,0.00023176614195108414,0.38715819269418716,0.0009759656968526542,0.5500989556312561,1.0,0.0,60.841552734375,0.30260440707206726,0.0009759656968526542,0.3703479468822479,0.030925007537007332,0.0,1.4150217185048691e-12,1.4991374015808105,0.0029119395185261965,0.0025791956577450037,1.2229768318384494e-14,0.0013517180923372507,1.8045386018794574e-10,1.8045386018794574e-10,0.5500949621200562,1.8045386018794574e-10,0.0066902050748467445,0.5528656840324402,0.5554319620132446,0.26060887798666954,0.26060887798666954,0.0646371953189373,0.26398181915283203,0.0,1.0,0.06372366100549698,1.3623838424682617,0.7317680716514587,0.07478897087275982,60.45595932006836,11.999024391174316,0.36948859691619873,0.047604966908693314,0.1056872084736824,0.8776893615722656,0.05801602452993393,0.0,0.16,hamiltonian_verlet,0.2,6,16,1.0,True,1.0,warp,1.0,2.0,0.0001,192,gaussian
single_branch,1,0.29347923398017883,0.01,0.01,metadata_softmax,sum,helmholtz_branched_highk,0.02,2.0,2,0.0,1.0,0.0,4,helmholtz_highk,0.0,0.0,0.0,0.30223248898983,0.0,0.18721313774585724,0.0,0.17913389578461647,3.3131265786412456e-10,0.006691187620162964,0.008154498413205147,0.6214406192302704,0.04832856357097626,anisotropic_gabor,2,1.0,192,1.0,0.16,3,0.0001,0.05,proxy_0.20_0.05,8,1,2,1,0.0,shell_balanced,MiNO-Plus,MiNO-Plus_wingaussian_modshell_balanced_K6_modes8_patch16_ref0.05_rlp0.16_hfc0.16_rb-5_pdo0_diss0_symord0_symparspectral_order_wfconf2_trhamiltonian_verlet_frameanisotropic_gabor_sparse1_sklp0.16_tsyn1_tin1_tsmwarp_tdec1x16_tdgate1_tref0_br3_brroutemetadata_softmax_brent0.01_brdiv0.01,3,False,1,0.05,1696301,16,-2.0,0.0,0.05,,0.16,control,1,0.5,-5.0,0.05,run,helmholtz_branched_highk_helmholtz_highk_control_proxy_0p20_0p05_single_branch_7_hamiltonian_verlet_anisotropic_gabor_True_2p0_0p16_0p16_0p16_1p0_1p0_warp_16_1p0_True_0p0_3_metadata_softmax_0p01_0p01_0p0_0p01_0p05_1p0_0p0_2_2,98.99252130000241,helmholtz_highk_control,7,0.16,tcno_cache,True,16,0.0,0.01,0.0,0.05,0.0,3.8009602576494217e-06,0.0003416555264266208,1.0,0.000966235063970089,0.5492296814918518,1.0,0.0,59.04187774658203,0.3016529083251953,0.000966235063970089,0.3709888458251953,0.03038051351904869,0.0,-9.776417956436356e-13,1.3643276691436768,0.0038187631871551275,0.0036932958755642176,7.235955981805837e-15,0.0009708343422971666,3.700205142287416e-10,3.700205142287416e-10,0.5492294430732727,3.700205142287416e-10,0.006690192501991987,0.5519293546676636,0.5544032454490662,0.37899988144636154,0.37899988144636154,-0.08739170245826244,0.17176437377929688,0.0,1.0,0.06372366100549698,1.3623838424682617,0.7317736744880676,0.12257718853652477,59.978641510009766,12.449926376342773,0.3676412105560303,0.05149059370160103,0.09506209194660187,0.8779764473438263,0.057074546813964844,0.0,0.16,hamiltonian_verlet,0.2,6,16,1.0,True,1.0,warp,1.0,2.0,0.0001,192,gaussian
single_branch,1,0.2854991555213928,0.01,0.01,metadata_softmax,sum,helmholtz_branched_highk,0.02,2.0,2,0.0,1.0,0.0,4,helmholtz_highk,0.0,0.0,0.0,0.3014635741710663,0.0,0.18639954924583435,0.0,0.17921242490410805,9.09326398901289e-11,0.0066911932080984116,0.003986238269135356,0.6213549077510834,0.0483302790671587,anisotropic_gabor,2,1.0,192,1.0,0.16,3,0.0001,0.05,proxy_0.20_0.05,8,1,2,1,0.0,shell_balanced,MiNO-Plus,MiNO-Plus_wingaussian_modshell_balanced_K6_modes8_patch16_ref0.05_rlp0.16_hfc0.16_rb-5_pdo0_diss0_symord0_symparspectral_order_wfconf2_trhamiltonian_verlet_frameanisotropic_gabor_sparse1_sklp0.16_tsyn1_tin1_tsmwarp_tdec1x16_tdgate1_tref0_br3_brroutemetadata_softmax_brent0.01_brdiv0.01,3,False,1,0.05,1696301,16,-2.0,0.0,0.05,,0.16,control,1,0.5,-5.0,0.05,run,helmholtz_branched_highk_helmholtz_highk_control_proxy_0p20_0p05_single_branch_11_hamiltonian_verlet_anisotropic_gabor_True_2p0_0p16_0p16_0p16_1p0_1p0_warp_16_1p0_True_0p0_3_metadata_softmax_0p01_0p01_0p0_0p01_0p05_1p0_0p0_2_2,98.60695940000005,helmholtz_highk_control,11,0.16,tcno_cache,True,16,0.0,0.01,0.0,0.05,0.0,3.8009602576494217e-06,0.0003718929219758138,1.0,0.001390311517752707,0.5459726452827454,1.0,0.0,54.49741744995117,0.2980853319168091,0.001390311517752707,0.37204328179359436,0.03134230896830559,0.0,1.5293188807344316e-12,1.2186155319213867,0.002354121534153819,0.0020228836219757795,1.6469942407506058e-14,0.0012040886795148253,1.1100420582721426e-10,1.1100420582721426e-10,0.5459719300270081,1.1100420582721426e-10,0.006690201815217733,0.5484769940376282,0.550730288028717,0.3742675706744194,0.3742675706744194,0.043157484382390976,0.49540209770202637,0.0,1.0,0.06372366100549698,1.3623838424682617,0.731766402721405,0.1300325859338045,58.80992126464844,14.18801212310791,0.36308854818344116,0.0734223797917366,0.20462195575237274,0.8771726042032242,0.05456109344959259,0.0,0.16,hamiltonian_verlet,0.2,6,16,1.0,True,1.0,warp,1.0,2.0,0.0001,192,gaussian
single_branch,1,0.2954792082309723,0.01,0.01,metadata_softmax,sum,helmholtz_branched_highk,0.02,2.0,2,0.0,1.0,0.0,4,helmholtz_highk,0.0,0.0,0.0,0.3023150861263275,0.0,0.18731510639190674,0.0,0.1790066696703434,1.626307491453538e-10,0.006691196700558066,0.0016243233112618327,0.6211787164211273,0.048308633267879486,anisotropic_gabor,2,1.0,192,1.0,0.16,3,0.0001,0.05,proxy_0.20_0.05,8,1,2,1,0.0,shell_balanced,MiNO-Plus,MiNO-Plus_wingaussian_modshell_balanced_K6_modes8_patch16_ref0.05_rlp0.16_hfc0.16_rb-5_pdo0_diss0_symord0_symparspectral_order_wfconf2_trhamiltonian_verlet_frameanisotropic_gabor_sparse1_sklp0.16_tsyn1_tin1_tsmwarp_tdec1x16_tdgate1_tref0_br3_brroutemetadata_softmax_brent0.01_brdiv0.01,3,False,1,0.05,1696301,16,-2.0,0.0,0.05,,0.16,control,1,0.5,-5.0,0.05,run,helmholtz_branched_highk_helmholtz_highk_control_proxy_0p20_0p05_single_branch_19_hamiltonian_verlet_anisotropic_gabor_True_2p0_0p16_0p16_0p16_1p0_1p0_warp_16_1p0_True_0p0_3_metadata_softmax_0p01_0p01_0p0_0p01_0p05_1p0_0p0_2_2,98.54964610000025,helmholtz_highk_control,19,0.16,tcno_cache,True,16,0.0,0.01,0.0,0.05,0.0,3.8009602576494217e-06,0.0002469419123372063,1.0,0.0009849892230704427,0.5499163269996643,1.0,0.0,60.49923324584961,0.3024035096168518,0.0009849892230704427,0.36975863575935364,0.030774082988500595,0.0,3.5167511806301344e-12,1.6015851497650146,0.002918143291026354,0.0025870022363960743,1.276559034938925e-14,0.0013501775683835149,1.8154787395641137e-10,1.8154787395641137e-10,0.5499122738838196,1.8154787395641137e-10,0.006690205540508032,0.5526703000068665,0.555220365524292,0.44711457192897797,0.44711457192897797,0.003969878191128373,0.5230188369750977,0.0,1.0,0.06372366100549698,1.3623838424682617,0.7317683100700378,0.1288500912487507,60.355342864990234,12.230619430541992,0.36910712718963623,0.047589488327503204,0.11772676557302475,0.8780199885368347,0.05779658630490303,0.0,0.16,hamiltonian_verlet,0.2,6,16,1.0,True,1.0,warp,1.0,2.0,0.0001,192,gaussian
no_branch_routing,1,0.28563761711120605,0.01,0.01,metadata_softmax,sum,helmholtz_branched_highk,0.02,2.0,2,0.0,1.0,0.0,4,helmholtz_highk,8.881784197001252e-16,2.1701794139517006e-07,0.0,0.30192965269088745,0.0,0.18693192303180695,0.0,0.17901721224188805,3.3087220463468014e-10,0.006691187620162964,0.0017537442035973072,0.6212932914495468,0.04833017475903034,anisotropic_gabor,2,1.0,192,1.0,0.16,3,0.0001,0.05,proxy_0.20_0.05,8,1,2,1,0.0,shell_balanced,MiNO-Plus,MiNO-Plus_wingaussian_modshell_balanced_K6_modes8_patch16_ref0.05_rlp0.16_hfc0.16_rb-5_pdo0_diss0_symord0_symparspectral_order_wfconf2_trhamiltonian_verlet_frameanisotropic_gabor_sparse1_sklp0.16_tsyn1_tin1_tsmwarp_tdec1x16_tdgate1_tref0_br3_brroutemetadata_softmax_brent0.01_brdiv0.01,3,False,1,0.05,1696301,16,-2.0,0.0,0.05,,0.16,control,1,0.5,-5.0,0.05,run,helmholtz_branched_highk_helmholtz_highk_control_proxy_0p20_0p05_no_branch_routing_7_hamiltonian_verlet_anisotropic_gabor_True_2p0_0p16_0p16_0p16_1p0_1p0_warp_16_1p0_True_0p0_3_metadata_softmax_0p01_0p01_0p0_0p01_0p05_1p0_0p0_2_2,98.7943551999997,helmholtz_highk_control,7,0.16,tcno_cache,True,16,0.0,0.01,0.0,0.05,0.6666666269302368,1.0986120700836182,0.00032533381454413757,0.3333333730697632,0.001481358427554369,0.5459206104278564,1.0,0.0,51.97844696044922,0.29802897572517395,0.001481358427554369,0.37455835938453674,0.02917264588177204,0.0,7.339233929794242e-13,1.5456087589263916,0.003815170843154192,0.0036924935411661863,8.19728840199558e-15,0.0009596981690265238,3.698597539347759e-10,3.698597539347759e-10,0.5459203124046326,3.698597539347759e-10,0.006690192501991987,0.5483433604240417,0.5504938960075378,0.239055085927248,0.239055085927248,-0.006782853975892067,0.042456626892089844,0.0,1.0,0.06372366100549698,1.3623838424682617,0.7317731380462646,0.08121424913406372,58.159812927246094,15.771512985229492,0.36051806807518005,0.051196660846471786,0.1977931261062622,0.8755908906459808,0.0532277412712574,0.0,0.16,hamiltonian_verlet,0.2,6,16,1.0,True,1.0,warp,1.0,2.0,0.0001,192,gaussian
no_branch_routing,1,0.29461416602134705,0.01,0.01,metadata_softmax,sum,helmholtz_branched_highk,0.02,2.0,2,0.0,1.0,0.0,4,helmholtz_highk,8.881784197001252e-16,2.1701794139517006e-07,0.0,0.302779421210289,0.0,0.1877039149403572,0.0,0.17922862619161606,9.102859785392603e-11,0.006691193440929055,0.0013518062041839585,0.6214375495910645,0.04831157065927982,anisotropic_gabor,2,1.0,192,1.0,0.16,3,0.0001,0.05,proxy_0.20_0.05,8,1,2,1,0.0,shell_balanced,MiNO-Plus,MiNO-Plus_wingaussian_modshell_balanced_K6_modes8_patch16_ref0.05_rlp0.16_hfc0.16_rb-5_pdo0_diss0_symord0_symparspectral_order_wfconf2_trhamiltonian_verlet_frameanisotropic_gabor_sparse1_sklp0.16_tsyn1_tin1_tsmwarp_tdec1x16_tdgate1_tref0_br3_brroutemetadata_softmax_brent0.01_brdiv0.01,3,False,1,0.05,1696301,16,-2.0,0.0,0.05,,0.16,control,1,0.5,-5.0,0.05,run,helmholtz_branched_highk_helmholtz_highk_control_proxy_0p20_0p05_no_branch_routing_11_hamiltonian_verlet_anisotropic_gabor_True_2p0_0p16_0p16_0p16_1p0_1p0_warp_16_1p0_True_0p0_3_metadata_softmax_0p01_0p01_0p0_0p01_0p05_1p0_0p0_2_2,98.6306743999994,helmholtz_highk_control,11,0.16,tcno_cache,True,16,0.0,0.01,0.0,0.05,0.6666666269302368,1.0986120700836182,0.00033418755265302025,0.3333333730697632,0.00122252746950835,0.5491902232170105,1.0,0.0,57.86684036254883,0.3016090989112854,0.00122252746950835,0.37197738885879517,0.03149443864822388,0.0,1.890040261885023e-12,1.4698954820632935,0.0023542826529592276,0.0020200046710669994,2.5138699512338748e-14,0.0012092257384210825,1.1068845839901087e-10,1.1068845839901087e-10,0.5491895079612732,1.1068845839901087e-10,0.006690201815217733,0.5518423914909363,0.5542688965797424,0.23406099528074265,0.23406099528074265,0.049506868701428175,0.005805015563964844,0.0,1.0,0.06372366100549698,1.3623838424682617,0.7317663431167603,0.0863572508096695,59.63111877441406,13.8238525390625,0.36630019545555115,0.07281093299388885,0.13417820632457733,0.8752044439315796,0.0562882199883461,0.0,0.16,hamiltonian_verlet,0.2,6,16,1.0,True,1.0,warp,1.0,2.0,0.0001,192,gaussian
no_branch_routing,1,0.2964572012424469,0.01,0.01,metadata_softmax,sum,helmholtz_branched_highk,0.02,2.0,2,0.0,1.0,0.0,4,helmholtz_highk,8.881784197001252e-16,2.1701794139517006e-07,0.0,0.30245940387248993,0.0,0.18744122236967087,0.0,0.17905468121170998,1.6164142940811033e-10,0.006691196234896779,0.0014409205846277473,0.6212369650602341,0.048313384875655174,anisotropic_gabor,2,1.0,192,1.0,0.16,3,0.0001,0.05,proxy_0.20_0.05,8,1,2,1,0.0,shell_balanced,MiNO-Plus,MiNO-Plus_wingaussian_modshell_balanced_K6_modes8_patch16_ref0.05_rlp0.16_hfc0.16_rb-5_pdo0_diss0_symord0_symparspectral_order_wfconf2_trhamiltonian_verlet_frameanisotropic_gabor_sparse1_sklp0.16_tsyn1_tin1_tsmwarp_tdec1x16_tdgate1_tref0_br3_brroutemetadata_softmax_brent0.01_brdiv0.01,3,False,1,0.05,1696301,16,-2.0,0.0,0.05,,0.16,control,1,0.5,-5.0,0.05,run,helmholtz_branched_highk_helmholtz_highk_control_proxy_0p20_0p05_no_branch_routing_19_hamiltonian_verlet_anisotropic_gabor_True_2p0_0p16_0p16_0p16_1p0_1p0_warp_16_1p0_True_0p0_3_metadata_softmax_0p01_0p01_0p0_0p01_0p05_1p0_0p0_2_2,98.94528519999949,helmholtz_highk_control,19,0.16,tcno_cache,True,16,0.0,0.01,0.0,0.05,0.6666666269302368,1.0986120700836182,0.00023022419554763474,0.3333333730697632,0.0009599098702892661,0.5501429438591003,1.0,0.0,61.087440490722656,0.3026527762413025,0.0009599098702892661,0.37017151713371277,0.0328298956155777,0.0,2.6846567842604176e-12,1.5299427509307861,0.002912781434133649,0.002579480642452836,1.4095119521420965e-14,0.0013529876014217734,1.804937449501054e-10,1.804937449501054e-10,0.5501388907432556,1.804937449501054e-10,0.0066902050748467445,0.5529184937477112,0.5554962158203125,0.2583546079695225,0.2583546079695225,0.04895489662885666,0.33739757537841797,0.0,1.0,0.06372366100549698,1.3623838424682617,0.7317681312561035,0.07295656856149435,60.52772903442383,11.811403274536133,0.3697652518749237,0.04784372076392174,0.10504327714443207,0.8771481961011887,0.05815945565700531,0.0,0.16,hamiltonian_verlet,0.2,6,16,1.0,True,1.0,warp,1.0,2.0,0.0001,192,gaussian
no_transport,1,0.3097492754459381,0.01,0.01,metadata_softmax,sum,helmholtz_branched_highk,0.02,2.0,2,0.0,1.0,0.0,4,helmholtz_highk,0.0023527571465820074,0.010903252754360437,0.0,0.30644625425338745,0.0,0.19153916835784912,0.0,0.17905526980757713,3.3199636095826435e-10,0.006691187620162964,0.017556308768689632,0.6213305294513702,0.04836566373705864,anisotropic_gabor,2,1.0,192,1.0,0.16,3,0.0001,0.05,proxy_0.20_0.05,8,1,2,1,0.0,shell_balanced,MiNO-Plus,MiNO-Plus_wingaussian_modshell_balanced_K6_modes8_patch16_ref0.05_rlp0.16_hfc0.16_rb-5_pdo0_diss0_symord0_symparspectral_order_wfconf2_trhamiltonian_verlet_frameanisotropic_gabor_sparse1_sklp0.16_tsyn1_tin1_tsmwarp_tdec1x16_tdgate1_tref0_br3_brroutemetadata_softmax_brent0.01_brdiv0.01,3,False,1,0.05,438197,16,-2.0,0.0,0.05,,0.16,control,1,0.5,-5.0,0.05,run,helmholtz_branched_highk_helmholtz_highk_control_proxy_0p20_0p05_no_transport_7_hamiltonian_verlet_anisotropic_gabor_True_2p0_0p16_0p16_0p16_1p0_1p0_warp_16_1p0_True_0p0_3_metadata_softmax_0p01_0p01_0p0_0p01_0p05_1p0_0p0_2_2,1.2513971999978821,helmholtz_highk_control,7,0.16,tcno_cache,True,16,0.0,0.01,0.0,0.05,0.6612521111965179,1.0865402817726135,0.0,0.38108544796705246,5.69629428071039e-08,0.5594044327735901,1.0,0.0,79.67166137695312,0.31293296813964844,5.69629428071039e-08,0.35536083579063416,0.041428092867136,0.0,2.1451052197550557e-12,1.4742777347564697,0.003830177476629615,0.0036929647903889418,1.0643839732120061e-14,0.001016007037833333,3.6995420615859587e-10,3.6995420615859587e-10,0.559404194355011,3.6995420615859587e-10,0.006690192501991987,0.5629976987838745,0.5665748119354248,0.22820137068629265,0.22820137068629265,-0.10471994616091251,0.34980201721191406,0.0,1.0,0.06372366100549698,1.3623838424682617,0.7317731380462646,0.0,66.33992767333984,0.0002808025456033647,0.39137670397758484,0.05717110633850098,2.0972172478650464e-06,0.0,0.07040780782699585,0.0,0.16,hamiltonian_verlet,0.2,6,16,1.0,True,1.0,warp,1.0,2.0,0.0001,192,gaussian
no_transport,1,0.3093999922275543,0.01,0.01,metadata_softmax,sum,helmholtz_branched_highk,0.02,2.0,2,0.0,1.0,0.0,4,helmholtz_highk,0.0027768732979893684,0.014978957362473011,0.0,0.3064943850040436,0.0,0.1914725974202156,0.0,0.17923220992088318,9.460058084109768e-11,0.006691193440929055,0.023573403246700764,0.6214486211538315,0.04836566373705864,anisotropic_gabor,2,1.0,192,1.0,0.16,3,0.0001,0.05,proxy_0.20_0.05,8,1,2,1,0.0,shell_balanced,MiNO-Plus,MiNO-Plus_wingaussian_modshell_balanced_K6_modes8_patch16_ref0.05_rlp0.16_hfc0.16_rb-5_pdo0_diss0_symord0_symparspectral_order_wfconf2_trhamiltonian_verlet_frameanisotropic_gabor_sparse1_sklp0.16_tsyn1_tin1_tsmwarp_tdec1x16_tdgate1_tref0_br3_brroutemetadata_softmax_brent0.01_brdiv0.01,3,False,1,0.05,438197,16,-2.0,0.0,0.05,,0.16,control,1,0.5,-5.0,0.05,run,helmholtz_branched_highk_helmholtz_highk_control_proxy_0p20_0p05_no_transport_11_hamiltonian_verlet_anisotropic_gabor_True_2p0_0p16_0p16_0p16_1p0_1p0_warp_16_1p0_True_0p0_3_metadata_softmax_0p01_0p01_0p0_0p01_0p05_1p0_0p0_2_2,1.2582382000000507,helmholtz_highk_control,11,0.16,tcno_cache,True,16,0.0,0.01,0.0,0.05,0.6572191268205643,1.0821674764156342,0.0,0.38534699380397797,5.56887123082106e-08,0.5591813921928406,1.0,0.0,79.68099975585938,0.31268298625946045,5.56887123082106e-08,0.3552108407020569,0.04148141294717789,0.0,2.1634393495423287e-12,1.4533320665359497,0.0024206943344324827,0.00205166800878942,1.6121008878950543e-14,0.0012846863828599453,1.1418570949883744e-10,1.1418570949883744e-10,0.5591806769371033,1.1418570949883744e-10,0.006690202280879021,0.5627744197845459,0.5663521885871887,0.22397342324256897,0.22397342324256897,-0.10791612067259848,0.23976421356201172,0.0,1.0,0.06372366100549698,1.3623838424682617,0.7317667007446289,0.0,66.34009552001953,0.0002817351487465203,0.391377717256546,0.07707038521766663,2.16043486034323e-06,0.0,0.07041824609041214,0.0,0.16,hamiltonian_verlet,0.2,6,16,1.0,True,1.0,warp,1.0,2.0,0.0001,192,gaussian
no_transport,1,0.30911293625831604,0.01,0.01,metadata_softmax,sum,helmholtz_branched_highk,0.02,2.0,2,0.0,1.0,0.0,4,helmholtz_highk,0.0027281148359179497,0.010932224802672863,0.0,0.3064099848270416,0.0,0.19144973158836365,0.0,0.17906774953007698,1.623494602642772e-10,0.006691196700558066,0.0013929030537838116,0.6212574541568756,0.04836566373705864,anisotropic_gabor,2,1.0,192,1.0,0.16,3,0.0001,0.05,proxy_0.20_0.05,8,1,2,1,0.0,shell_balanced,MiNO-Plus,MiNO-Plus_wingaussian_modshell_balanced_K6_modes8_patch16_ref0.05_rlp0.16_hfc0.16_rb-5_pdo0_diss0_symord0_symparspectral_order_wfconf2_trhamiltonian_verlet_frameanisotropic_gabor_sparse1_sklp0.16_tsyn1_tin1_tsmwarp_tdec1x16_tdgate1_tref0_br3_brroutemetadata_softmax_brent0.01_brdiv0.01,3,False,1,0.05,438197,16,-2.0,0.0,0.05,,0.16,control,1,0.5,-5.0,0.05,run,helmholtz_branched_highk_helmholtz_highk_control_proxy_0p20_0p05_no_transport_19_hamiltonian_verlet_anisotropic_gabor_True_2p0_0p16_0p16_0p16_1p0_1p0_warp_16_1p0_True_0p0_3_metadata_softmax_0p01_0p01_0p0_0p01_0p05_1p0_0p0_2_2,1.2517229999975825,helmholtz_highk_control,19,0.16,tcno_cache,True,16,0.0,0.01,0.0,0.05,0.6607102155685425,1.0865626633167267,0.0,0.3849320709705353,5.789607726569557e-08,0.5590107440948486,1.0,0.0,79.68434143066406,0.3124885857105255,5.789607726569557e-08,0.35536181926727295,0.04141804575920105,0.0,2.236776410792507e-12,1.4819231033325195,0.0029643524903804064,0.0025836622808128595,1.4608587505914733e-14,0.001453297445550561,1.8107941535117078e-10,1.8107941535117078e-10,0.5590068101882935,1.8107941535117078e-10,0.006690205540508032,0.5626020431518555,0.5661808252334595,0.25854353606700897,0.25854353606700897,0.06942497007548809,0.41323280334472656,0.0,1.0,0.06372366100549698,1.3623838424682617,0.7317676544189453,0.0,66.34013366699219,0.0002812625025399029,0.3913750946521759,0.05237334594130516,2.2790752609580522e-06,0.0,0.07036217302083969,0.0,0.16,hamiltonian_verlet,0.2,6,16,1.0,True,1.0,warp,1.0,2.0,0.0001,192,gaussian
no_transport_no_carrier,1,0.19830039143562317,0.01,0.01,metadata_softmax,sum,helmholtz_branched_highk,0.02,2.0,2,0.0,1.0,0.0,4,helmholtz_highk,0.002393306349404156,0.01104870904237032,0.0,0.4756077826023102,0.0,0.36081475019454956,0.0,0.17860516533255577,3.273579879392585e-10,0.0066912369802594185,0.014283230528235435,0.6208019703626633,0.04836566373705864,anisotropic_gabor,2,1.0,192,1.0,0.16,3,0.0001,0.05,proxy_0.20_0.05,8,1,2,1,0.0,shell_balanced,MiNO-Plus,MiNO-Plus_wingaussian_modshell_balanced_K6_modes8_patch16_ref0.05_rlp0.16_hfc0.16_rb-5_pdo0_diss0_symord0_symparspectral_order_wfconf2_trhamiltonian_verlet_frameanisotropic_gabor_sparse1_sklp0.16_tsyn1_tin1_tsmwarp_tdec1x16_tdgate1_tref0_br3_brroutemetadata_softmax_brent0.01_brdiv0.01,3,False,1,0.05,438197,16,-2.0,0.0,0.05,,0.16,control,1,0.5,-5.0,0.05,run,helmholtz_branched_highk_helmholtz_highk_control_proxy_0p20_0p05_no_transport_no_carrier_7_hamiltonian_verlet_anisotropic_gabor_True_2p0_0p16_0p16_0p16_1p0_1p0_warp_16_1p0_True_0p0_3_metadata_softmax_0p01_0p01_0p0_0p01_0p05_1p0_0p0_2_2,0.8961248000014166,helmholtz_highk_control,7,0.16,tcno_cache,True,16,0.0,0.01,0.0,0.05,0.6611475795507431,1.0863367319107056,0.0,0.38160286098718643,5.6321013630622474e-08,0.5544404983520508,1.0,0.0,1.6580426692962646,0.30740395188331604,5.6321013630622474e-08,0.40429019927978516,0.07323043793439865,0.0,2.1084365807097494e-12,1.4610965251922607,0.003772400552406907,0.0037079034373164177,1.0357049622772806e-14,0.0006945930072106421,3.729532793705914e-10,3.729532793705914e-10,0.5544402599334717,3.729532793705914e-10,0.006690303795039654,0.5563345551490784,0.5572568774223328,0.22722774371504784,0.22722774371504784,-0.10467913933098316,0.410616397857666,0.0,1.0,0.06372366100549698,1.3623838424682617,0.7317732572555542,0.0,0.0,0.0,0.009858204983174801,0.0,8.733861989185243e-08,0.0,0.032328154891729355,0.0,0.16,hamiltonian_verlet,0.2,6,16,1.0,True,1.0,warp,1.0,2.0,0.0001,192,gaussian
no_transport_no_carrier,1,0.19833607971668243,0.01,0.01,metadata_softmax,sum,helmholtz_branched_highk,0.02,2.0,2,0.0,1.0,0.0,4,helmholtz_highk,0.0027881028363481164,0.015037281904369593,0.0,0.47601355612277985,0.0,0.3610066622495651,0.0,0.17884144559502602,7.556513401119069e-11,0.006691294489428401,0.025554470717906952,0.620995819568634,0.04836566373705864,anisotropic_gabor,2,1.0,192,1.0,0.16,3,0.0001,0.05,proxy_0.20_0.05,8,1,2,1,0.0,shell_balanced,MiNO-Plus,MiNO-Plus_wingaussian_modshell_balanced_K6_modes8_patch16_ref0.05_rlp0.16_hfc0.16_rb-5_pdo0_diss0_symord0_symparspectral_order_wfconf2_trhamiltonian_verlet_frameanisotropic_gabor_sparse1_sklp0.16_tsyn1_tin1_tsmwarp_tdec1x16_tdgate1_tref0_br3_brroutemetadata_softmax_brent0.01_brdiv0.01,3,False,1,0.05,438197,16,-2.0,0.0,0.05,,0.16,control,1,0.5,-5.0,0.05,run,helmholtz_branched_highk_helmholtz_highk_control_proxy_0p20_0p05_no_transport_no_carrier_11_hamiltonian_verlet_anisotropic_gabor_True_2p0_0p16_0p16_0p16_1p0_1p0_warp_16_1p0_True_0p0_3_metadata_softmax_0p01_0p01_0p0_0p01_0p05_1p0_0p0_2_2,0.9028953999986697,helmholtz_highk_control,11,0.16,tcno_cache,True,16,0.0,0.01,0.0,0.05,0.6571664065122604,1.082071214914322,0.0,0.38549941033124924,5.529543400939474e-08,0.5544328689575195,1.0,0.0,1.552055835723877,0.3073953092098236,5.529543400939474e-08,0.40438053011894226,0.07320462167263031,0.0,2.2184421725850167e-12,1.7330595254898071,0.0020954138599336147,0.00189987535122782,1.565210160374593e-14,0.0008838733192533255,9.791467636688367e-11,9.791467636688367e-11,0.5544324517250061,9.791467636688367e-11,0.0066903880797326565,0.5563262701034546,0.5572484135627747,0.22386434674263,0.22386434674263,-0.11828545946627855,0.15192747116088867,0.0,1.0,0.06372366100549698,1.3623838424682617,0.7317668795585632,0.0,0.0,0.0,0.010388600639998913,0.0,9.429624014956062e-08,0.0,0.03231944888830185,0.0,0.16,hamiltonian_verlet,0.2,6,16,1.0,True,1.0,warp,1.0,2.0,0.0001,192,gaussian
no_transport_no_carrier,1,0.19800926744937897,0.01,0.01,metadata_softmax,sum,helmholtz_branched_highk,0.02,2.0,2,0.0,1.0,0.0,4,helmholtz_highk,0.0027553924592211843,0.011045942083001137,0.0,0.4758180230855942,0.0,0.36090654134750366,0.0,0.17872030287981033,1.609583508144219e-10,0.006691295187920332,0.005432460457086563,0.6208173930644989,0.04836566373705864,anisotropic_gabor,2,1.0,192,1.0,0.16,3,0.0001,0.05,proxy_0.20_0.05,8,1,2,1,0.0,shell_balanced,MiNO-Plus,MiNO-Plus_wingaussian_modshell_balanced_K6_modes8_patch16_ref0.05_rlp0.16_hfc0.16_rb-5_pdo0_diss0_symord0_symparspectral_order_wfconf2_trhamiltonian_verlet_frameanisotropic_gabor_sparse1_sklp0.16_tsyn1_tin1_tsmwarp_tdec1x16_tdgate1_tref0_br3_brroutemetadata_softmax_brent0.01_brdiv0.01,3,False,1,0.05,438197,16,-2.0,0.0,0.05,,0.16,control,1,0.5,-5.0,0.05,run,helmholtz_branched_highk_helmholtz_highk_control_proxy_0p20_0p05_no_transport_no_carrier_19_hamiltonian_verlet_anisotropic_gabor_True_2p0_0p16_0p16_0p16_1p0_1p0_warp_16_1p0_True_0p0_3_metadata_softmax_0p01_0p01_0p0_0p01_0p05_1p0_0p0_2_2,0.903386900001351,helmholtz_highk_control,19,0.16,tcno_cache,True,16,0.0,0.01,0.0,0.05,0.6606249362230301,1.0864066183567047,0.0,0.3852485865354538,5.79440175840773e-08,0.5541902780532837,1.0,0.0,1.6620376110076904,0.3071223795413971,5.79440175840773e-08,0.40373626351356506,0.07312905043363571,0.0,2.401784446239702e-12,1.7038229703903198,0.0026536721270531416,0.0025719935074448586,1.1557475727049914e-14,0.0006533173145726323,1.7944747077169865e-10,1.7944747077169865e-10,0.5541862845420837,1.7944747077169865e-10,0.006690389011055231,0.5560808181762695,0.5570030808448792,0.2598547711968422,0.2598547711968422,0.09824898326769471,0.7014102935791016,0.0,1.0,0.06372366100549698,1.3623838424682617,0.7317677140235901,0.0,0.0,0.0,0.010131004266440868,0.0,9.196870109917654e-08,0.0,0.03229384869337082,0.0,0.16,hamiltonian_verlet,0.2,6,16,1.0,True,1.0,warp,1.0,2.0,0.0001,192,gaussian
no_symbol,1,0.28555724024772644,0.01,0.01,metadata_softmax,sum,helmholtz_branched_highk,0.02,2.0,2,0.0,1.0,0.0,4,helmholtz_highk,0.002274860511533916,0.010736908297985792,0.0,0.3019057810306549,0.0,0.18692310899496078,0.0,0.17898539081215858,3.309066215484435e-10,0.006691187620162964,7.35842580209895e-24,0.6212624311447144,0.0483339074999094,anisotropic_gabor,2,1.0,192,1.0,0.16,3,0.0001,0.05,proxy_0.20_0.05,8,1,2,1,0.0,shell_balanced,MiNO-Plus,MiNO-Plus_wingaussian_modshell_balanced_K6_modes8_patch16_ref0.05_rlp0.16_hfc0.16_rb-5_pdo0_diss0_symord0_symparspectral_order_wfconf2_trhamiltonian_verlet_frameanisotropic_gabor_sparse1_sklp0.16_tsyn1_tin1_tsmwarp_tdec1x16_tdgate1_tref0_br3_brroutemetadata_softmax_brent0.01_brdiv0.01,3,False,1,0.05,1335725,16,-2.0,0.0,0.05,,0.16,control,1,0.5,-5.0,0.05,run,helmholtz_branched_highk_helmholtz_highk_control_proxy_0p20_0p05_no_symbol_7_hamiltonian_verlet_anisotropic_gabor_True_2p0_0p16_0p16_0p16_1p0_1p0_warp_16_1p0_True_0p0_3_metadata_softmax_0p01_0p01_0p0_0p01_0p05_1p0_0p0_2_2,98.49853159999839,helmholtz_highk_control,7,0.16,tcno_cache,True,16,0.0,0.01,0.0,0.05,0.6612444370985031,1.086741417646408,0.00031815846887184307,0.38076258450746536,0.001496126758866012,0.5458370447158813,1.0,0.0,51.77823257446289,0.2979377806186676,0.001496126758866012,0.37479254603385925,0.029066551476716995,0.0,1.0272047986102694e-12,1.5317785739898682,0.0038157536182552576,0.003693160368129611,8.773618089636878e-15,0.0009594490984454751,3.699933692757895e-10,3.699933692757895e-10,0.5458367466926575,3.699933692757895e-10,0.006690192501991987,0.5482551455497742,0.5503972768783569,0.0,0.0,1.0272047986102694e-12,0.08919191360473633,0.0,1.0,0.06372366100549698,1.3623838424682617,0.7317734956741333,0.08805716782808304,58.11705780029297,15.886631965637207,0.3603478670120239,0.05114779621362686,0.19509008526802063,0.8774547129869461,0.05312327295541763,0.0,0.16,hamiltonian_verlet,0.2,6,16,1.0,True,1.0,warp,1.0,2.0,0.0001,192,gaussian
no_symbol,1,0.2946607172489166,0.01,0.01,metadata_softmax,sum,helmholtz_branched_highk,0.02,2.0,2,0.0,1.0,0.0,4,helmholtz_highk,0.0030380127718672156,0.015505822841078043,0.0,0.30274179577827454,0.0,0.18769074976444244,0.0,0.17919323593378067,9.097747555308899e-11,0.006691196700558066,4.189766978411695e-24,0.621399998664856,0.048309823498129845,anisotropic_gabor,2,1.0,192,1.0,0.16,3,0.0001,0.05,proxy_0.20_0.05,8,1,2,1,0.0,shell_balanced,MiNO-Plus,MiNO-Plus_wingaussian_modshell_balanced_K6_modes8_patch16_ref0.05_rlp0.16_hfc0.16_rb-5_pdo0_diss0_symord0_symparspectral_order_wfconf2_trhamiltonian_verlet_frameanisotropic_gabor_sparse1_sklp0.16_tsyn1_tin1_tsmwarp_tdec1x16_tdgate1_tref0_br3_brroutemetadata_softmax_brent0.01_brdiv0.01,3,False,1,0.05,1335725,16,-2.0,0.0,0.05,,0.16,control,1,0.5,-5.0,0.05,run,helmholtz_branched_highk_helmholtz_highk_control_proxy_0p20_0p05_no_symbol_11_hamiltonian_verlet_anisotropic_gabor_True_2p0_0p16_0p16_0p16_1p0_1p0_warp_16_1p0_True_0p0_3_metadata_softmax_0p01_0p01_0p0_0p01_0p05_1p0_0p0_2_2,98.53658879999784,helmholtz_highk_control,11,0.16,tcno_cache,True,16,0.0,0.01,0.0,0.05,0.656570628285408,1.081510066986084,0.0003379086992936209,0.38843223452568054,0.0012145094806328416,0.5491786599159241,1.0,0.0,57.90503692626953,0.301596462726593,0.0012145094806328416,0.3720413148403168,0.03157594054937363,0.0,7.159770687567221e-13,1.3252055644989014,0.0023533145431429148,0.0020187434274703264,1.5436243727467644e-14,0.0012094478588551283,1.1055027726580846e-10,1.1055027726580846e-10,0.5491780042648315,1.1055027726580846e-10,0.0066902050748467445,0.5518327355384827,0.5542609095573425,0.0,0.0,7.159770687567221e-13,0.10648727416992188,0.0,1.0,0.06372366100549698,1.3623838424682617,0.7317664623260498,0.08741188235580921,59.64788055419922,13.77700138092041,0.3663637042045593,0.07270031422376633,0.13348619639873505,0.8773698210716248,0.056317877024412155,0.0,0.16,hamiltonian_verlet,0.2,6,16,1.0,True,1.0,warp,1.0,2.0,0.0001,192,gaussian
no_symbol,1,0.29624661803245544,0.01,0.01,metadata_softmax,sum,helmholtz_branched_highk,0.02,2.0,2,0.0,1.0,0.0,4,helmholtz_highk,0.00267704576253891,0.010408180300146341,0.0,0.302551805973053,0.0,0.1874789148569107,0.0,0.17915887385606766,1.6129635821426902e-10,0.006691192975267768,2.1461512389614182e-24,0.6213911175727844,0.04831432178616524,anisotropic_gabor,2,1.0,192,1.0,0.16,3,0.0001,0.05,proxy_0.20_0.05,8,1,2,1,0.0,shell_balanced,MiNO-Plus,MiNO-Plus_wingaussian_modshell_balanced_K6_modes8_patch16_ref0.05_rlp0.16_hfc0.16_rb-5_pdo0_diss0_symord0_symparspectral_order_wfconf2_trhamiltonian_verlet_frameanisotropic_gabor_sparse1_sklp0.16_tsyn1_tin1_tsmwarp_tdec1x16_tdgate1_tref0_br3_brroutemetadata_softmax_brent0.01_brdiv0.01,3,False,1,0.05,1335725,16,-2.0,0.0,0.05,,0.16,control,1,0.5,-5.0,0.05,run,helmholtz_branched_highk_helmholtz_highk_control_proxy_0p20_0p05_no_symbol_19_hamiltonian_verlet_anisotropic_gabor_True_2p0_0p16_0p16_0p16_1p0_1p0_warp_16_1p0_True_0p0_3_metadata_softmax_0p01_0p01_0p0_0p01_0p05_1p0_0p0_2_2,98.64141350000136,helmholtz_highk_control,19,0.16,tcno_cache,True,16,0.0,0.01,0.0,0.05,0.6610808968544006,1.0871141254901886,0.00022183385226526298,0.3847222924232483,0.0009864416206255555,0.5501224994659424,1.0,0.0,60.42121505737305,0.3026302456855774,0.0009864416206255555,0.37076336145401,0.030787494033575058,0.0,1.6358244731793379e-12,1.46848464012146,0.0029084738343954086,0.002576251048594713,1.2566424104369558e-14,0.0013498705811798573,1.8004205071253665e-10,1.8004205071253665e-10,0.5501183867454529,1.8004205071253665e-10,0.006690201815217733,0.5528732538223267,0.5554191470146179,0.0,0.0,1.6358244731793379e-12,0.08306360244750977,0.0,1.0,0.06372366100549698,1.3623838424682617,0.7317683696746826,0.07928504981100559,60.33983612060547,12.269137382507324,0.3690377473831177,0.04777636379003525,0.1009281575679779,0.878120556473732,0.05780348926782608,0.0,0.16,hamiltonian_verlet,0.2,6,16,1.0,True,1.0,warp,1.0,2.0,0.0001,192,gaussian
full,1,0.507371187210083,0.01,0.01,metadata_softmax,sum,helmholtz_branched_highk,0.02,2.0,2,0.0,1.0,0.0,4,helmholtz_highk,0.002454923582263291,0.008851185441017151,0.0,0.5066738873720169,0.0,0.22520967572927475,0.0,0.179929219186306,2.4524658692737233e-10,0.00669118738733232,0.003681943635456264,0.622213214635849,0.04834250919520855,anisotropic_gabor,2,1.0,192,1.0,0.16,3,0.0001,0.05,proxy_0.20_0.05,8,1,2,1,0.0,shell_balanced,MiNO-Plus,MiNO-Plus_wingaussian_modshell_balanced_K6_modes8_patch16_ref0.05_rlp0.16_hfc0.16_rb-5_pdo0_diss0_symord0_symparspectral_order_wfconf2_trhamiltonian_verlet_frameanisotropic_gabor_sparse1_sklp0.16_tsyn1_tin1_tsmwarp_tdec1x16_tdgate1_tref0_br3_brroutemetadata_softmax_brent0.01_brdiv0.01,3,False,1,0.05,1696301,16,-2.0,0.0,0.05,,0.16,positive,1,0.5,-5.0,0.05,run,helmholtz_branched_highk_helmholtz_highk_positive_proxy_0p20_0p05_full_7_hamiltonian_verlet_anisotropic_gabor_True_2p0_0p16_0p16_0p16_1p0_1p0_warp_16_1p0_True_0p0_3_metadata_softmax_0p01_0p01_0p0_0p01_0p05_1p0_0p0_2_2,98.98352899999736,helmholtz_highk_positive,7,0.16,tcno_cache,True,16,0.0,0.01,0.0,0.05,0.6611865758895874,1.0887932479381561,0.0003386819953448139,0.3825071305036545,0.00032651316723786294,0.7055314183235168,1.0,0.0,44.642398834228516,0.4977743327617645,0.00032651316723786294,0.5705912709236145,0.04933423548936844,0.0,1.6706483676391486e-12,1.6583176851272583,0.003117610467597842,0.0030787528958171606,1.1685242176813753e-14,0.0004906912217848003,2.5712673656919094e-10,2.5712673656919094e-10,0.7055313587188721,2.5712673656919094e-10,0.006690191105008125,0.7069993019104004,0.7080587148666382,0.24613838642835617,0.24613838642835617,-0.03919293452054262,0.5197415351867676,0.0,1.0,0.06372366100549698,1.3623838424682617,0.7540292739868164,0.08392358757555485,38.76701354980469,2.3243181705474854,0.3839269280433655,0.03639949485659599,0.03197624161839485,0.8755983859300613,0.06613634526729584,0.0,0.16,hamiltonian_verlet,0.2,6,16,1.0,True,1.0,warp,1.0,2.0,0.0001,192,gaussian
full,1,0.5083858966827393,0.01,0.01,metadata_softmax,sum,helmholtz_branched_highk,0.02,2.0,2,0.0,1.0,0.0,4,helmholtz_highk,0.0030305556720122695,0.014385413844138384,0.0,0.5068493038415909,0.0,0.22515665739774704,0.0,0.18016308918595314,4.679963361287065e-11,0.00669119181111455,0.0031595232721883804,0.6224371194839478,0.04833304509520531,anisotropic_gabor,2,1.0,192,1.0,0.16,3,0.0001,0.05,proxy_0.20_0.05,8,1,2,1,0.0,shell_balanced,MiNO-Plus,MiNO-Plus_wingaussian_modshell_balanced_K6_modes8_patch16_ref0.05_rlp0.16_hfc0.16_rb-5_pdo0_diss0_symord0_symparspectral_order_wfconf2_trhamiltonian_verlet_frameanisotropic_gabor_sparse1_sklp0.16_tsyn1_tin1_tsmwarp_tdec1x16_tdgate1_tref0_br3_brroutemetadata_softmax_brent0.01_brdiv0.01,3,False,1,0.05,1696301,16,-2.0,0.0,0.05,,0.16,positive,1,0.5,-5.0,0.05,run,helmholtz_branched_highk_helmholtz_highk_positive_proxy_0p20_0p05_full_11_hamiltonian_verlet_anisotropic_gabor_True_2p0_0p16_0p16_0p16_1p0_1p0_warp_16_1p0_True_0p0_3_metadata_softmax_0p01_0p01_0p0_0p01_0p05_1p0_0p0_2_2,99.22412959999929,helmholtz_highk_positive,11,0.16,tcno_cache,True,16,0.0,0.01,0.0,0.05,0.6565122306346893,1.082733005285263,0.00032249896685243584,0.388178251683712,0.00015049440844450146,0.7055791616439819,1.0,0.0,47.300025939941406,0.4978429079055786,0.00015049440844450146,0.5682297945022583,0.05027453973889351,0.0,5.319282408750188e-13,1.5249757766723633,0.001489473506808281,0.0013576662167906761,1.705009051967358e-14,0.0006125959334895015,5.000156538814693e-11,5.000156538814693e-11,0.7055798768997192,5.000156538814693e-11,0.006690195761620998,0.7070993185043335,0.7082290053367615,0.22817355766892433,0.22817355766892433,0.00023731496185064316,0.4542241096496582,0.0,1.0,0.06372366100549698,1.3623838424682617,0.7540249228477478,0.08886135928332806,39.66243362426758,0.5261020064353943,0.3893381357192993,0.050124600529670715,0.021289430558681488,0.8748200833797455,0.06931637972593307,0.0,0.16,hamiltonian_verlet,0.2,6,16,1.0,True,1.0,warp,1.0,2.0,0.0001,192,gaussian
full,1,0.506516695022583,0.01,0.01,metadata_softmax,sum,helmholtz_branched_highk,0.02,2.0,2,0.0,1.0,0.0,4,helmholtz_highk,0.0029886841075494885,0.010113741271197796,0.0,0.5070497393608093,0.0,0.22544634342193604,0.0,0.18001515045762062,1.263170679166592e-10,0.006691191578283906,0.0007820743194315583,0.622252494096756,0.048322997987270355,anisotropic_gabor,2,1.0,192,1.0,0.16,3,0.0001,0.05,proxy_0.20_0.05,8,1,2,1,0.0,shell_balanced,MiNO-Plus,MiNO-Plus_wingaussian_modshell_balanced_K6_modes8_patch16_ref0.05_rlp0.16_hfc0.16_rb-5_pdo0_diss0_symord0_symparspectral_order_wfconf2_trhamiltonian_verlet_frameanisotropic_gabor_sparse1_sklp0.16_tsyn1_tin1_tsmwarp_tdec1x16_tdgate1_tref0_br3_brroutemetadata_softmax_brent0.01_brdiv0.01,3,False,1,0.05,1696301,16,-2.0,0.0,0.05,,0.16,positive,1,0.5,-5.0,0.05,run,helmholtz_branched_highk_helmholtz_highk_positive_proxy_0p20_0p05_full_19_hamiltonian_verlet_anisotropic_gabor_True_2p0_0p16_0p16_0p16_1p0_1p0_warp_16_1p0_True_0p0_3_metadata_softmax_0p01_0p01_0p0_0p01_0p05_1p0_0p0_2_2,99.1404102000015,helmholtz_highk_positive,19,0.16,tcno_cache,True,16,0.0,0.01,0.0,0.05,0.6600708663463593,1.087311863899231,0.00022506246023112908,0.3879248946905136,0.0004988166620023549,0.7052863240242004,1.0,0.0,42.724700927734375,0.49742403626441956,0.0004988166620023549,0.572723925113678,0.04888495057821274,0.0,2.5737284482449385e-13,1.4932231903076172,0.002353374380618334,0.002218965906649828,1.0571803815120819e-14,0.0007839397876523435,1.3356690753418832e-10,1.3356690753418832e-10,0.7052830457687378,1.3356690753418832e-10,0.006690194830298424,0.7067100405693054,0.7077181339263916,0.2596948556602001,0.2596948556602001,0.06207280606031418,0.5730347633361816,0.0,1.0,0.06372366100549698,1.3623838424682617,0.7540258765220642,0.07564778998494148,38.15451431274414,3.480719566345215,0.38015592098236084,0.030987149104475975,0.036058031022548676,0.8776107430458069,0.06398407369852066,0.0,0.16,hamiltonian_verlet,0.2,6,16,1.0,True,1.0,warp,1.0,2.0,0.0001,192,gaussian
single_branch,1,0.5077364444732666,0.01,0.01,metadata_softmax,sum,helmholtz_branched_highk,0.02,2.0,2,0.0,1.0,0.0,4,helmholtz_highk,0.0,0.0,0.0,0.5071113854646683,0.0,0.22555702179670334,0.0,0.18003693968057632,2.4497954359548046e-10,0.0066911871545016766,0.006815024884417653,0.622327983379364,0.0483342669904232,anisotropic_gabor,2,1.0,192,1.0,0.16,3,0.0001,0.05,proxy_0.20_0.05,8,1,2,1,0.0,shell_balanced,MiNO-Plus,MiNO-Plus_wingaussian_modshell_balanced_K6_modes8_patch16_ref0.05_rlp0.16_hfc0.16_rb-5_pdo0_diss0_symord0_symparspectral_order_wfconf2_trhamiltonian_verlet_frameanisotropic_gabor_sparse1_sklp0.16_tsyn1_tin1_tsmwarp_tdec1x16_tdgate1_tref0_br3_brroutemetadata_softmax_brent0.01_brdiv0.01,3,False,1,0.05,1696301,16,-2.0,0.0,0.05,,0.16,positive,1,0.5,-5.0,0.05,run,helmholtz_branched_highk_helmholtz_highk_positive_proxy_0p20_0p05_single_branch_7_hamiltonian_verlet_anisotropic_gabor_True_2p0_0p16_0p16_0p16_1p0_1p0_warp_16_1p0_True_0p0_3_metadata_softmax_0p01_0p01_0p0_0p01_0p05_1p0_0p0_2_2,98.83716439999989,helmholtz_highk_positive,7,0.16,tcno_cache,True,16,0.0,0.01,0.0,0.05,0.0,3.8009602576494217e-06,0.00034929633693536744,1.0,0.00047115457709878683,0.7057090401649475,1.0,0.0,43.70156478881836,0.4980250597000122,0.00047115457709878683,0.5718690752983093,0.04896032437682152,0.0,2.733062853723517e-12,1.4403260946273804,0.003114145714789629,0.0030756075866520405,6.726193342939833e-15,0.0004884072113782167,2.5660162883411886e-10,2.5660162883411886e-10,0.7057089805603027,2.5660162883411886e-10,0.006690191570669413,0.7071520686149597,0.7081872820854187,0.3829234018921852,0.3829234018921852,-0.08712797425687313,0.5031867027282715,0.0,1.0,0.06372366100549698,1.3623838424682617,0.7540296316146851,0.12644358910620213,38.455101013183594,3.0796637535095215,0.38201388716697693,0.036386068910360336,0.037121836096048355,0.8780397176742554,0.06511387974023819,0.0,0.16,hamiltonian_verlet,0.2,6,16,1.0,True,1.0,warp,1.0,2.0,0.0001,192,gaussian
single_branch,1,0.5078705549240112,0.01,0.01,metadata_softmax,sum,helmholtz_branched_highk,0.02,2.0,2,0.0,1.0,0.0,4,helmholtz_highk,0.0,0.0,0.0,0.5069921910762787,0.0,0.22531452029943466,0.0,0.1801530122756958,4.6856539481776593e-11,0.00669119181111455,0.002977038035169244,0.6223509013652802,0.04830406606197357,anisotropic_gabor,2,1.0,192,1.0,0.16,3,0.0001,0.05,proxy_0.20_0.05,8,1,2,1,0.0,shell_balanced,MiNO-Plus,MiNO-Plus_wingaussian_modshell_balanced_K6_modes8_patch16_ref0.05_rlp0.16_hfc0.16_rb-5_pdo0_diss0_symord0_symparspectral_order_wfconf2_trhamiltonian_verlet_frameanisotropic_gabor_sparse1_sklp0.16_tsyn1_tin1_tsmwarp_tdec1x16_tdgate1_tref0_br3_brroutemetadata_softmax_brent0.01_brdiv0.01,3,False,1,0.05,1696301,16,-2.0,0.0,0.05,,0.16,positive,1,0.5,-5.0,0.05,run,helmholtz_branched_highk_helmholtz_highk_positive_proxy_0p20_0p05_single_branch_11_hamiltonian_verlet_anisotropic_gabor_True_2p0_0p16_0p16_0p16_1p0_1p0_warp_16_1p0_True_0p0_3_metadata_softmax_0p01_0p01_0p0_0p01_0p05_1p0_0p0_2_2,92.4979760999995,helmholtz_highk_positive,11,0.16,tcno_cache,True,16,0.0,0.01,0.0,0.05,0.0,3.8009602576494217e-06,0.0002909910508606117,1.0,0.00024313258472830057,0.7054741978645325,1.0,0.0,47.026187896728516,0.49769482016563416,0.00024313258472830057,0.5676096677780151,0.050223272293806076,0.0,3.349702188803344e-12,1.360298752784729,0.001491553382948041,0.0013604352716356516,1.6569975304510896e-14,0.0006115123396739364,5.0205735402375495e-11,5.0205735402375495e-11,0.7054749131202698,5.0205735402375495e-11,0.0066901990212500095,0.7069860100746155,0.7081072330474854,0.3738855868577957,0.3738855868577957,0.06021928787231445,0.05331087112426758,0.0,1.0,0.06372366100549698,1.3623838424682617,0.7540245056152344,0.132778350263834,39.561134338378906,0.674111545085907,0.38875117897987366,0.05004187300801277,0.014303529635071754,0.877140536904335,0.06897293031215668,0.0,0.16,hamiltonian_verlet,0.2,6,16,1.0,True,1.0,warp,1.0,2.0,0.0001,192,gaussian
single_branch,1,0.5057976841926575,0.01,0.01,metadata_softmax,sum,helmholtz_branched_highk,0.02,2.0,2,0.0,1.0,0.0,4,helmholtz_highk,0.0,0.0,0.0,0.5071563720703125,0.0,0.2255697026848793,0.0,0.17998579144477844,1.275014469004354e-10,0.00669119181111455,0.00283883378142491,0.6222261637449265,0.04832589812576771,anisotropic_gabor,2,1.0,192,1.0,0.16,3,0.0001,0.05,proxy_0.20_0.05,8,1,2,1,0.0,shell_balanced,MiNO-Plus,MiNO-Plus_wingaussian_modshell_balanced_K6_modes8_patch16_ref0.05_rlp0.16_hfc0.16_rb-5_pdo0_diss0_symord0_symparspectral_order_wfconf2_trhamiltonian_verlet_frameanisotropic_gabor_sparse1_sklp0.16_tsyn1_tin1_tsmwarp_tdec1x16_tdgate1_tref0_br3_brroutemetadata_softmax_brent0.01_brdiv0.01,3,False,1,0.05,1696301,16,-2.0,0.0,0.05,,0.16,positive,1,0.5,-5.0,0.05,run,helmholtz_branched_highk_helmholtz_highk_positive_proxy_0p20_0p05_single_branch_19_hamiltonian_verlet_anisotropic_gabor_True_2p0_0p16_0p16_0p16_1p0_1p0_warp_16_1p0_True_0p0_3_metadata_softmax_0p01_0p01_0p0_0p01_0p05_1p0_0p0_2_2,87.72050560000207,helmholtz_highk_positive,19,0.16,tcno_cache,True,16,0.0,0.01,0.0,0.05,0.0,3.8009602576494217e-06,0.0002705318547668867,1.0,0.00047461182111874223,0.7048498392105103,1.0,0.0,42.911163330078125,0.49680858850479126,0.00047461182111874223,0.5724150538444519,0.04901525378227234,0.0,1.2352653469739237e-12,1.5003186464309692,0.002364796120673418,0.0022293294314295053,1.4277927866163283e-14,0.0007888923864811659,1.3481743499355048e-10,1.3481743499355048e-10,0.7048465013504028,1.3481743499355048e-10,0.006690198555588722,0.706269383430481,0.7072778344154358,0.4456685110926628,0.4456685110926628,-0.007643887074664235,0.5218391418457031,0.0,1.0,0.06372366100549698,1.3623838424682617,0.7540257573127747,0.13298440352082253,38.2397575378418,2.9577527046203613,0.38068896532058716,0.03090299479663372,0.03913292661309242,0.8780147433280945,0.06422072649002075,0.0,0.16,hamiltonian_verlet,0.2,6,16,1.0,True,1.0,warp,1.0,2.0,0.0001,192,gaussian
no_branch_routing,1,0.5071269869804382,0.01,0.01,metadata_softmax,sum,helmholtz_branched_highk,0.02,2.0,2,0.0,1.0,0.0,4,helmholtz_highk,8.881784197001252e-16,2.1701794139517006e-07,0.0,0.5067308098077774,0.0,0.2252684310078621,0.0,0.17992394417524338,2.4520999813981703e-10,0.00669118738733232,0.0026452377205714583,0.6222054362297058,0.04833715967833996,anisotropic_gabor,2,1.0,192,1.0,0.16,3,0.0001,0.05,proxy_0.20_0.05,8,1,2,1,0.0,shell_balanced,MiNO-Plus,MiNO-Plus_wingaussian_modshell_balanced_K6_modes8_patch16_ref0.05_rlp0.16_hfc0.16_rb-5_pdo0_diss0_symord0_symparspectral_order_wfconf2_trhamiltonian_verlet_frameanisotropic_gabor_sparse1_sklp0.16_tsyn1_tin1_tsmwarp_tdec1x16_tdgate1_tref0_br3_brroutemetadata_softmax_brent0.01_brdiv0.01,3,False,1,0.05,1696301,16,-2.0,0.0,0.05,,0.16,positive,1,0.5,-5.0,0.05,run,helmholtz_branched_highk_helmholtz_highk_positive_proxy_0p20_0p05_no_branch_routing_7_hamiltonian_verlet_anisotropic_gabor_True_2p0_0p16_0p16_0p16_1p0_1p0_warp_16_1p0_True_0p0_3_metadata_softmax_0p01_0p01_0p0_0p01_0p05_1p0_0p0_2_2,88.6131533000007,helmholtz_highk_positive,7,0.16,tcno_cache,True,16,0.0,0.01,0.0,0.05,0.6666666269302368,1.0986120700836182,0.00033876742236316204,0.3333333730697632,0.00035156068042851985,0.7054797410964966,1.0,0.0,44.26542663574219,0.4977014362812042,0.00035156068042851985,0.5706998705863953,0.049361538141965866,0.0,3.139111746149753e-12,1.627388596534729,0.003117144573479891,0.0030784306582063437,6.222744064146189e-15,0.0004897514590993524,2.5707291850807223e-10,2.5707291850807223e-10,0.705479621887207,2.5707291850807223e-10,0.006690191570669413,0.7069381475448608,0.7079871296882629,0.24438095092773438,0.24438095092773438,-0.024620086885988712,0.5559778213500977,0.0,1.0,0.06372366100549698,1.3623838424682617,0.754029393196106,0.0833276528865099,38.64348220825195,2.5077435970306396,0.3831731975078583,0.036352019757032394,0.03631114587187767,0.8752865642309189,0.06571285426616669,0.0,0.16,hamiltonian_verlet,0.2,6,16,1.0,True,1.0,warp,1.0,2.0,0.0001,192,gaussian
no_branch_routing,1,0.5084080100059509,0.01,0.01,metadata_softmax,sum,helmholtz_branched_highk,0.02,2.0,2,0.0,1.0,0.0,4,helmholtz_highk,8.881784197001252e-16,2.1701794139517006e-07,0.0,0.5068385601043701,0.0,0.22515441477298737,0.0,0.18015147745609283,4.6660821040322986e-11,0.00669119181111455,0.0010951727599604055,0.6224145889282227,0.04833517409861088,anisotropic_gabor,2,1.0,192,1.0,0.16,3,0.0001,0.05,proxy_0.20_0.05,8,1,2,1,0.0,shell_balanced,MiNO-Plus,MiNO-Plus_wingaussian_modshell_balanced_K6_modes8_patch16_ref0.05_rlp0.16_hfc0.16_rb-5_pdo0_diss0_symord0_symparspectral_order_wfconf2_trhamiltonian_verlet_frameanisotropic_gabor_sparse1_sklp0.16_tsyn1_tin1_tsmwarp_tdec1x16_tdgate1_tref0_br3_brroutemetadata_softmax_brent0.01_brdiv0.01,3,False,1,0.05,1696301,16,-2.0,0.0,0.05,,0.16,positive,1,0.5,-5.0,0.05,run,helmholtz_branched_highk_helmholtz_highk_positive_proxy_0p20_0p05_no_branch_routing_11_hamiltonian_verlet_anisotropic_gabor_True_2p0_0p16_0p16_0p16_1p0_1p0_warp_16_1p0_True_0p0_3_metadata_softmax_0p01_0p01_0p0_0p01_0p05_1p0_0p0_2_2,85.91004330000214,helmholtz_highk_positive,11,0.16,tcno_cache,True,16,0.0,0.01,0.0,0.05,0.6666666269302368,1.0986120700836182,0.0003262539903516881,0.3333333730697632,0.0001474562450312078,0.7056008577346802,1.0,0.0,47.37844467163086,0.497873455286026,0.0001474562450312078,0.5681486129760742,0.05017857998609543,0.0,-7.706493456620736e-13,1.512714147567749,0.0014864586992189288,0.0013542809756472707,1.2784964533991798e-14,0.0006127661326900125,4.975253195538265e-11,4.975253195538265e-11,0.7056015133857727,4.975253195538265e-11,0.006690195761620998,0.7071223855018616,0.7082546353340149,0.23132159560918808,0.23132159560918808,0.030793461435678182,0.44476985931396484,0.0,1.0,0.06372366100549698,1.3623838424682617,0.7540246844291687,0.08864745497703552,39.68437957763672,0.45619818568229675,0.3894706070423126,0.05011860653758049,0.0205141119658947,0.8750396072864532,0.0693940743803978,0.0,0.16,hamiltonian_verlet,0.2,6,16,1.0,True,1.0,warp,1.0,2.0,0.0001,192,gaussian
no_branch_routing,1,0.5065420866012573,0.01,0.01,metadata_softmax,sum,helmholtz_branched_highk,0.02,2.0,2,0.0,1.0,0.0,4,helmholtz_highk,8.881784197001252e-16,2.1701794139517006e-07,0.0,0.5070284456014633,0.0,0.22543007135391235,0.0,0.1800088956952095,1.2632175167004434e-10,0.006691191578283906,0.0013984216056996956,0.6222463846206665,0.048326488584280014,anisotropic_gabor,2,1.0,192,1.0,0.16,3,0.0001,0.05,proxy_0.20_0.05,8,1,2,1,0.0,shell_balanced,MiNO-Plus,MiNO-Plus_wingaussian_modshell_balanced_K6_modes8_patch16_ref0.05_rlp0.16_hfc0.16_rb-5_pdo0_diss0_symord0_symparspectral_order_wfconf2_trhamiltonian_verlet_frameanisotropic_gabor_sparse1_sklp0.16_tsyn1_tin1_tsmwarp_tdec1x16_tdgate1_tref0_br3_brroutemetadata_softmax_brent0.01_brdiv0.01,3,False,1,0.05,1696301,16,-2.0,0.0,0.05,,0.16,positive,1,0.5,-5.0,0.05,run,helmholtz_branched_highk_helmholtz_highk_positive_proxy_0p20_0p05_no_branch_routing_19_hamiltonian_verlet_anisotropic_gabor_True_2p0_0p16_0p16_0p16_1p0_1p0_warp_16_1p0_True_0p0_3_metadata_softmax_0p01_0p01_0p0_0p01_0p05_1p0_0p0_2_2,85.19685869999739,helmholtz_highk_positive,19,0.16,tcno_cache,True,16,0.0,0.01,0.0,0.05,0.6666666269302368,1.0986120700836182,0.00022598547730012797,0.3333333730697632,0.0004796808061655611,0.7052716016769409,1.0,0.0,42.92158889770508,0.4974032938480377,0.0004796808061655611,0.5725829005241394,0.04895661771297455,0.0,2.29705414845488e-12,1.5465822219848633,0.002353944815695286,0.002219117246568203,1.159000179222448e-14,0.00078522355761379,1.3358511519179217e-10,1.3358511519179217e-10,0.705268383026123,1.3358511519179217e-10,0.006690197624266148,0.7066987752914429,0.7077118158340454,0.2584521509706974,0.2584521509706974,0.05318873003125191,0.5153975486755371,0.0,1.0,0.06372366100549698,1.3623838424682617,0.7540258765220642,0.07479905895888805,38.217185974121094,3.333686351776123,0.3805418312549591,0.03103647194802761,0.034002065658569336,0.8772243559360504,0.06419795751571655,0.0,0.16,hamiltonian_verlet,0.2,6,16,1.0,True,1.0,warp,1.0,2.0,0.0001,192,gaussian
no_transport,1,0.508607029914856,0.01,0.01,metadata_softmax,sum,helmholtz_branched_highk,0.02,2.0,2,0.0,1.0,0.0,4,helmholtz_highk,0.00237010745331645,0.008842070121318102,0.0,0.5064728856086731,0.0,0.2250087857246399,0.0,0.17995524778962135,2.4523681002586173e-10,0.0066911871545016766,0.014044484123587608,0.6222375333309174,0.04836566373705864,anisotropic_gabor,2,1.0,192,1.0,0.16,3,0.0001,0.05,proxy_0.20_0.05,8,1,2,1,0.0,shell_balanced,MiNO-Plus,MiNO-Plus_wingaussian_modshell_balanced_K6_modes8_patch16_ref0.05_rlp0.16_hfc0.16_rb-5_pdo0_diss0_symord0_symparspectral_order_wfconf2_trhamiltonian_verlet_frameanisotropic_gabor_sparse1_sklp0.16_tsyn1_tin1_tsmwarp_tdec1x16_tdgate1_tref0_br3_brroutemetadata_softmax_brent0.01_brdiv0.01,3,False,1,0.05,438197,16,-2.0,0.0,0.05,,0.16,positive,1,0.5,-5.0,0.05,run,helmholtz_branched_highk_helmholtz_highk_positive_proxy_0p20_0p05_no_transport_7_hamiltonian_verlet_anisotropic_gabor_True_2p0_0p16_0p16_0p16_1p0_1p0_warp_16_1p0_True_0p0_3_metadata_softmax_0p01_0p01_0p0_0p01_0p05_1p0_0p0_2_2,1.3251526999993075,helmholtz_highk_positive,7,0.16,tcno_cache,True,16,0.0,0.01,0.0,0.05,0.6612242013216019,1.088893473148346,0.0,0.3812752440571785,5.716398732147354e-08,0.7057812809944153,1.0,0.0,48.04564666748047,0.49812689423561096,5.716398732147354e-08,0.5670532584190369,0.05049700289964676,0.0,2.2917791254149777e-12,1.6118731498718262,0.003118311520665884,0.003078120993450284,9.41583169398151e-15,0.0004990372690372169,2.5702123762627593e-10,2.5702123762627593e-10,0.705781102180481,2.5702123762627593e-10,0.006690191105008125,0.7073199152946472,0.7084733843803406,0.23148896917700768,0.23148896917700768,-0.07756803091615438,0.46614980697631836,0.0,1.0,0.06372366100549698,1.3623838424682617,0.7540295124053955,0.0,39.89921569824219,0.00016711499483790249,0.3907582759857178,0.03715125471353531,1.439818106518942e-06,0.0,0.07010814547538757,0.0,0.16,hamiltonian_verlet,0.2,6,16,1.0,True,1.0,warp,1.0,2.0,0.0001,192,gaussian
no_transport,1,0.5086798071861267,0.01,0.01,metadata_softmax,sum,helmholtz_branched_highk,0.02,2.0,2,0.0,1.0,0.0,4,helmholtz_highk,0.002821468864567578,0.013738971669226885,0.0,0.5067163705825806,0.0,0.22505157440900803,0.0,0.18015043064951897,4.683658148818548e-11,0.00669119181111455,0.027082609944045544,0.6224188804626465,0.04836566373705864,anisotropic_gabor,2,1.0,192,1.0,0.16,3,0.0001,0.05,proxy_0.20_0.05,8,1,2,1,0.0,shell_balanced,MiNO-Plus,MiNO-Plus_wingaussian_modshell_balanced_K6_modes8_patch16_ref0.05_rlp0.16_hfc0.16_rb-5_pdo0_diss0_symord0_symparspectral_order_wfconf2_trhamiltonian_verlet_frameanisotropic_gabor_sparse1_sklp0.16_tsyn1_tin1_tsmwarp_tdec1x16_tdgate1_tref0_br3_brroutemetadata_softmax_brent0.01_brdiv0.01,3,False,1,0.05,438197,16,-2.0,0.0,0.05,,0.16,positive,1,0.5,-5.0,0.05,run,helmholtz_branched_highk_helmholtz_highk_positive_proxy_0p20_0p05_no_transport_11_hamiltonian_verlet_anisotropic_gabor_True_2p0_0p16_0p16_0p16_1p0_1p0_warp_16_1p0_True_0p0_3_metadata_softmax_0p01_0p01_0p0_0p01_0p05_1p0_0p0_2_2,1.246456599998055,helmholtz_highk_positive,11,0.16,tcno_cache,True,16,0.0,0.01,0.0,0.05,0.657097116112709,1.083581656217575,0.0,0.3857867866754532,5.541106418149866e-08,0.7058058977127075,1.0,0.0,48.04277038574219,0.49816280603408813,5.541106418149866e-08,0.5671014785766602,0.050511766225099564,0.0,2.2551106489999972e-12,1.58713960647583,0.001490105059929192,0.0013573233736678958,1.5241070395761308e-14,0.0006148871034383774,4.997631475323061e-11,4.997631475323061e-11,0.7058065533638,4.997631475323061e-11,0.006690195761620998,0.7073450684547424,0.7084980607032776,0.22111612558364868,0.22111612558364868,-0.12674378883093596,0.3727850914001465,0.0,1.0,0.06372366100549698,1.3623838424682617,0.7540250420570374,0.0,39.89932632446289,0.0001676353858783841,0.39075756072998047,0.05001020431518555,1.4045695024833549e-06,0.0,0.0701608657836914,0.0,0.16,hamiltonian_verlet,0.2,6,16,1.0,True,1.0,warp,1.0,2.0,0.0001,192,gaussian
no_transport,1,0.5082529187202454,0.01,0.01,metadata_softmax,sum,helmholtz_branched_highk,0.02,2.0,2,0.0,1.0,0.0,4,helmholtz_highk,0.002715150942094624,0.009396171662956476,0.0,0.5065725892782211,0.0,0.22498901188373566,0.0,0.18001104518771172,1.2724675826913945e-10,0.006691192276775837,0.0012617460452020168,0.6222556680440903,0.04836566373705864,anisotropic_gabor,2,1.0,192,1.0,0.16,3,0.0001,0.05,proxy_0.20_0.05,8,1,2,1,0.0,shell_balanced,MiNO-Plus,MiNO-Plus_wingaussian_modshell_balanced_K6_modes8_patch16_ref0.05_rlp0.16_hfc0.16_rb-5_pdo0_diss0_symord0_symparspectral_order_wfconf2_trhamiltonian_verlet_frameanisotropic_gabor_sparse1_sklp0.16_tsyn1_tin1_tsmwarp_tdec1x16_tdgate1_tref0_br3_brroutemetadata_softmax_brent0.01_brdiv0.01,3,False,1,0.05,438197,16,-2.0,0.0,0.05,,0.16,positive,1,0.5,-5.0,0.05,run,helmholtz_branched_highk_helmholtz_highk_positive_proxy_0p20_0p05_no_transport_19_hamiltonian_verlet_anisotropic_gabor_True_2p0_0p16_0p16_0p16_1p0_1p0_warp_16_1p0_True_0p0_3_metadata_softmax_0p01_0p01_0p0_0p01_0p05_1p0_0p0_2_2,1.268108399999619,helmholtz_highk_positive,19,0.16,tcno_cache,True,16,0.0,0.01,0.0,0.05,0.6607301831245422,1.0883130431175232,0.0,0.38479793816804886,5.759891408274598e-08,0.7056281566619873,1.0,0.0,48.042884826660156,0.497906357049942,5.759891408274598e-08,0.5675570368766785,0.05046731233596802,0.0,2.236776410792507e-12,1.5316874980926514,0.002371077658608556,0.0022256814409047365,1.0134750907963598e-14,0.0008175267721526325,1.3437659318604744e-10,1.3437659318604744e-10,0.7056248784065247,1.3437659318604744e-10,0.006690198555588722,0.7071635127067566,0.7083165645599365,0.2574148401618004,0.2574148401618004,0.0686981026083231,0.6179733276367188,0.0,1.0,0.06372366100549698,1.3623838424682617,0.7540255188941956,0.0,39.89932632446289,0.00016716077516321093,0.39074528217315674,0.03201325610280037,1.3531837339542108e-06,0.0,0.0700836032629013,0.0,0.16,hamiltonian_verlet,0.2,6,16,1.0,True,1.0,warp,1.0,2.0,0.0001,192,gaussian
no_transport_no_carrier,1,0.4708753824234009,0.01,0.01,metadata_softmax,sum,helmholtz_branched_highk,0.02,2.0,2,0.0,1.0,0.0,4,helmholtz_highk,0.002393749076873064,0.008896270766854286,0.0,0.6432546079158783,0.0,0.3617471009492874,0.0,0.17984702438116074,2.4375222673622687e-10,0.0066912188194692135,0.013155861292034388,0.6220927685499191,0.04836566373705864,anisotropic_gabor,2,1.0,192,1.0,0.16,3,0.0001,0.05,proxy_0.20_0.05,8,1,2,1,0.0,shell_balanced,MiNO-Plus,MiNO-Plus_wingaussian_modshell_balanced_K6_modes8_patch16_ref0.05_rlp0.16_hfc0.16_rb-5_pdo0_diss0_symord0_symparspectral_order_wfconf2_trhamiltonian_verlet_frameanisotropic_gabor_sparse1_sklp0.16_tsyn1_tin1_tsmwarp_tdec1x16_tdgate1_tref0_br3_brroutemetadata_softmax_brent0.01_brdiv0.01,3,False,1,0.05,438197,16,-2.0,0.0,0.05,,0.16,positive,1,0.5,-5.0,0.05,run,helmholtz_branched_highk_helmholtz_highk_positive_proxy_0p20_0p05_no_transport_no_carrier_7_hamiltonian_verlet_anisotropic_gabor_True_2p0_0p16_0p16_0p16_1p0_1p0_warp_16_1p0_True_0p0_3_metadata_softmax_0p01_0p01_0p0_0p01_0p05_1p0_0p0_2_2,0.9572785999989719,helmholtz_highk_positive,7,0.16,tcno_cache,True,16,0.0,0.01,0.0,0.05,0.6611770391464233,1.088820457458496,0.0,0.38157154619693756,5.6461580300037895e-08,0.721979022026062,1.0,0.0,1.4930545091629028,0.5212534666061401,5.6461580300037895e-08,0.6032893061637878,0.08595004677772522,0.0,2.310113200992142e-12,1.6558632850646973,0.0030969122890383005,0.0030834232456982136,7.799176987555428e-15,0.00028873159317299724,2.5790744540010735e-10,2.5790744540010735e-10,0.7219789624214172,2.5790744540010735e-10,0.006690263748168945,0.7229755520820618,0.7234804034233093,0.23076123744249344,0.23076123744249344,-0.0841583963483572,0.5997509956359863,0.0,1.0,0.06372366100549698,1.3623838424682617,0.7540292143821716,0.0,0.0,0.0,0.012071885168552399,0.0,5.4530669757468786e-08,0.0,0.0314517617225647,0.0,0.16,hamiltonian_verlet,0.2,6,16,1.0,True,1.0,warp,1.0,2.0,0.0001,192,gaussian
no_transport_no_carrier,1,0.47104528546333313,0.01,0.01,metadata_softmax,sum,helmholtz_branched_highk,0.02,2.0,2,0.0,1.0,0.0,4,helmholtz_highk,0.0028270657639950514,0.013763060793280602,0.0,0.6436620950698853,0.0,0.3619071841239929,0.0,0.1800321340560913,4.084121929537332e-11,0.006691258400678635,0.029036317951977253,0.6222711801528931,0.04836566373705864,anisotropic_gabor,2,1.0,192,1.0,0.16,3,0.0001,0.05,proxy_0.20_0.05,8,1,2,1,0.0,shell_balanced,MiNO-Plus,MiNO-Plus_wingaussian_modshell_balanced_K6_modes8_patch16_ref0.05_rlp0.16_hfc0.16_rb-5_pdo0_diss0_symord0_symparspectral_order_wfconf2_trhamiltonian_verlet_frameanisotropic_gabor_sparse1_sklp0.16_tsyn1_tin1_tsmwarp_tdec1x16_tdgate1_tref0_br3_brroutemetadata_softmax_brent0.01_brdiv0.01,3,False,1,0.05,438197,16,-2.0,0.0,0.05,,0.16,positive,1,0.5,-5.0,0.05,run,helmholtz_branched_highk_helmholtz_highk_positive_proxy_0p20_0p05_no_transport_no_carrier_11_hamiltonian_verlet_anisotropic_gabor_True_2p0_0p16_0p16_0p16_1p0_1p0_warp_16_1p0_True_0p0_3_metadata_softmax_0p01_0p01_0p0_0p01_0p05_1p0_0p0_2_2,0.8996044000014081,helmholtz_highk_positive,11,0.16,tcno_cache,True,16,0.0,0.01,0.0,0.05,0.6570707112550735,1.0835396945476532,0.0,0.38587506115436554,5.509301814754508e-08,0.7220661640167236,1.0,0.0,1.3896878957748413,0.5213805437088013,5.509301814754508e-08,0.6034150719642639,0.08593776077032089,0.0,2.1451052197550557e-12,1.7943382263183594,0.0013414202257990837,0.001289496896788478,1.422681450999417e-14,0.00036960255238227546,4.5106401252992256e-11,4.5106401252992256e-11,0.7220668792724609,4.5106401252992256e-11,0.006690322887152433,0.7230634689331055,0.7235681414604187,0.2213384248316288,0.2213384248316288,-0.1323370998725295,0.642601490020752,0.0,1.0,0.06372366100549698,1.3623838424682617,0.7540236711502075,0.0,0.0,0.0,0.012405987828969955,0.0,6.155734411095182e-08,0.0,0.03147019445896149,0.0,0.16,hamiltonian_verlet,0.2,6,16,1.0,True,1.0,warp,1.0,2.0,0.0001,192,gaussian
no_transport_no_carrier,1,0.4705662131309509,0.01,0.01,metadata_softmax,sum,helmholtz_branched_highk,0.02,2.0,2,0.0,1.0,0.0,4,helmholtz_highk,0.0027322625974193215,0.009460029192268848,0.0,0.643402636051178,0.0,0.36179281771183014,0.0,0.1799049973487854,1.2405934265991014e-10,0.006691269110888243,0.004429452936165035,0.6221128106117249,0.04836566373705864,anisotropic_gabor,2,1.0,192,1.0,0.16,3,0.0001,0.05,proxy_0.20_0.05,8,1,2,1,0.0,shell_balanced,MiNO-Plus,MiNO-Plus_wingaussian_modshell_balanced_K6_modes8_patch16_ref0.05_rlp0.16_hfc0.16_rb-5_pdo0_diss0_symord0_symparspectral_order_wfconf2_trhamiltonian_verlet_frameanisotropic_gabor_sparse1_sklp0.16_tsyn1_tin1_tsmwarp_tdec1x16_tdgate1_tref0_br3_brroutemetadata_softmax_brent0.01_brdiv0.01,3,False,1,0.05,438197,16,-2.0,0.0,0.05,,0.16,positive,1,0.5,-5.0,0.05,run,helmholtz_branched_highk_helmholtz_highk_positive_proxy_0p20_0p05_no_transport_no_carrier_19_hamiltonian_verlet_anisotropic_gabor_True_2p0_0p16_0p16_0p16_1p0_1p0_warp_16_1p0_True_0p0_3_metadata_softmax_0p01_0p01_0p0_0p01_0p05_1p0_0p0_2_2,0.8925937000021804,helmholtz_highk_positive,19,0.16,tcno_cache,True,16,0.0,0.01,0.0,0.05,0.6606792360544205,1.088232547044754,0.0,0.38498199731111526,5.769905087049665e-08,0.7218302488327026,1.0,0.0,1.3393604755401611,0.5210341811180115,5.769905087049665e-08,0.6028013229370117,0.08594982326030731,0.0,2.1817736419599276e-12,1.5975812673568726,0.0022127043921500444,0.0021978539880365133,1.006737536624015e-14,0.00025592674501240253,1.3103738927267017e-10,1.3103738927267017e-10,0.7218270301818848,1.3103738927267017e-10,0.006690340116620064,0.7228239178657532,0.7233286499977112,0.2582932449877262,0.2582932449877262,0.09205609187483788,0.38663768768310547,0.0,1.0,0.06372366100549698,1.3623838424682617,0.7540246248245239,0.0,0.0,0.0,0.010528283193707466,0.0,5.9336393576359114e-08,0.0,0.03142080083489418,0.0,0.16,hamiltonian_verlet,0.2,6,16,1.0,True,1.0,warp,1.0,2.0,0.0001,192,gaussian
no_symbol,1,0.5073022842407227,0.01,0.01,metadata_softmax,sum,helmholtz_branched_highk,0.02,2.0,2,0.0,1.0,0.0,4,helmholtz_highk,0.0022176451748237014,0.008662759326398373,0.0,0.5066412389278412,0.0,0.22519270330667496,0.0,0.1799057424068451,2.4531495584900753e-10,0.00669118738733232,4.779756345249329e-24,0.6221937239170074,0.048339251428842545,anisotropic_gabor,2,1.0,192,1.0,0.16,3,0.0001,0.05,proxy_0.20_0.05,8,1,2,1,0.0,shell_balanced,MiNO-Plus,MiNO-Plus_wingaussian_modshell_balanced_K6_modes8_patch16_ref0.05_rlp0.16_hfc0.16_rb-5_pdo0_diss0_symord0_symparspectral_order_wfconf2_trhamiltonian_verlet_frameanisotropic_gabor_sparse1_sklp0.16_tsyn1_tin1_tsmwarp_tdec1x16_tdgate1_tref0_br3_brroutemetadata_softmax_brent0.01_brdiv0.01,3,False,1,0.05,1335725,16,-2.0,0.0,0.05,,0.16,positive,1,0.5,-5.0,0.05,run,helmholtz_branched_highk_helmholtz_highk_positive_proxy_0p20_0p05_no_symbol_7_hamiltonian_verlet_anisotropic_gabor_True_2p0_0p16_0p16_0p16_1p0_1p0_warp_16_1p0_True_0p0_3_metadata_softmax_0p01_0p01_0p0_0p01_0p05_1p0_0p0_2_2,92.18233049999981,helmholtz_highk_positive,7,0.16,tcno_cache,True,16,0.0,0.01,0.0,0.05,0.6612540185451508,1.089074969291687,0.0003300455427961424,0.3800377622246742,0.00033416113001294434,0.7055171132087708,1.0,0.0,44.62199401855469,0.49775421619415283,0.00033416113001294434,0.570764422416687,0.049347151070833206,0.0,1.0088486442723019e-12,1.557482123374939,0.0031182400416582823,0.0030793948099017143,7.663473839075816e-15,0.0004906603135168552,2.5723398411336973e-10,2.5723398411336973e-10,0.705517053604126,2.5723398411336973e-10,0.006690191105008125,0.7069843411445618,0.708043098449707,0.0,0.0,1.0088486442723019e-12,0.5908322334289551,0.0,1.0,0.06372366100549698,1.3623838424682617,0.7540300488471985,0.08533463068306446,38.76070785522461,2.336021661758423,0.383887380361557,0.03639815375208855,0.029798995703458786,0.8775221854448318,0.06611375510692596,0.0,0.16,hamiltonian_verlet,0.2,6,16,1.0,True,1.0,warp,1.0,2.0,0.0001,192,gaussian
no_symbol,1,0.5082473754882812,0.01,0.01,metadata_softmax,sum,helmholtz_branched_highk,0.02,2.0,2,0.0,1.0,0.0,4,helmholtz_highk,0.003111789934337139,0.014058259315788746,0.0,0.5067757070064545,0.0,0.2251274287700653,0.0,0.18011734634637833,4.646658405271786e-11,0.00669119181111455,5.9644540448596295e-24,0.6223856210708618,0.04833533614873886,anisotropic_gabor,2,1.0,192,1.0,0.16,3,0.0001,0.05,proxy_0.20_0.05,8,1,2,1,0.0,shell_balanced,MiNO-Plus,MiNO-Plus_wingaussian_modshell_balanced_K6_modes8_patch16_ref0.05_rlp0.16_hfc0.16_rb-5_pdo0_diss0_symord0_symparspectral_order_wfconf2_trhamiltonian_verlet_frameanisotropic_gabor_sparse1_sklp0.16_tsyn1_tin1_tsmwarp_tdec1x16_tdgate1_tref0_br3_brroutemetadata_softmax_brent0.01_brdiv0.01,3,False,1,0.05,1335725,16,-2.0,0.0,0.05,,0.16,positive,1,0.5,-5.0,0.05,run,helmholtz_branched_highk_helmholtz_highk_positive_proxy_0p20_0p05_no_symbol_11_hamiltonian_verlet_anisotropic_gabor_True_2p0_0p16_0p16_0p16_1p0_1p0_warp_16_1p0_True_0p0_3_metadata_softmax_0p01_0p01_0p0_0p01_0p05_1p0_0p0_2_2,89.12211049999678,helmholtz_highk_positive,11,0.16,tcno_cache,True,16,0.0,0.01,0.0,0.05,0.6567303836345673,1.0832110047340393,0.0003325966499687638,0.3886536955833435,0.00015360202814918011,0.7055209875106812,1.0,0.0,47.306739807128906,0.49776071310043335,0.00015360202814918011,0.5684666633605957,0.050260819494724274,0.0,5.26388644044723e-12,1.5326305627822876,0.0014827115228399634,0.001350192353129387,1.438379173797702e-14,0.0006127103115431964,4.94525739802576e-11,4.94525739802576e-11,0.7055216431617737,4.94525739802576e-11,0.006690195761620998,0.707040548324585,0.7081703543663025,0.0,0.0,5.26388644044723e-12,0.6391820907592773,0.0,1.0,0.06372366100549698,1.3623838424682617,0.7540250420570374,0.08953351899981499,39.66719436645508,0.531602144241333,0.3893600404262543,0.05008658766746521,0.019159702584147453,0.8770672827959061,0.06931303441524506,0.0,0.16,hamiltonian_verlet,0.2,6,16,1.0,True,1.0,warp,1.0,2.0,0.0001,192,gaussian
no_symbol,1,0.5067167282104492,0.01,0.01,metadata_softmax,sum,helmholtz_branched_highk,0.02,2.0,2,0.0,1.0,0.0,4,helmholtz_highk,0.0028011203976348042,0.009579280391335487,0.0,0.5071638971567154,0.0,0.22549793869256973,0.0,0.18008916452527046,1.2653498041026445e-10,0.00669119181111455,1.8123894161659052e-24,0.6223695874214172,0.04832074977457523,anisotropic_gabor,2,1.0,192,1.0,0.16,3,0.0001,0.05,proxy_0.20_0.05,8,1,2,1,0.0,shell_balanced,MiNO-Plus,MiNO-Plus_wingaussian_modshell_balanced_K6_modes8_patch16_ref0.05_rlp0.16_hfc0.16_rb-5_pdo0_diss0_symord0_symparspectral_order_wfconf2_trhamiltonian_verlet_frameanisotropic_gabor_sparse1_sklp0.16_tsyn1_tin1_tsmwarp_tdec1x16_tdgate1_tref0_br3_brroutemetadata_softmax_brent0.01_brdiv0.01,3,False,1,0.05,1335725,16,-2.0,0.0,0.05,,0.16,positive,1,0.5,-5.0,0.05,run,helmholtz_branched_highk_helmholtz_highk_positive_proxy_0p20_0p05_no_symbol_19_hamiltonian_verlet_anisotropic_gabor_True_2p0_0p16_0p16_0p16_1p0_1p0_warp_16_1p0_True_0p0_3_metadata_softmax_0p01_0p01_0p0_0p01_0p05_1p0_0p0_2_2,85.72542839999733,helmholtz_highk_positive,19,0.16,tcno_cache,True,16,0.0,0.01,0.0,0.05,0.6605371832847595,1.0880507826805115,0.00021277959967846982,0.3858283683657646,0.00045258941827341914,0.7053471207618713,1.0,0.0,43.17387390136719,0.4975098669528961,0.00045258941827341914,0.5726078748703003,0.049230970442295074,0.0,1.2662532765492403e-12,1.4505919218063354,0.0023557974491268396,0.002220245311036706,9.424213932027539e-15,0.0007875862647779286,1.3372097873443067e-10,1.3372097873443067e-10,0.7053438425064087,1.3372097873443067e-10,0.006690194830298424,0.7067754864692688,0.7077940702438354,0.0,0.0,1.2662532765492403e-12,0.7846903800964355,0.0,1.0,0.06372366100549698,1.3623838424682617,0.754025936126709,0.0787355788052082,38.304779052734375,3.054110527038574,0.3810761570930481,0.03112250193953514,0.027796326205134392,0.8780800849199295,0.064541295170784,0.0,0.16,hamiltonian_verlet,0.2,6,16,1.0,True,1.0,warp,1.0,2.0,0.0001,192,gaussian
full,1,0.5170239210128784,0.01,0.01,metadata_softmax,sum,helmholtz_branched_highk,0.02,2.0,2,0.0,1.0,0.0,4,helmholtz_variable,0.0022750545758754015,0.009661475662142038,0.0,0.5196304619312286,0.0,0.0025047948001883924,0.0,0.3327115923166275,3.9042957755697216e-10,0.006691174581646919,0.00023299121221498353,0.7772489488124847,0.047867150977253914,anisotropic_gabor,2,1.0,192,1.0,0.16,3,0.0001,0.05,proxy_0.20_0.05,8,1,2,1,0.0,shell_balanced,MiNO-Plus,MiNO-Plus_wingaussian_modshell_balanced_K6_modes8_patch16_ref0.05_rlp0.16_hfc0.16_rb-5_pdo0_diss0_symord0_symparspectral_order_wfconf2_trhamiltonian_verlet_frameanisotropic_gabor_sparse1_sklp0.16_tsyn1_tin1_tsmwarp_tdec1x16_tdgate1_tref0_br3_brroutemetadata_softmax_brent0.01_brdiv0.01,3,False,1,0.05,1696301,16,-2.0,0.0,0.05,,0.16,positive,1,0.5,-5.0,0.05,run,helmholtz_branched_highk_helmholtz_variable_positive_proxy_0p20_0p05_full_7_hamiltonian_verlet_anisotropic_gabor_True_2p0_0p16_0p16_0p16_1p0_1p0_warp_16_1p0_True_0p0_3_metadata_softmax_0p01_0p01_0p0_0p01_0p05_1p0_0p0_2_2,85.13511599999765,helmholtz_variable_positive,7,0.16,tcno_cache,True,16,0.0,0.01,0.0,0.05,0.6613990962505341,1.0879910588264465,0.00032505603303434327,0.3803393766283989,0.001881032483652234,0.7352352142333984,1.0,0.0,24.7288818359375,0.5405666828155518,0.001881032483652234,0.44799065589904785,0.04284261167049408,0.0,1.17511278214643e-12,1.578476905822754,0.004088974092155695,0.004086052533239126,8.688694566345162e-15,0.00015454641834367067,4.5290329819813735e-10,4.5290329819813735e-10,0.7352323532104492,4.5290329819813735e-10,0.006690258625894785,0.7317241430282593,0.7320001721382141,0.23820489645004272,0.23820489645004272,-0.021943140774965286,0.003437519073486328,0.0,1.0,0.06372366100549698,1.3623838424682617,0.5350645780563354,0.08562337979674339,5.942206382751465,2.520390033721924,0.059312477707862854,0.0085031408816576,0.15586507320404053,0.8760555237531662,0.00763939181342721,0.0,0.16,hamiltonian_verlet,0.2,6,16,1.0,True,1.0,warp,1.0,2.0,0.0001,192,gaussian
full,1,0.5167908072471619,0.01,0.01,metadata_softmax,sum,helmholtz_branched_highk,0.02,2.0,2,0.0,1.0,0.0,4,helmholtz_variable,0.003067137557081878,0.015440121293067932,0.0,0.519367054104805,0.0,0.0024072910309769213,0.0,0.3329252302646637,1.0196237951176634e-10,0.00669118482619524,0.010026265401393175,0.7771821618080139,0.04788734205067158,anisotropic_gabor,2,1.0,192,1.0,0.16,3,0.0001,0.05,proxy_0.20_0.05,8,1,2,1,0.0,shell_balanced,MiNO-Plus,MiNO-Plus_wingaussian_modshell_balanced_K6_modes8_patch16_ref0.05_rlp0.16_hfc0.16_rb-5_pdo0_diss0_symord0_symparspectral_order_wfconf2_trhamiltonian_verlet_frameanisotropic_gabor_sparse1_sklp0.16_tsyn1_tin1_tsmwarp_tdec1x16_tdgate1_tref0_br3_brroutemetadata_softmax_brent0.01_brdiv0.01,3,False,1,0.05,1696301,16,-2.0,0.0,0.05,,0.16,positive,1,0.5,-5.0,0.05,run,helmholtz_branched_highk_helmholtz_variable_positive_proxy_0p20_0p05_full_11_hamiltonian_verlet_anisotropic_gabor_True_2p0_0p16_0p16_0p16_1p0_1p0_warp_16_1p0_True_0p0_3_metadata_softmax_0p01_0p01_0p0_0p01_0p05_1p0_0p0_2_2,88.54772199999934,helmholtz_variable_positive,11,0.16,tcno_cache,True,16,0.0,0.01,0.0,0.05,0.6566798388957977,1.0816008746623993,0.0003315561443741899,0.3884912133216858,0.0019336524419486523,0.7349449992179871,1.0,0.0,24.724355697631836,0.540145218372345,0.0019336524419486523,0.448537141084671,0.04466836154460907,0.0,2.4414047714894915e-12,1.6054164171218872,0.0015602221246808767,0.0015463712625205517,1.6922735727922106e-14,0.00020743421919178218,6.486718107101552e-11,6.486718107101552e-11,0.7349457144737244,6.486718107101552e-11,0.006690229754894972,0.7314410209655762,0.7317162752151489,0.23437084630131721,0.23437084630131721,0.0880826129578054,0.015076637268066406,0.0,1.0,0.06372366100549698,1.3623838424682617,0.5350654721260071,0.09022310003638268,5.934185981750488,2.5623960494995117,0.059170860797166824,0.021344859153032303,0.1415899693965912,0.875245988368988,0.007636047899723053,0.0,0.16,hamiltonian_verlet,0.2,6,16,1.0,True,1.0,warp,1.0,2.0,0.0001,192,gaussian
full,1,0.5169313549995422,0.01,0.01,metadata_softmax,sum,helmholtz_branched_highk,0.02,2.0,2,0.0,1.0,0.0,4,helmholtz_variable,0.0027672044234350324,0.011203117202967405,0.0,0.5193862020969391,0.0,0.0021460989373736084,0.0,0.3331214189529419,1.1008333827833283e-10,0.006691179005429149,0.002139454474672675,0.7775238156318665,0.04787221737205982,anisotropic_gabor,2,1.0,192,1.0,0.16,3,0.0001,0.05,proxy_0.20_0.05,8,1,2,1,0.0,shell_balanced,MiNO-Plus,MiNO-Plus_wingaussian_modshell_balanced_K6_modes8_patch16_ref0.05_rlp0.16_hfc0.16_rb-5_pdo0_diss0_symord0_symparspectral_order_wfconf2_trhamiltonian_verlet_frameanisotropic_gabor_sparse1_sklp0.16_tsyn1_tin1_tsmwarp_tdec1x16_tdgate1_tref0_br3_brroutemetadata_softmax_brent0.01_brdiv0.01,3,False,1,0.05,1696301,16,-2.0,0.0,0.05,,0.16,positive,1,0.5,-5.0,0.05,run,helmholtz_branched_highk_helmholtz_variable_positive_proxy_0p20_0p05_full_19_hamiltonian_verlet_anisotropic_gabor_True_2p0_0p16_0p16_0p16_1p0_1p0_warp_16_1p0_True_0p0_3_metadata_softmax_0p01_0p01_0p0_0p01_0p05_1p0_0p0_2_2,98.14968370000133,helmholtz_variable_positive,19,0.16,tcno_cache,True,16,0.0,0.01,0.0,0.05,0.6606983244419098,1.0861275494098663,0.0002324748638784513,0.3856264427304268,0.002123712096363306,0.7351670861244202,1.0,0.0,23.32630157470703,0.5404679775238037,0.002123712096363306,0.448513001203537,0.044815126806497574,0.0,2.7530377219050052e-12,1.597188949584961,0.0020448085851967335,0.00203924928791821,9.75594083329253e-15,0.00015068019274622202,1.1280756884168852e-10,1.1280756884168852e-10,0.7351652979850769,1.1280756884168852e-10,0.006690267939120531,0.7316761016845703,0.7319455146789551,0.2632722184062004,0.2632722184062004,0.05452990438789129,0.12350749969482422,0.0,1.0,0.06372366100549698,1.3623838424682617,0.5350655913352966,0.07669638656079769,5.478315353393555,2.971315383911133,0.05487924441695213,0.01878628134727478,0.1581985354423523,0.8770380616188049,0.007518063299357891,0.0,0.16,hamiltonian_verlet,0.2,6,16,1.0,True,1.0,warp,1.0,2.0,0.0001,192,gaussian
single_branch,1,0.5172635912895203,0.01,0.01,metadata_softmax,sum,helmholtz_branched_highk,0.02,2.0,2,0.0,1.0,0.0,4,helmholtz_variable,0.0,0.0,0.0,0.5196326375007629,0.0,0.0023459859075956047,0.0,0.332880362868309,3.903261325266527e-10,0.006691174581646919,0.0010993500764016062,0.7774480283260345,0.04788334667682648,anisotropic_gabor,2,1.0,192,1.0,0.16,3,0.0001,0.05,proxy_0.20_0.05,8,1,2,1,0.0,shell_balanced,MiNO-Plus,MiNO-Plus_wingaussian_modshell_balanced_K6_modes8_patch16_ref0.05_rlp0.16_hfc0.16_rb-5_pdo0_diss0_symord0_symparspectral_order_wfconf2_trhamiltonian_verlet_frameanisotropic_gabor_sparse1_sklp0.16_tsyn1_tin1_tsmwarp_tdec1x16_tdgate1_tref0_br3_brroutemetadata_softmax_brent0.01_brdiv0.01,3,False,1,0.05,1696301,16,-2.0,0.0,0.05,,0.16,positive,1,0.5,-5.0,0.05,run,helmholtz_branched_highk_helmholtz_variable_positive_proxy_0p20_0p05_single_branch_7_hamiltonian_verlet_anisotropic_gabor_True_2p0_0p16_0p16_0p16_1p0_1p0_warp_16_1p0_True_0p0_3_metadata_softmax_0p01_0p01_0p0_0p01_0p05_1p0_0p0_2_2,98.60558609999862,helmholtz_variable_positive,7,0.16,tcno_cache,True,16,0.0,0.01,0.0,0.05,0.0,3.8009602576494217e-06,0.0003989425676991232,1.0,0.0017432199092581868,0.7353250980377197,1.0,0.0,24.304719924926758,0.5406988263130188,0.0017432199092581868,0.4481571614742279,0.04289541766047478,0.0,-3.1249541799713287e-13,1.6275568008422852,0.004088330548256636,0.0040854052640497684,9.266152501872203e-15,0.00015463730960618705,4.527597463610533e-10,4.527597463610533e-10,0.7353222370147705,4.527597463610533e-10,0.006690258625894785,0.7318137884140015,0.7320870161056519,0.3755911737680435,0.3755911737680435,-0.04698045086115599,0.17775630950927734,0.0,1.0,0.06372366100549698,1.3623838424682617,0.5350646376609802,0.12662795931100845,5.665102958679199,2.5687904357910156,0.05670682340860367,0.008115858770906925,0.14123640954494476,0.8779279142618179,0.007633906789124012,0.0,0.16,hamiltonian_verlet,0.2,6,16,1.0,True,1.0,warp,1.0,2.0,0.0001,192,gaussian
single_branch,1,0.5167527794837952,0.01,0.01,metadata_softmax,sum,helmholtz_branched_highk,0.02,2.0,2,0.0,1.0,0.0,4,helmholtz_variable,0.0,0.0,0.0,0.5190993845462799,0.0,0.0021078435820527375,0.0,0.33290521800518036,1.0192582194923361e-10,0.006691184593364596,0.003909570979885757,0.7772102653980255,0.04787570796906948,anisotropic_gabor,2,1.0,192,1.0,0.16,3,0.0001,0.05,proxy_0.20_0.05,8,1,2,1,0.0,shell_balanced,MiNO-Plus,MiNO-Plus_wingaussian_modshell_balanced_K6_modes8_patch16_ref0.05_rlp0.16_hfc0.16_rb-5_pdo0_diss0_symord0_symparspectral_order_wfconf2_trhamiltonian_verlet_frameanisotropic_gabor_sparse1_sklp0.16_tsyn1_tin1_tsmwarp_tdec1x16_tdgate1_tref0_br3_brroutemetadata_softmax_brent0.01_brdiv0.01,3,False,1,0.05,1696301,16,-2.0,0.0,0.05,,0.16,positive,1,0.5,-5.0,0.05,run,helmholtz_branched_highk_helmholtz_variable_positive_proxy_0p20_0p05_single_branch_11_hamiltonian_verlet_anisotropic_gabor_True_2p0_0p16_0p16_0p16_1p0_1p0_warp_16_1p0_True_0p0_3_metadata_softmax_0p01_0p01_0p0_0p01_0p05_1p0_0p0_2_2,98.44691750000129,helmholtz_variable_positive,11,0.16,tcno_cache,True,16,0.0,0.01,0.0,0.05,0.0,3.8009602576494217e-06,0.0004482465665205382,1.0,0.0021465662866830826,0.7348852157592773,1.0,0.0,23.33500862121582,0.5400574207305908,0.0021465662866830826,0.4482640027999878,0.04468691349029541,0.0,4.784494469448758e-13,1.6473479270935059,0.0015588647220283747,0.0015460357535630465,1.6803829242786547e-14,0.0001995794737013057,6.483905079512908e-11,6.483905079512908e-11,0.7348859906196594,6.483905079512908e-11,0.0066902306862175465,0.7313809990882874,0.7316503524780273,0.37365542352199554,0.37365542352199554,0.037910930812358856,0.08136177062988281,0.0,1.0,0.06372366100549698,1.3623838424682617,0.5350649952888489,0.13521811366081238,5.472382545471191,2.9342129230499268,0.055189915001392365,0.019904281944036484,0.23102740943431854,0.87673419713974,0.00750733632594347,0.0,0.16,hamiltonian_verlet,0.2,6,16,1.0,True,1.0,warp,1.0,2.0,0.0001,192,gaussian
single_branch,1,0.5168322324752808,0.01,0.01,metadata_softmax,sum,helmholtz_branched_highk,0.02,2.0,2,0.0,1.0,0.0,4,helmholtz_variable,0.0,0.0,0.0,0.5193020850419998,0.0,0.002126821782439947,0.0,0.33302897214889526,1.1009252884330856e-10,0.006691178772598505,0.005313579924404621,0.7774918675422668,0.04787376523017883,anisotropic_gabor,2,1.0,192,1.0,0.16,3,0.0001,0.05,proxy_0.20_0.05,8,1,2,1,0.0,shell_balanced,MiNO-Plus,MiNO-Plus_wingaussian_modshell_balanced_K6_modes8_patch16_ref0.05_rlp0.16_hfc0.16_rb-5_pdo0_diss0_symord0_symparspectral_order_wfconf2_trhamiltonian_verlet_frameanisotropic_gabor_sparse1_sklp0.16_tsyn1_tin1_tsmwarp_tdec1x16_tdgate1_tref0_br3_brroutemetadata_softmax_brent0.01_brdiv0.01,3,False,1,0.05,1696301,16,-2.0,0.0,0.05,,0.16,positive,1,0.5,-5.0,0.05,run,helmholtz_branched_highk_helmholtz_variable_positive_proxy_0p20_0p05_single_branch_19_hamiltonian_verlet_anisotropic_gabor_True_2p0_0p16_0p16_0p16_1p0_1p0_warp_16_1p0_True_0p0_3_metadata_softmax_0p01_0p01_0p0_0p01_0p05_1p0_0p0_2_2,98.12486759999956,helmholtz_variable_positive,19,0.16,tcno_cache,True,16,0.0,0.01,0.0,0.05,0.0,3.8009602576494217e-06,0.0003255897099734284,1.0,0.00216527353040874,0.7350978255271912,1.0,0.0,22.98004913330078,0.5403661727905273,0.00216527353040874,0.44841745495796204,0.044764190912246704,0.0,1.383726737792107e-12,1.6458182334899902,0.002044868655502796,0.002039340790361166,9.5629096479098e-15,0.00015025569882709533,1.1281767881010651e-10,1.1281767881010651e-10,0.7350960373878479,1.1281767881010651e-10,0.006690267473459244,0.7316004633903503,0.7318688631057739,0.4481183812022209,0.4481183812022209,-0.05322177708148956,0.10294723510742188,0.0,1.0,0.06372366100549698,1.3623838424682617,0.5350655317306519,0.13352993689477444,5.421035289764404,3.094271421432495,0.054538268595933914,0.0186635609716177,0.2093597948551178,0.8776284754276276,0.00747678941115737,0.0,0.16,hamiltonian_verlet,0.2,6,16,1.0,True,1.0,warp,1.0,2.0,0.0001,192,gaussian
no_branch_routing,1,0.51702880859375,0.01,0.01,metadata_softmax,sum,helmholtz_branched_highk,0.02,2.0,2,0.0,1.0,0.0,4,helmholtz_variable,8.881784197001252e-16,2.1701794139517006e-07,0.0,0.5196352452039719,0.0,0.0025154247414320707,0.0,0.3327111154794693,3.9042685751056183e-10,0.006691174581646919,0.00039714149806968635,0.7772407531738281,0.047872139140963554,anisotropic_gabor,2,1.0,192,1.0,0.16,3,0.0001,0.05,proxy_0.20_0.05,8,1,2,1,0.0,shell_balanced,MiNO-Plus,MiNO-Plus_wingaussian_modshell_balanced_K6_modes8_patch16_ref0.05_rlp0.16_hfc0.16_rb-5_pdo0_diss0_symord0_symparspectral_order_wfconf2_trhamiltonian_verlet_frameanisotropic_gabor_sparse1_sklp0.16_tsyn1_tin1_tsmwarp_tdec1x16_tdgate1_tref0_br3_brroutemetadata_softmax_brent0.01_brdiv0.01,3,False,1,0.05,1696301,16,-2.0,0.0,0.05,,0.16,positive,1,0.5,-5.0,0.05,run,helmholtz_branched_highk_helmholtz_variable_positive_proxy_0p20_0p05_no_branch_routing_7_hamiltonian_verlet_anisotropic_gabor_True_2p0_0p16_0p16_0p16_1p0_1p0_warp_16_1p0_True_0p0_3_metadata_softmax_0p01_0p01_0p0_0p01_0p05_1p0_0p0_2_2,98.2797060999983,helmholtz_variable_positive,7,0.16,tcno_cache,True,16,0.0,0.01,0.0,0.05,0.6666666269302368,1.0986120700836182,0.0003250258741900325,0.3333333730697632,0.001848940853960812,0.7352327704429626,1.0,0.0,24.831544876098633,0.5405630469322205,0.001848940853960812,0.4479868412017822,0.04287528246641159,0.0,2.185635556545794e-12,1.5558675527572632,0.004088949877768755,0.004086025524884462,9.199912831331022e-15,0.0001546149142086506,4.5289727523822876e-10,4.5289727523822876e-10,0.7352299690246582,4.5289727523822876e-10,0.006690258625894785,0.7317216992378235,0.7319979667663574,0.2348780371248722,0.2348780371248722,-0.0016500167548656464,0.014918327331542969,0.0,1.0,0.06372366100549698,1.3623838424682617,0.5350645780563354,0.08432627841830254,5.958504676818848,2.480257987976074,0.059459101408720016,0.008523418568074703,0.15388762950897217,0.8756946474313736,0.007652739528566599,0.0,0.16,hamiltonian_verlet,0.2,6,16,1.0,True,1.0,warp,1.0,2.0,0.0001,192,gaussian
no_branch_routing,1,0.5167975425720215,0.01,0.01,metadata_softmax,sum,helmholtz_branched_highk,0.02,2.0,2,0.0,1.0,0.0,4,helmholtz_variable,8.881784197001252e-16,2.1701794139517006e-07,0.0,0.5193813890218735,0.0,0.002413183217868209,0.0,0.3329293429851532,1.0195953456526574e-10,0.006691184593364596,0.009648875799030066,0.7771824300289154,0.04789176397025585,anisotropic_gabor,2,1.0,192,1.0,0.16,3,0.0001,0.05,proxy_0.20_0.05,8,1,2,1,0.0,shell_balanced,MiNO-Plus,MiNO-Plus_wingaussian_modshell_balanced_K6_modes8_patch16_ref0.05_rlp0.16_hfc0.16_rb-5_pdo0_diss0_symord0_symparspectral_order_wfconf2_trhamiltonian_verlet_frameanisotropic_gabor_sparse1_sklp0.16_tsyn1_tin1_tsmwarp_tdec1x16_tdgate1_tref0_br3_brroutemetadata_softmax_brent0.01_brdiv0.01,3,False,1,0.05,1696301,16,-2.0,0.0,0.05,,0.16,positive,1,0.5,-5.0,0.05,run,helmholtz_branched_highk_helmholtz_variable_positive_proxy_0p20_0p05_no_branch_routing_11_hamiltonian_verlet_anisotropic_gabor_True_2p0_0p16_0p16_0p16_1p0_1p0_warp_16_1p0_True_0p0_3_metadata_softmax_0p01_0p01_0p0_0p01_0p05_1p0_0p0_2_2,98.24398680000013,helmholtz_variable_positive,11,0.16,tcno_cache,True,16,0.0,0.01,0.0,0.05,0.6666666269302368,1.0986120700836182,0.00033288465419900604,0.3333333730697632,0.0019120007054880261,0.7349534034729004,1.0,0.0,24.7646427154541,0.5401576161384583,0.0019120007054880261,0.44853124022483826,0.044670432806015015,0.0,-5.14657489802256e-13,1.6252892017364502,0.0015601776540279388,0.0015463163144886494,1.6741430019628217e-14,0.00020750754629261792,6.486258752325114e-11,6.486258752325114e-11,0.7349541187286377,6.486258752325114e-11,0.006690229754894972,0.7314494252204895,0.7317247986793518,0.23890279605984688,0.23890279605984688,0.06376349681522697,0.016802310943603516,0.0,1.0,0.06372366100549698,1.3623838424682617,0.5350654125213623,0.08997328393161297,5.940159797668457,2.537766695022583,0.0592365600168705,0.021370641887187958,0.1441161334514618,0.8757896721363068,0.007644688710570335,0.0,0.16,hamiltonian_verlet,0.2,6,16,1.0,True,1.0,warp,1.0,2.0,0.0001,192,gaussian
no_branch_routing,1,0.5169264674186707,0.01,0.01,metadata_softmax,sum,helmholtz_branched_highk,0.02,2.0,2,0.0,1.0,0.0,4,helmholtz_variable,8.881784197001252e-16,2.1701794139517006e-07,0.0,0.5193762332201004,0.0,0.0021401321864686906,0.0,0.3331053853034973,1.1008266520562415e-10,0.006691179238259792,0.002193758962675929,0.7775032818317413,0.04787191562354565,anisotropic_gabor,2,1.0,192,1.0,0.16,3,0.0001,0.05,proxy_0.20_0.05,8,1,2,1,0.0,shell_balanced,MiNO-Plus,MiNO-Plus_wingaussian_modshell_balanced_K6_modes8_patch16_ref0.05_rlp0.16_hfc0.16_rb-5_pdo0_diss0_symord0_symparspectral_order_wfconf2_trhamiltonian_verlet_frameanisotropic_gabor_sparse1_sklp0.16_tsyn1_tin1_tsmwarp_tdec1x16_tdgate1_tref0_br3_brroutemetadata_softmax_brent0.01_brdiv0.01,3,False,1,0.05,1696301,16,-2.0,0.0,0.05,,0.16,positive,1,0.5,-5.0,0.05,run,helmholtz_branched_highk_helmholtz_variable_positive_proxy_0p20_0p05_no_branch_routing_19_hamiltonian_verlet_anisotropic_gabor_True_2p0_0p16_0p16_0p16_1p0_1p0_warp_16_1p0_True_0p0_3_metadata_softmax_0p01_0p01_0p0_0p01_0p05_1p0_0p0_2_2,98.37659489999714,helmholtz_variable_positive,19,0.16,tcno_cache,True,16,0.0,0.01,0.0,0.05,0.6666666269302368,1.0986120700836182,0.00023206017795018852,0.3333333730697632,0.0021384493447840214,0.7351644039154053,1.0,0.0,23.276718139648438,0.5404641032218933,0.0021384493447840214,0.4485011696815491,0.04481355473399162,0.0,2.7351307796321528e-12,1.5875263214111328,0.002044794848188758,0.002039243932813406,8.076346496687769e-15,0.0001505688123870641,1.1280695128013107e-10,1.1280695128013107e-10,0.7351626753807068,1.1280695128013107e-10,0.006690267939120531,0.7316726446151733,0.731941819190979,0.26042235270142555,0.26042235270142555,0.0575255467556417,0.09962224960327148,0.0,1.0,0.06372366100549698,1.3623838424682617,0.5350655913352966,0.07595181465148926,5.468944549560547,2.985919952392578,0.05480002611875534,0.01875949278473854,0.1629927158355713,0.8770599067211151,0.0075116888619959354,0.0,0.16,hamiltonian_verlet,0.2,6,16,1.0,True,1.0,warp,1.0,2.0,0.0001,192,gaussian
no_transport,1,0.5176771879196167,0.01,0.01,metadata_softmax,sum,helmholtz_branched_highk,0.02,2.0,2,0.0,1.0,0.0,4,helmholtz_variable,0.0024463365552946925,0.010041474364697933,0.0,0.5203585475683212,0.0,0.003317893366329372,0.0,0.33277301490306854,3.903896927948125e-10,0.006691174581646919,0.04580455832183361,0.7772819399833679,0.047922054305672646,anisotropic_gabor,2,1.0,192,1.0,0.16,3,0.0001,0.05,proxy_0.20_0.05,8,1,2,1,0.0,shell_balanced,MiNO-Plus,MiNO-Plus_wingaussian_modshell_balanced_K6_modes8_patch16_ref0.05_rlp0.16_hfc0.16_rb-5_pdo0_diss0_symord0_symparspectral_order_wfconf2_trhamiltonian_verlet_frameanisotropic_gabor_sparse1_sklp0.16_tsyn1_tin1_tsmwarp_tdec1x16_tdgate1_tref0_br3_brroutemetadata_softmax_brent0.01_brdiv0.01,3,False,1,0.05,438197,16,-2.0,0.0,0.05,,0.16,positive,1,0.5,-5.0,0.05,run,helmholtz_branched_highk_helmholtz_variable_positive_proxy_0p20_0p05_no_transport_7_hamiltonian_verlet_anisotropic_gabor_True_2p0_0p16_0p16_0p16_1p0_1p0_warp_16_1p0_True_0p0_3_metadata_softmax_0p01_0p01_0p0_0p01_0p05_1p0_0p0_2_2,1.5373163000003842,helmholtz_variable_positive,7,0.16,tcno_cache,True,16,0.0,0.01,0.0,0.05,0.6611286699771881,1.0875554084777832,0.0,0.382308229804039,5.6839834172706105e-08,0.7354927062988281,1.0,0.0,33.64864730834961,0.5409453511238098,5.6839834172706105e-08,0.44764968752861023,0.044708650559186935,0.0,2.2734448872074875e-12,1.5900862216949463,0.004089011810719967,0.004085876513272524,8.544828561352861e-15,0.00016008545935619622,4.528642738588218e-10,4.528642738588218e-10,0.7354899048805237,4.528642738588218e-10,0.006690258625894785,0.7319961786270142,0.732306957244873,0.22118696942925453,0.22118696942925453,-0.2173486016690731,0.5445661544799805,0.0,1.0,0.06372366100549698,1.3623838424682617,0.5350645780563354,0.0,7.340583801269531,7.102653034962714e-05,0.07187590003013611,0.010326138697564602,1.7644590570853325e-06,0.0,0.008976155892014503,0.0,0.16,hamiltonian_verlet,0.2,6,16,1.0,True,1.0,warp,1.0,2.0,0.0001,192,gaussian
no_transport,1,0.5175901055335999,0.01,0.01,metadata_softmax,sum,helmholtz_branched_highk,0.02,2.0,2,0.0,1.0,0.0,4,helmholtz_variable,0.0028389334911480546,0.014940925408154726,0.0,0.5203173160552979,0.0,0.0033039377303794026,0.0,0.33291833102703094,1.0197907449049914e-10,0.006691184593364596,0.004771739378156781,0.7772998809814453,0.047922054305672646,anisotropic_gabor,2,1.0,192,1.0,0.16,3,0.0001,0.05,proxy_0.20_0.05,8,1,2,1,0.0,shell_balanced,MiNO-Plus,MiNO-Plus_wingaussian_modshell_balanced_K6_modes8_patch16_ref0.05_rlp0.16_hfc0.16_rb-5_pdo0_diss0_symord0_symparspectral_order_wfconf2_trhamiltonian_verlet_frameanisotropic_gabor_sparse1_sklp0.16_tsyn1_tin1_tsmwarp_tdec1x16_tdgate1_tref0_br3_brroutemetadata_softmax_brent0.01_brdiv0.01,3,False,1,0.05,438197,16,-2.0,0.0,0.05,,0.16,positive,1,0.5,-5.0,0.05,run,helmholtz_branched_highk_helmholtz_variable_positive_proxy_0p20_0p05_no_transport_11_hamiltonian_verlet_anisotropic_gabor_True_2p0_0p16_0p16_0p16_1p0_1p0_warp_16_1p0_True_0p0_3_metadata_softmax_0p01_0p01_0p0_0p01_0p05_1p0_0p0_2_2,1.3715797000004386,helmholtz_variable_positive,11,0.16,tcno_cache,True,16,0.0,0.01,0.0,0.05,0.6570753306150436,1.0821824371814728,0.0,0.3860608637332916,5.5492524353439876e-08,0.735379695892334,1.0,0.0,33.608184814453125,0.5407842993736267,5.5492524353439876e-08,0.4479420483112335,0.04468731954693794,0.0,2.3101133094123594e-12,1.5770748853683472,0.0015609149122610688,0.0015464817406609654,1.6109477372406623e-14,0.0002117761323461309,6.487646531105895e-11,6.487646531105895e-11,0.7353804111480713,6.487646531105895e-11,0.006690229754894972,0.7318869233131409,0.7321971654891968,0.23352212831377983,0.23352212831377983,0.11646385118365288,0.7075109481811523,0.0,1.0,0.06372366100549698,1.3623838424682617,0.5350653529167175,0.0,7.340569972991943,6.962167390156537e-05,0.07189685851335526,0.026045292615890503,2.905503833972034e-06,0.0,0.0089721055701375,0.0,0.16,hamiltonian_verlet,0.2,6,16,1.0,True,1.0,warp,1.0,2.0,0.0001,192,gaussian
no_transport,1,0.5175129771232605,0.01,0.01,metadata_softmax,sum,helmholtz_branched_highk,0.02,2.0,2,0.0,1.0,0.0,4,helmholtz_variable,0.0028167072450742126,0.011446774005889893,0.0,0.5203906446695328,0.0,0.0033161669271066785,0.0,0.3331235349178314,1.1015727913177287e-10,0.006691178772598505,0.004038565675728023,0.7774193584918976,0.047922054305672646,anisotropic_gabor,2,1.0,192,1.0,0.16,3,0.0001,0.05,proxy_0.20_0.05,8,1,2,1,0.0,shell_balanced,MiNO-Plus,MiNO-Plus_wingaussian_modshell_balanced_K6_modes8_patch16_ref0.05_rlp0.16_hfc0.16_rb-5_pdo0_diss0_symord0_symparspectral_order_wfconf2_trhamiltonian_verlet_frameanisotropic_gabor_sparse1_sklp0.16_tsyn1_tin1_tsmwarp_tdec1x16_tdgate1_tref0_br3_brroutemetadata_softmax_brent0.01_brdiv0.01,3,False,1,0.05,438197,16,-2.0,0.0,0.05,,0.16,positive,1,0.5,-5.0,0.05,run,helmholtz_branched_highk_helmholtz_variable_positive_proxy_0p20_0p05_no_transport_19_hamiltonian_verlet_anisotropic_gabor_True_2p0_0p16_0p16_0p16_1p0_1p0_warp_16_1p0_True_0p0_3_metadata_softmax_0p01_0p01_0p0_0p01_0p05_1p0_0p0_2_2,1.377923699998064,helmholtz_variable_positive,19,0.16,tcno_cache,True,16,0.0,0.01,0.0,0.05,0.6605210453271866,1.0858692228794098,0.0,0.3860206753015518,5.768663413618924e-08,0.7354395389556885,1.0,0.0,33.62192916870117,0.5408687591552734,5.768663413618924e-08,0.4479708671569824,0.044716622680425644,0.0,2.273444832997379e-12,1.5684435367584229,0.002046352019533515,0.0020394816529005766,1.5600988247576816e-14,0.00016754413081798702,1.128332774436025e-10,1.128332774436025e-10,0.73543781042099,1.128332774436025e-10,0.006690267939120531,0.7319625020027161,0.7322726845741272,0.25601664558053017,0.25601664558053017,0.006743326783180237,0.6296629905700684,0.0,1.0,0.06372366100549698,1.3623838424682617,0.5350658297538757,0.0,7.34055233001709,7.502130756620318e-05,0.07181254774332047,0.02465207874774933,1.0991394674420008e-06,0.0,0.008961914107203484,0.0,0.16,hamiltonian_verlet,0.2,6,16,1.0,True,1.0,warp,1.0,2.0,0.0001,192,gaussian
no_transport_no_carrier,1,0.5157882571220398,0.01,0.01,metadata_softmax,sum,helmholtz_branched_highk,0.02,2.0,2,0.0,1.0,0.0,4,helmholtz_variable,0.002443899284116924,0.010035669431090355,0.0,0.5171411484479904,0.0,5.3539376949629514e-05,0.0,0.33277465403079987,3.9066294643674837e-10,0.006691174814477563,0.045771077275276184,0.7772729992866516,0.047922054305672646,anisotropic_gabor,2,1.0,192,1.0,0.16,3,0.0001,0.05,proxy_0.20_0.05,8,1,2,1,0.0,shell_balanced,MiNO-Plus,MiNO-Plus_wingaussian_modshell_balanced_K6_modes8_patch16_ref0.05_rlp0.16_hfc0.16_rb-5_pdo0_diss0_symord0_symparspectral_order_wfconf2_trhamiltonian_verlet_frameanisotropic_gabor_sparse1_sklp0.16_tsyn1_tin1_tsmwarp_tdec1x16_tdgate1_tref0_br3_brroutemetadata_softmax_brent0.01_brdiv0.01,3,False,1,0.05,438197,16,-2.0,0.0,0.05,,0.16,positive,1,0.5,-5.0,0.05,run,helmholtz_branched_highk_helmholtz_variable_positive_proxy_0p20_0p05_no_transport_no_carrier_7_hamiltonian_verlet_anisotropic_gabor_True_2p0_0p16_0p16_0p16_1p0_1p0_warp_16_1p0_True_0p0_3_metadata_softmax_0p01_0p01_0p0_0p01_0p05_1p0_0p0_2_2,1.0834635999999591,helmholtz_variable_positive,7,0.16,tcno_cache,True,16,0.0,0.01,0.0,0.05,0.6611318588256836,1.087559461593628,0.0,0.38228926062583923,5.7790554564007834e-08,0.7345137000083923,1.0,0.0,2.0110573768615723,0.5395062565803528,5.7790554564007834e-08,0.4480501115322113,0.04280160740017891,0.0,2.14510505712473e-12,1.6724435091018677,0.004088683519512415,0.004086189437657595,1.0971970978523957e-14,0.00014278764137998223,4.529336072867096e-10,4.529336072867096e-10,0.7345108985900879,4.529336072867096e-10,0.006690258625894785,0.7310041785240173,0.7312380075454712,0.22117745503783226,0.22117745503783226,-0.21696067601442337,0.2061152458190918,0.0,1.0,0.06372366100549698,1.3623838424682617,0.5350645780563354,0.0,0.0,0.0,0.010869450867176056,0.0,8.75595347338276e-08,0.0,0.006219740491360426,0.0,0.16,hamiltonian_verlet,0.2,6,16,1.0,True,1.0,warp,1.0,2.0,0.0001,192,gaussian
no_transport_no_carrier,1,0.5157365798950195,0.01,0.01,metadata_softmax,sum,helmholtz_branched_highk,0.02,2.0,2,0.0,1.0,0.0,4,helmholtz_variable,0.002839463879354298,0.014941359404474497,0.0,0.5171540528535843,0.0,5.2527160278259544e-05,0.0,0.33293627202510834,1.0161221170035262e-10,0.00669118482619524,0.004720342763903318,0.7773310542106628,0.047922054305672646,anisotropic_gabor,2,1.0,192,1.0,0.16,3,0.0001,0.05,proxy_0.20_0.05,8,1,2,1,0.0,shell_balanced,MiNO-Plus,MiNO-Plus_wingaussian_modshell_balanced_K6_modes8_patch16_ref0.05_rlp0.16_hfc0.16_rb-5_pdo0_diss0_symord0_symparspectral_order_wfconf2_trhamiltonian_verlet_frameanisotropic_gabor_sparse1_sklp0.16_tsyn1_tin1_tsmwarp_tdec1x16_tdgate1_tref0_br3_brroutemetadata_softmax_brent0.01_brdiv0.01,3,False,1,0.05,438197,16,-2.0,0.0,0.05,,0.16,positive,1,0.5,-5.0,0.05,run,helmholtz_branched_highk_helmholtz_variable_positive_proxy_0p20_0p05_no_transport_no_carrier_11_hamiltonian_verlet_anisotropic_gabor_True_2p0_0p16_0p16_0p16_1p0_1p0_warp_16_1p0_True_0p0_3_metadata_softmax_0p01_0p01_0p0_0p01_0p05_1p0_0p0_2_2,1.0255254000003333,helmholtz_variable_positive,11,0.16,tcno_cache,True,16,0.0,0.01,0.0,0.05,0.6570748835802078,1.082181990146637,0.0,0.3860677629709244,5.508224631967096e-08,0.7344271540641785,1.0,0.0,1.9200223684310913,0.5393843054771423,5.508224631967096e-08,0.4483872950077057,0.04272093623876572,0.0,2.1817736961700362e-12,1.546077847480774,0.001554837916046381,0.001544842729344964,1.7962861693964285e-14,0.00017601432045921683,6.473901970061036e-11,6.473901970061036e-11,0.7344278693199158,6.473901970061036e-11,0.006690231617540121,0.7309231162071228,0.7311567664146423,0.23349417373538017,0.23349417373538017,0.11623571813106537,0.15442323684692383,0.0,1.0,0.06372366100549698,1.3623838424682617,0.5350653529167175,0.0,0.0,0.0,0.011492506600916386,0.0,9.180361359995004e-08,0.0,0.006215531378984451,0.0,0.16,hamiltonian_verlet,0.2,6,16,1.0,True,1.0,warp,1.0,2.0,0.0001,192,gaussian
no_transport_no_carrier,1,0.5156561732292175,0.01,0.01,metadata_softmax,sum,helmholtz_branched_highk,0.02,2.0,2,0.0,1.0,0.0,4,helmholtz_variable,0.0028173441532999277,0.011447587981820107,0.0,0.5172102600336075,0.0,5.399370047598495e-05,0.0,0.3331258296966553,1.0999568270109172e-10,0.006691178772598505,0.00411307904869318,0.7774266600608826,0.047922054305672646,anisotropic_gabor,2,1.0,192,1.0,0.16,3,0.0001,0.05,proxy_0.20_0.05,8,1,2,1,0.0,shell_balanced,MiNO-Plus,MiNO-Plus_wingaussian_modshell_balanced_K6_modes8_patch16_ref0.05_rlp0.16_hfc0.16_rb-5_pdo0_diss0_symord0_symparspectral_order_wfconf2_trhamiltonian_verlet_frameanisotropic_gabor_sparse1_sklp0.16_tsyn1_tin1_tsmwarp_tdec1x16_tdgate1_tref0_br3_brroutemetadata_softmax_brent0.01_brdiv0.01,3,False,1,0.05,438197,16,-2.0,0.0,0.05,,0.16,positive,1,0.5,-5.0,0.05,run,helmholtz_branched_highk_helmholtz_variable_positive_proxy_0p20_0p05_no_transport_no_carrier_19_hamiltonian_verlet_anisotropic_gabor_True_2p0_0p16_0p16_0p16_1p0_1p0_warp_16_1p0_True_0p0_3_metadata_softmax_0p01_0p01_0p0_0p01_0p05_1p0_0p0_2_2,0.9871899999998277,helmholtz_variable_positive,19,0.16,tcno_cache,True,16,0.0,0.01,0.0,0.05,0.6605184823274612,1.085866004228592,0.0,0.3860343098640442,5.8058777341329915e-08,0.7344793677330017,1.0,0.0,1.849687099456787,0.5394572615623474,5.8058777341329915e-08,0.44842201471328735,0.042724065482616425,0.0,2.2001079343775265e-12,1.4599183797836304,0.002042438369244337,0.0020384378731250763,1.143447722574617e-14,0.00012777448864653707,1.1271780037125367e-10,1.1271780037125367e-10,0.7344775199890137,1.1271780037125367e-10,0.006690267939120531,0.7309905290603638,0.7312238216400146,0.25602906569838524,0.25602906569838524,0.00762086920440197,0.44457054138183594,0.0,1.0,0.06372366100549698,1.3623838424682617,0.5350658297538757,0.0,0.0,0.0,0.010479377582669258,0.0,8.932534711902917e-08,0.0,0.006199795287102461,0.0,0.16,hamiltonian_verlet,0.2,6,16,1.0,True,1.0,warp,1.0,2.0,0.0001,192,gaussian
no_symbol,1,0.5170342922210693,0.01,0.01,metadata_softmax,sum,helmholtz_branched_highk,0.02,2.0,2,0.0,1.0,0.0,4,helmholtz_variable,0.002032569842413068,0.009120124857872725,0.0,0.519597738981247,0.0,0.002495348860975355,0.0,0.33266884088516235,3.9044230348839193e-10,0.006691174581646919,1.105290665067914e-24,0.7771697342395782,0.04786897264420986,anisotropic_gabor,2,1.0,192,1.0,0.16,3,0.0001,0.05,proxy_0.20_0.05,8,1,2,1,0.0,shell_balanced,MiNO-Plus,MiNO-Plus_wingaussian_modshell_balanced_K6_modes8_patch16_ref0.05_rlp0.16_hfc0.16_rb-5_pdo0_diss0_symord0_symparspectral_order_wfconf2_trhamiltonian_verlet_frameanisotropic_gabor_sparse1_sklp0.16_tsyn1_tin1_tsmwarp_tdec1x16_tdgate1_tref0_br3_brroutemetadata_softmax_brent0.01_brdiv0.01,3,False,1,0.05,1335725,16,-2.0,0.0,0.05,,0.16,positive,1,0.5,-5.0,0.05,run,helmholtz_branched_highk_helmholtz_variable_positive_proxy_0p20_0p05_no_symbol_7_hamiltonian_verlet_anisotropic_gabor_True_2p0_0p16_0p16_0p16_1p0_1p0_warp_16_1p0_True_0p0_3_metadata_softmax_0p01_0p01_0p0_0p01_0p05_1p0_0p0_2_2,97.80597269999998,helmholtz_variable_positive,7,0.16,tcno_cache,True,16,0.0,0.01,0.0,0.05,0.6617776453495026,1.0886749029159546,0.0003168208604620304,0.3777140900492668,0.0019042871426790953,0.7352287769317627,1.0,0.0,24.610933303833008,0.5405571460723877,0.0019042871426790953,0.44804680347442627,0.04288973659276962,0.0,1.8354698999838853e-12,1.6044955253601074,0.004088982008397579,0.004086059518158436,1.0339120476378274e-14,0.00015456102846655995,4.52904769243645e-10,4.52904769243645e-10,0.7352259159088135,4.52904769243645e-10,0.006690258625894785,0.7317161560058594,0.7319916486740112,0.0,0.0,1.8354698999838853e-12,0.031160831451416016,0.0,1.0,0.06372366100549698,1.3623838424682617,0.5350645780563354,0.09031498432159424,5.9304986000061035,2.550370693206787,0.05919420346617699,0.008485683239996433,0.16190370917320251,0.8773209899663925,0.007626416627317667,0.0,0.16,hamiltonian_verlet,0.2,6,16,1.0,True,1.0,warp,1.0,2.0,0.0001,192,gaussian
no_symbol,1,0.516745388507843,0.01,0.01,metadata_softmax,sum,helmholtz_branched_highk,0.02,2.0,2,0.0,1.0,0.0,4,helmholtz_variable,0.0027648870600387454,0.014350473880767822,0.0,0.5193130224943161,0.0,0.002407921478152275,0.0,0.3328874707221985,1.0196627917014034e-10,0.00669118482619524,7.328392331315463e-24,0.7771443128585815,0.047891197726130486,anisotropic_gabor,2,1.0,192,1.0,0.16,3,0.0001,0.05,proxy_0.20_0.05,8,1,2,1,0.0,shell_balanced,MiNO-Plus,MiNO-Plus_wingaussian_modshell_balanced_K6_modes8_patch16_ref0.05_rlp0.16_hfc0.16_rb-5_pdo0_diss0_symord0_symparspectral_order_wfconf2_trhamiltonian_verlet_frameanisotropic_gabor_sparse1_sklp0.16_tsyn1_tin1_tsmwarp_tdec1x16_tdgate1_tref0_br3_brroutemetadata_softmax_brent0.01_brdiv0.01,3,False,1,0.05,1335725,16,-2.0,0.0,0.05,,0.16,positive,1,0.5,-5.0,0.05,run,helmholtz_branched_highk_helmholtz_variable_positive_proxy_0p20_0p05_no_symbol_11_hamiltonian_verlet_anisotropic_gabor_True_2p0_0p16_0p16_0p16_1p0_1p0_warp_16_1p0_True_0p0_3_metadata_softmax_0p01_0p01_0p0_0p01_0p05_1p0_0p0_2_2,98.09362350000083,helmholtz_variable_positive,11,0.16,tcno_cache,True,16,0.0,0.01,0.0,0.05,0.6574112474918365,1.0829547941684723,0.0003386087737453636,0.385498084127903,0.0019358961144462228,0.734914243221283,1.0,0.0,24.716426849365234,0.5401000380516052,0.0019358961144462228,0.448467880487442,0.04467795789241791,0.0,2.0178036216726702e-12,1.624525785446167,0.0015602493658661842,0.0015463803429156542,1.7405873156640592e-14,0.00020757020683959126,6.486795128823886e-11,6.486795128823886e-11,0.734915018081665,6.486795128823886e-11,0.006690229754894972,0.7314112782478333,0.7316864728927612,0.0,0.0,2.0178036216726702e-12,0.08750391006469727,0.0,1.0,0.06372366100549698,1.3623838424682617,0.5350655913352966,0.09187750890851021,5.933086395263672,2.5639171600341797,0.05915086343884468,0.0213338453322649,0.14394327998161316,0.8771430999040604,0.007633073255419731,0.0,0.16,hamiltonian_verlet,0.2,6,16,1.0,True,1.0,warp,1.0,2.0,0.0001,192,gaussian
no_symbol,1,0.5170405507087708,0.01,0.01,metadata_softmax,sum,helmholtz_branched_highk,0.02,2.0,2,0.0,1.0,0.0,4,helmholtz_variable,0.0023619867861270905,0.009949838742613792,0.0,0.5194822251796722,0.0,0.0021549106459133327,0.0,0.3332144021987915,1.100970530021339e-10,0.006691179005429149,4.728272718776664e-24,0.7776605784893036,0.047870345413684845,anisotropic_gabor,2,1.0,192,1.0,0.16,3,0.0001,0.05,proxy_0.20_0.05,8,1,2,1,0.0,shell_balanced,MiNO-Plus,MiNO-Plus_wingaussian_modshell_balanced_K6_modes8_patch16_ref0.05_rlp0.16_hfc0.16_rb-5_pdo0_diss0_symord0_symparspectral_order_wfconf2_trhamiltonian_verlet_frameanisotropic_gabor_sparse1_sklp0.16_tsyn1_tin1_tsmwarp_tdec1x16_tdgate1_tref0_br3_brroutemetadata_softmax_brent0.01_brdiv0.01,3,False,1,0.05,1335725,16,-2.0,0.0,0.05,,0.16,positive,1,0.5,-5.0,0.05,run,helmholtz_branched_highk_helmholtz_variable_positive_proxy_0p20_0p05_no_symbol_19_hamiltonian_verlet_anisotropic_gabor_True_2p0_0p16_0p16_0p16_1p0_1p0_warp_16_1p0_True_0p0_3_metadata_softmax_0p01_0p01_0p0_0p01_0p05_1p0_0p0_2_2,98.27379980000114,helmholtz_variable_positive,19,0.16,tcno_cache,True,16,0.0,0.01,0.0,0.05,0.6616776287555695,1.0876995027065277,0.00022456479200627655,0.3810579925775528,0.0021011531352996826,0.7352529168128967,1.0,0.0,23.400333404541016,0.540594220161438,0.0021011531352996826,0.4486505687236786,0.044768236577510834,0.0,5.521655249457642e-13,1.6170297861099243,0.0020451003219932318,0.002039530547335744,1.000254177039141e-14,0.00015083183825481683,1.1283867590305974e-10,1.1283867590305974e-10,0.7352511286735535,1.1283867590305974e-10,0.006690268404781818,0.7317625880241394,0.732032299041748,0.0,0.0,5.521655249457642e-13,0.09731531143188477,0.0,1.0,0.06372366100549698,1.3623838424682617,0.5350655317306519,0.08321841806173325,5.491644382476807,2.9463677406311035,0.05495224520564079,0.018815265968441963,0.15383461117744446,0.8781189024448395,0.00753018818795681,0.0,0.16,hamiltonian_verlet,0.2,6,16,1.0,True,1.0,warp,1.0,2.0,0.0001,192,gaussian
