ablation,batch_size,best_val_loss,campaign,canonical_loss_weight,core_field_weight,core_warmup_epochs,dissipative_symbol_scale,dissipative_time_step,effective_metadata_flow_loss_weight,epochs,family,final_train_canonical_consistency,final_train_core_field_loss,final_train_core_warmup_loss,final_train_highfreq_core_loss,final_train_metadata_flow_loss,final_train_packet_space_loss,final_train_residual_energy,final_train_route_l1,final_train_symbol_order_loss,final_train_symbol_proxy,final_train_transport_proxy,frame_type,freeze_refinement_epochs,grad_clip_norm,height,highfreq_core_loss_weight,highfreq_cutoff,in_channels,learning_rate,local_refine_scale,loss_config,max_modes,max_test_samples,max_train_samples,max_val_samples,metadata_flow_loss_weight,mode_strategy,model,model_variant,oom_fallback,out_channels,packet_space_loss_weight,parameters,patch_size,pdo_symbol_order,pdo_symbol_scale,proxy_temperature,reference_source,refine_lowpass_cutoff,regime,requested_batch_size,residual_energy_weight,route_bias_init,route_l1_weight,row_type,run_id,runtime_seconds,scenario,seed,skip_lowpass_cutoff,source_kind,sparse_topk,stride,symbol_order,symbol_order_loss_weight,symbol_order_target,symbol_proxy_weight,test_canonical_flow_error,test_core_relative_l2,test_dissipative_multiplier_mean,test_dissipative_symbol_norm,test_high_frequency_relative_error_proxy,test_loss,test_metadata_shift_norm,test_packet_consistency,test_packet_wavefront_localization_error,test_pdo_identity_norm,test_pdo_identity_order_proxy,test_phase_error,test_raw_refine_correction_norm,test_refine_correction_norm,test_refine_high_frequency_fraction,test_refine_lowpass_removed_norm,test_refine_relative_energy,test_refinement_energy,test_relative_l2,test_residual_energy,test_route_mean,test_sobolev_h1_error_proxy,test_sobolev_h2_error_proxy,test_symbol_budget,test_symbol_error_proxy,test_symbol_order_proxy,test_symbol_order_scaling_error_proxy,test_symplectic_defect_proxy,test_tokenizer_active_fraction,test_tokenizer_covering_radius,test_tokenizer_phase_window_diameter,test_tokenizer_reconstruction_error,test_transport_budget,test_transported_input_norm,test_transported_input_shift_norm,test_transported_synthesis_shift_norm,test_wavefront_confidence_proxy,test_wf_transport_error_proxy,token_refine_scale,transport_highpass_cutoff,transport_parameterization,transport_proxy_weight,transport_stencil,transported_input_scale,transported_synthesis_scale,wavefront_confidence_scale,weight_decay,width,window_type
full,2,0.009360974712762982,branch_id_v3_controls,0.02,2.0,12,0.0,1.0,2.0,24,wave,0.0,0.009571538907039212,0.0,0.00045747698944372434,1.8133175776332184e-05,0.008041926560205562,0.00011833473903758811,0.006445453938795254,0.030490970239043236,0.10126680694520473,0.06627954045931499,gabor_gaussian,12,1.0,64,1.0,0.16,1,0.0001,0.05,proxy_0.20_0.05,16,0,0,0,2.0,shell_balanced,MiNO-Plus,MiNO-Plus_wingaussian_modshell_balanced_K12_modes16_patch16_ref0.05_rlp0.16_hfc0.16_rb-5_pdo0_diss0_symord0_symparspectral_order_wfconf2_trhamiltonian_verlet_framegabor_gaussian_sparse1_sklp0.16_tsyn1_tin1_tref0,False,1,0.05,1059764,16,-2.0,0.0,0.05,,0.16,synthetic,2,0.5,-5.0,0.05,run,branch_id_v3_controls_wave_bicharacteristic_control_proxy_0p20_0p05_full_7_hamiltonian_verlet_gabor_gaussian_True_2p0_0p16_0p16_0p16_1p0_1p0_0p0_2p0_0p01_0p05_1p0_2p0_12_12,139.74599120000494,wave_bicharacteristic_control,7,0.16,synthetic,True,8,0.0,0.01,0.0,0.05,4.769360248246812e-05,0.35932174138724804,1.0,0.0,1.3527141902595758,0.007112452934961766,0.018309910083189607,39698.6283445321,0.034072688780725,0.0,0.0,1.3753378242254257,0.16242118552327156,0.14839916490018368,2.2909122447917034e-14,0.054398023057729006,0.0001385697132718633,0.0001385697132718633,0.34973785653710365,0.0001385697132718633,0.006441266392357647,0.34908808395266533,0.34816765785217285,0.924878736337026,0.924878736337026,0.1803228749971216,2.1558261662721634,0.0,0.9011479467153549,0.25,1.0774961709976196,4.878527939319611,0.22060449048876762,8.920037627220154,7.231196105480194,1.7038014084100723,1.405310722688834,0.004066015004354995,0.0,0.16,hamiltonian_verlet,0.2,12,1.0,1.0,2.0,0.0001,64,gaussian
full,2,0.004053660464705899,branch_id_v3_controls,0.02,2.0,12,0.0,1.0,2.0,24,wave,0.0,0.00875712694687536,0.0,0.00047621408596872544,2.2500114994272735e-05,0.008022642529491955,0.00015086543423118806,0.0064444029412698,0.04646101198159158,0.10979298292659223,0.06911799862670402,gabor_gaussian,12,1.0,64,1.0,0.16,1,0.0001,0.05,proxy_0.20_0.05,16,0,0,0,2.0,shell_balanced,MiNO-Plus,MiNO-Plus_wingaussian_modshell_balanced_K12_modes16_patch16_ref0.05_rlp0.16_hfc0.16_rb-5_pdo0_diss0_symord0_symparspectral_order_wfconf2_trhamiltonian_verlet_framegabor_gaussian_sparse1_sklp0.16_tsyn1_tin1_tref0,False,1,0.05,1059764,16,-2.0,0.0,0.05,,0.16,synthetic,2,0.5,-5.0,0.05,run,branch_id_v3_controls_wave_bicharacteristic_control_proxy_0p20_0p05_full_11_hamiltonian_verlet_gabor_gaussian_True_2p0_0p16_0p16_0p16_1p0_1p0_0p0_2p0_0p01_0p05_1p0_2p0_12_12,136.83095559999492,wave_bicharacteristic_control,11,0.16,synthetic,True,8,0.0,0.01,0.0,0.05,7.253892727021594e-05,0.39537522569298744,1.0,0.0,2.4206377025693655,0.006932037184014916,0.018347731325775385,143581.1871188879,0.07719805440865457,0.0,0.0,1.3809883147478104,0.16793583426624537,0.15141888055950403,2.2406448416028364e-14,0.06139047723263502,0.00014385588610821287,0.00014385588610821287,0.38569921255111694,0.00014385588610821287,0.006439445249270648,0.3854008801281452,0.384765625,0.8860799719889959,0.8860799719889959,0.2128325334439675,2.8871530890464783,0.0,0.8805006220936775,0.25,1.0774961709976196,3.7669263035058975,0.20130440313369036,8.114632546901703,6.877851068973541,1.672783449292183,1.3507139285405476,0.0064878260309342295,0.0,0.16,hamiltonian_verlet,0.2,12,1.0,1.0,2.0,0.0001,64,gaussian
full,2,0.008906695147743449,branch_id_v3_controls,0.02,2.0,12,0.0,1.0,2.0,24,wave,0.0,0.008647422541495567,0.0,0.00033077186799346237,2.7519532826166444e-05,0.006492832988442387,0.00015881003313703937,0.006433272666375463,0.03508810101387402,0.0919113220879808,0.0674032662063837,gabor_gaussian,12,1.0,64,1.0,0.16,1,0.0001,0.05,proxy_0.20_0.05,16,0,0,0,2.0,shell_balanced,MiNO-Plus,MiNO-Plus_wingaussian_modshell_balanced_K12_modes16_patch16_ref0.05_rlp0.16_hfc0.16_rb-5_pdo0_diss0_symord0_symparspectral_order_wfconf2_trhamiltonian_verlet_framegabor_gaussian_sparse1_sklp0.16_tsyn1_tin1_tref0,False,1,0.05,1059764,16,-2.0,0.0,0.05,,0.16,synthetic,2,0.5,-5.0,0.05,run,branch_id_v3_controls_wave_bicharacteristic_control_proxy_0p20_0p05_full_19_hamiltonian_verlet_gabor_gaussian_True_2p0_0p16_0p16_0p16_1p0_1p0_0p0_2p0_0p01_0p05_1p0_2p0_12_12,136.41049740000017,wave_bicharacteristic_control,19,0.16,synthetic,True,8,0.0,0.01,0.0,0.05,6.393294552253792e-05,0.41056807339191437,1.0,0.0,2.9021309725940228,0.009783385903574526,0.01833459362387657,2318.992236889899,0.0867917702998966,0.0,0.0,1.36747507750988,0.22339359670877457,0.20463521499186754,2.2039042792959128e-14,0.07513986667618155,0.00021199090861045988,0.00021199090861045988,0.3988398239016533,0.00021199090861045988,0.006431929825339466,0.39788562804460526,0.3968731760978699,0.8808370046317577,0.8808370046317577,0.19193811062723398,2.3466731756925583,0.0,0.9121492132544518,0.25,1.0774961709976196,2.1458764150738716,0.2798623004928231,9.807929158210754,8.560509473085403,1.9092829078435898,1.3726230313380559,0.002864485519239679,0.0,0.16,hamiltonian_verlet,0.2,12,1.0,1.0,2.0,0.0001,64,gaussian
full_no_flow_supervision,2,0.009414230793481693,branch_id_v3_controls,0.02,2.0,12,0.0,1.0,0.0,24,wave,0.0,0.009553889263770543,0.0,0.0004789227961434032,0.0,0.007967945331377754,0.0001408564411728245,0.006454327376559377,0.0283552121448641,0.10102168695690732,0.06629100527303915,gabor_gaussian,12,1.0,64,1.0,0.16,1,0.0001,0.05,proxy_0.20_0.05,16,0,0,0,2.0,shell_balanced,MiNO-Plus,MiNO-Plus_wingaussian_modshell_balanced_K12_modes16_patch16_ref0.05_rlp0.16_hfc0.16_rb-5_pdo0_diss0_symord0_symparspectral_order_wfconf2_trhamiltonian_verlet_framegabor_gaussian_sparse1_sklp0.16_tsyn1_tin1_tref0,False,1,0.05,1059764,16,-2.0,0.0,0.05,,0.16,synthetic,2,0.5,-5.0,0.05,run,branch_id_v3_controls_wave_bicharacteristic_control_proxy_0p20_0p05_full_no_flow_supervision_7_hamiltonian_verlet_gabor_gaussian_True_2p0_0p16_0p16_0p16_1p0_1p0_0p0_2p0_0p01_0p05_1p0_2p0_12_12,128.4451115999982,wave_bicharacteristic_control,7,0.16,synthetic,True,8,0.0,0.01,0.0,0.05,0.00027381907420931384,0.3596880082041025,1.0,0.0,1.4581731110811234,0.0072036421042867005,0.018291304353624582,44344.121566563845,0.03687197470571846,0.0,0.0,1.361696258187294,0.1430792873725295,0.13092410750687122,2.316895721602558e-14,0.04776538023725152,0.000107604067579814,0.000107604067579814,0.351285045966506,0.000107604067579814,0.006454568181652576,0.35077408142387867,0.34994727931916714,0.9042024115721384,0.9042024115721384,0.16143083154505197,2.4640591889619827,0.0,0.9011479467153549,0.25,1.0774961709976196,4.878527939319611,0.2141060633584857,9.028447687625885,7.266255676746368,1.5478607192635536,1.4029521966973941,0.004002780071459711,0.0,0.16,hamiltonian_verlet,0.2,12,1.0,1.0,2.0,0.0001,64,gaussian
full_no_flow_supervision,2,0.004026204376714304,branch_id_v3_controls,0.02,2.0,12,0.0,1.0,0.0,24,wave,0.0,0.00872387195461973,0.0,0.00045654423517286585,0.0,0.007974731578239394,0.00017036083132400867,0.006438639189582318,0.022078616661019623,0.11018110058891277,0.06912129931151867,gabor_gaussian,12,1.0,64,1.0,0.16,1,0.0001,0.05,proxy_0.20_0.05,16,0,0,0,2.0,shell_balanced,MiNO-Plus,MiNO-Plus_wingaussian_modshell_balanced_K12_modes16_patch16_ref0.05_rlp0.16_hfc0.16_rb-5_pdo0_diss0_symord0_symparspectral_order_wfconf2_trhamiltonian_verlet_framegabor_gaussian_sparse1_sklp0.16_tsyn1_tin1_tref0,False,1,0.05,1059764,16,-2.0,0.0,0.05,,0.16,synthetic,2,0.5,-5.0,0.05,run,branch_id_v3_controls_wave_bicharacteristic_control_proxy_0p20_0p05_full_no_flow_supervision_11_hamiltonian_verlet_gabor_gaussian_True_2p0_0p16_0p16_0p16_1p0_1p0_0p0_2p0_0p01_0p05_1p0_2p0_12_12,127.07700879999902,wave_bicharacteristic_control,11,0.16,synthetic,True,8,0.0,0.01,0.0,0.05,0.0004906543690594845,0.39645954594016075,1.0,0.0,2.5924341548234224,0.0069717325968667865,0.018216136610135436,131947.40138715506,0.07595338183455169,0.0,0.0,1.3402669727802277,0.18343428894877434,0.16527916304767132,2.2929031533825773e-14,0.06728130765259266,0.00017156194644485367,0.00017156194644485367,0.3859718330204487,0.00017156194644485367,0.006434567854739726,0.3859036788344383,0.3853764533996582,0.8743865713477135,0.8743865713477135,0.1393575711893694,2.9275246262550354,0.0,0.8805006220936775,0.25,1.0774961709976196,3.7669263035058975,0.19932865910232067,8.224424004554749,6.971634149551392,1.6779426485300064,1.3048170457283657,0.006880665721837431,0.0,0.16,hamiltonian_verlet,0.2,12,1.0,1.0,2.0,0.0001,64,gaussian
full_no_flow_supervision,2,0.009007692613522522,branch_id_v3_controls,0.02,2.0,12,0.0,1.0,0.0,24,wave,0.0,0.008633554024224091,0.0,0.00028872528400825104,0.0,0.006559643855628868,0.0001473189959900386,0.006434467184590176,0.020047489320859313,0.09095007099676877,0.06739804210762183,gabor_gaussian,12,1.0,64,1.0,0.16,1,0.0001,0.05,proxy_0.20_0.05,16,0,0,0,2.0,shell_balanced,MiNO-Plus,MiNO-Plus_wingaussian_modshell_balanced_K12_modes16_patch16_ref0.05_rlp0.16_hfc0.16_rb-5_pdo0_diss0_symord0_symparspectral_order_wfconf2_trhamiltonian_verlet_framegabor_gaussian_sparse1_sklp0.16_tsyn1_tin1_tref0,False,1,0.05,1059764,16,-2.0,0.0,0.05,,0.16,synthetic,2,0.5,-5.0,0.05,run,branch_id_v3_controls_wave_bicharacteristic_control_proxy_0p20_0p05_full_no_flow_supervision_19_hamiltonian_verlet_gabor_gaussian_True_2p0_0p16_0p16_0p16_1p0_1p0_0p0_2p0_0p01_0p05_1p0_2p0_12_12,129.66558030000306,wave_bicharacteristic_control,19,0.16,synthetic,True,8,0.0,0.01,0.0,0.05,0.0004084155189048033,0.40975258126854897,1.0,0.0,2.7171229608356953,0.009770442440640181,0.0183434272184968,2296.1855384260416,0.08706532488577068,0.0,0.0,1.3439308106899261,0.21824126318097115,0.1996943773701787,2.2168107955989344e-14,0.07381894532591105,0.0002019591161115386,0.0002019591161115386,0.39831753447651863,0.0002019591161115386,0.0064327477011829615,0.39731477573513985,0.39625583216547966,0.8581091413895289,0.8581091413895289,0.13608383453295878,2.2343246936798096,0.0,0.9121492132544518,0.25,1.0774961709976196,2.1458764150738716,0.2692457775895794,9.94466769695282,8.769135445356369,1.7503388226032257,1.3663691729307175,0.002952483555418439,0.0,0.16,hamiltonian_verlet,0.2,12,1.0,1.0,2.0,0.0001,64,gaussian
no_transport,2,0.029510830529034138,branch_id_v3_controls,0.02,2.0,12,0.0,1.0,2.0,24,wave,0.0,0.029827721232625965,0.0,0.02084584077723169,0.9999998211860657,0.008884944778401405,7.057447281037336e-05,0.006435344655377169,0.01413024637925749,0.10122903793429334,0.06653729958149295,gabor_gaussian,12,1.0,64,1.0,0.16,1,0.0001,0.05,proxy_0.20_0.05,16,0,0,0,2.0,shell_balanced,MiNO-Plus,MiNO-Plus_wingaussian_modshell_balanced_K12_modes16_patch16_ref0.05_rlp0.16_hfc0.16_rb-5_pdo0_diss0_symord0_symparspectral_order_wfconf2_trhamiltonian_verlet_framegabor_gaussian_sparse1_sklp0.16_tsyn1_tin1_tref0,False,1,0.05,347000,16,-2.0,0.0,0.05,,0.16,synthetic,2,0.5,-5.0,0.05,run,branch_id_v3_controls_wave_bicharacteristic_control_proxy_0p20_0p05_no_transport_7_hamiltonian_verlet_gabor_gaussian_True_2p0_0p16_0p16_0p16_1p0_1p0_0p0_2p0_0p01_0p05_1p0_2p0_12_12,45.92357999999513,wave_bicharacteristic_control,7,0.16,synthetic,True,8,0.0,0.01,0.0,0.05,0.018309833481907845,0.6921391189098358,1.0,0.0,3.1738260239362717,0.025894104270264506,0.0,18197.723267626017,0.03607238782569766,0.0,0.0,1.4395184218883514,0.1268233135342598,0.11488400120288134,2.291776811320966e-14,0.04438738105818629,8.28594270387839e-05,8.28594270387839e-05,0.6871954575181007,8.28594270387839e-05,0.006431129470001906,0.6903140693902969,0.6930270940065384,0.9873160185913245,0.9873160185913245,0.11626320466166362,3.2517249286174774,0.0,0.9011479467153549,0.25,1.0774961709976196,4.878527939319611,0.0,9.722632646560669,3.2858005397429224e-05,3.819368913582366e-06,0.0,0.025928844115696847,0.0,0.16,hamiltonian_verlet,0.2,12,1.0,1.0,2.0,0.0001,64,gaussian
no_transport,2,0.032399474643170834,branch_id_v3_controls,0.02,2.0,12,0.0,1.0,2.0,24,wave,0.0,0.029853746586013585,0.0,0.021606391014453646,0.9999998211860657,0.008869985162164085,0.00013529493295057668,0.006441912012329946,0.03877216437831521,0.11015997415718932,0.06918731789725523,gabor_gaussian,12,1.0,64,1.0,0.16,1,0.0001,0.05,proxy_0.20_0.05,16,0,0,0,2.0,shell_balanced,MiNO-Plus,MiNO-Plus_wingaussian_modshell_balanced_K12_modes16_patch16_ref0.05_rlp0.16_hfc0.16_rb-5_pdo0_diss0_symord0_symparspectral_order_wfconf2_trhamiltonian_verlet_framegabor_gaussian_sparse1_sklp0.16_tsyn1_tin1_tref0,False,1,0.05,347000,16,-2.0,0.0,0.05,,0.16,synthetic,2,0.5,-5.0,0.05,run,branch_id_v3_controls_wave_bicharacteristic_control_proxy_0p20_0p05_no_transport_11_hamiltonian_verlet_gabor_gaussian_True_2p0_0p16_0p16_0p16_1p0_1p0_0p0_2p0_0p01_0p05_1p0_2p0_12_12,46.02832800000033,wave_bicharacteristic_control,11,0.16,synthetic,True,8,0.0,0.01,0.0,0.05,0.018309833481907845,0.6871515810489655,1.0,0.0,3.6425444781780243,0.021709549124352634,0.0,50137.86489896476,0.027491185232065618,0.0,0.0,1.4870950877666473,0.16141445003449917,0.14513327553868294,2.127776706117488e-14,0.05987908784300089,0.00013216230354373693,0.00013216230354373693,0.6811973378062248,0.00013216230354373693,0.0064358827075921,0.6839838325977325,0.6866336837410927,1.0458924832443397,1.0458924832443397,0.1984550147644768,3.6476786136627197,0.0,0.8805006220936775,0.25,1.0774961709976196,3.7669263035058975,0.0,8.747848808765411,2.6826599196283496e-05,3.4562586535002993e-06,0.0,0.018132994533516467,0.0,0.16,hamiltonian_verlet,0.2,12,1.0,1.0,2.0,0.0001,64,gaussian
no_transport,2,0.028184937895275652,branch_id_v3_controls,0.02,2.0,12,0.0,1.0,2.0,24,wave,0.0,0.0359231040153342,0.0,0.027608429731723543,0.9999998211860657,0.007088655273643478,0.00010938850702283769,0.006433941889554262,0.030088972494316597,0.09392491277928154,0.06769676281449695,gabor_gaussian,12,1.0,64,1.0,0.16,1,0.0001,0.05,proxy_0.20_0.05,16,0,0,0,2.0,shell_balanced,MiNO-Plus,MiNO-Plus_wingaussian_modshell_balanced_K12_modes16_patch16_ref0.05_rlp0.16_hfc0.16_rb-5_pdo0_diss0_symord0_symparspectral_order_wfconf2_trhamiltonian_verlet_framegabor_gaussian_sparse1_sklp0.16_tsyn1_tin1_tref0,False,1,0.05,347000,16,-2.0,0.0,0.05,,0.16,synthetic,2,0.5,-5.0,0.05,run,branch_id_v3_controls_wave_bicharacteristic_control_proxy_0p20_0p05_no_transport_19_hamiltonian_verlet_gabor_gaussian_True_2p0_0p16_0p16_0p16_1p0_1p0_0p0_2p0_0p01_0p05_1p0_2p0_12_12,46.29555990000517,wave_bicharacteristic_control,19,0.16,synthetic,True,8,0.0,0.01,0.0,0.05,0.018309833481907845,0.7814300954341888,1.0,0.0,4.168101713061333,0.03348590154200792,0.0,843.4378809593618,0.0280961690004915,0.0,0.0,1.586535856127739,0.15542289149016142,0.14153697155416012,2.2403993291030748e-14,0.05381906172260642,0.00010156050620935275,0.00010156050620935275,0.7761446535587311,0.00010156050620935275,0.006438594136852771,0.7774270921945572,0.7788472734391689,0.9532736726105213,0.9532736726105213,0.18145415435234705,3.376226156949997,0.0,0.9121492132544518,0.25,1.0774961709976196,2.1458764150738716,0.0,10.553826451301575,3.054949775105342e-05,2.2414943003923327e-06,0.0,0.008645525784231722,0.0,0.16,hamiltonian_verlet,0.2,12,1.0,1.0,2.0,0.0001,64,gaussian
identity_transport,2,0.0296300818445161,branch_id_v3_controls,0.02,2.0,12,0.0,1.0,2.0,24,wave,0.0,0.0297341844610249,0.0,0.02078803381421797,0.9999999403953552,0.008870083860529121,0.00010084780255207686,0.0064141925249714404,0.015813004632946104,0.10128635408667226,0.06653729903822143,gabor_gaussian,12,1.0,64,1.0,0.16,1,0.0001,0.05,proxy_0.20_0.05,16,0,0,0,2.0,shell_balanced,MiNO-Plus,MiNO-Plus_wingaussian_modshell_balanced_K12_modes16_patch16_ref0.05_rlp0.16_hfc0.16_rb-5_pdo0_diss0_symord0_symparspectral_order_wfconf2_trhamiltonian_verlet_framegabor_gaussian_sparse1_sklp0.16_tsyn1_tin1_tref0,False,1,0.05,1059764,16,-2.0,0.0,0.05,,0.16,synthetic,2,0.5,-5.0,0.05,run,branch_id_v3_controls_wave_bicharacteristic_control_proxy_0p20_0p05_identity_transport_7_hamiltonian_verlet_gabor_gaussian_True_2p0_0p16_0p16_0p16_1p0_1p0_0p0_2p0_0p01_0p05_1p0_2p0_12_12,145.28048130000388,wave_bicharacteristic_control,7,0.16,synthetic,True,8,0.0,0.01,0.0,0.05,0.018309833481907845,0.6908311694860458,1.0,0.0,3.2406825125217438,0.025866063311696053,0.0,16365.568049028516,0.034698366886004806,0.0,0.0,1.4784816205501556,0.06884499220177531,0.06285684509202838,2.0831898870377345e-14,0.02358477422967553,2.4600153778919776e-05,2.4600153778919776e-05,0.6881192848086357,2.4600153778919776e-05,0.006445693608839065,0.690943643450737,0.6934891790151596,0.9460829185942808,0.9460829185942808,0.13006211001144644,3.6400846242904663,0.0,0.9011479467153549,0.25,1.0774961709976196,4.878527939319611,0.20495052138964334,9.85569816827774,3.330777531118656e-05,3.6157798035674205e-06,1.3321843147277832,0.022671222686767578,0.0,0.16,hamiltonian_verlet,0.2,12,1.0,1.0,2.0,0.0001,64,gaussian
identity_transport,2,0.03252368024550378,branch_id_v3_controls,0.02,2.0,12,0.0,1.0,2.0,24,wave,0.0,0.029672936827410012,0.0,0.021603273646178422,0.9999999403953552,0.008833970845444128,0.00011336129004272759,0.006444691612462823,0.03189565606104831,0.10963964594217639,0.06918731642266114,gabor_gaussian,12,1.0,64,1.0,0.16,1,0.0001,0.05,proxy_0.20_0.05,16,0,0,0,2.0,shell_balanced,MiNO-Plus,MiNO-Plus_wingaussian_modshell_balanced_K12_modes16_patch16_ref0.05_rlp0.16_hfc0.16_rb-5_pdo0_diss0_symord0_symparspectral_order_wfconf2_trhamiltonian_verlet_framegabor_gaussian_sparse1_sklp0.16_tsyn1_tin1_tref0,False,1,0.05,1059764,16,-2.0,0.0,0.05,,0.16,synthetic,2,0.5,-5.0,0.05,run,branch_id_v3_controls_wave_bicharacteristic_control_proxy_0p20_0p05_identity_transport_11_hamiltonian_verlet_gabor_gaussian_True_2p0_0p16_0p16_0p16_1p0_1p0_0p0_2p0_0p01_0p05_1p0_2p0_12_12,151.4144510000042,wave_bicharacteristic_control,11,0.16,synthetic,True,8,0.0,0.01,0.0,0.05,0.018309833481907845,0.6880834698677063,1.0,0.0,4.42804154753685,0.021770298248156905,0.0,63845.990696668625,0.028942679055035114,0.0,0.0,1.5139520466327667,0.15050381049513817,0.13539469242095947,2.1831241894075125e-14,0.05579206207767129,0.0001147420675806643,0.0001147420675806643,0.6826970055699348,0.0001147420675806643,0.006437234638724476,0.686032772064209,0.6891883909702301,0.9170332439243793,0.9170332439243793,0.1676622775460904,3.8923240303993225,0.0,0.8805006220936775,0.25,1.0774961709976196,3.7669263035058975,0.20035858793805042,8.764939427375793,2.689638927222404e-05,4.022279256332695e-06,1.3321843147277832,0.02138320659287274,0.0,0.16,hamiltonian_verlet,0.2,12,1.0,1.0,2.0,0.0001,64,gaussian
identity_transport,2,0.0280324574559927,branch_id_v3_controls,0.02,2.0,12,0.0,1.0,2.0,24,wave,0.0,0.035777013816793136,0.0,0.02749557615121982,0.9999999403953552,0.007086624665438042,0.00012415434006622186,0.006428513802044715,0.020215408643707633,0.09411563468165696,0.06769676242644589,gabor_gaussian,12,1.0,64,1.0,0.16,1,0.0001,0.05,proxy_0.20_0.05,16,0,0,0,2.0,shell_balanced,MiNO-Plus,MiNO-Plus_wingaussian_modshell_balanced_K12_modes16_patch16_ref0.05_rlp0.16_hfc0.16_rb-5_pdo0_diss0_symord0_symparspectral_order_wfconf2_trhamiltonian_verlet_framegabor_gaussian_sparse1_sklp0.16_tsyn1_tin1_tref0,False,1,0.05,1059764,16,-2.0,0.0,0.05,,0.16,synthetic,2,0.5,-5.0,0.05,run,branch_id_v3_controls_wave_bicharacteristic_control_proxy_0p20_0p05_identity_transport_19_hamiltonian_verlet_gabor_gaussian_True_2p0_0p16_0p16_0p16_1p0_1p0_0p0_2p0_0p01_0p05_1p0_2p0_12_12,147.67597350000142,wave_bicharacteristic_control,19,0.16,synthetic,True,8,0.0,0.01,0.0,0.05,0.018309833481907845,0.777171827852726,1.0,0.0,3.717556521296501,0.03301061410456896,0.0,475.0042670443654,0.027836786583065987,0.0,0.0,1.3882215768098831,0.20509871654212475,0.1863027373328805,2.278344372260994e-14,0.07184199010953307,0.00017586211424713838,0.00017586211424713838,0.770134374499321,0.00017586211424713838,0.006425074650906026,0.7713216729462147,0.7726399526000023,0.8860901407897472,0.8860901407897472,0.14180938348484537,2.817676544189453,0.0,0.9121492132544518,0.25,1.0774961709976196,2.1458764150738716,0.27378089881191653,10.495039582252502,3.0384391948246048e-05,2.3694176860544758e-06,1.3321843147277832,0.008269779908005148,0.0,0.16,hamiltonian_verlet,0.2,12,1.0,1.0,2.0,0.0001,64,gaussian
no_transport_no_carrier,2,0.039487802190706134,branch_id_v3_controls,0.02,2.0,12,0.0,1.0,2.0,24,wave,0.0,0.03425989924774816,0.0,0.02484280658730616,0.9999998211860657,0.007681413318399184,5.681736320184427e-05,0.006427451909985393,0.018748922972008586,0.10070404363796115,0.06653729973671337,gabor_gaussian,12,1.0,64,1.0,0.16,1,0.0001,0.05,proxy_0.20_0.05,16,0,0,0,2.0,shell_balanced,MiNO-Plus,MiNO-Plus_wingaussian_modshell_balanced_K12_modes16_patch16_ref0.05_rlp0.16_hfc0.16_rb-5_pdo0_diss0_symord0_symparspectral_order_wfconf2_trhamiltonian_verlet_framegabor_gaussian_sparse1_sklp0.16_tsyn1_tin1_tref0,False,1,0.05,347000,16,-2.0,0.0,0.05,,0.16,synthetic,2,0.5,-5.0,0.05,run,branch_id_v3_controls_wave_bicharacteristic_control_proxy_0p20_0p05_no_transport_no_carrier_7_hamiltonian_verlet_gabor_gaussian_True_2p0_0p16_0p16_0p16_1p0_1p0_0p0_2p0_0p01_0p05_1p0_2p0_12_12,47.943587599998864,wave_bicharacteristic_control,7,0.16,synthetic,True,8,0.0,0.01,0.0,0.05,0.018309833481907845,0.8240651115775108,1.0,0.0,3.3217684775590897,0.03418527892790735,0.0,94553.03594180942,0.1823960244655609,0.0,0.0,1.5037745982408524,0.04426810028962791,0.043916324619203806,2.055736659832628e-14,0.005211909185163677,1.2058531751790724e-05,1.2058531751790724e-05,0.8224153220653534,1.2058531751790724e-05,0.006462212768383324,0.8257447555661201,0.8287663087248802,0.964047510176897,0.964047510176897,0.1332638578993889,4.085134774446487,0.0,0.9011479467153549,0.25,1.0774961709976196,4.878527939319611,0.0,0.0,0.0,0.0,0.0,0.1292141703888774,0.0,0.16,hamiltonian_verlet,0.2,12,1.0,1.0,2.0,0.0001,64,gaussian
no_transport_no_carrier,2,0.03152274794410914,branch_id_v3_controls,0.02,2.0,12,0.0,1.0,2.0,24,wave,0.0,0.030567411701971043,0.0,0.022059470240492374,0.9999998211860657,0.008199541885308767,0.00012674104596044344,0.006457223333806421,0.023023403249680996,0.11041292424003284,0.069187317819645,gabor_gaussian,12,1.0,64,1.0,0.16,1,0.0001,0.05,proxy_0.20_0.05,16,0,0,0,2.0,shell_balanced,MiNO-Plus,MiNO-Plus_wingaussian_modshell_balanced_K12_modes16_patch16_ref0.05_rlp0.16_hfc0.16_rb-5_pdo0_diss0_symord0_symparspectral_order_wfconf2_trhamiltonian_verlet_framegabor_gaussian_sparse1_sklp0.16_tsyn1_tin1_tref0,False,1,0.05,347000,16,-2.0,0.0,0.05,,0.16,synthetic,2,0.5,-5.0,0.05,run,branch_id_v3_controls_wave_bicharacteristic_control_proxy_0p20_0p05_no_transport_no_carrier_11_hamiltonian_verlet_gabor_gaussian_True_2p0_0p16_0p16_0p16_1p0_1p0_0p0_2p0_0p01_0p05_1p0_2p0_12_12,47.42803819999972,wave_bicharacteristic_control,11,0.16,synthetic,True,8,0.0,0.01,0.0,0.05,0.018309833481907845,0.7929501533508301,1.0,0.0,4.002563863992691,0.02739471720997244,0.0,209278.6610788107,0.24949742294847965,0.0,0.0,1.5462990701198578,0.14064756967127323,0.13992247357964516,2.134171593111021e-14,0.01257707690820098,0.00012237209512022673,0.00012237209512022673,0.7880280539393425,0.00012237209512022673,0.0064543127664364874,0.7908708155155182,0.7936074063181877,0.9865302294492722,0.9865302294492722,0.15905302559258416,4.004396229982376,0.0,0.8805006220936775,0.25,1.0774961709976196,3.7669263035058975,0.0,0.0,0.0,0.0,0.0,0.08374929730780423,0.0,0.16,hamiltonian_verlet,0.2,12,1.0,1.0,2.0,0.0001,64,gaussian
no_transport_no_carrier,2,0.030996711924672127,branch_id_v3_controls,0.02,2.0,12,0.0,1.0,2.0,24,wave,0.0,0.035092327976599336,0.0,0.0265118330620074,0.9999998211860657,0.0065507829034080105,9.86542690573818e-05,0.006447515091470753,0.01594340174536531,0.09406388023247321,0.06769676289210717,gabor_gaussian,12,1.0,64,1.0,0.16,1,0.0001,0.05,proxy_0.20_0.05,16,0,0,0,2.0,shell_balanced,MiNO-Plus,MiNO-Plus_wingaussian_modshell_balanced_K12_modes16_patch16_ref0.05_rlp0.16_hfc0.16_rb-5_pdo0_diss0_symord0_symparspectral_order_wfconf2_trhamiltonian_verlet_framegabor_gaussian_sparse1_sklp0.16_tsyn1_tin1_tref0,False,1,0.05,347000,16,-2.0,0.0,0.05,,0.16,synthetic,2,0.5,-5.0,0.05,run,branch_id_v3_controls_wave_bicharacteristic_control_proxy_0p20_0p05_no_transport_no_carrier_19_hamiltonian_verlet_gabor_gaussian_True_2p0_0p16_0p16_0p16_1p0_1p0_0p0_2p0_0p01_0p05_1p0_2p0_12_12,47.453087299996696,wave_bicharacteristic_control,19,0.16,synthetic,True,8,0.0,0.01,0.0,0.05,0.018309833481907845,0.839098684489727,1.0,0.0,3.4840537011623383,0.038488361751660705,0.0,2273.316471748054,0.2572300359606743,0.0,0.0,1.4485531002283096,0.16821203008294106,0.1672760210931301,2.2114395055705107e-14,0.017079357989132404,0.0001414849107277405,0.0001414849107277405,0.8336187899112701,0.0001414849107277405,0.0064434464438818395,0.835165373980999,0.8368719145655632,0.9260886485377947,0.9260886485377947,0.12833304579059282,3.0328289568424225,0.0,0.9121492132544518,0.25,1.0774961709976196,2.1458764150738716,0.0,0.0,0.0,0.0,0.0,0.06181528465822339,0.0,0.16,hamiltonian_verlet,0.2,12,1.0,1.0,2.0,0.0001,64,gaussian
randomized_metadata,2,0.04593257210217416,branch_id_v3_controls,0.02,2.0,12,0.0,1.0,2.0,24,wave,0.0,0.04372737180286398,0.0,0.03322138887597248,766.0373624165853,0.00926627343869768,2.2609456742372913e-06,0.0064592317018347485,0.0002277825798652581,0.1322887735441327,0.04104565239200989,gabor_gaussian,12,1.0,64,1.0,0.16,1,0.0001,0.05,proxy_0.20_0.05,16,0,0,0,2.0,shell_balanced,MiNO-Plus,MiNO-Plus_wingaussian_modshell_balanced_K12_modes16_patch16_ref0.05_rlp0.16_hfc0.16_rb-5_pdo0_diss0_symord0_symparspectral_order_wfconf2_trhamiltonian_verlet_framegabor_gaussian_sparse1_sklp0.16_tsyn1_tin1_tref0,False,1,0.05,1059764,16,-2.0,0.0,0.05,,0.16,synthetic,2,0.5,-5.0,0.05,run,branch_id_v3_controls_wave_bicharacteristic_control_proxy_0p20_0p05_randomized_metadata_7_hamiltonian_verlet_gabor_gaussian_True_2p0_0p16_0p16_0p16_1p0_1p0_0p0_2p0_0p01_0p05_1p0_2p0_12_12,150.83083569999872,wave_bicharacteristic_control,7,0.16,synthetic,True,8,0.0,0.01,0.0,0.05,0.46157874166965485,0.9253064095973969,1.0,0.0,6.849834159016609,0.04150842363014817,0.4623766355216503,100981.47736495733,0.19403319852426648,0.0,0.0,1.5261760652065277,0.005621287622489035,0.005528979410883039,1.728903703178636e-14,0.0009655539834056981,1.8094199205620498e-07,1.8094199205620498e-07,0.9157047867774963,1.8094199205620498e-07,0.006523432384710759,0.930347241461277,0.934645839035511,0.8741397360960642,0.8741397360960642,0.02059533198189456,3.458768278360367,0.0,0.9011479467153549,0.25,1.0774961709976196,4.878527939319611,0.19023973308503628,5.280923902988434,11.792513370513916,0.6770336925983429,0.0,0.11010012030601501,0.0,0.16,hamiltonian_verlet,0.2,12,1.0,1.0,2.0,0.0001,64,gaussian
randomized_metadata,2,0.036868659779429436,branch_id_v3_controls,0.02,2.0,12,0.0,1.0,2.0,24,wave,0.0,0.03755056264344603,0.0,0.027850633137859404,771.1990928649902,0.009184686491304698,1.2737772564719307e-05,0.006435200116053845,0.0012967349854685988,0.1400097656684617,0.04211519608118882,gabor_gaussian,12,1.0,64,1.0,0.16,1,0.0001,0.05,proxy_0.20_0.05,16,0,0,0,2.0,shell_balanced,MiNO-Plus,MiNO-Plus_wingaussian_modshell_balanced_K12_modes16_patch16_ref0.05_rlp0.16_hfc0.16_rb-5_pdo0_diss0_symord0_symparspectral_order_wfconf2_trhamiltonian_verlet_framegabor_gaussian_sparse1_sklp0.16_tsyn1_tin1_tref0,False,1,0.05,1059764,16,-2.0,0.0,0.05,,0.16,synthetic,2,0.5,-5.0,0.05,run,branch_id_v3_controls_wave_bicharacteristic_control_proxy_0p20_0p05_randomized_metadata_11_hamiltonian_verlet_gabor_gaussian_True_2p0_0p16_0p16_0p16_1p0_1p0_0p0_2p0_0p01_0p05_1p0_2p0_12_12,151.73672179999994,wave_bicharacteristic_control,11,0.16,synthetic,True,8,0.0,0.01,0.0,0.05,0.4571274183690548,0.9010629579424858,1.0,0.0,12.559672892093658,0.03605694090947509,0.4576006568968296,259509.30165326595,0.25642972253262997,0.0,0.0,1.5145226567983627,0.006222985161002725,0.006088415335398167,1.8504718199443518e-14,0.0012177874887129292,2.306957949116395e-07,2.306957949116395e-07,0.9017174020409584,2.306957949116395e-07,0.006537224922794849,0.9076410457491875,0.9121887162327766,0.8347104775408903,0.8347104775408903,0.04065707718473277,3.6635662019252777,0.0,0.8805006220936775,0.25,1.0774961709976196,3.7669263035058975,0.17441643681377172,4.987261533737183,10.253382921218872,0.9664013087749481,0.0,0.09889570251107216,0.0,0.16,hamiltonian_verlet,0.2,12,1.0,1.0,2.0,0.0001,64,gaussian
randomized_metadata,2,0.03671528794802725,branch_id_v3_controls,0.02,2.0,12,0.0,1.0,2.0,24,wave,0.0,0.0430529813359802,0.0,0.033793567485796906,771.3647766113281,0.007313703567585132,4.74474702342557e-07,0.006471198178284491,0.005303690209984779,0.12052107105652492,0.04132169531658292,gabor_gaussian,12,1.0,64,1.0,0.16,1,0.0001,0.05,proxy_0.20_0.05,16,0,0,0,2.0,shell_balanced,MiNO-Plus,MiNO-Plus_wingaussian_modshell_balanced_K12_modes16_patch16_ref0.05_rlp0.16_hfc0.16_rb-5_pdo0_diss0_symord0_symparspectral_order_wfconf2_trhamiltonian_verlet_framegabor_gaussian_sparse1_sklp0.16_tsyn1_tin1_tref0,False,1,0.05,1059764,16,-2.0,0.0,0.05,,0.16,synthetic,2,0.5,-5.0,0.05,run,branch_id_v3_controls_wave_bicharacteristic_control_proxy_0p20_0p05_randomized_metadata_19_hamiltonian_verlet_gabor_gaussian_True_2p0_0p16_0p16_0p16_1p0_1p0_0p0_2p0_0p01_0p05_1p0_2p0_12_12,152.21801009999763,wave_bicharacteristic_control,19,0.16,synthetic,True,8,0.0,0.01,0.0,0.05,0.462299145758152,0.9239867553114891,1.0,0.0,13.710616409778595,0.04745933832600713,0.4627685844898224,2421.6035334318876,0.22222373820841312,0.0,0.0,1.5150966346263885,0.0017793299775803462,0.001754237135173753,1.654855024138481e-14,0.00026617429284669925,1.538100907749751e-08,1.538100907749751e-08,0.9200553968548775,1.538100907749751e-08,0.0065914292936213315,0.9281446561217308,0.9322411045432091,0.8456996157765388,0.8456996157765388,0.06570710871407452,3.4043559432029724,0.0,0.9121492132544518,0.25,1.0774961709976196,2.1458764150738716,0.22710342860470215,5.313172668218613,12.231976866722107,0.5981675200164318,0.0,0.1187626039609313,0.0,0.16,hamiltonian_verlet,0.2,12,1.0,1.0,2.0,0.0001,64,gaussian
no_symbol,2,0.010068668576423079,branch_id_v3_controls,0.02,2.0,12,0.0,1.0,2.0,24,wave,0.0,0.010114026788263194,0.0,0.00031122578138820245,2.2511653781975838e-05,0.008576311430563996,6.450990504921113e-05,0.006425561228146155,0.0,0.10279874922707677,0.0662765031059583,gabor_gaussian,12,1.0,64,1.0,0.16,1,0.0001,0.05,proxy_0.20_0.05,16,0,0,0,2.0,shell_balanced,MiNO-Plus,MiNO-Plus_wingaussian_modshell_balanced_K12_modes16_patch16_ref0.05_rlp0.16_hfc0.16_rb-5_pdo0_diss0_symord0_symparspectral_order_wfconf2_trhamiltonian_verlet_framegabor_gaussian_sparse1_sklp0.16_tsyn1_tin1_tref0,False,1,0.05,854708,16,-2.0,0.0,0.05,,0.16,synthetic,2,0.5,-5.0,0.05,run,branch_id_v3_controls_wave_bicharacteristic_control_proxy_0p20_0p05_no_symbol_7_hamiltonian_verlet_gabor_gaussian_True_2p0_0p16_0p16_0p16_1p0_1p0_0p0_2p0_0p01_0p05_1p0_2p0_12_12,136.11514099999476,wave_bicharacteristic_control,7,0.16,synthetic,True,8,0.0,0.01,0.0,0.05,4.935884862788953e-05,0.38121049106121063,1.0,0.0,1.4434512853622437,0.007925026817247272,0.01831675786525011,41407.38262475282,0.04127532133134082,0.0,0.0,1.4603808522224426,0.1222817413508892,0.11240899749100208,2.2412079702819948e-14,0.03980922745540738,7.936372367112199e-05,7.936372367112199e-05,0.37408316880464554,7.936372367112199e-05,0.006423899030778557,0.3742445930838585,0.37363969162106514,0.0,0.0,0.0,2.9137601256370544,0.0,0.9011479467153549,0.25,1.0774961709976196,4.878527939319611,0.5004097633063793,9.019711196422577,7.326517045497894,1.6583857983350754,0.8017787660161654,0.005242909857770428,0.0,0.16,hamiltonian_verlet,0.2,12,1.0,1.0,2.0,0.0001,64,gaussian
no_symbol,2,0.00451620519743301,branch_id_v3_controls,0.02,2.0,12,0.0,1.0,2.0,24,wave,0.0,0.009152400523210721,0.0,0.00040442038183149026,1.673390887428165e-05,0.00836549958573111,0.00013294635076969522,0.006422751379432157,0.0,0.11090624898982544,0.06911841011606157,gabor_gaussian,12,1.0,64,1.0,0.16,1,0.0001,0.05,proxy_0.20_0.05,16,0,0,0,2.0,shell_balanced,MiNO-Plus,MiNO-Plus_wingaussian_modshell_balanced_K12_modes16_patch16_ref0.05_rlp0.16_hfc0.16_rb-5_pdo0_diss0_symord0_symparspectral_order_wfconf2_trhamiltonian_verlet_framegabor_gaussian_sparse1_sklp0.16_tsyn1_tin1_tref0,False,1,0.05,854708,16,-2.0,0.0,0.05,,0.16,synthetic,2,0.5,-5.0,0.05,run,branch_id_v3_controls_wave_bicharacteristic_control_proxy_0p20_0p05_no_symbol_11_hamiltonian_verlet_gabor_gaussian_True_2p0_0p16_0p16_0p16_1p0_1p0_0p0_2p0_0p01_0p05_1p0_2p0_12_12,135.6722695999997,wave_bicharacteristic_control,11,0.16,synthetic,True,8,0.0,0.01,0.0,0.05,7.192397606559098e-05,0.4041217602789402,1.0,0.0,2.0286967139691114,0.007119952468201518,0.018357873195782304,120296.39668831229,0.07637664210051298,0.0,0.0,1.3452940881252289,0.16391841601580381,0.14845670107752085,2.1349896575314792e-14,0.05896955030038953,0.0001379344553242845,0.0001379344553242845,0.3948657736182213,0.0001379344553242845,0.006416950025595725,0.39484089985489845,0.39418696239590645,0.0,0.0,0.0,2.223672568798065,0.0,0.8805006220936775,0.25,1.0774961709976196,3.7669263035058975,0.5460097504158815,8.129054546356201,6.896871745586395,1.1375318989157677,0.6000895823041598,0.006969819733058102,0.0,0.16,hamiltonian_verlet,0.2,12,1.0,1.0,2.0,0.0001,64,gaussian
no_symbol,2,0.009425002703210339,branch_id_v3_controls,0.02,2.0,12,0.0,1.0,2.0,24,wave,0.0,0.009011478345200885,0.0,0.0002491721000599985,3.0426266050653794e-05,0.0068518196397538604,9.263967285733088e-05,0.006422356634478395,0.0,0.09493761874424915,0.06740381685085595,gabor_gaussian,12,1.0,64,1.0,0.16,1,0.0001,0.05,proxy_0.20_0.05,16,0,0,0,2.0,shell_balanced,MiNO-Plus,MiNO-Plus_wingaussian_modshell_balanced_K12_modes16_patch16_ref0.05_rlp0.16_hfc0.16_rb-5_pdo0_diss0_symord0_symparspectral_order_wfconf2_trhamiltonian_verlet_framegabor_gaussian_sparse1_sklp0.16_tsyn1_tin1_tref0,False,1,0.05,854708,16,-2.0,0.0,0.05,,0.16,synthetic,2,0.5,-5.0,0.05,run,branch_id_v3_controls_wave_bicharacteristic_control_proxy_0p20_0p05_no_symbol_19_hamiltonian_verlet_gabor_gaussian_True_2p0_0p16_0p16_0p16_1p0_1p0_0p0_2p0_0p01_0p05_1p0_2p0_12_12,134.1100701000032,wave_bicharacteristic_control,19,0.16,synthetic,True,8,0.0,0.01,0.0,0.05,5.9454564961924916e-05,0.4154958128929138,1.0,0.0,1.3137972131371498,0.010283799259923398,0.018349445424973965,2247.8321790136397,0.08963029575534165,0.0,0.0,1.4164769798517227,0.140516709536314,0.12959257047623396,2.2022111451376462e-14,0.0455030151642859,8.515520289620326e-05,8.515520289620326e-05,0.4081285409629345,8.515520289620326e-05,0.006427795102354139,0.4068388231098652,0.40551380068063736,0.0,0.0,0.0,1.6642609983682632,0.0,0.9121492132544518,0.25,1.0774961709976196,2.1458764150738716,0.6267434762169918,9.869826436042786,8.618773102760315,0.5743420645594597,0.6846217252314091,0.0012976499419892207,0.0,0.16,hamiltonian_verlet,0.2,12,1.0,1.0,2.0,0.0001,64,gaussian
full,2,0.0017235272462130524,branch_id_v3_controls,0.02,2.0,12,0.0,1.0,2.0,24,wave,0.0,0.0008568180687689164,0.0,9.24306795392719e-05,2.102833662812979e-05,0.001014826570402268,7.428855414974104e-06,0.006336166232358664,0.00020584803737033752,0.05923286075509774,0.10853192117065191,gabor_gaussian,12,1.0,64,1.0,0.16,1,0.0001,0.05,proxy_0.20_0.05,16,0,0,0,2.0,shell_balanced,MiNO-Plus,MiNO-Plus_wingaussian_modshell_balanced_K12_modes16_patch16_ref0.05_rlp0.16_hfc0.16_rb-5_pdo0_diss0_symord0_symparspectral_order_wfconf2_trhamiltonian_verlet_framegabor_gaussian_sparse1_sklp0.16_tsyn1_tin1_tref0,False,1,0.05,1059764,16,-2.0,0.0,0.05,,0.16,synthetic,2,0.5,-5.0,0.05,run,branch_id_v3_controls_wave_chirp_propagation_proxy_0p20_0p05_full_7_hamiltonian_verlet_gabor_gaussian_True_2p0_0p16_0p16_0p16_1p0_1p0_0p0_2p0_0p01_0p05_1p0_2p0_12_12,150.34524319999764,wave_chirp_propagation,7,0.16,synthetic,True,8,0.0,0.01,0.0,0.05,3.866073575409246e-05,0.3193555660545826,1.0,0.0,5.454834496602416,0.0009410989159732708,0.01754604885354638,1754883.859375,0.07968786032870412,0.0,0.0,1.506546676158905,0.02028868207708001,0.017076146497856826,2.5682503558321955e-14,0.009315521223470569,1.2942317791697633e-05,1.2942317791697633e-05,0.31666927225887775,1.2942317791697633e-05,0.006318842351902276,0.31671763211488724,0.3165942132472992,0.9209781611959139,0.9209781611959139,-0.01863490603864193,0.8036397248506546,0.0,0.49816644191741943,0.25,1.0774961709976196,0.454564830288291,0.21857883067180714,3.974615305662155,3.6628482341766357,1.1424457281827927,1.3431159928441048,0.006029751501046121,0.0,0.16,hamiltonian_verlet,0.2,12,1.0,1.0,2.0,0.0001,64,gaussian
full,2,0.0005982089696772164,branch_id_v3_controls,0.02,2.0,12,0.0,1.0,2.0,24,wave,0.0,0.0011811814849049067,0.0,0.00017931647039404197,1.980662494815988e-05,0.0013736231970445563,1.921820946293451e-05,0.006325810449197888,0.0005150412993657483,0.06020167889073491,0.10864702813948195,gabor_gaussian,12,1.0,64,1.0,0.16,1,0.0001,0.05,proxy_0.20_0.05,16,0,0,0,2.0,shell_balanced,MiNO-Plus,MiNO-Plus_wingaussian_modshell_balanced_K12_modes16_patch16_ref0.05_rlp0.16_hfc0.16_rb-5_pdo0_diss0_symord0_symparspectral_order_wfconf2_trhamiltonian_verlet_framegabor_gaussian_sparse1_sklp0.16_tsyn1_tin1_tref0,False,1,0.05,1059764,16,-2.0,0.0,0.05,,0.16,synthetic,2,0.5,-5.0,0.05,run,branch_id_v3_controls_wave_chirp_propagation_proxy_0p20_0p05_full_11_hamiltonian_verlet_gabor_gaussian_True_2p0_0p16_0p16_0p16_1p0_1p0_0p0_2p0_0p01_0p05_1p0_2p0_12_12,150.60730820000026,wave_chirp_propagation,11,0.16,synthetic,True,8,0.0,0.01,0.0,0.05,3.410826184335747e-05,0.24556329101324081,1.0,0.0,3.7102954406291246,0.0005129268574819434,0.01752318674698472,1843575.34765625,0.03571994820958935,0.0,0.0,1.4625926315784454,0.023081995313987136,0.01536303129978478,2.5110520843765966e-14,0.014330028789117932,1.2355213330650372e-05,1.2355213330650372e-05,0.2433020891621709,1.2355213330650372e-05,0.006308815092779696,0.24364427104592323,0.24362665973603725,0.955892109622558,0.955892109622558,0.009574985419021687,0.7641593664884567,0.0,0.4822225645184517,0.25,1.0774961709976196,0.596028883010149,0.19366514589637518,4.153996467590332,4.495521545410156,1.3804596364498138,1.3811546737949054,0.005409934354247525,0.0,0.16,hamiltonian_verlet,0.2,12,1.0,1.0,2.0,0.0001,64,gaussian
full,2,0.0008196477701858385,branch_id_v3_controls,0.02,2.0,12,0.0,1.0,2.0,24,wave,0.0,0.0011616390175580211,0.0,8.080110630241204e-05,2.3732542463979673e-05,0.0017938263687634997,8.438886989277824e-06,0.006371147814206779,0.0003585716987496805,0.04716324750916101,0.10930148403470714,gabor_gaussian,12,1.0,64,1.0,0.16,1,0.0001,0.05,proxy_0.20_0.05,16,0,0,0,2.0,shell_balanced,MiNO-Plus,MiNO-Plus_wingaussian_modshell_balanced_K12_modes16_patch16_ref0.05_rlp0.16_hfc0.16_rb-5_pdo0_diss0_symord0_symparspectral_order_wfconf2_trhamiltonian_verlet_framegabor_gaussian_sparse1_sklp0.16_tsyn1_tin1_tref0,False,1,0.05,1059764,16,-2.0,0.0,0.05,,0.16,synthetic,2,0.5,-5.0,0.05,run,branch_id_v3_controls_wave_chirp_propagation_proxy_0p20_0p05_full_19_hamiltonian_verlet_gabor_gaussian_True_2p0_0p16_0p16_0p16_1p0_1p0_0p0_2p0_0p01_0p05_1p0_2p0_12_12,148.51065269999526,wave_chirp_propagation,19,0.16,synthetic,True,8,0.0,0.01,0.0,0.05,4.475394689507084e-05,0.3873283118009567,1.0,0.0,10.453032746911049,0.0016591345920460299,0.017538398504257202,1218194.0166015625,0.09449888998642564,0.0,0.0,1.4274010956287384,0.021704650134779513,0.017535603721626103,2.4133616146357426e-14,0.010849237849470228,1.2509254020187655e-05,1.2509254020187655e-05,0.38455683179199696,1.2509254020187655e-05,0.006356411962769926,0.3839474320411682,0.3832196108996868,0.8895160394410292,0.8895160394410292,-0.02681703687024613,1.0189897865056992,0.0,0.5098054744303226,0.25,1.0774961709976196,0.7291370816528797,0.24941779548923174,4.2123232781887054,4.950691848993301,0.9602434933185577,1.3747594157854717,0.004060751176439226,0.0,0.16,hamiltonian_verlet,0.2,12,1.0,1.0,2.0,0.0001,64,gaussian
full_no_flow_supervision,2,0.0017940059478860348,branch_id_v3_controls,0.02,2.0,12,0.0,1.0,0.0,24,wave,0.0,0.0008811968867424488,0.0,0.00010369778419772047,0.0,0.0008532988662940019,6.002268709763096e-06,0.00635798405467843,0.01478602149290964,0.06430464591054867,0.10464112398525079,gabor_gaussian,12,1.0,64,1.0,0.16,1,0.0001,0.05,proxy_0.20_0.05,16,0,0,0,2.0,shell_balanced,MiNO-Plus,MiNO-Plus_wingaussian_modshell_balanced_K12_modes16_patch16_ref0.05_rlp0.16_hfc0.16_rb-5_pdo0_diss0_symord0_symparspectral_order_wfconf2_trhamiltonian_verlet_framegabor_gaussian_sparse1_sklp0.16_tsyn1_tin1_tref0,False,1,0.05,1059764,16,-2.0,0.0,0.05,,0.16,synthetic,2,0.5,-5.0,0.05,run,branch_id_v3_controls_wave_chirp_propagation_proxy_0p20_0p05_full_no_flow_supervision_7_hamiltonian_verlet_gabor_gaussian_True_2p0_0p16_0p16_0p16_1p0_1p0_0p0_2p0_0p01_0p05_1p0_2p0_12_12,148.44010159999743,wave_chirp_propagation,7,0.16,synthetic,True,8,0.0,0.01,0.0,0.05,0.011513603501953185,0.32477061823010445,1.0,0.0,5.949820859357715,0.0009775082071428187,0.01873973780311644,1938421.51171875,0.07778356387279928,0.0,0.0,1.5112981051206589,0.010736347583588213,0.009090143939829431,2.5637513403328543e-14,0.004885078553343192,3.6773987339699943e-06,3.6773987339699943e-06,0.3233452644199133,3.6773987339699943e-06,0.006398953206371516,0.3238013722002506,0.32377495244145393,0.9326192103326321,0.9326192103326321,0.11502906649063031,0.9124354273080826,0.0,0.49816644191741943,0.25,1.0774961709976196,0.454564830288291,0.21104396351923546,3.9328401684761047,3.482802078127861,1.8753781020641327,1.4188632120688756,0.007289471395779401,0.0,0.16,hamiltonian_verlet,0.2,12,1.0,1.0,2.0,0.0001,64,gaussian
full_no_flow_supervision,2,0.000580168027227046,branch_id_v3_controls,0.02,2.0,12,0.0,1.0,0.0,24,wave,0.0,0.0011829071521181807,0.0,0.00018497985335367653,0.0,0.000981645674983156,1.7713023305295412e-05,0.006338155741104856,0.0108801197008385,0.062054286749723055,0.10852723242715001,gabor_gaussian,12,1.0,64,1.0,0.16,1,0.0001,0.05,proxy_0.20_0.05,16,0,0,0,2.0,shell_balanced,MiNO-Plus,MiNO-Plus_wingaussian_modshell_balanced_K12_modes16_patch16_ref0.05_rlp0.16_hfc0.16_rb-5_pdo0_diss0_symord0_symparspectral_order_wfconf2_trhamiltonian_verlet_framegabor_gaussian_sparse1_sklp0.16_tsyn1_tin1_tref0,False,1,0.05,1059764,16,-2.0,0.0,0.05,,0.16,synthetic,2,0.5,-5.0,0.05,run,branch_id_v3_controls_wave_chirp_propagation_proxy_0p20_0p05_full_no_flow_supervision_11_hamiltonian_verlet_gabor_gaussian_True_2p0_0p16_0p16_0p16_1p0_1p0_0p0_2p0_0p01_0p05_1p0_2p0_12_12,147.32039679999434,wave_chirp_propagation,11,0.16,synthetic,True,8,0.0,0.01,0.0,0.05,0.0014465837739408016,0.2444498734548688,1.0,0.0,3.740373058244586,0.0004910043353447691,0.016899334732443094,1760932.921875,0.029605605028336868,0.0,0.0,1.5084567219018936,0.021862661698833108,0.01477712270570919,2.483240075190857e-14,0.013339738128706813,1.142513698404457e-05,1.142513698404457e-05,0.24226328451186419,1.142513698404457e-05,0.006323220673948526,0.24270843900740147,0.24287739768624306,0.9537380101780096,0.9537380101780096,0.1002109661931172,0.7696374356746674,0.0,0.4822225645184517,0.25,1.0774961709976196,0.596028883010149,0.19132922062029442,4.038036197423935,4.218031495809555,2.5768097937107086,1.4323045164346695,0.007896876224549487,0.0,0.16,hamiltonian_verlet,0.2,12,1.0,1.0,2.0,0.0001,64,gaussian
full_no_flow_supervision,2,0.0008770226449996699,branch_id_v3_controls,0.02,2.0,12,0.0,1.0,0.0,24,wave,0.0,0.001189987037529742,0.0,8.102511674223933e-05,0.0,0.0009539811241362864,9.641948246115936e-06,0.0063719683870052295,0.040844753423395254,0.05925692022234822,0.10691330504293244,gabor_gaussian,12,1.0,64,1.0,0.16,1,0.0001,0.05,proxy_0.20_0.05,16,0,0,0,2.0,shell_balanced,MiNO-Plus,MiNO-Plus_wingaussian_modshell_balanced_K12_modes16_patch16_ref0.05_rlp0.16_hfc0.16_rb-5_pdo0_diss0_symord0_symparspectral_order_wfconf2_trhamiltonian_verlet_framegabor_gaussian_sparse1_sklp0.16_tsyn1_tin1_tref0,False,1,0.05,1059764,16,-2.0,0.0,0.05,,0.16,synthetic,2,0.5,-5.0,0.05,run,branch_id_v3_controls_wave_chirp_propagation_proxy_0p20_0p05_full_no_flow_supervision_19_hamiltonian_verlet_gabor_gaussian_True_2p0_0p16_0p16_0p16_1p0_1p0_0p0_2p0_0p01_0p05_1p0_2p0_12_12,148.0770702000009,wave_chirp_propagation,19,0.16,synthetic,True,8,0.0,0.01,0.0,0.05,0.01082158973440528,0.3946183007210493,1.0,0.0,12.822238706052303,0.0016854927089298144,0.016654434148222208,1315209.7797851562,0.09564727963879704,0.0,0.0,1.453605279326439,0.02316536521539092,0.01878054440021515,2.4370703209392747e-14,0.011560953047592193,1.4316688464077743e-05,1.4316688464077743e-05,0.39164916798472404,1.4316688464077743e-05,0.006356644676998258,0.3915019426494837,0.39133101515471935,0.8787647287050883,0.8787647287050883,0.16085496560359994,1.9212876856327057,0.0,0.5098054744303226,0.25,1.0774961709976196,0.7291370816528797,0.25022631883621216,4.157547354698181,4.919261306524277,2.045359045267105,1.4114437301953633,0.00576666445704177,0.0,0.16,hamiltonian_verlet,0.2,12,1.0,1.0,2.0,0.0001,64,gaussian
no_transport,2,0.005532637631404214,branch_id_v3_controls,0.02,2.0,12,0.0,1.0,2.0,24,wave,0.0,0.006409113187449596,0.0,0.005560261403540305,1.0,0.001206004380643814,2.3313466164058086e-07,0.006378537790927415,0.013486953064178428,0.06301879011637841,0.10872965073212981,gabor_gaussian,12,1.0,64,1.0,0.16,1,0.0001,0.05,proxy_0.20_0.05,16,0,0,0,2.0,shell_balanced,MiNO-Plus,MiNO-Plus_wingaussian_modshell_balanced_K12_modes16_patch16_ref0.05_rlp0.16_hfc0.16_rb-5_pdo0_diss0_symord0_symparspectral_order_wfconf2_trhamiltonian_verlet_framegabor_gaussian_sparse1_sklp0.16_tsyn1_tin1_tref0,False,1,0.05,347000,16,-2.0,0.0,0.05,,0.16,synthetic,2,0.5,-5.0,0.05,run,branch_id_v3_controls_wave_chirp_propagation_proxy_0p20_0p05_no_transport_7_hamiltonian_verlet_gabor_gaussian_True_2p0_0p16_0p16_0p16_1p0_1p0_0p0_2p0_0p01_0p05_1p0_2p0_12_12,55.13040120000369,wave_chirp_propagation,7,0.16,synthetic,True,8,0.0,0.01,0.0,0.05,0.017541948705911636,0.6950143948197365,1.0,0.0,11.610684141516685,0.0041483165477984585,0.0,889989.1015625,0.04651638900395483,0.0,0.0,1.5044389814138412,0.0034549660922493786,0.0029450508300215006,2.6365126351723012e-14,0.0015295899138436653,3.8906047883369155e-07,3.8906047883369155e-07,0.6947488114237785,3.8906047883369155e-07,0.006368189700879157,0.6984940320253372,0.7022502273321152,0.9116491116583347,0.9116491116583347,0.11235724953682318,2.268717497587204,0.0,0.49816644191741943,0.25,1.0774961709976196,0.454564830288291,0.0,4.1589575707912445,1.407169730782698e-05,3.7607217677759763e-06,0.0,0.021823977818712592,0.0,0.16,hamiltonian_verlet,0.2,12,1.0,1.0,2.0,0.0001,64,gaussian
no_transport,2,0.005499976061400957,branch_id_v3_controls,0.02,2.0,12,0.0,1.0,2.0,24,wave,0.0,0.006086703986511566,0.0,0.005203209950802072,1.0,0.001327826046993626,2.5879512789058388e-06,0.006360612819359328,0.027520937301839393,0.06584021348195772,0.10865428935115536,gabor_gaussian,12,1.0,64,1.0,0.16,1,0.0001,0.05,proxy_0.20_0.05,16,0,0,0,2.0,shell_balanced,MiNO-Plus,MiNO-Plus_wingaussian_modshell_balanced_K12_modes16_patch16_ref0.05_rlp0.16_hfc0.16_rb-5_pdo0_diss0_symord0_symparspectral_order_wfconf2_trhamiltonian_verlet_framegabor_gaussian_sparse1_sklp0.16_tsyn1_tin1_tref0,False,1,0.05,347000,16,-2.0,0.0,0.05,,0.16,synthetic,2,0.5,-5.0,0.05,run,branch_id_v3_controls_wave_chirp_propagation_proxy_0p20_0p05_no_transport_11_hamiltonian_verlet_gabor_gaussian_True_2p0_0p16_0p16_0p16_1p0_1p0_0p0_2p0_0p01_0p05_1p0_2p0_12_12,53.63449530000071,wave_chirp_propagation,11,0.16,synthetic,True,8,0.0,0.01,0.0,0.05,0.017541948705911636,0.8058075346052647,1.0,0.0,7.479880481958389,0.006088312133215368,0.0,827964.49609375,0.035082618007436395,0.0,0.0,1.599817305803299,0.008834284555632621,0.005898775940295309,2.3743615707661945e-14,0.005433172598714009,1.7925579047783913e-06,1.7925579047783913e-06,0.8055066466331482,1.7925579047783913e-06,0.006347219459712505,0.8086763732135296,0.811606977134943,0.9998990620175997,0.9998990620175997,0.16920658213408993,1.053780697286129,0.0,0.4822225645184517,0.25,1.0774961709976196,0.596028883010149,0.0,4.461905986070633,1.2881515317531012e-05,4.410002986787731e-06,0.0,0.024409223347902298,0.0,0.16,hamiltonian_verlet,0.2,12,1.0,1.0,2.0,0.0001,64,gaussian
no_transport,2,0.0074527395772747695,branch_id_v3_controls,0.02,2.0,12,0.0,1.0,2.0,24,wave,0.0,0.007083976963864795,0.0,0.00598534032421109,1.0,0.001102882897460707,7.343738028242619e-07,0.0064051379352652775,0.03023644951948275,0.058661051269154996,0.10927076653266947,gabor_gaussian,12,1.0,64,1.0,0.16,1,0.0001,0.05,proxy_0.20_0.05,16,0,0,0,2.0,shell_balanced,MiNO-Plus,MiNO-Plus_wingaussian_modshell_balanced_K12_modes16_patch16_ref0.05_rlp0.16_hfc0.16_rb-5_pdo0_diss0_symord0_symparspectral_order_wfconf2_trhamiltonian_verlet_framegabor_gaussian_sparse1_sklp0.16_tsyn1_tin1_tref0,False,1,0.05,347000,16,-2.0,0.0,0.05,,0.16,synthetic,2,0.5,-5.0,0.05,run,branch_id_v3_controls_wave_chirp_propagation_proxy_0p20_0p05_no_transport_19_hamiltonian_verlet_gabor_gaussian_True_2p0_0p16_0p16_0p16_1p0_1p0_0p0_2p0_0p01_0p05_1p0_2p0_12_12,55.11731839999993,wave_chirp_propagation,19,0.16,synthetic,True,8,0.0,0.01,0.0,0.05,0.017541948705911636,1.0191666185855865,1.0,0.0,24.73200958967209,0.008478480041958392,0.0,920315.921875,0.04437956330366433,0.0,0.0,1.5071793645620346,0.00494593771873042,0.003972615086240694,2.310918824192671e-14,0.002504342352040112,6.488488821787541e-07,6.488488821787541e-07,1.0188284441828728,6.488488821787541e-07,0.006416567659471184,1.021437056362629,1.0240306854248047,0.9685160803298155,0.9685160803298155,0.17394595919176936,1.4732825383543968,0.0,0.5098054744303226,0.25,1.0774961709976196,0.7291370816528797,0.0,4.429667949676514,1.539972799946554e-05,2.1872457587335248e-06,0.0,0.015160713694058359,0.0,0.16,hamiltonian_verlet,0.2,12,1.0,1.0,2.0,0.0001,64,gaussian
identity_transport,2,0.005181517903110944,branch_id_v3_controls,0.02,2.0,12,0.0,1.0,2.0,24,wave,0.0,0.005615794831101084,0.0,0.005024411944759777,0.9999998807907104,0.0012805354438114591,4.259151465957345e-07,0.006340363858422886,0.01412751997122541,0.06024786333243052,0.10872964669639866,gabor_gaussian,12,1.0,64,1.0,0.16,1,0.0001,0.05,proxy_0.20_0.05,16,0,0,0,2.0,shell_balanced,MiNO-Plus,MiNO-Plus_wingaussian_modshell_balanced_K12_modes16_patch16_ref0.05_rlp0.16_hfc0.16_rb-5_pdo0_diss0_symord0_symparspectral_order_wfconf2_trhamiltonian_verlet_framegabor_gaussian_sparse1_sklp0.16_tsyn1_tin1_tref0,False,1,0.05,1059764,16,-2.0,0.0,0.05,,0.16,synthetic,2,0.5,-5.0,0.05,run,branch_id_v3_controls_wave_chirp_propagation_proxy_0p20_0p05_identity_transport_7_hamiltonian_verlet_gabor_gaussian_True_2p0_0p16_0p16_0p16_1p0_1p0_0p0_2p0_0p01_0p05_1p0_2p0_12_12,148.1048965000009,wave_chirp_propagation,7,0.16,synthetic,True,8,0.0,0.01,0.0,0.05,0.017541948705911636,0.6251952014863491,1.0,0.0,13.330632880330086,0.003541075966495555,0.0,535006.6328125,0.051313451025635004,0.0,0.0,1.526741772890091,0.0026000003708759323,0.0022300610653473996,2.5465905163489532e-14,0.001139832216722425,2.252565075577806e-07,2.252565075577806e-07,0.6250825822353363,2.252565075577806e-07,0.006388415233232081,0.6292873695492744,0.6331247165799141,1.1930570987363656,1.1930570987363656,0.11164722956891637,1.45268165320158,0.0,0.49816644191741943,0.25,1.0774961709976196,0.454564830288291,0.20505363928774992,4.166833132505417,1.410222489539592e-05,6.842325660727511e-06,1.3321843147277832,0.03044447337742895,0.0,0.16,hamiltonian_verlet,0.2,12,1.0,1.0,2.0,0.0001,64,gaussian
identity_transport,2,0.0054326039244188,branch_id_v3_controls,0.02,2.0,12,0.0,1.0,2.0,24,wave,0.0,0.006007437412336003,0.0,0.005170725122297881,0.9999998807907104,0.0013562002400249185,3.103533655253917e-06,0.006362329372980942,0.025458710500970483,0.0649113975232467,0.10865429012725751,gabor_gaussian,12,1.0,64,1.0,0.16,1,0.0001,0.05,proxy_0.20_0.05,16,0,0,0,2.0,shell_balanced,MiNO-Plus,MiNO-Plus_wingaussian_modshell_balanced_K12_modes16_patch16_ref0.05_rlp0.16_hfc0.16_rb-5_pdo0_diss0_symord0_symparspectral_order_wfconf2_trhamiltonian_verlet_framegabor_gaussian_sparse1_sklp0.16_tsyn1_tin1_tref0,False,1,0.05,1059764,16,-2.0,0.0,0.05,,0.16,synthetic,2,0.5,-5.0,0.05,run,branch_id_v3_controls_wave_chirp_propagation_proxy_0p20_0p05_identity_transport_11_hamiltonian_verlet_gabor_gaussian_True_2p0_0p16_0p16_0p16_1p0_1p0_0p0_2p0_0p01_0p05_1p0_2p0_12_12,150.38299959999858,wave_chirp_propagation,11,0.16,synthetic,True,8,0.0,0.01,0.0,0.05,0.017541948705911636,0.7960855588316917,1.0,0.0,8.287788897752762,0.005994800361804664,0.0,731809.111328125,0.03667737194336951,0.0,0.0,1.4482593685388565,0.007999036577530205,0.005321298202034086,2.316907474184701e-14,0.0049480457382742316,1.4548564539751396e-06,1.4548564539751396e-06,0.7958724461495876,1.4548564539751396e-06,0.006375528464559466,0.7995143234729767,0.8028991408646107,1.0527487347523372,1.0527487347523372,0.16048055532155558,1.3141857385635376,0.0,0.4822225645184517,0.25,1.0774961709976196,0.596028883010149,0.20335140793273845,4.457449704408646,1.2866761949226202e-05,4.84475697248854e-06,1.3321843147277832,0.027794159250333905,0.0,0.16,hamiltonian_verlet,0.2,12,1.0,1.0,2.0,0.0001,64,gaussian
identity_transport,2,0.007157441403251141,branch_id_v3_controls,0.02,2.0,12,0.0,1.0,2.0,24,wave,0.0,0.006704613334780636,0.0,0.0057405776872959296,0.9999998807907104,0.0010974032958680862,2.198024122157527e-06,0.006387040164554492,0.022915084147825837,0.05790635272084425,0.10927076653266947,gabor_gaussian,12,1.0,64,1.0,0.16,1,0.0001,0.05,proxy_0.20_0.05,16,0,0,0,2.0,shell_balanced,MiNO-Plus,MiNO-Plus_wingaussian_modshell_balanced_K12_modes16_patch16_ref0.05_rlp0.16_hfc0.16_rb-5_pdo0_diss0_symord0_symparspectral_order_wfconf2_trhamiltonian_verlet_framegabor_gaussian_sparse1_sklp0.16_tsyn1_tin1_tref0,False,1,0.05,1059764,16,-2.0,0.0,0.05,,0.16,synthetic,2,0.5,-5.0,0.05,run,branch_id_v3_controls_wave_chirp_propagation_proxy_0p20_0p05_identity_transport_19_hamiltonian_verlet_gabor_gaussian_True_2p0_0p16_0p16_0p16_1p0_1p0_0p0_2p0_0p01_0p05_1p0_2p0_12_12,150.44273010000325,wave_chirp_propagation,19,0.16,synthetic,True,8,0.0,0.01,0.0,0.05,0.017541948705911636,0.9983294233679771,1.0,0.0,31.158734515309334,0.008231776271713898,0.0,980234.6298828125,0.04561532149091363,0.0,0.0,1.5587782859802246,0.012095549784135073,0.00968309585005045,2.3315307780410414e-14,0.006163738726172596,3.837776873183429e-06,3.837776873183429e-06,0.9975569248199463,3.837776873183429e-06,0.006370233604684472,1.000144861638546,1.0027154684066772,0.8939904061456522,0.8939904061456522,0.1526701762340963,0.8633385300636292,0.0,0.5098054744303226,0.25,1.0774961709976196,0.7291370816528797,0.2305421158671379,4.374411404132843,1.519825877949188e-05,3.3695635721642248e-06,1.3321843147277832,0.019385098246857524,0.0,0.16,hamiltonian_verlet,0.2,12,1.0,1.0,2.0,0.0001,64,gaussian
no_transport_no_carrier,2,0.005688141885912046,branch_id_v3_controls,0.02,2.0,12,0.0,1.0,2.0,24,wave,0.0,0.00584520948662733,0.0,0.0048600095554623595,1.0,0.0005807220697988669,7.260298850083243e-07,0.0063842119998298585,0.012317247960406045,0.06164431612705812,0.10872964778294165,gabor_gaussian,12,1.0,64,1.0,0.16,1,0.0001,0.05,proxy_0.20_0.05,16,0,0,0,2.0,shell_balanced,MiNO-Plus,MiNO-Plus_wingaussian_modshell_balanced_K12_modes16_patch16_ref0.05_rlp0.16_hfc0.16_rb-5_pdo0_diss0_symord0_symparspectral_order_wfconf2_trhamiltonian_verlet_framegabor_gaussian_sparse1_sklp0.16_tsyn1_tin1_tref0,False,1,0.05,347000,16,-2.0,0.0,0.05,,0.16,synthetic,2,0.5,-5.0,0.05,run,branch_id_v3_controls_wave_chirp_propagation_proxy_0p20_0p05_no_transport_no_carrier_7_hamiltonian_verlet_gabor_gaussian_True_2p0_0p16_0p16_0p16_1p0_1p0_0p0_2p0_0p01_0p05_1p0_2p0_12_12,51.60171249999985,wave_chirp_propagation,7,0.16,synthetic,True,8,0.0,0.01,0.0,0.05,0.017541948705911636,0.7740679457783699,1.0,0.0,13.808108001947403,0.004646622750442475,0.0,2426901.8046875,0.3373902030289173,0.0,0.0,1.4846743047237396,0.00568163362913765,0.005519986283616163,2.5747541289110982e-14,0.0010974137767334469,1.3686905773191427e-06,1.3686905773191427e-06,0.773503839969635,1.3686905773191427e-06,0.006370295071974397,0.7773096933960915,0.7808522805571556,0.9330590690175692,0.9330590690175692,0.10185803810600191,2.2891648709774017,0.0,0.49816644191741943,0.25,1.0774961709976196,0.454564830288291,0.0,0.0,0.0,0.0,0.0,0.0671722455881536,0.0,0.16,hamiltonian_verlet,0.2,12,1.0,1.0,2.0,0.0001,64,gaussian
no_transport_no_carrier,2,0.005233387841144577,branch_id_v3_controls,0.02,2.0,12,0.0,1.0,2.0,24,wave,0.0,0.005384659215148228,0.0,0.0042518810199302,1.0,0.0005766005367604521,1.1712768761403444e-05,0.006369612596851463,0.019152344611939043,0.06610440664614241,0.10865429292122523,gabor_gaussian,12,1.0,64,1.0,0.16,1,0.0001,0.05,proxy_0.20_0.05,16,0,0,0,2.0,shell_balanced,MiNO-Plus,MiNO-Plus_wingaussian_modshell_balanced_K12_modes16_patch16_ref0.05_rlp0.16_hfc0.16_rb-5_pdo0_diss0_symord0_symparspectral_order_wfconf2_trhamiltonian_verlet_framegabor_gaussian_sparse1_sklp0.16_tsyn1_tin1_tref0,False,1,0.05,347000,16,-2.0,0.0,0.05,,0.16,synthetic,2,0.5,-5.0,0.05,run,branch_id_v3_controls_wave_chirp_propagation_proxy_0p20_0p05_no_transport_no_carrier_11_hamiltonian_verlet_gabor_gaussian_True_2p0_0p16_0p16_0p16_1p0_1p0_0p0_2p0_0p01_0p05_1p0_2p0_12_12,47.35792369999399,wave_chirp_propagation,11,0.16,synthetic,True,8,0.0,0.01,0.0,0.05,0.017541948705911636,0.7908489629626274,1.0,0.0,7.125439956784248,0.004724346101284027,0.0,2424609.4375,0.33290693163871765,0.0,0.0,1.5315275490283966,0.011125839460873976,0.010580554400803521,2.4605072143700328e-14,0.002691245128517039,5.97059115836629e-06,5.97059115836629e-06,0.7898981720209122,5.97059115836629e-06,0.0063845436670817435,0.7917036861181259,0.7933606654405594,1.0030339273313682,1.0030339273313682,0.14366795012999015,1.2067110538482666,0.0,0.4822225645184517,0.25,1.0774961709976196,0.596028883010149,0.0,0.0,0.0,0.0,0.0,0.10439432319253683,0.0,0.16,hamiltonian_verlet,0.2,12,1.0,1.0,2.0,0.0001,64,gaussian
no_transport_no_carrier,2,0.006536972359754145,branch_id_v3_controls,0.02,2.0,12,0.0,1.0,2.0,24,wave,0.0,0.006579247958143242,0.0,0.005300872367418681,1.0,0.0009130831059943981,1.0064953090231181e-06,0.006404184290052702,0.04097993338170151,0.05911999865202233,0.10927076870575547,gabor_gaussian,12,1.0,64,1.0,0.16,1,0.0001,0.05,proxy_0.20_0.05,16,0,0,0,2.0,shell_balanced,MiNO-Plus,MiNO-Plus_wingaussian_modshell_balanced_K12_modes16_patch16_ref0.05_rlp0.16_hfc0.16_rb-5_pdo0_diss0_symord0_symparspectral_order_wfconf2_trhamiltonian_verlet_framegabor_gaussian_sparse1_sklp0.16_tsyn1_tin1_tref0,False,1,0.05,347000,16,-2.0,0.0,0.05,,0.16,synthetic,2,0.5,-5.0,0.05,run,branch_id_v3_controls_wave_chirp_propagation_proxy_0p20_0p05_no_transport_no_carrier_19_hamiltonian_verlet_gabor_gaussian_True_2p0_0p16_0p16_0p16_1p0_1p0_0p0_2p0_0p01_0p05_1p0_2p0_12_12,47.12879800000519,wave_chirp_propagation,19,0.16,synthetic,True,8,0.0,0.01,0.0,0.05,0.017541948705911636,0.9151271805167198,1.0,0.0,18.51929844915867,0.006736245239153504,0.0,1561819.279296875,0.5395712330937386,0.0,0.0,1.6502416878938675,0.006324889429379255,0.0062963105156086385,2.3033171270075373e-14,0.000555366525077261,1.6450174840088039e-06,1.6450174840088039e-06,0.9145399630069733,1.6450174840088039e-06,0.00639184151077643,0.9156790003180504,0.9167875871062279,0.9640225258966287,0.9640225258966287,0.202753947271655,1.652133658528328,0.0,0.5098054744303226,0.25,1.0774961709976196,0.7291370816528797,0.0,0.0,0.0,0.0,0.0,0.06387790781445801,0.0,0.16,hamiltonian_verlet,0.2,12,1.0,1.0,2.0,0.0001,64,gaussian
randomized_metadata,2,0.0074903208878822625,branch_id_v3_controls,0.02,2.0,12,0.0,1.0,2.0,24,wave,0.0,0.009153192465115959,0.0,0.007548428135730016,834.6293436686198,0.001388032676459261,2.1086931344579027e-09,0.006482588418293744,0.0003367185715129987,0.08210420777322724,0.03686357103288174,gabor_gaussian,12,1.0,64,1.0,0.16,1,0.0001,0.05,proxy_0.20_0.05,16,0,0,0,2.0,shell_balanced,MiNO-Plus,MiNO-Plus_wingaussian_modshell_balanced_K12_modes16_patch16_ref0.05_rlp0.16_hfc0.16_rb-5_pdo0_diss0_symord0_symparspectral_order_wfconf2_trhamiltonian_verlet_framegabor_gaussian_sparse1_sklp0.16_tsyn1_tin1_tref0,False,1,0.05,1059764,16,-2.0,0.0,0.05,,0.16,synthetic,2,0.5,-5.0,0.05,run,branch_id_v3_controls_wave_chirp_propagation_proxy_0p20_0p05_randomized_metadata_7_hamiltonian_verlet_gabor_gaussian_True_2p0_0p16_0p16_0p16_1p0_1p0_0p0_2p0_0p01_0p05_1p0_2p0_12_12,150.7073143000016,wave_chirp_propagation,7,0.16,synthetic,True,8,0.0,0.01,0.0,0.05,0.4615714065730572,1.0562924444675446,1.0,0.0,24.34619465470314,0.007910428917966783,0.4623314179480076,4502665.4453125,0.4451000839471817,0.0,0.0,1.514547884464264,0.0004982554019079544,0.0004974082767148502,6.007987436578452e-15,2.8513379220385104e-05,8.663665451713598e-09,8.663665451713598e-09,1.0035113841295242,8.663665451713598e-09,0.006692850962281227,1.062765583395958,1.0663557648658752,0.8660228761533896,0.8660228761533896,0.027593481286506478,1.0189988762140274,0.0,0.49816644191741943,0.25,1.0774961709976196,0.454564830288291,0.19608120465030274,2.4778026938438416,5.158670663833618,1.2308806627988815,0.0,0.1383074219338596,0.0,0.16,hamiltonian_verlet,0.2,12,1.0,1.0,2.0,0.0001,64,gaussian
randomized_metadata,2,0.007933352841064334,branch_id_v3_controls,0.02,2.0,12,0.0,1.0,2.0,24,wave,0.0,0.00900428150392448,0.0,0.006736247526229515,840.2153549194336,0.0015285462574562796,1.3303213669546565e-08,0.006433031764269496,0.0011951036503887735,0.08849554893095046,0.037256808330615364,gabor_gaussian,12,1.0,64,1.0,0.16,1,0.0001,0.05,proxy_0.20_0.05,16,0,0,0,2.0,shell_balanced,MiNO-Plus,MiNO-Plus_wingaussian_modshell_balanced_K12_modes16_patch16_ref0.05_rlp0.16_hfc0.16_rb-5_pdo0_diss0_symord0_symparspectral_order_wfconf2_trhamiltonian_verlet_framegabor_gaussian_sparse1_sklp0.16_tsyn1_tin1_tref0,False,1,0.05,1059764,16,-2.0,0.0,0.05,,0.16,synthetic,2,0.5,-5.0,0.05,run,branch_id_v3_controls_wave_chirp_propagation_proxy_0p20_0p05_randomized_metadata_11_hamiltonian_verlet_gabor_gaussian_True_2p0_0p16_0p16_0p16_1p0_1p0_0p0_2p0_0p01_0p05_1p0_2p0_12_12,150.75192190000234,wave_chirp_propagation,11,0.16,synthetic,True,8,0.0,0.01,0.0,0.05,0.45712100714445114,1.0108493715524673,1.0,0.0,14.431031093001366,0.008318420557770878,0.45755860954523087,3021670.37890625,0.4224529303610325,0.0,0.0,1.5444463789463043,0.00018984339840244502,0.00017550970551383216,9.771968020143561e-15,6.872993435536046e-05,1.1564475418945896e-09,1.1564475418945896e-09,1.0683559775352478,1.1564475418945896e-09,0.006590829463675618,1.0139310583472252,1.0165968239307404,0.8404997574786345,0.8404997574786345,0.03554406921224048,1.1663666293025017,0.0,0.4822225645184517,0.25,1.0774961709976196,0.596028883010149,0.17801630310714245,2.094409167766571,5.205363690853119,0.5689682066440582,0.0,0.14924881979823112,0.0,0.16,hamiltonian_verlet,0.2,12,1.0,1.0,2.0,0.0001,64,gaussian
randomized_metadata,2,0.007894722453784198,branch_id_v3_controls,0.02,2.0,12,0.0,1.0,2.0,24,wave,0.0,0.008854995413760966,0.0,0.007245793790692308,840.3737513224283,0.0012277109247709934,4.395008581607278e-09,0.00641139557895561,0.004505118743206064,0.07514671717459957,0.037173387788546584,gabor_gaussian,12,1.0,64,1.0,0.16,1,0.0001,0.05,proxy_0.20_0.05,16,0,0,0,2.0,shell_balanced,MiNO-Plus,MiNO-Plus_wingaussian_modshell_balanced_K12_modes16_patch16_ref0.05_rlp0.16_hfc0.16_rb-5_pdo0_diss0_symord0_symparspectral_order_wfconf2_trhamiltonian_verlet_framegabor_gaussian_sparse1_sklp0.16_tsyn1_tin1_tref0,False,1,0.05,1059764,16,-2.0,0.0,0.05,,0.16,synthetic,2,0.5,-5.0,0.05,run,branch_id_v3_controls_wave_chirp_propagation_proxy_0p20_0p05_randomized_metadata_19_hamiltonian_verlet_gabor_gaussian_True_2p0_0p16_0p16_0p16_1p0_1p0_0p0_2p0_0p01_0p05_1p0_2p0_12_12,154.16783259999647,wave_chirp_propagation,19,0.16,synthetic,True,8,0.0,0.01,0.0,0.05,0.46229827031493187,1.0538439229130745,1.0,0.0,28.25222474336624,0.009226442140061408,0.4627406820654869,3032024.6689453125,0.4719863086938858,0.0,0.0,1.5296601355075836,0.0003784008258662652,0.0003704482405737508,1.067496194606367e-14,6.925472371221986e-05,4.650633073088883e-09,4.650633073088883e-09,1.061349019408226,4.650633073088883e-09,0.006443391088396311,1.0623600035905838,1.0647978484630585,0.8389362134039402,0.8389362134039402,0.06320745808382829,1.0512691885232925,0.0,0.5098054744303226,0.25,1.0774961709976196,0.7291370816528797,0.21297835682829222,2.2123442962765694,5.049465149641037,0.9675200805068016,0.0,0.13947483384981751,0.0,0.16,hamiltonian_verlet,0.2,12,1.0,1.0,2.0,0.0001,64,gaussian
no_symbol,2,0.002141602773917839,branch_id_v3_controls,0.02,2.0,12,0.0,1.0,2.0,24,wave,0.0,0.001029220060672742,0.0,3.614358441457929e-05,1.3627869899816384e-05,0.0011725667383567877,7.117553567711117e-06,0.006330484049006675,0.0,0.06539659491196896,0.10853291163221002,gabor_gaussian,12,1.0,64,1.0,0.16,1,0.0001,0.05,proxy_0.20_0.05,16,0,0,0,2.0,shell_balanced,MiNO-Plus,MiNO-Plus_wingaussian_modshell_balanced_K12_modes16_patch16_ref0.05_rlp0.16_hfc0.16_rb-5_pdo0_diss0_symord0_symparspectral_order_wfconf2_trhamiltonian_verlet_framegabor_gaussian_sparse1_sklp0.16_tsyn1_tin1_tref0,False,1,0.05,854708,16,-2.0,0.0,0.05,,0.16,synthetic,2,0.5,-5.0,0.05,run,branch_id_v3_controls_wave_chirp_propagation_proxy_0p20_0p05_no_symbol_7_hamiltonian_verlet_gabor_gaussian_True_2p0_0p16_0p16_0p16_1p0_1p0_0p0_2p0_0p01_0p05_1p0_2p0_12_12,136.00297870000213,wave_chirp_propagation,7,0.16,synthetic,True,8,0.0,0.01,0.0,0.05,3.006007727890392e-05,0.3465576823800802,1.0,0.0,2.1847017388790846,0.0011510451968206326,0.01754598435945809,1726637.14453125,0.08528065704740584,0.0,0.0,1.4820128232240677,0.019990025786682963,0.01691143721109256,2.658658904501328e-14,0.009015577321406454,1.2658422875233555e-05,1.2658422875233555e-05,0.3435959480702877,1.2658422875233555e-05,0.006315505015663803,0.3427747879177332,0.34187636338174343,0.0,0.0,0.0,0.7757387161254883,0.0,0.49816644191741943,0.25,1.0774961709976196,0.454564830288291,0.6048059705644846,4.01347753405571,3.7294333577156067,0.44920961931347847,0.9068651832640171,0.002029017014137935,0.0,0.16,hamiltonian_verlet,0.2,12,1.0,1.0,2.0,0.0001,64,gaussian
no_symbol,2,0.0007585271614516387,branch_id_v3_controls,0.02,2.0,12,0.0,1.0,2.0,24,wave,0.0,0.00144845526347126,0.0,9.458960209940415e-05,1.0780471185967144e-05,0.0011491811404387893,2.0700729611651997e-05,0.006346903013763949,0.0,0.07002549269236624,0.10865561058744788,gabor_gaussian,12,1.0,64,1.0,0.16,1,0.0001,0.05,proxy_0.20_0.05,16,0,0,0,2.0,shell_balanced,MiNO-Plus,MiNO-Plus_wingaussian_modshell_balanced_K12_modes16_patch16_ref0.05_rlp0.16_hfc0.16_rb-5_pdo0_diss0_symord0_symparspectral_order_wfconf2_trhamiltonian_verlet_framegabor_gaussian_sparse1_sklp0.16_tsyn1_tin1_tref0,False,1,0.05,854708,16,-2.0,0.0,0.05,,0.16,synthetic,2,0.5,-5.0,0.05,run,branch_id_v3_controls_wave_chirp_propagation_proxy_0p20_0p05_no_symbol_11_hamiltonian_verlet_gabor_gaussian_True_2p0_0p16_0p16_0p16_1p0_1p0_0p0_2p0_0p01_0p05_1p0_2p0_12_12,137.20118759999605,wave_chirp_propagation,11,0.16,synthetic,True,8,0.0,0.01,0.0,0.05,2.0895370425932924e-05,0.27094606310129166,1.0,0.0,2.9455213267356157,0.0006432746704376768,0.017534883227199316,2021096.4375,0.03897043090546504,0.0,0.0,1.4254341125488281,0.02428939356468618,0.016487596731167287,2.4791377252207148e-14,0.014744733343832195,1.4129671665585875e-05,1.4129671665585875e-05,0.2682885807007551,1.4129671665585875e-05,0.006333297002129257,0.2681755619123578,0.26781531050801277,0.0,0.0,0.0,0.8508783578872681,0.0,0.4822225645184517,0.25,1.0774961709976196,0.596028883010149,0.5424230440209309,4.165821850299835,4.530369222164154,0.6386256702244282,1.146339011689027,0.004238107183482498,0.0,0.16,hamiltonian_verlet,0.2,12,1.0,1.0,2.0,0.0001,64,gaussian
no_symbol,2,0.0008883832542778691,branch_id_v3_controls,0.02,2.0,12,0.0,1.0,2.0,24,wave,0.0,0.0011849336075708077,0.0,3.4864260877990695e-05,7.1506062179575265e-06,0.001011866955498893,9.56672527530067e-06,0.006365443502242367,0.0,0.05998947764358794,0.1093111749117573,gabor_gaussian,12,1.0,64,1.0,0.16,1,0.0001,0.05,proxy_0.20_0.05,16,0,0,0,2.0,shell_balanced,MiNO-Plus,MiNO-Plus_wingaussian_modshell_balanced_K12_modes16_patch16_ref0.05_rlp0.16_hfc0.16_rb-5_pdo0_diss0_symord0_symparspectral_order_wfconf2_trhamiltonian_verlet_framegabor_gaussian_sparse1_sklp0.16_tsyn1_tin1_tref0,False,1,0.05,854708,16,-2.0,0.0,0.05,,0.16,synthetic,2,0.5,-5.0,0.05,run,branch_id_v3_controls_wave_chirp_propagation_proxy_0p20_0p05_no_symbol_19_hamiltonian_verlet_gabor_gaussian_True_2p0_0p16_0p16_0p16_1p0_1p0_0p0_2p0_0p01_0p05_1p0_2p0_12_12,137.2994753000021,wave_chirp_propagation,19,0.16,synthetic,True,8,0.0,0.01,0.0,0.05,1.9617259340520832e-05,0.39234374836087227,1.0,0.0,5.729032335802913,0.0016915313353820238,0.01754192216321826,1228728.1420898438,0.0927883917465806,0.0,0.0,1.4390585869550705,0.023725717095658183,0.019192510400898755,2.4404738899037556e-14,0.011834896577056497,1.4963114097099606e-05,1.4963114097099606e-05,0.3892254885286093,1.4963114097099606e-05,0.006347058690153062,0.38800441287457943,0.3867343235760927,0.0,0.0,0.0,0.6233482658863068,0.0,0.5098054744303226,0.25,1.0774961709976196,0.7291370816528797,0.6430185337861379,4.200521320104599,4.946895360946655,0.5479352958500385,1.2510104750593503,0.0016194296040339395,0.0,0.16,hamiltonian_verlet,0.2,12,1.0,1.0,2.0,0.0001,64,gaussian
full,2,0.0004355081473477185,branch_id_v3_controls,0.02,2.0,12,0.0,1.0,2.0,24,wave,0.0,0.0004383456725918222,0.0,0.00011952719281301445,3.5652620150964744e-05,0.0015887204669221926,8.660858100029145e-06,0.006324935073886688,0.004848872728568192,0.07614944921806455,0.0861436699827512,gabor_gaussian,12,1.0,64,1.0,0.16,1,0.0001,0.05,proxy_0.20_0.05,16,0,0,0,2.0,shell_balanced,MiNO-Plus,MiNO-Plus_wingaussian_modshell_balanced_K12_modes16_patch16_ref0.05_rlp0.16_hfc0.16_rb-5_pdo0_diss0_symord0_symparspectral_order_wfconf2_trhamiltonian_verlet_framegabor_gaussian_sparse1_sklp0.16_tsyn1_tin1_tref0,False,1,0.05,1059764,16,-2.0,0.0,0.05,,0.16,synthetic,2,0.5,-5.0,0.05,run,branch_id_v3_controls_wave_two_packet_no_interaction_proxy_0p20_0p05_full_7_hamiltonian_verlet_gabor_gaussian_True_2p0_0p16_0p16_0p16_1p0_1p0_0p0_2p0_0p01_0p05_1p0_2p0_12_12,147.593397800003,wave_two_packet_no_interaction,7,0.16,synthetic,True,8,0.0,0.01,0.0,0.05,3.8809588659205474e-05,0.20168235898017883,1.0,0.0,0.3555929474532604,0.0004319148720242083,0.01609069830738008,338708.5,0.006992867856752127,0.0,0.0,1.3024687618017197,0.02199142356403172,0.019742808071896434,2.363229419081081e-14,0.009687039884738624,8.783458383732068e-06,8.783458383732068e-06,0.19955825991928577,8.783458383732068e-06,0.006307777191977948,0.19918981194496155,0.1986292153596878,0.913990763326486,0.913990763326486,0.05746208540707206,1.3168569803237915,0.0,0.758769117295742,0.25,1.0774961709976196,0.6156100779771805,0.23521062514434257,5.370301783084869,5.288977086544037,0.9358642846345901,1.3778513719638188,0.009593981318175793,0.0,0.16,hamiltonian_verlet,0.2,12,1.0,1.0,2.0,0.0001,64,gaussian
full,2,0.0004250075617164839,branch_id_v3_controls,0.02,2.0,12,0.0,1.0,2.0,24,wave,0.0,0.00045419132948154584,0.0,0.0001477292592729403,3.3088304538371936e-05,0.0034427268498499566,7.942569178946238e-06,0.006349846284138039,0.0009961485884559806,0.067778416754057,0.08611940980578463,gabor_gaussian,12,1.0,64,1.0,0.16,1,0.0001,0.05,proxy_0.20_0.05,16,0,0,0,2.0,shell_balanced,MiNO-Plus,MiNO-Plus_wingaussian_modshell_balanced_K12_modes16_patch16_ref0.05_rlp0.16_hfc0.16_rb-5_pdo0_diss0_symord0_symparspectral_order_wfconf2_trhamiltonian_verlet_framegabor_gaussian_sparse1_sklp0.16_tsyn1_tin1_tref0,False,1,0.05,1059764,16,-2.0,0.0,0.05,,0.16,synthetic,2,0.5,-5.0,0.05,run,branch_id_v3_controls_wave_two_packet_no_interaction_proxy_0p20_0p05_full_11_hamiltonian_verlet_gabor_gaussian_True_2p0_0p16_0p16_0p16_1p0_1p0_0p0_2p0_0p01_0p05_1p0_2p0_12_12,149.4911604000008,wave_two_packet_no_interaction,11,0.16,synthetic,True,8,0.0,0.01,0.0,0.05,3.737518818525132e-05,0.20128094218671322,1.0,0.0,0.3681699112057686,0.0004309435244067572,0.016089931596070528,318327.66015625,0.00700143096037209,0.0,0.0,1.2982690781354904,0.021697213174775243,0.01864803652279079,2.349082338323511e-14,0.011091041844338179,7.836491363377718e-06,7.836491363377718e-06,0.19935515709221363,7.836491363377718e-06,0.006364648696035147,0.19906533882021904,0.1985527127981186,0.964206742743651,0.964206742743651,-0.018697209665939834,1.3401017785072327,0.0,0.7631536796689034,0.25,1.0774961709976196,0.6170949414372444,0.21592183659474054,5.362241208553314,5.281689643859863,0.8578789979219437,1.3362314850091934,0.010709465015679598,0.0,0.16,hamiltonian_verlet,0.2,12,1.0,1.0,2.0,0.0001,64,gaussian
full,2,0.0005219106387812644,branch_id_v3_controls,0.02,2.0,12,0.0,1.0,2.0,24,wave,0.0,0.0005329452687874436,0.0,0.00011023775611344415,2.9217576601088997e-05,0.0017354170316442226,1.1897591112604763e-05,0.006345784175209701,0.0016213689110979128,0.07487912569195032,0.08614097038904826,gabor_gaussian,12,1.0,64,1.0,0.16,1,0.0001,0.05,proxy_0.20_0.05,16,0,0,0,2.0,shell_balanced,MiNO-Plus,MiNO-Plus_wingaussian_modshell_balanced_K12_modes16_patch16_ref0.05_rlp0.16_hfc0.16_rb-5_pdo0_diss0_symord0_symparspectral_order_wfconf2_trhamiltonian_verlet_framegabor_gaussian_sparse1_sklp0.16_tsyn1_tin1_tref0,False,1,0.05,1059764,16,-2.0,0.0,0.05,,0.16,synthetic,2,0.5,-5.0,0.05,run,branch_id_v3_controls_wave_two_packet_no_interaction_proxy_0p20_0p05_full_19_hamiltonian_verlet_gabor_gaussian_True_2p0_0p16_0p16_0p16_1p0_1p0_0p0_2p0_0p01_0p05_1p0_2p0_12_12,149.70515519999753,wave_two_packet_no_interaction,19,0.16,synthetic,True,8,0.0,0.01,0.0,0.05,4.1833116483758204e-05,0.2180582955479622,1.0,0.0,0.39795777201652527,0.0005035309077356942,0.016093586338683963,673665.125,0.008155510760843754,0.0,0.0,1.3213413059711456,0.025490042055025697,0.022700180299580097,2.467038876008724e-14,0.011594551499001682,1.1612077059908188e-05,1.1612077059908188e-05,0.21550417132675648,1.1612077059908188e-05,0.006358229380566627,0.2151380367577076,0.21458437480032444,0.8797357827425003,0.8797357827425003,0.043342702207155526,2.2053967118263245,0.0,0.7692920714616776,0.25,1.0774961709976196,0.6212729960680008,0.25132402684539557,5.433484256267548,5.360969185829163,0.9744688272476196,1.3781547496716182,0.007065527199301869,0.0,0.16,hamiltonian_verlet,0.2,12,1.0,1.0,2.0,0.0001,64,gaussian
full_no_flow_supervision,2,0.0003364138610777445,branch_id_v3_controls,0.02,2.0,12,0.0,1.0,0.0,24,wave,0.0,0.0003469327075436013,0.0,0.00010816533616283171,0.0,0.0012468536879168823,4.610261584048203e-06,0.006353685671153168,0.035016746182615556,0.08062086425100763,0.08425661083310843,gabor_gaussian,12,1.0,64,1.0,0.16,1,0.0001,0.05,proxy_0.20_0.05,16,0,0,0,2.0,shell_balanced,MiNO-Plus,MiNO-Plus_wingaussian_modshell_balanced_K12_modes16_patch16_ref0.05_rlp0.16_hfc0.16_rb-5_pdo0_diss0_symord0_symparspectral_order_wfconf2_trhamiltonian_verlet_framegabor_gaussian_sparse1_sklp0.16_tsyn1_tin1_tref0,False,1,0.05,1059764,16,-2.0,0.0,0.05,,0.16,synthetic,2,0.5,-5.0,0.05,run,branch_id_v3_controls_wave_two_packet_no_interaction_proxy_0p20_0p05_full_no_flow_supervision_7_hamiltonian_verlet_gabor_gaussian_True_2p0_0p16_0p16_0p16_1p0_1p0_0p0_2p0_0p01_0p05_1p0_2p0_12_12,148.77952100000402,wave_two_packet_no_interaction,7,0.16,synthetic,True,8,0.0,0.01,0.0,0.05,0.01050195295829326,0.17583131790161133,1.0,0.0,0.5285709574818611,0.0003307167971797753,0.014352673315443099,489336.65625,0.0073840669938363135,0.0,0.0,1.2671297490596771,0.015723259770311415,0.014278363320045173,2.4584720906593123e-14,0.006583821726962924,4.594405538682622e-06,4.594405538682622e-06,0.17459729127585888,4.594405538682622e-06,0.006339835177641362,0.1754299607127905,0.1760107409209013,0.9768470997611681,0.9768470997611681,0.19485961137494692,2.7096425592899323,0.0,0.758769117295742,0.25,1.0774961709976196,0.6156100779771805,0.22775115724653006,5.387132823467255,5.1574201583862305,2.7961899638175964,1.3895730301737785,0.006142415921203792,0.0,0.16,hamiltonian_verlet,0.2,12,1.0,1.0,2.0,0.0001,64,gaussian
full_no_flow_supervision,2,0.0003229306385037489,branch_id_v3_controls,0.02,2.0,12,0.0,1.0,0.0,24,wave,0.0,0.0003990617303012793,0.0,0.00013100743535687798,0.0,0.004834974184632301,3.886410008628142e-06,0.0063631201919633895,5.197136634689977e-05,0.06042933580465615,0.08576564739147823,gabor_gaussian,12,1.0,64,1.0,0.16,1,0.0001,0.05,proxy_0.20_0.05,16,0,0,0,2.0,shell_balanced,MiNO-Plus,MiNO-Plus_wingaussian_modshell_balanced_K12_modes16_patch16_ref0.05_rlp0.16_hfc0.16_rb-5_pdo0_diss0_symord0_symparspectral_order_wfconf2_trhamiltonian_verlet_framegabor_gaussian_sparse1_sklp0.16_tsyn1_tin1_tref0,False,1,0.05,1059764,16,-2.0,0.0,0.05,,0.16,synthetic,2,0.5,-5.0,0.05,run,branch_id_v3_controls_wave_two_packet_no_interaction_proxy_0p20_0p05_full_no_flow_supervision_11_hamiltonian_verlet_gabor_gaussian_True_2p0_0p16_0p16_0p16_1p0_1p0_0p0_2p0_0p01_0p05_1p0_2p0_12_12,150.94779049999488,wave_two_packet_no_interaction,11,0.16,synthetic,True,8,0.0,0.01,0.0,0.05,0.0028479713364504278,0.17102512530982494,1.0,0.0,0.4997134879231453,0.00031308025791076943,0.015216758591122925,355410.4609375,0.007456726278178394,0.0,0.0,1.255241185426712,0.014953062403947115,0.012999787228181958,2.486802124019769e-14,0.007388907892163843,3.808435167229618e-06,3.808435167229618e-06,0.16988693922758102,3.808435167229618e-06,0.006378844438586384,0.17067456804215908,0.1710017155855894,0.960188360263904,0.960188360263904,0.006692515647349258,2.664165735244751,0.0,0.7631536796689034,0.25,1.0774961709976196,0.6170949414372444,0.20659568160772324,5.413084328174591,5.1564881801605225,5.545314311981201,1.3370973865191143,0.005675374763086438,0.0,0.16,hamiltonian_verlet,0.2,12,1.0,1.0,2.0,0.0001,64,gaussian
full_no_flow_supervision,2,0.00051639190496644,branch_id_v3_controls,0.02,2.0,12,0.0,1.0,0.0,24,wave,0.0,0.0006459639753302326,0.0,0.00013320039746152665,0.0,0.0016000210234778933,1.2002335855261967e-05,0.0063439407288872944,0.010190508076145003,0.0780722894705832,0.08411158264304201,gabor_gaussian,12,1.0,64,1.0,0.16,1,0.0001,0.05,proxy_0.20_0.05,16,0,0,0,2.0,shell_balanced,MiNO-Plus,MiNO-Plus_wingaussian_modshell_balanced_K12_modes16_patch16_ref0.05_rlp0.16_hfc0.16_rb-5_pdo0_diss0_symord0_symparspectral_order_wfconf2_trhamiltonian_verlet_framegabor_gaussian_sparse1_sklp0.16_tsyn1_tin1_tref0,False,1,0.05,1059764,16,-2.0,0.0,0.05,,0.16,synthetic,2,0.5,-5.0,0.05,run,branch_id_v3_controls_wave_two_packet_no_interaction_proxy_0p20_0p05_full_no_flow_supervision_19_hamiltonian_verlet_gabor_gaussian_True_2p0_0p16_0p16_0p16_1p0_1p0_0p0_2p0_0p01_0p05_1p0_2p0_12_12,147.96011250000447,wave_two_packet_no_interaction,19,0.16,synthetic,True,8,0.0,0.01,0.0,0.05,0.00833246554248035,0.21382697857916355,1.0,0.0,0.45402536541223526,0.0004846610681852326,0.013329062727279961,327284.41015625,0.008256439177785069,0.0,0.0,1.2889637500047684,0.02404618076980114,0.02153537841513753,2.4790333284099657e-14,0.010697446414269507,1.045169460667239e-05,1.045169460667239e-05,0.21135851182043552,1.045169460667239e-05,0.006381772458553314,0.21123396046459675,0.21094406209886074,0.8760854005813599,0.8760854005813599,0.12821361632086337,2.582642287015915,0.0,0.7692920714616776,0.25,1.0774961709976196,0.6212729960680008,0.25093011495967704,5.48612242937088,5.3336668610572815,1.912910670042038,1.388021245598793,0.005052090506069362,0.0,0.16,hamiltonian_verlet,0.2,12,1.0,1.0,2.0,0.0001,64,gaussian
no_transport,2,0.0067808799794875085,branch_id_v3_controls,0.02,2.0,12,0.0,1.0,2.0,24,wave,0.0,0.006764522608136758,0.0,0.006404638368015488,1.0,0.001861996584921144,5.2496961814677924e-08,0.0063912747815872235,0.014436391550892344,0.08162796885396044,0.08597371603051822,gabor_gaussian,12,1.0,64,1.0,0.16,1,0.0001,0.05,proxy_0.20_0.05,16,0,0,0,2.0,shell_balanced,MiNO-Plus,MiNO-Plus_wingaussian_modshell_balanced_K12_modes16_patch16_ref0.05_rlp0.16_hfc0.16_rb-5_pdo0_diss0_symord0_symparspectral_order_wfconf2_trhamiltonian_verlet_framegabor_gaussian_sparse1_sklp0.16_tsyn1_tin1_tref0,False,1,0.05,347000,16,-2.0,0.0,0.05,,0.16,synthetic,2,0.5,-5.0,0.05,run,branch_id_v3_controls_wave_two_packet_no_interaction_proxy_0p20_0p05_no_transport_7_hamiltonian_verlet_gabor_gaussian_True_2p0_0p16_0p16_0p16_1p0_1p0_0p0_2p0_0p01_0p05_1p0_2p0_12_12,55.74333550000301,wave_two_packet_no_interaction,7,0.16,synthetic,True,8,0.0,0.01,0.0,0.05,0.01609968952834606,0.7910167053341866,1.0,0.0,1.7426198869943619,0.006778848706744611,0.0,866892.84375,0.05280345631763339,0.0,0.0,1.4128281325101852,0.0015216793835861608,0.001395450482959859,2.387067996711251e-14,0.0006067729627829976,4.388903551699741e-08,4.388903551699741e-08,0.7909902483224869,4.388903551699741e-08,0.006402380298823118,0.7962051928043365,0.8010637164115906,0.910397774229447,0.910397774229447,0.12134790791121002,3.1347120702266693,0.0,0.758769117295742,0.25,1.0774961709976196,0.6156100779771805,0.0,6.0170818567276,1.5996869251466705e-05,1.5552898133819326e-06,0.0,0.034250442404299974,0.0,0.16,hamiltonian_verlet,0.2,12,1.0,1.0,2.0,0.0001,64,gaussian
no_transport,2,0.005954440450295806,branch_id_v3_controls,0.02,2.0,12,0.0,1.0,2.0,24,wave,0.0,0.006023943113783996,0.0,0.005850247446990882,1.0,0.0019508168188622221,7.130408680167122e-09,0.006352871239262943,0.04270294836411873,0.07838484194750588,0.08595640243341525,gabor_gaussian,12,1.0,64,1.0,0.16,1,0.0001,0.05,proxy_0.20_0.05,16,0,0,0,2.0,shell_balanced,MiNO-Plus,MiNO-Plus_wingaussian_modshell_balanced_K12_modes16_patch16_ref0.05_rlp0.16_hfc0.16_rb-5_pdo0_diss0_symord0_symparspectral_order_wfconf2_trhamiltonian_verlet_framegabor_gaussian_sparse1_sklp0.16_tsyn1_tin1_tref0,False,1,0.05,347000,16,-2.0,0.0,0.05,,0.16,synthetic,2,0.5,-5.0,0.05,run,branch_id_v3_controls_wave_two_packet_no_interaction_proxy_0p20_0p05_no_transport_11_hamiltonian_verlet_gabor_gaussian_True_2p0_0p16_0p16_0p16_1p0_1p0_0p0_2p0_0p01_0p05_1p0_2p0_12_12,53.75699510000413,wave_two_packet_no_interaction,11,0.16,synthetic,True,8,0.0,0.01,0.0,0.05,0.01609968952834606,0.741101399064064,1.0,0.0,1.737526997923851,0.005950693099293858,0.0,374779.91015625,0.03014889406040311,0.0,0.0,1.2616461664438248,0.0006782286582165398,0.0005539087142096832,2.411655711455796e-14,0.0003913769032806158,6.913649375217545e-09,6.913649375217545e-09,0.7410996556282043,6.913649375217545e-09,0.006331859272904694,0.7461509257555008,0.7509804889559746,1.0227658388515313,1.0227658388515313,0.20953472138595922,3.0932644605636597,0.0,0.7631536796689034,0.25,1.0774961709976196,0.6170949414372444,0.0,5.906949698925018,1.5718780559836887e-05,2.2394426650862442e-06,0.0,0.02977730636484921,0.0,0.16,hamiltonian_verlet,0.2,12,1.0,1.0,2.0,0.0001,64,gaussian
no_transport,2,0.007026060076896101,branch_id_v3_controls,0.02,2.0,12,0.0,1.0,2.0,24,wave,0.0,0.007266092424591382,0.0,0.006727568620893483,1.0,0.001921915796022707,1.7418659847834306e-07,0.006380828388500959,0.025448251864872873,0.08174857900788386,0.08597278672580917,gabor_gaussian,12,1.0,64,1.0,0.16,1,0.0001,0.05,proxy_0.20_0.05,16,0,0,0,2.0,shell_balanced,MiNO-Plus,MiNO-Plus_wingaussian_modshell_balanced_K12_modes16_patch16_ref0.05_rlp0.16_hfc0.16_rb-5_pdo0_diss0_symord0_symparspectral_order_wfconf2_trhamiltonian_verlet_framegabor_gaussian_sparse1_sklp0.16_tsyn1_tin1_tref0,False,1,0.05,347000,16,-2.0,0.0,0.05,,0.16,synthetic,2,0.5,-5.0,0.05,run,branch_id_v3_controls_wave_two_packet_no_interaction_proxy_0p20_0p05_no_transport_19_hamiltonian_verlet_gabor_gaussian_True_2p0_0p16_0p16_0p16_1p0_1p0_0p0_2p0_0p01_0p05_1p0_2p0_12_12,53.67937389999861,wave_two_packet_no_interaction,19,0.16,synthetic,True,8,0.0,0.01,0.0,0.05,0.01609968952834606,0.8054057955741882,1.0,0.0,1.6262577176094055,0.007027682790067047,0.0,367229.88671875,0.01819622388575226,0.0,0.0,1.412935495376587,0.0012759490200551227,0.001128004165366292,2.2660085867578323e-14,0.0005962494105915539,2.8688637687679375e-08,2.8688637687679375e-08,0.8053756058216095,2.8688637687679375e-08,0.006475090282037854,0.8096053749322891,0.8137377724051476,0.9175426761309305,0.9175426761309305,0.16592048046489558,3.0300081372261047,0.0,0.7692920714616776,0.25,1.0774961709976196,0.6212729960680008,0.0,6.122509658336639,1.627459596420522e-05,1.2391666786015776e-06,0.0,0.03258755407296121,0.0,0.16,hamiltonian_verlet,0.2,12,1.0,1.0,2.0,0.0001,64,gaussian
identity_transport,2,0.0059208706370554864,branch_id_v3_controls,0.02,2.0,12,0.0,1.0,2.0,24,wave,0.0,0.00600072619272396,0.0,0.005822451969531055,1.0,0.0019070083192976501,3.800808423548574e-08,0.006319783307844773,0.013021482445765287,0.07970473729074001,0.08597371354699135,gabor_gaussian,12,1.0,64,1.0,0.16,1,0.0001,0.05,proxy_0.20_0.05,16,0,0,0,2.0,shell_balanced,MiNO-Plus,MiNO-Plus_wingaussian_modshell_balanced_K12_modes16_patch16_ref0.05_rlp0.16_hfc0.16_rb-5_pdo0_diss0_symord0_symparspectral_order_wfconf2_trhamiltonian_verlet_framegabor_gaussian_sparse1_sklp0.16_tsyn1_tin1_tref0,False,1,0.05,1059764,16,-2.0,0.0,0.05,,0.16,synthetic,2,0.5,-5.0,0.05,run,branch_id_v3_controls_wave_two_packet_no_interaction_proxy_0p20_0p05_identity_transport_7_hamiltonian_verlet_gabor_gaussian_True_2p0_0p16_0p16_0p16_1p0_1p0_0p0_2p0_0p01_0p05_1p0_2p0_12_12,146.42944780000107,wave_two_packet_no_interaction,7,0.16,synthetic,True,8,0.0,0.01,0.0,0.05,0.01609968952834606,0.7402081787586212,1.0,0.0,1.709093138575554,0.0059363258187659085,0.0,284982.84765625,0.02577520883642137,0.0,0.0,1.290597841143608,0.001454386641853489,0.0013429287646431476,2.3862560521038367e-14,0.0005583468591794372,4.064564684824745e-08,4.064564684824745e-08,0.7402012124657631,4.064564684824745e-08,0.006300734356045723,0.7449326068162918,0.7495340332388878,0.9824471473693848,0.9824471473693848,0.11779398056872499,2.653683304786682,0.0,0.758769117295742,0.25,1.0774961709976196,0.6156100779771805,0.2171027408912778,5.851493835449219,1.5556127209492843e-05,2.1393554732185294e-06,1.3321843147277832,0.030947659630328417,0.0,0.16,hamiltonian_verlet,0.2,12,1.0,1.0,2.0,0.0001,64,gaussian
identity_transport,2,0.005896282964386046,branch_id_v3_controls,0.02,2.0,12,0.0,1.0,2.0,24,wave,0.0,0.005917561541233833,0.0,0.005749860070257758,1.0,0.001964146906781631,3.773833819516644e-09,0.006334779017682497,0.07976245538642009,0.07773008430376649,0.0859564032095174,gabor_gaussian,12,1.0,64,1.0,0.16,1,0.0001,0.05,proxy_0.20_0.05,16,0,0,0,2.0,shell_balanced,MiNO-Plus,MiNO-Plus_wingaussian_modshell_balanced_K12_modes16_patch16_ref0.05_rlp0.16_hfc0.16_rb-5_pdo0_diss0_symord0_symparspectral_order_wfconf2_trhamiltonian_verlet_framegabor_gaussian_sparse1_sklp0.16_tsyn1_tin1_tref0,False,1,0.05,1059764,16,-2.0,0.0,0.05,,0.16,synthetic,2,0.5,-5.0,0.05,run,branch_id_v3_controls_wave_two_packet_no_interaction_proxy_0p20_0p05_identity_transport_11_hamiltonian_verlet_gabor_gaussian_True_2p0_0p16_0p16_0p16_1p0_1p0_0p0_2p0_0p01_0p05_1p0_2p0_12_12,149.89026220000233,wave_two_packet_no_interaction,11,0.16,synthetic,True,8,0.0,0.01,0.0,0.05,0.01609968952834606,0.7376371920108795,1.0,0.0,1.6972373723983765,0.005895166308619082,0.0,125048.20703125,0.019056648248806596,0.0,0.0,1.3282221853733063,0.0004974534967914224,0.0003834618146356661,2.4209810359852976e-14,0.00031688613671576604,3.313399804527606e-09,3.313399804527606e-09,0.7376345992088318,3.313399804527606e-09,0.006351067859213799,0.7423334270715714,0.7467667609453201,1.213864332685868,1.213864332685868,0.27855690475553274,1.9793280959129333,0.0,0.7631536796689034,0.25,1.0774961709976196,0.6170949414372444,0.2041249160344402,5.910765588283539,1.5720812598374323e-05,2.337358694148861e-06,1.3321843147277832,0.027689915150403976,0.0,0.16,hamiltonian_verlet,0.2,12,1.0,1.0,2.0,0.0001,64,gaussian
identity_transport,2,0.00640365609433502,branch_id_v3_controls,0.02,2.0,12,0.0,1.0,2.0,24,wave,0.0,0.006445092478922258,0.0,0.00616049825718316,1.0,0.0019292330738001813,4.831829632697312e-07,0.006359763744209583,0.026414455729536712,0.08042393733436863,0.0859727836214006,gabor_gaussian,12,1.0,64,1.0,0.16,1,0.0001,0.05,proxy_0.20_0.05,16,0,0,0,2.0,shell_balanced,MiNO-Plus,MiNO-Plus_wingaussian_modshell_balanced_K12_modes16_patch16_ref0.05_rlp0.16_hfc0.16_rb-5_pdo0_diss0_symord0_symparspectral_order_wfconf2_trhamiltonian_verlet_framegabor_gaussian_sparse1_sklp0.16_tsyn1_tin1_tref0,False,1,0.05,1059764,16,-2.0,0.0,0.05,,0.16,synthetic,2,0.5,-5.0,0.05,run,branch_id_v3_controls_wave_two_packet_no_interaction_proxy_0p20_0p05_identity_transport_19_hamiltonian_verlet_gabor_gaussian_True_2p0_0p16_0p16_0p16_1p0_1p0_0p0_2p0_0p01_0p05_1p0_2p0_12_12,149.22745450000366,wave_two_packet_no_interaction,19,0.16,synthetic,True,8,0.0,0.01,0.0,0.05,0.01609968952834606,0.7698670253157616,1.0,0.0,1.755559042096138,0.006420795281883329,0.0,479958.98828125,0.030238506384193897,0.0,0.0,1.2958456128835678,0.005344218865502626,0.004733655718155205,2.440543706594433e-14,0.002479482238413766,5.054954215211183e-07,5.054954215211183e-07,0.7698119357228279,5.054954215211183e-07,0.006347448914311826,0.7749259397387505,0.7798288092017174,0.9181062368055185,0.9181062368055185,0.16272676394631466,3.183755397796631,0.0,0.7692920714616776,0.25,1.0774961709976196,0.6212729960680008,0.22908917597184578,5.969041287899017,1.5878962813076214e-05,1.8665352854441153e-06,1.3321843147277832,0.03610518202185631,0.0,0.16,hamiltonian_verlet,0.2,12,1.0,1.0,2.0,0.0001,64,gaussian
no_transport_no_carrier,2,0.007335278554819524,branch_id_v3_controls,0.02,2.0,12,0.0,1.0,2.0,24,wave,0.0,0.007697982383736719,0.0,0.0069806757383048534,1.0,0.0009618297735869419,1.1719997491018337e-07,0.006397202572164436,0.011753729389359554,0.08068859189127882,0.08597371525441606,gabor_gaussian,12,1.0,64,1.0,0.16,1,0.0001,0.05,proxy_0.20_0.05,16,0,0,0,2.0,shell_balanced,MiNO-Plus,MiNO-Plus_wingaussian_modshell_balanced_K12_modes16_patch16_ref0.05_rlp0.16_hfc0.16_rb-5_pdo0_diss0_symord0_symparspectral_order_wfconf2_trhamiltonian_verlet_framegabor_gaussian_sparse1_sklp0.16_tsyn1_tin1_tref0,False,1,0.05,347000,16,-2.0,0.0,0.05,,0.16,synthetic,2,0.5,-5.0,0.05,run,branch_id_v3_controls_wave_two_packet_no_interaction_proxy_0p20_0p05_no_transport_no_carrier_7_hamiltonian_verlet_gabor_gaussian_True_2p0_0p16_0p16_0p16_1p0_1p0_0p0_2p0_0p01_0p05_1p0_2p0_12_12,48.527459400000225,wave_two_packet_no_interaction,7,0.16,synthetic,True,8,0.0,0.01,0.0,0.05,0.01609968952834606,0.823680579662323,1.0,0.0,1.5288951694965363,0.007350216270424426,0.0,874416.828125,0.19427081942558289,0.0,0.0,1.3254090398550034,0.000980764270934742,0.0009703996911412105,2.2121569213010115e-14,0.00014219848344509955,2.1219556778362403e-08,2.1219556778362403e-08,0.8236495926976204,2.1219556778362403e-08,0.006478265684563667,0.8275014832615852,0.8312748596072197,0.9594029101232687,0.9594029101232687,0.11649622479065631,4.167985320091248,0.0,0.758769117295742,0.25,1.0774961709976196,0.6156100779771805,0.0,0.0,0.0,0.0,0.0,0.11551086790859699,0.0,0.16,hamiltonian_verlet,0.2,12,1.0,1.0,2.0,0.0001,64,gaussian
no_transport_no_carrier,2,0.006213917047716677,branch_id_v3_controls,0.02,2.0,12,0.0,1.0,2.0,24,wave,0.0,0.006316543003777042,0.0,0.005548838700633496,1.0,0.0003907229802280199,2.4077335979200143e-05,0.006368081842083484,0.05668667649539808,0.07727708341553807,0.0859564005707701,gabor_gaussian,12,1.0,64,1.0,0.16,1,0.0001,0.05,proxy_0.20_0.05,16,0,0,0,2.0,shell_balanced,MiNO-Plus,MiNO-Plus_wingaussian_modshell_balanced_K12_modes16_patch16_ref0.05_rlp0.16_hfc0.16_rb-5_pdo0_diss0_symord0_symparspectral_order_wfconf2_trhamiltonian_verlet_framegabor_gaussian_sparse1_sklp0.16_tsyn1_tin1_tref0,False,1,0.05,347000,16,-2.0,0.0,0.05,,0.16,synthetic,2,0.5,-5.0,0.05,run,branch_id_v3_controls_wave_two_packet_no_interaction_proxy_0p20_0p05_no_transport_no_carrier_11_hamiltonian_verlet_gabor_gaussian_True_2p0_0p16_0p16_0p16_1p0_1p0_0p0_2p0_0p01_0p05_1p0_2p0_12_12,48.57231600000523,wave_two_packet_no_interaction,11,0.16,synthetic,True,8,0.0,0.01,0.0,0.05,0.01609968952834606,0.757477730512619,1.0,0.0,1.5395633578300476,0.006191701220814139,0.0,529387.671875,0.22425693832337856,0.0,0.0,1.4208665639162064,0.03380253026261926,0.032883052714169025,2.374381878381105e-14,0.007829532434698194,2.43658903400501e-05,2.43658903400501e-05,0.7559547424316406,2.43658903400501e-05,0.006354039942380041,0.7591162323951721,0.7619997039437294,1.1917982908586662,1.1917982908586662,0.24070869708278528,2.8277907967567444,0.0,0.7631536796689034,0.25,1.0774961709976196,0.6170949414372444,0.0,0.0,0.0,0.0,0.0,0.10438534244894981,0.0,0.16,hamiltonian_verlet,0.2,12,1.0,1.0,2.0,0.0001,64,gaussian
no_transport_no_carrier,2,0.007432347221765667,branch_id_v3_controls,0.02,2.0,12,0.0,1.0,2.0,24,wave,0.0,0.007943240741345411,0.0,0.007130105271547412,1.0,0.0010879843248403631,6.181948493851527e-07,0.006396224023774266,0.03007103898562491,0.08106234731773536,0.08597278237963717,gabor_gaussian,12,1.0,64,1.0,0.16,1,0.0001,0.05,proxy_0.20_0.05,16,0,0,0,2.0,shell_balanced,MiNO-Plus,MiNO-Plus_wingaussian_modshell_balanced_K12_modes16_patch16_ref0.05_rlp0.16_hfc0.16_rb-5_pdo0_diss0_symord0_symparspectral_order_wfconf2_trhamiltonian_verlet_framegabor_gaussian_sparse1_sklp0.16_tsyn1_tin1_tref0,False,1,0.05,347000,16,-2.0,0.0,0.05,,0.16,synthetic,2,0.5,-5.0,0.05,run,branch_id_v3_controls_wave_two_packet_no_interaction_proxy_0p20_0p05_no_transport_no_carrier_19_hamiltonian_verlet_gabor_gaussian_True_2p0_0p16_0p16_0p16_1p0_1p0_0p0_2p0_0p01_0p05_1p0_2p0_12_12,48.577467400005844,wave_two_packet_no_interaction,19,0.16,synthetic,True,8,0.0,0.01,0.0,0.05,0.01609968952834606,0.8244301900267601,1.0,0.0,1.3164465725421906,0.007363438373431563,0.0,695911.921875,0.18511720933020115,0.0,0.0,1.3083844929933548,0.0016936838655965403,0.0016782247112132609,2.2793187989635154e-14,0.0002282627028762363,6.348394965272064e-08,6.348394965272064e-08,0.8243762478232384,6.348394965272064e-08,0.006493236985988915,0.8273925259709358,0.8303183913230896,0.9442046619951725,0.9442046619951725,0.1798286784129838,4.124531328678131,0.0,0.7692920714616776,0.25,1.0774961709976196,0.6212729960680008,0.0,0.0,0.0,0.0,0.0,0.09824241325259209,0.0,0.16,hamiltonian_verlet,0.2,12,1.0,1.0,2.0,0.0001,64,gaussian
randomized_metadata,2,0.010506757185794413,branch_id_v3_controls,0.02,2.0,12,0.0,1.0,2.0,24,wave,0.0,0.011520682504245391,0.0,0.010650139699767655,980.1656010945638,0.002031687220248083,3.1022819776035013e-09,0.0064356313572109984,0.00010814699893065456,0.13046423128495613,0.02070513196910421,gabor_gaussian,12,1.0,64,1.0,0.16,1,0.0001,0.05,proxy_0.20_0.05,16,0,0,0,2.0,shell_balanced,MiNO-Plus,MiNO-Plus_wingaussian_modshell_balanced_K12_modes16_patch16_ref0.05_rlp0.16_hfc0.16_rb-5_pdo0_diss0_symord0_symparspectral_order_wfconf2_trhamiltonian_verlet_framegabor_gaussian_sparse1_sklp0.16_tsyn1_tin1_tref0,False,1,0.05,1059764,16,-2.0,0.0,0.05,,0.16,synthetic,2,0.5,-5.0,0.05,run,branch_id_v3_controls_wave_two_packet_no_interaction_proxy_0p20_0p05_randomized_metadata_7_hamiltonian_verlet_gabor_gaussian_True_2p0_0p16_0p16_0p16_1p0_1p0_0p0_2p0_0p01_0p05_1p0_2p0_12_12,146.34772410000005,wave_two_packet_no_interaction,7,0.16,synthetic,True,8,0.0,0.01,0.0,0.05,0.46156835928559303,0.9944315403699875,1.0,0.0,2.3569363355636597,0.01062504353467375,0.4622529596090317,687279.0546875,0.31631683744490147,0.0,0.0,1.5190052837133408,0.000504986361193005,0.0005040153992013074,5.108812411640598e-15,3.11977501041838e-05,5.7242020012893136e-09,5.7242020012893136e-09,0.9888894408941269,5.7242020012893136e-09,0.006692850962281227,0.9998036473989487,1.0041300803422928,0.8735746021072069,0.8735746021072069,0.0414480059989728,3.6848250031471252,0.0,0.758769117295742,0.25,1.0774961709976196,0.6156100779771805,0.2167634153738618,2.8953187465667725,7.062933444976807,0.33617668971419334,0.0,0.15977713093161583,0.0,0.16,hamiltonian_verlet,0.2,12,1.0,1.0,2.0,0.0001,64,gaussian
randomized_metadata,2,0.010305516771040857,branch_id_v3_controls,0.02,2.0,12,0.0,1.0,2.0,24,wave,0.0,0.012056742794811726,0.0,0.011124056046052525,986.4945004781088,0.002031803480349481,1.055785112114016e-09,0.006384494229375075,0.0005474504353818096,0.13038186263293028,0.02124084342115869,gabor_gaussian,12,1.0,64,1.0,0.16,1,0.0001,0.05,proxy_0.20_0.05,16,0,0,0,2.0,shell_balanced,MiNO-Plus,MiNO-Plus_wingaussian_modshell_balanced_K12_modes16_patch16_ref0.05_rlp0.16_hfc0.16_rb-5_pdo0_diss0_symord0_symparspectral_order_wfconf2_trhamiltonian_verlet_framegabor_gaussian_sparse1_sklp0.16_tsyn1_tin1_tref0,False,1,0.05,1059764,16,-2.0,0.0,0.05,,0.16,synthetic,2,0.5,-5.0,0.05,run,branch_id_v3_controls_wave_two_packet_no_interaction_proxy_0p20_0p05_randomized_metadata_11_hamiltonian_verlet_gabor_gaussian_True_2p0_0p16_0p16_0p16_1p0_1p0_0p0_2p0_0p01_0p05_1p0_2p0_12_12,150.38552329999948,wave_two_packet_no_interaction,11,0.16,synthetic,True,8,0.0,0.01,0.0,0.05,0.45698487013578415,1.0162185654044151,1.0,0.0,2.5131570994853973,0.011975923785939813,0.45737600699067116,850577.296875,0.42598516307771206,0.0,0.0,1.5228045880794525,0.00024330877749889623,0.00023509105085395277,3.7242005811698176e-15,6.263824070629198e-05,1.2454025588581885e-09,1.2454025588581885e-09,1.0496585369110107,1.2454025588581885e-09,0.006692850962281227,1.0220785737037659,1.0264240130782127,0.829811830073595,0.829811830073595,0.03011222382338019,3.172232300043106,0.0,0.7631536796689034,0.25,1.0774961709976196,0.6170949414372444,0.18097573767105737,3.162934362888336,7.045569002628326,0.8545246869325638,0.0,0.16097828932106495,0.0,0.16,hamiltonian_verlet,0.2,12,1.0,1.0,2.0,0.0001,64,gaussian
randomized_metadata,2,0.010480647324584424,branch_id_v3_controls,0.02,2.0,12,0.0,1.0,2.0,24,wave,0.0,0.01207859420295184,0.0,0.011154415318742394,985.6964823404948,0.002032290217660678,3.5416938132248887e-09,0.006394116343775143,0.006977619603276253,0.13064151412496963,0.021108148037455976,gabor_gaussian,12,1.0,64,1.0,0.16,1,0.0001,0.05,proxy_0.20_0.05,16,0,0,0,2.0,shell_balanced,MiNO-Plus,MiNO-Plus_wingaussian_modshell_balanced_K12_modes16_patch16_ref0.05_rlp0.16_hfc0.16_rb-5_pdo0_diss0_symord0_symparspectral_order_wfconf2_trhamiltonian_verlet_framegabor_gaussian_sparse1_sklp0.16_tsyn1_tin1_tref0,False,1,0.05,1059764,16,-2.0,0.0,0.05,,0.16,synthetic,2,0.5,-5.0,0.05,run,branch_id_v3_controls_wave_two_packet_no_interaction_proxy_0p20_0p05_randomized_metadata_19_hamiltonian_verlet_gabor_gaussian_True_2p0_0p16_0p16_0p16_1p0_1p0_0p0_2p0_0p01_0p05_1p0_2p0_12_12,150.3340459999963,wave_two_packet_no_interaction,19,0.16,synthetic,True,8,0.0,0.01,0.0,0.05,0.45993226766586304,1.0068644881248474,1.0,0.0,2.4298265278339386,0.012604472576640546,0.4601925238966942,719916.1640625,0.23206493631005287,0.0,0.0,1.506362959742546,0.000426792110374663,0.0004239658337610308,3.5467323027039055e-15,4.878650770478998e-05,4.050361046559203e-09,4.050361046559203e-09,1.0758522003889084,4.050361046559203e-09,0.006498250586446375,1.0153419524431229,1.0198003500699997,0.8393286615610123,0.8393286615610123,0.08606936689466238,3.180957853794098,0.0,0.7692920714616776,0.25,1.0774961709976196,0.6212729960680008,0.21549713549514612,3.4298341274261475,6.906313538551331,0.8770397454500198,0.0,0.16091088764369488,0.0,0.16,hamiltonian_verlet,0.2,12,1.0,1.0,2.0,0.0001,64,gaussian
no_symbol,2,0.0005882188779651187,branch_id_v3_controls,0.02,2.0,12,0.0,1.0,2.0,24,wave,0.0,0.000625161686912179,0.0,6.518503217497103e-05,9.281433771472317e-06,0.001666541473241523,1.2838871327858214e-05,0.006357264239341021,0.0,0.0835072509944439,0.08613982563838363,gabor_gaussian,12,1.0,64,1.0,0.16,1,0.0001,0.05,proxy_0.20_0.05,16,0,0,0,2.0,shell_balanced,MiNO-Plus,MiNO-Plus_wingaussian_modshell_balanced_K12_modes16_patch16_ref0.05_rlp0.16_hfc0.16_rb-5_pdo0_diss0_symord0_symparspectral_order_wfconf2_trhamiltonian_verlet_framegabor_gaussian_sparse1_sklp0.16_tsyn1_tin1_tref0,False,1,0.05,854708,16,-2.0,0.0,0.05,,0.16,synthetic,2,0.5,-5.0,0.05,run,branch_id_v3_controls_wave_two_packet_no_interaction_proxy_0p20_0p05_no_symbol_7_hamiltonian_verlet_gabor_gaussian_True_2p0_0p16_0p16_0p16_1p0_1p0_0p0_2p0_0p01_0p05_1p0_2p0_12_12,136.0944159999999,wave_two_packet_no_interaction,7,0.16,synthetic,True,8,0.0,0.01,0.0,0.05,2.2973272962190094e-05,0.23641621321439743,1.0,0.0,0.3818065822124481,0.0005897736118640751,0.016094551188871264,503286.90625,0.00824100972386077,0.0,0.0,1.3020797967910767,0.027633785270154476,0.02496248995885253,2.489438725826335e-14,0.011852948693558574,1.4041541248843714e-05,1.4041541248843714e-05,0.23324687033891678,1.4041541248843714e-05,0.006345650122966617,0.2326368447393179,0.23187752068042755,0.0,0.0,0.0,2.8052068948745728,0.0,0.758769117295742,0.25,1.0774961709976196,0.6156100779771805,0.6066018318136533,5.460511207580566,5.390812158584595,0.6012057065963745,1.090441718697548,0.0056862495257519186,0.0,0.16,hamiltonian_verlet,0.2,12,1.0,1.0,2.0,0.0001,64,gaussian
no_symbol,2,0.0005551920476136729,branch_id_v3_controls,0.02,2.0,12,0.0,1.0,2.0,24,wave,0.0,0.0006417844621561623,0.0,9.090396520150534e-05,1.2405931708296217e-05,0.0016270961132249795,1.3143040879034137e-05,0.006352285708999261,0.0,0.0834024694437782,0.08611817906300227,gabor_gaussian,12,1.0,64,1.0,0.16,1,0.0001,0.05,proxy_0.20_0.05,16,0,0,0,2.0,shell_balanced,MiNO-Plus,MiNO-Plus_wingaussian_modshell_balanced_K12_modes16_patch16_ref0.05_rlp0.16_hfc0.16_rb-5_pdo0_diss0_symord0_symparspectral_order_wfconf2_trhamiltonian_verlet_framegabor_gaussian_sparse1_sklp0.16_tsyn1_tin1_tref0,False,1,0.05,854708,16,-2.0,0.0,0.05,,0.16,synthetic,2,0.5,-5.0,0.05,run,branch_id_v3_controls_wave_two_packet_no_interaction_proxy_0p20_0p05_no_symbol_11_hamiltonian_verlet_gabor_gaussian_True_2p0_0p16_0p16_0p16_1p0_1p0_0p0_2p0_0p01_0p05_1p0_2p0_12_12,137.9108802999981,wave_two_packet_no_interaction,11,0.16,synthetic,True,8,0.0,0.01,0.0,0.05,2.7652501330521773e-05,0.23361307010054588,1.0,0.0,0.26603201776742935,0.0005829930378240533,0.016094497870653868,360952.41015625,0.008253978565335274,0.0,0.0,1.2467166781425476,0.016060126246884465,0.013932741596363485,2.3975849695425972e-14,0.007987527176737785,4.374699528852943e-06,4.374699528852943e-06,0.2318408191204071,4.374699528852943e-06,0.006428959721233696,0.23077573999762535,0.22964746318757534,0.0,0.0,0.0,2.0463818162679672,0.0,0.7631536796689034,0.25,1.0774961709976196,0.6170949414372444,0.4886964752028386,5.472685098648071,5.406523287296295,0.5295078307390213,1.2518662214279175,0.004591397475451231,0.0,0.16,hamiltonian_verlet,0.2,12,1.0,1.0,2.0,0.0001,64,gaussian
no_symbol,2,0.0006174290683702566,branch_id_v3_controls,0.02,2.0,12,0.0,1.0,2.0,24,wave,0.0,0.0006523390026510848,0.0,5.7271259796228456e-05,1.1127116086602959e-05,0.0017433442383965787,1.6723111267917073e-05,0.006341873968873794,0.0,0.08408605012421806,0.08613849679629008,gabor_gaussian,12,1.0,64,1.0,0.16,1,0.0001,0.05,proxy_0.20_0.05,16,0,0,0,2.0,shell_balanced,MiNO-Plus,MiNO-Plus_wingaussian_modshell_balanced_K12_modes16_patch16_ref0.05_rlp0.16_hfc0.16_rb-5_pdo0_diss0_symord0_symparspectral_order_wfconf2_trhamiltonian_verlet_framegabor_gaussian_sparse1_sklp0.16_tsyn1_tin1_tref0,False,1,0.05,854708,16,-2.0,0.0,0.05,,0.16,synthetic,2,0.5,-5.0,0.05,run,branch_id_v3_controls_wave_two_packet_no_interaction_proxy_0p20_0p05_no_symbol_19_hamiltonian_verlet_gabor_gaussian_True_2p0_0p16_0p16_0p16_1p0_1p0_0p0_2p0_0p01_0p05_1p0_2p0_12_12,135.42997900000046,wave_two_packet_no_interaction,19,0.16,synthetic,True,8,0.0,0.01,0.0,0.05,2.1113220782353892e-05,0.2416984923183918,1.0,0.0,0.3793978579342365,0.0006141714256955311,0.016096835723146796,633124.65625,0.00745217694202438,0.0,0.0,1.330293446779251,0.03133340599015355,0.028086832258850336,2.3652582323963446e-14,0.013889144640415907,1.7776389768187073e-05,1.7776389768187073e-05,0.23804271779954433,1.7776389768187073e-05,0.0063251027022488415,0.2375688124448061,0.23690219037234783,0.0,0.0,0.0,3.24534210562706,0.0,0.7692920714616776,0.25,1.0774961709976196,0.6212729960680008,0.5916313988467058,5.4719014167785645,5.408808648586273,0.6160674169659615,1.1730525270104408,0.004709857457783073,0.0,0.16,hamiltonian_verlet,0.2,12,1.0,1.0,2.0,0.0001,64,gaussian
full,2,0.0015749695448903367,branch_id_v3_controls,0.02,2.0,12,0.0,1.0,2.0,24,wave,0.0,0.002647613797307713,0.0,0.00020433568018537093,0.0,0.007055197260342538,0.00012009848406554131,0.006365167597929637,0.024649067355009418,0.09541883994825184,0.067629081197083,gabor_gaussian,12,1.0,64,1.0,0.16,1,0.0001,0.05,proxy_0.20_0.05,16,0,0,0,2.0,shell_balanced,MiNO-Plus,MiNO-Plus_wingaussian_modshell_balanced_K12_modes16_patch16_ref0.05_rlp0.16_hfc0.16_rb-5_pdo0_diss0_symord0_symparspectral_order_wfconf2_trhamiltonian_verlet_framegabor_gaussian_sparse1_sklp0.16_tsyn1_tin1_tref0,False,1,0.05,1059764,16,-2.0,0.0,0.05,,0.16,synthetic,2,0.5,-5.0,0.05,run,branch_id_v3_controls_wave_variable_speed_nocaustic_proxy_0p20_0p05_full_7_hamiltonian_verlet_gabor_gaussian_True_2p0_0p16_0p16_0p16_1p0_1p0_0p0_2p0_0p01_0p05_1p0_2p0_12_12,147.71265839999978,wave_variable_speed_nocaustic,7,0.16,synthetic,True,8,0.0,0.01,0.0,0.05,0.0091906210873276,0.25834246911108494,1.0,0.0,0.8306438662111759,0.004147051258769352,0.0091906210873276,28137.76722973585,0.019731050211703405,0.0,0.0,1.36092871427536,0.18126166425645351,0.17089836951345205,2.461188250035449e-14,0.05334932543337345,0.00016676967970852274,0.00016676967970852274,0.24784879572689533,0.00016676967970852274,0.006351737538352609,0.2483186461031437,0.24861699156463146,0.9389904042085012,0.9389904042085012,0.14996041272146007,0.5738291889429092,0.0,0.8809789419174194,0.25,1.0774961709976196,4.721535868942738,0.2524760775268078,8.040505349636078,4.555123537778854,0.6332674100995064,1.3837261746327083,0.0041052976448554546,0.0,0.16,hamiltonian_verlet,0.2,12,1.0,1.0,2.0,0.0001,64,gaussian
full,2,0.0018464276363374665,branch_id_v3_controls,0.02,2.0,12,0.0,1.0,2.0,24,wave,0.0,0.002794867659758893,0.0,0.0004682301822261555,0.0,0.01643376159093653,7.15576847862091e-05,0.006381054234225303,0.011682891364519795,0.058879999443888664,0.06811483670026064,gabor_gaussian,12,1.0,64,1.0,0.16,1,0.0001,0.05,proxy_0.20_0.05,16,0,0,0,2.0,shell_balanced,MiNO-Plus,MiNO-Plus_wingaussian_modshell_balanced_K12_modes16_patch16_ref0.05_rlp0.16_hfc0.16_rb-5_pdo0_diss0_symord0_symparspectral_order_wfconf2_trhamiltonian_verlet_framegabor_gaussian_sparse1_sklp0.16_tsyn1_tin1_tref0,False,1,0.05,1059764,16,-2.0,0.0,0.05,,0.16,synthetic,2,0.5,-5.0,0.05,run,branch_id_v3_controls_wave_variable_speed_nocaustic_proxy_0p20_0p05_full_11_hamiltonian_verlet_gabor_gaussian_True_2p0_0p16_0p16_0p16_1p0_1p0_0p0_2p0_0p01_0p05_1p0_2p0_12_12,149.41112930000236,wave_variable_speed_nocaustic,11,0.16,synthetic,True,8,0.0,0.01,0.0,0.05,0.009227897156961262,0.22171683609485626,1.0,0.0,0.6128032393753529,0.0022857072108308785,0.009227897156961262,116376.83122706413,0.01313001595553942,0.0,0.0,1.357042208313942,0.09318481665104628,0.08446653559803963,2.5598753387420423e-14,0.03188839997164905,6.475784516624117e-05,6.475784516624117e-05,0.2155640348792076,6.475784516624117e-05,0.006393116666004062,0.21615413576364517,0.21635506488382816,0.9963972084224224,0.9963972084224224,-0.1394553144928068,1.0386340618133545,0.0,0.8481345549225807,0.25,1.0774961709976196,7.217818915843964,0.23299740658452114,7.481264650821686,3.703646630048752,0.7257739454507828,1.4365288640062015,0.004846254305448383,0.0,0.16,hamiltonian_verlet,0.2,12,1.0,1.0,2.0,0.0001,64,gaussian
full,2,0.0019502382128848694,branch_id_v3_controls,0.02,2.0,12,0.0,1.0,2.0,24,wave,0.0,0.002477439747963217,0.0,0.00024247513253309685,0.0,0.008328983070290027,0.00010324295971031461,0.00637759631111597,0.05080851082069179,0.07786174665670842,0.06929486904603739,gabor_gaussian,12,1.0,64,1.0,0.16,1,0.0001,0.05,proxy_0.20_0.05,16,0,0,0,2.0,shell_balanced,MiNO-Plus,MiNO-Plus_wingaussian_modshell_balanced_K12_modes16_patch16_ref0.05_rlp0.16_hfc0.16_rb-5_pdo0_diss0_symord0_symparspectral_order_wfconf2_trhamiltonian_verlet_framegabor_gaussian_sparse1_sklp0.16_tsyn1_tin1_tref0,False,1,0.05,1059764,16,-2.0,0.0,0.05,,0.16,synthetic,2,0.5,-5.0,0.05,run,branch_id_v3_controls_wave_variable_speed_nocaustic_proxy_0p20_0p05_full_19_hamiltonian_verlet_gabor_gaussian_True_2p0_0p16_0p16_0p16_1p0_1p0_0p0_2p0_0p01_0p05_1p0_2p0_12_12,147.79913069999748,wave_variable_speed_nocaustic,19,0.16,synthetic,True,8,0.0,0.01,0.0,0.05,0.008800745126791298,0.2605240326374769,1.0,0.0,0.6632020976394415,0.0022359355934895575,0.008800745126791298,66310.08652797341,0.026375507819466293,0.0,0.0,1.3853024989366531,0.1324781971052289,0.1206605164334178,2.4945670444538387e-14,0.046051402343437076,0.0001300601852562977,0.0001300601852562977,0.2508225366473198,0.0001300601852562977,0.00637036730768159,0.2509124632924795,0.2507268264889717,0.9684721417725086,0.9684721417725086,-0.22265111243662736,1.02397520840168,0.0,0.8498883619904518,0.25,1.0774961709976196,2.104289725422859,0.29747587473442155,7.628110587596893,4.874564468860626,0.7988590747117996,1.3889324789245923,0.004863934213062748,0.0,0.16,hamiltonian_verlet,0.2,12,1.0,1.0,2.0,0.0001,64,gaussian
full_no_flow_supervision,2,0.0015706014673924074,branch_id_v3_controls,0.02,2.0,12,0.0,1.0,0.0,24,wave,0.0,0.002648655491308697,0.0,0.0002036548248725012,0.0,0.007057448970347953,0.00012125856369493704,0.006366136047290638,0.03488611476495862,0.09537297611435254,0.06762884246806304,gabor_gaussian,12,1.0,64,1.0,0.16,1,0.0001,0.05,proxy_0.20_0.05,16,0,0,0,2.0,shell_balanced,MiNO-Plus,MiNO-Plus_wingaussian_modshell_balanced_K12_modes16_patch16_ref0.05_rlp0.16_hfc0.16_rb-5_pdo0_diss0_symord0_symparspectral_order_wfconf2_trhamiltonian_verlet_framegabor_gaussian_sparse1_sklp0.16_tsyn1_tin1_tref0,False,1,0.05,1059764,16,-2.0,0.0,0.05,,0.16,synthetic,2,0.5,-5.0,0.05,run,branch_id_v3_controls_wave_variable_speed_nocaustic_proxy_0p20_0p05_full_no_flow_supervision_7_hamiltonian_verlet_gabor_gaussian_True_2p0_0p16_0p16_0p16_1p0_1p0_0p0_2p0_0p01_0p05_1p0_2p0_12_12,150.18038939999678,wave_variable_speed_nocaustic,7,0.16,synthetic,True,8,0.0,0.01,0.0,0.05,0.009187620948068798,0.2581610940396786,1.0,0.0,0.8233095183968544,0.004143674981605727,0.009187620948068798,24727.868355035782,0.019726069585885853,0.0,0.0,1.358542412519455,0.18210650980472565,0.17168320156633854,2.5099900532915055e-14,0.05363271897658706,0.0001683112914179219,0.0001683112914179219,0.24760741740465164,0.0001683112914179219,0.006352767231874168,0.24808359518647194,0.24836256727576256,0.9318814761936665,0.9318814761936665,0.18442015225688616,0.7298921793699265,0.0,0.8809789419174194,0.25,1.0774961709976196,4.721535868942738,0.250352590965728,8.04206770658493,4.558886080980301,0.5991277396678925,1.3949604034423828,0.004157428134931251,0.0,0.16,hamiltonian_verlet,0.2,12,1.0,1.0,2.0,0.0001,64,gaussian
full_no_flow_supervision,2,0.0018215750533272512,branch_id_v3_controls,0.02,2.0,12,0.0,1.0,0.0,24,wave,0.0,0.0022812719574479465,0.0,0.00023398959941308325,0.0,0.017940733407158405,7.217898043639555e-05,0.00638063622560973,0.013569933022760475,0.057189195533283055,0.06811515203056236,gabor_gaussian,12,1.0,64,1.0,0.16,1,0.0001,0.05,proxy_0.20_0.05,16,0,0,0,2.0,shell_balanced,MiNO-Plus,MiNO-Plus_wingaussian_modshell_balanced_K12_modes16_patch16_ref0.05_rlp0.16_hfc0.16_rb-5_pdo0_diss0_symord0_symparspectral_order_wfconf2_trhamiltonian_verlet_framegabor_gaussian_sparse1_sklp0.16_tsyn1_tin1_tref0,False,1,0.05,1059764,16,-2.0,0.0,0.05,,0.16,synthetic,2,0.5,-5.0,0.05,run,branch_id_v3_controls_wave_variable_speed_nocaustic_proxy_0p20_0p05_full_no_flow_supervision_11_hamiltonian_verlet_gabor_gaussian_True_2p0_0p16_0p16_0p16_1p0_1p0_0p0_2p0_0p01_0p05_1p0_2p0_12_12,147.16205549999722,wave_variable_speed_nocaustic,11,0.16,synthetic,True,8,0.0,0.01,0.0,0.05,0.009223529836162925,0.22085911221802235,1.0,0.0,0.6166254505515099,0.0022765435205656104,0.009223529836162925,114898.10719382763,0.01173024988383986,0.0,0.0,1.3565722703933716,0.10760933998972178,0.09735811175778508,2.6519627278884564e-14,0.03698495123535395,8.618025321993628e-05,8.618025321993628e-05,0.21373172104358673,8.618025321993628e-05,0.00637034117244184,0.2143916990607977,0.2146574705839157,0.9897793680429459,0.9897793680429459,-0.10715290993296851,0.9318159073591232,0.0,0.8481345549225807,0.25,1.0774961709976196,7.217818915843964,0.23864266524712244,7.4696009159088135,3.654557526111603,0.8138351887464523,1.4335068340102832,0.005064315744675696,0.0,0.16,hamiltonian_verlet,0.2,12,1.0,1.0,2.0,0.0001,64,gaussian
full_no_flow_supervision,2,0.0019563286332413554,branch_id_v3_controls,0.02,2.0,12,0.0,1.0,0.0,24,wave,0.0,0.002402559140440038,0.0,0.00022150171950367317,0.0,0.008112165882873038,0.00010942339316481291,0.00637497838276128,0.026842210519437987,0.07876339500459532,0.06929177689986925,gabor_gaussian,12,1.0,64,1.0,0.16,1,0.0001,0.05,proxy_0.20_0.05,16,0,0,0,2.0,shell_balanced,MiNO-Plus,MiNO-Plus_wingaussian_modshell_balanced_K12_modes16_patch16_ref0.05_rlp0.16_hfc0.16_rb-5_pdo0_diss0_symord0_symparspectral_order_wfconf2_trhamiltonian_verlet_framegabor_gaussian_sparse1_sklp0.16_tsyn1_tin1_tref0,False,1,0.05,1059764,16,-2.0,0.0,0.05,,0.16,synthetic,2,0.5,-5.0,0.05,run,branch_id_v3_controls_wave_variable_speed_nocaustic_proxy_0p20_0p05_full_no_flow_supervision_19_hamiltonian_verlet_gabor_gaussian_True_2p0_0p16_0p16_0p16_1p0_1p0_0p0_2p0_0p01_0p05_1p0_2p0_12_12,149.3260775000017,wave_variable_speed_nocaustic,19,0.16,synthetic,True,8,0.0,0.01,0.0,0.05,0.008756726630963385,0.25926026329398155,1.0,0.0,0.6573686227202415,0.0022630027087870985,0.008756726630963385,55110.4663400054,0.026361092750448734,0.0,0.0,1.3834723085165024,0.10003286972641945,0.09146748017519712,2.5501912957593786e-14,0.03424614924006164,7.462699795723893e-05,7.462699795723893e-05,0.25195176526904106,7.462699795723893e-05,0.006410330010112375,0.2520597670227289,0.2518521286547184,0.9142885456482569,0.9142885456482569,-0.09473374350151668,0.994036078453064,0.0,0.8498883619904518,0.25,1.0774961709976196,2.104289725422859,0.2931984920675556,7.637589871883392,4.861333578824997,0.5480865053832531,1.3598837827642758,0.004851802455959842,0.0,0.16,hamiltonian_verlet,0.2,12,1.0,1.0,2.0,0.0001,64,gaussian
no_transport,2,0.00920082427910529,branch_id_v3_controls,0.02,2.0,12,0.0,1.0,2.0,24,wave,0.0,0.008700614533154294,0.0,0.006375296266924124,0.0,0.007267656711822686,8.486387351543574e-05,0.006374047972106685,0.020225198512586456,0.09676617663353682,0.067658826475963,gabor_gaussian,12,1.0,64,1.0,0.16,1,0.0001,0.05,proxy_0.20_0.05,16,0,0,0,2.0,shell_balanced,MiNO-Plus,MiNO-Plus_wingaussian_modshell_balanced_K12_modes16_patch16_ref0.05_rlp0.16_hfc0.16_rb-5_pdo0_diss0_symord0_symparspectral_order_wfconf2_trhamiltonian_verlet_framegabor_gaussian_sparse1_sklp0.16_tsyn1_tin1_tref0,False,1,0.05,347000,16,-2.0,0.0,0.05,,0.16,synthetic,2,0.5,-5.0,0.05,run,branch_id_v3_controls_wave_variable_speed_nocaustic_proxy_0p20_0p05_no_transport_7_hamiltonian_verlet_gabor_gaussian_True_2p0_0p16_0p16_0p16_1p0_1p0_0p0_2p0_0p01_0p05_1p0_2p0_12_12,54.90010610000172,wave_variable_speed_nocaustic,7,0.16,synthetic,True,8,0.0,0.01,0.0,0.05,0.0,0.450640756636858,1.0,0.0,1.1681168749928474,0.009957365051377565,0.0,20904.33796349168,0.025987717090174556,0.0,0.0,1.3962651491165161,0.15826069749891758,0.1462720762938261,2.4612087482327725e-14,0.0527630471624434,0.0001227311922775698,0.0001227311922775698,0.4445491060614586,0.0001227311922775698,0.006360325030982494,0.4464850537478924,0.4483198970556259,0.9889961145818233,0.9889961145818233,0.14358819997869432,0.3702685981988907,0.0,0.8809789419174194,0.25,1.0774961709976196,4.721535868942738,0.0,9.238390922546387,2.9366025955823716e-05,1.6470286254843813e-06,0.0,0.014283856289694086,0.0,0.16,hamiltonian_verlet,0.2,12,1.0,1.0,2.0,0.0001,64,gaussian
no_transport,2,0.012361404777038842,branch_id_v3_controls,0.02,2.0,12,0.0,1.0,2.0,24,wave,0.0,0.010609769150808765,0.0,0.008697860341878064,0.0,0.006498299491795478,5.668918333867623e-05,0.006364232239623864,0.025337669455135863,0.0902300716843456,0.0682914883363992,gabor_gaussian,12,1.0,64,1.0,0.16,1,0.0001,0.05,proxy_0.20_0.05,16,0,0,0,2.0,shell_balanced,MiNO-Plus,MiNO-Plus_wingaussian_modshell_balanced_K12_modes16_patch16_ref0.05_rlp0.16_hfc0.16_rb-5_pdo0_diss0_symord0_symparspectral_order_wfconf2_trhamiltonian_verlet_framegabor_gaussian_sparse1_sklp0.16_tsyn1_tin1_tref0,False,1,0.05,347000,16,-2.0,0.0,0.05,,0.16,synthetic,2,0.5,-5.0,0.05,run,branch_id_v3_controls_wave_variable_speed_nocaustic_proxy_0p20_0p05_no_transport_11_hamiltonian_verlet_gabor_gaussian_True_2p0_0p16_0p16_0p16_1p0_1p0_0p0_2p0_0p01_0p05_1p0_2p0_12_12,53.67845240000315,wave_variable_speed_nocaustic,11,0.16,synthetic,True,8,0.0,0.01,0.0,0.05,0.0,0.42597464099526405,1.0,0.0,1.0630012601613998,0.005490893934620544,0.0,82305.08992809057,0.017825337767135352,0.0,0.0,1.4118568152189255,0.10268166661262512,0.08972141845151782,2.5471724491595406e-14,0.040663525462150574,7.347153086811886e-05,7.347153086811886e-05,0.4219437353312969,7.347153086811886e-05,0.0063502961420454085,0.42439287155866623,0.42655301094055176,0.9356595203280449,0.9356595203280449,0.16074688093794975,0.25173842161893845,0.0,0.8481345549225807,0.25,1.0774961709976196,7.217818915843964,0.0,8.605192065238953,2.6559005618764786e-05,1.3417468167631341e-06,0.0,0.020591037289705127,0.0,0.16,hamiltonian_verlet,0.2,12,1.0,1.0,2.0,0.0001,64,gaussian
no_transport,2,0.00671267113648355,branch_id_v3_controls,0.02,2.0,12,0.0,1.0,2.0,24,wave,0.0,0.009041270192634935,0.0,0.006973992586911966,0.0,0.006721621696973064,7.297847332665697e-05,0.006369470618665218,0.02796378704564025,0.0924357904586941,0.06948020216077566,gabor_gaussian,12,1.0,64,1.0,0.16,1,0.0001,0.05,proxy_0.20_0.05,16,0,0,0,2.0,shell_balanced,MiNO-Plus,MiNO-Plus_wingaussian_modshell_balanced_K12_modes16_patch16_ref0.05_rlp0.16_hfc0.16_rb-5_pdo0_diss0_symord0_symparspectral_order_wfconf2_trhamiltonian_verlet_framegabor_gaussian_sparse1_sklp0.16_tsyn1_tin1_tref0,False,1,0.05,347000,16,-2.0,0.0,0.05,,0.16,synthetic,2,0.5,-5.0,0.05,run,branch_id_v3_controls_wave_variable_speed_nocaustic_proxy_0p20_0p05_no_transport_19_hamiltonian_verlet_gabor_gaussian_True_2p0_0p16_0p16_0p16_1p0_1p0_0p0_2p0_0p01_0p05_1p0_2p0_12_12,54.155904699997336,wave_variable_speed_nocaustic,19,0.16,synthetic,True,8,0.0,0.01,0.0,0.05,0.0,0.5046000517904758,1.0,0.0,1.0490629523992538,0.008472162997350097,0.0,25652.474033027887,0.021693604066967964,0.0,0.0,1.4203814268112183,0.12020541820675135,0.1062154658138752,2.461135882223485e-14,0.047769993310794234,0.00010127659788849996,0.00010127659788849996,0.49946536123752594,0.00010127659788849996,0.006356680882163346,0.5012557506561279,0.5030360594391823,0.9158870875835419,0.9158870875835419,0.16100511707675955,0.31498225033283234,0.0,0.8498883619904518,0.25,1.0774961709976196,2.104289725422859,0.0,8.627205073833466,2.90555553874583e-05,1.2238240358897201e-06,0.0,0.013293536321725696,0.0,0.16,hamiltonian_verlet,0.2,12,1.0,1.0,2.0,0.0001,64,gaussian
identity_transport,2,0.009205076290527359,branch_id_v3_controls,0.02,2.0,12,0.0,1.0,2.0,24,wave,0.0,0.00871076000718555,0.0,0.006391640303869887,0.0,0.007259779866823616,8.68259096099185e-05,0.006383437498395021,0.024071547707232337,0.09669444989413023,0.06765882709684472,gabor_gaussian,12,1.0,64,1.0,0.16,1,0.0001,0.05,proxy_0.20_0.05,16,0,0,0,2.0,shell_balanced,MiNO-Plus,MiNO-Plus_wingaussian_modshell_balanced_K12_modes16_patch16_ref0.05_rlp0.16_hfc0.16_rb-5_pdo0_diss0_symord0_symparspectral_order_wfconf2_trhamiltonian_verlet_framegabor_gaussian_sparse1_sklp0.16_tsyn1_tin1_tref0,False,1,0.05,1059764,16,-2.0,0.0,0.05,,0.16,synthetic,2,0.5,-5.0,0.05,run,branch_id_v3_controls_wave_variable_speed_nocaustic_proxy_0p20_0p05_identity_transport_7_hamiltonian_verlet_gabor_gaussian_True_2p0_0p16_0p16_0p16_1p0_1p0_0p0_2p0_0p01_0p05_1p0_2p0_12_12,142.91699019999942,wave_variable_speed_nocaustic,7,0.16,synthetic,True,8,0.0,0.01,0.0,0.05,0.0,0.45092008635401726,1.0,0.0,1.1894722133874893,0.009976629575248808,0.0,25778.953620910645,0.025957980600651354,0.0,0.0,1.394936978816986,0.15936669427901506,0.1473263744264841,2.4311156581442533e-14,0.05308363260701299,0.0001245145299435535,0.0001245145299435535,0.4448050744831562,0.0001245145299435535,0.006370846414938569,0.44678381457924843,0.4486767575144768,0.962157075603803,0.962157075603803,0.15477605389120677,0.2980484366416931,0.0,0.8809789419174194,0.25,1.0774961709976196,4.721535868942738,0.2358762255559365,9.251088857650757,2.942727201116213e-05,1.713619042220671e-06,1.3321843147277832,0.014292286679847166,0.0,0.16,hamiltonian_verlet,0.2,12,1.0,1.0,2.0,0.0001,64,gaussian
identity_transport,2,0.012343846901785582,branch_id_v3_controls,0.02,2.0,12,0.0,1.0,2.0,24,wave,0.0,0.010627565939406244,0.0,0.008712064462694494,0.0,0.006485822718483784,5.1877744662457793e-05,0.006358799941760178,0.023691182141192257,0.0900940081725518,0.06829148818117876,gabor_gaussian,12,1.0,64,1.0,0.16,1,0.0001,0.05,proxy_0.20_0.05,16,0,0,0,2.0,shell_balanced,MiNO-Plus,MiNO-Plus_wingaussian_modshell_balanced_K12_modes16_patch16_ref0.05_rlp0.16_hfc0.16_rb-5_pdo0_diss0_symord0_symparspectral_order_wfconf2_trhamiltonian_verlet_framegabor_gaussian_sparse1_sklp0.16_tsyn1_tin1_tref0,False,1,0.05,1059764,16,-2.0,0.0,0.05,,0.16,synthetic,2,0.5,-5.0,0.05,run,branch_id_v3_controls_wave_variable_speed_nocaustic_proxy_0p20_0p05_identity_transport_11_hamiltonian_verlet_gabor_gaussian_True_2p0_0p16_0p16_0p16_1p0_1p0_0p0_2p0_0p01_0p05_1p0_2p0_12_12,148.05946859999676,wave_variable_speed_nocaustic,11,0.16,synthetic,True,8,0.0,0.01,0.0,0.05,0.0,0.4246423505246639,1.0,0.0,1.0443964898586273,0.0054900109535083175,0.0,50277.69099920988,0.01667589310090989,0.0,0.0,1.4044239670038223,0.09514957945793867,0.08313133288174868,2.5572966316374213e-14,0.0377390815410763,6.303574787125399e-05,6.303574787125399e-05,0.4209414944052696,6.303574787125399e-05,0.0063490201137028635,0.42333564162254333,0.42544492334127426,0.88207229723533,0.88207229723533,0.1607968425572229,0.3374657928943634,0.0,0.8481345549225807,0.25,1.0774961709976196,7.217818915843964,0.19806104277571043,8.608693540096283,2.6560635433270363e-05,1.4365067357857697e-06,1.3321843147277832,0.020516094227787107,0.0,0.16,hamiltonian_verlet,0.2,12,1.0,1.0,2.0,0.0001,64,gaussian
identity_transport,2,0.006789698556531221,branch_id_v3_controls,0.02,2.0,12,0.0,1.0,2.0,24,wave,0.0,0.009122627166410288,0.0,0.007049500464442342,0.0,0.006735978521949922,7.131880398484706e-05,0.006370650284225121,0.032515663537196815,0.09240747654500107,0.06948020192794502,gabor_gaussian,12,1.0,64,1.0,0.16,1,0.0001,0.05,proxy_0.20_0.05,16,0,0,0,2.0,shell_balanced,MiNO-Plus,MiNO-Plus_wingaussian_modshell_balanced_K12_modes16_patch16_ref0.05_rlp0.16_hfc0.16_rb-5_pdo0_diss0_symord0_symparspectral_order_wfconf2_trhamiltonian_verlet_framegabor_gaussian_sparse1_sklp0.16_tsyn1_tin1_tref0,False,1,0.05,1059764,16,-2.0,0.0,0.05,,0.16,synthetic,2,0.5,-5.0,0.05,run,branch_id_v3_controls_wave_variable_speed_nocaustic_proxy_0p20_0p05_identity_transport_19_hamiltonian_verlet_gabor_gaussian_True_2p0_0p16_0p16_0p16_1p0_1p0_0p0_2p0_0p01_0p05_1p0_2p0_12_12,147.92613189999975,wave_variable_speed_nocaustic,19,0.16,synthetic,True,8,0.0,0.01,0.0,0.05,0.0,0.5059431046247482,1.0,0.0,1.046262152493,0.008527187688741833,0.0,22775.16890707612,0.02169405296444893,0.0,0.0,1.4204122424125671,0.1177805969491601,0.1039343411102891,2.4222418445272857e-14,0.0469745802693069,9.707473373055109e-05,9.707473373055109e-05,0.5009382367134094,9.707473373055109e-05,0.006359469203744084,0.5027124099433422,0.5044858381152153,0.8852394732336203,0.8852394732336203,0.17742598111120364,0.9511433094739914,0.0,0.8498883619904518,0.25,1.0774961709976196,2.104289725422859,0.2549498984590173,8.688892185688019,2.9260764677019324e-05,1.260691384175061e-06,1.3321843147277832,0.013321342063136399,0.0,0.16,hamiltonian_verlet,0.2,12,1.0,1.0,2.0,0.0001,64,gaussian
no_transport_no_carrier,2,0.023112705268431455,branch_id_v3_controls,0.02,2.0,12,0.0,1.0,2.0,24,wave,0.0,0.02237569944312175,0.0,0.019859284938623507,0.0,0.006454311573179439,7.030191189490627e-05,0.006411716196453199,0.018189772303837042,0.0958617777408411,0.0676588270192345,gabor_gaussian,12,1.0,64,1.0,0.16,1,0.0001,0.05,proxy_0.20_0.05,16,0,0,0,2.0,shell_balanced,MiNO-Plus,MiNO-Plus_wingaussian_modshell_balanced_K12_modes16_patch16_ref0.05_rlp0.16_hfc0.16_rb-5_pdo0_diss0_symord0_symparspectral_order_wfconf2_trhamiltonian_verlet_framegabor_gaussian_sparse1_sklp0.16_tsyn1_tin1_tref0,False,1,0.05,347000,16,-2.0,0.0,0.05,,0.16,synthetic,2,0.5,-5.0,0.05,run,branch_id_v3_controls_wave_variable_speed_nocaustic_proxy_0p20_0p05_no_transport_no_carrier_7_hamiltonian_verlet_gabor_gaussian_True_2p0_0p16_0p16_0p16_1p0_1p0_0p0_2p0_0p01_0p05_1p0_2p0_12_12,49.09060479999607,wave_variable_speed_nocaustic,7,0.16,synthetic,True,8,0.0,0.01,0.0,0.05,0.0,0.7170673087239265,1.0,0.0,1.7131136357784271,0.024159440421499312,0.0,50661.93162178993,0.2397477002814412,0.0,0.0,1.4961838871240616,0.11373423784971237,0.11263395566493273,2.4234524028396778e-14,0.015568264061585069,7.196420528998715e-05,7.196420528998715e-05,0.7136949002742767,7.196420528998715e-05,0.0064212732831947505,0.7171088010072708,0.7204028964042664,0.9718409267564615,0.9718409267564615,0.13331712941483906,0.5556914582848549,0.0,0.8809789419174194,0.25,1.0774961709976196,4.721535868942738,0.0,0.0,0.0,0.0,0.0,0.06591636757366359,0.0,0.16,hamiltonian_verlet,0.2,12,1.0,1.0,2.0,0.0001,64,gaussian
no_transport_no_carrier,2,0.02976283337920904,branch_id_v3_controls,0.02,2.0,12,0.0,1.0,2.0,24,wave,0.0,0.025315704765186336,0.0,0.023157890876367066,0.0,0.005365979657653952,4.390964664935382e-05,0.006390158242235581,0.04041563277132809,0.08950928381333749,0.0682914883363992,gabor_gaussian,12,1.0,64,1.0,0.16,1,0.0001,0.05,proxy_0.20_0.05,16,0,0,0,2.0,shell_balanced,MiNO-Plus,MiNO-Plus_wingaussian_modshell_balanced_K12_modes16_patch16_ref0.05_rlp0.16_hfc0.16_rb-5_pdo0_diss0_symord0_symparspectral_order_wfconf2_trhamiltonian_verlet_framegabor_gaussian_sparse1_sklp0.16_tsyn1_tin1_tref0,False,1,0.05,347000,16,-2.0,0.0,0.05,,0.16,synthetic,2,0.5,-5.0,0.05,run,branch_id_v3_controls_wave_variable_speed_nocaustic_proxy_0p20_0p05_no_transport_no_carrier_11_hamiltonian_verlet_gabor_gaussian_True_2p0_0p16_0p16_0p16_1p0_1p0_0p0_2p0_0p01_0p05_1p0_2p0_12_12,47.0514292999942,wave_variable_speed_nocaustic,11,0.16,synthetic,True,8,0.0,0.01,0.0,0.05,0.0,0.7953333109617233,1.0,0.0,1.5246766954660416,0.01895906636491418,0.0,272414.12811636925,0.25851018633693457,0.0,0.0,1.4956725984811783,0.04622875386849046,0.04607329471036792,2.015987775310236e-14,0.003344944881973788,1.885250094346702e-05,1.885250094346702e-05,0.7941350564360619,1.885250094346702e-05,0.006442804355174303,0.7979395985603333,0.8013629093766212,1.0288301967084408,1.0288301967084408,0.20763917767908424,0.7603114619851112,0.0,0.8481345549225807,0.25,1.0774961709976196,7.217818915843964,0.0,0.0,0.0,0.0,0.0,0.12137521617114544,0.0,0.16,hamiltonian_verlet,0.2,12,1.0,1.0,2.0,0.0001,64,gaussian
no_transport_no_carrier,2,0.020360357826575637,branch_id_v3_controls,0.02,2.0,12,0.0,1.0,2.0,24,wave,0.0,0.023313178525616724,0.0,0.02109100255377901,0.0,0.005908805954580505,6.94655812765177e-05,0.006373650937651594,0.02228676244461288,0.09169298845032851,0.06948020122945309,gabor_gaussian,12,1.0,64,1.0,0.16,1,0.0001,0.05,proxy_0.20_0.05,16,0,0,0,2.0,shell_balanced,MiNO-Plus,MiNO-Plus_wingaussian_modshell_balanced_K12_modes16_patch16_ref0.05_rlp0.16_hfc0.16_rb-5_pdo0_diss0_symord0_symparspectral_order_wfconf2_trhamiltonian_verlet_framegabor_gaussian_sparse1_sklp0.16_tsyn1_tin1_tref0,False,1,0.05,347000,16,-2.0,0.0,0.05,,0.16,synthetic,2,0.5,-5.0,0.05,run,branch_id_v3_controls_wave_variable_speed_nocaustic_proxy_0p20_0p05_no_transport_no_carrier_19_hamiltonian_verlet_gabor_gaussian_True_2p0_0p16_0p16_0p16_1p0_1p0_0p0_2p0_0p01_0p05_1p0_2p0_12_12,46.276522499996645,wave_variable_speed_nocaustic,19,0.16,synthetic,True,8,0.0,0.01,0.0,0.05,0.0,0.7547625973820686,1.0,0.0,1.268055185675621,0.019473394146189094,0.0,128052.15163224936,0.2852843161672354,0.0,0.0,1.5011179149150848,0.10275393771007657,0.1023910865187645,2.4525550149513253e-14,0.008479204145260155,9.337295978184557e-05,9.337295978184557e-05,0.7514839768409729,9.337295978184557e-05,0.006362058746162802,0.7543330192565918,0.7571880891919136,0.9320455205937227,0.9320455205937227,0.14390360839509717,1.1952792406082153,0.0,0.8498883619904518,0.25,1.0774961709976196,2.104289725422859,0.0,0.0,0.0,0.0,0.0,0.076417934615165,0.0,0.16,hamiltonian_verlet,0.2,12,1.0,1.0,2.0,0.0001,64,gaussian
randomized_metadata,2,0.029056683997623622,branch_id_v3_controls,0.02,2.0,12,0.0,1.0,2.0,24,wave,0.0,0.030704785177173715,0.0,0.027860609154837828,0.0,0.007277930000176032,1.419777509633254e-07,0.006491138463995109,0.0009850297465163749,0.12327182991430163,0.04210377663063506,gabor_gaussian,12,1.0,64,1.0,0.16,1,0.0001,0.05,proxy_0.20_0.05,16,0,0,0,2.0,shell_balanced,MiNO-Plus,MiNO-Plus_wingaussian_modshell_balanced_K12_modes16_patch16_ref0.05_rlp0.16_hfc0.16_rb-5_pdo0_diss0_symord0_symparspectral_order_wfconf2_trhamiltonian_verlet_framegabor_gaussian_sparse1_sklp0.16_tsyn1_tin1_tref0,False,1,0.05,1059764,16,-2.0,0.0,0.05,,0.16,synthetic,2,0.5,-5.0,0.05,run,branch_id_v3_controls_wave_variable_speed_nocaustic_proxy_0p20_0p05_randomized_metadata_7_hamiltonian_verlet_gabor_gaussian_True_2p0_0p16_0p16_0p16_1p0_1p0_0p0_2p0_0p01_0p05_1p0_2p0_12_12,147.5403787000032,wave_variable_speed_nocaustic,7,0.16,synthetic,True,8,0.0,0.01,0.0,0.05,0.4617692679166794,0.8486588224768639,1.0,0.0,3.754177510738373,0.03376925736665726,0.4617692679166794,106387.6977353096,0.2069939887151122,0.0,0.0,1.51346255838871,0.0005271140107652172,0.0005239036618149839,6.182683217389323e-15,5.676016871802858e-05,1.4736819958782732e-09,1.4736819958782732e-09,0.8511144369840622,1.4736819958782732e-09,0.006692850962281227,0.8554707765579224,0.8618255779147148,0.8755733408033848,0.8755733408033848,0.045035462050388254,0.5168175101280212,0.0,0.8809789419174194,0.25,1.0774961709976196,4.721535868942738,0.22357199558367333,5.687626838684082,11.6219984292984,0.711004801094532,0.0,0.09201391553506255,0.0,0.16,hamiltonian_verlet,0.2,12,1.0,1.0,2.0,0.0001,64,gaussian
randomized_metadata,2,0.03514258097857237,branch_id_v3_controls,0.02,2.0,12,0.0,1.0,2.0,24,wave,0.0,0.03293077977529416,0.0,0.030673737239946302,0.0,0.006468930166496041,4.820833837311985e-07,0.006437219756965836,0.0012836400540739608,0.11694466765038669,0.04049324601267775,gabor_gaussian,12,1.0,64,1.0,0.16,1,0.0001,0.05,proxy_0.20_0.05,16,0,0,0,2.0,shell_balanced,MiNO-Plus,MiNO-Plus_wingaussian_modshell_balanced_K12_modes16_patch16_ref0.05_rlp0.16_hfc0.16_rb-5_pdo0_diss0_symord0_symparspectral_order_wfconf2_trhamiltonian_verlet_framegabor_gaussian_sparse1_sklp0.16_tsyn1_tin1_tref0,False,1,0.05,1059764,16,-2.0,0.0,0.05,,0.16,synthetic,2,0.5,-5.0,0.05,run,branch_id_v3_controls_wave_variable_speed_nocaustic_proxy_0p20_0p05_randomized_metadata_11_hamiltonian_verlet_gabor_gaussian_True_2p0_0p16_0p16_0p16_1p0_1p0_0p0_2p0_0p01_0p05_1p0_2p0_12_12,147.7457340999972,wave_variable_speed_nocaustic,11,0.16,synthetic,True,8,0.0,0.01,0.0,0.05,0.4573025517165661,0.9108510836958885,1.0,0.0,3.0504365265369415,0.02643095189705491,0.4573025517165661,522071.5077676773,0.2369612604379654,0.0,0.0,1.523556038737297,0.00031176064476312604,0.00029602374706882983,1.0281517841981568e-14,9.559174122841796e-05,7.037945295995662e-10,7.037945295995662e-10,0.94244684278965,7.037945295995662e-10,0.0066680908203125,0.9189507365226746,0.924303263425827,0.8336779127518336,0.8336779127518336,0.05634972660239631,0.3842947632074356,0.0,0.8481345549225807,0.25,1.0774961709976196,7.217818915843964,0.18154787955184779,4.621899396181107,10.324124932289124,1.3022636249661446,0.0,0.14874210488051176,0.0,0.16,hamiltonian_verlet,0.2,12,1.0,1.0,2.0,0.0001,64,gaussian
randomized_metadata,2,0.02386718289926648,branch_id_v3_controls,0.02,2.0,12,0.0,1.0,2.0,24,wave,0.0,0.03070749305576707,0.0,0.028188570247342188,0.0,0.006758918648605079,3.350003534574597e-07,0.006401169783202931,0.007247394067235291,0.11860234282600383,0.04135328139333675,gabor_gaussian,12,1.0,64,1.0,0.16,1,0.0001,0.05,proxy_0.20_0.05,16,0,0,0,2.0,shell_balanced,MiNO-Plus,MiNO-Plus_wingaussian_modshell_balanced_K12_modes16_patch16_ref0.05_rlp0.16_hfc0.16_rb-5_pdo0_diss0_symord0_symparspectral_order_wfconf2_trhamiltonian_verlet_framegabor_gaussian_sparse1_sklp0.16_tsyn1_tin1_tref0,False,1,0.05,1059764,16,-2.0,0.0,0.05,,0.16,synthetic,2,0.5,-5.0,0.05,run,branch_id_v3_controls_wave_variable_speed_nocaustic_proxy_0p20_0p05_randomized_metadata_19_hamiltonian_verlet_gabor_gaussian_True_2p0_0p16_0p16_0p16_1p0_1p0_0p0_2p0_0p01_0p05_1p0_2p0_12_12,150.2089610000039,wave_variable_speed_nocaustic,19,0.16,synthetic,True,8,0.0,0.01,0.0,0.05,0.4625735729932785,0.8596066609025002,1.0,0.0,3.193493902683258,0.025569744873791933,0.4625735729932785,172343.3023930788,0.236357094720006,0.0,0.0,1.5229089558124542,0.0009933167893905193,0.00098069596424466,1.4302048505764888e-14,0.00015003993939899374,8.10723160826754e-09,8.10723160826754e-09,0.8825471326708794,8.10723160826754e-09,0.006575002102181315,0.8673397898674011,0.8728200271725655,0.8487788972755274,0.8487788972755274,0.0843744986729386,0.3986962363123894,0.0,0.8498883619904518,0.25,1.0774961709976196,2.104289725422859,0.23651665138701597,4.432113409042358,10.23097836971283,0.9919095262885094,0.0,0.10703707858920097,0.0,0.16,hamiltonian_verlet,0.2,12,1.0,1.0,2.0,0.0001,64,gaussian
no_symbol,2,0.0016296249013976194,branch_id_v3_controls,0.02,2.0,12,0.0,1.0,2.0,24,wave,0.0,0.0027049369127780665,0.0,0.00019350619982105854,0.0,0.007124447273478533,0.00012207034058064892,0.006359452352626249,0.0,0.09711509989574552,0.06763022749995191,gabor_gaussian,12,1.0,64,1.0,0.16,1,0.0001,0.05,proxy_0.20_0.05,16,0,0,0,2.0,shell_balanced,MiNO-Plus,MiNO-Plus_wingaussian_modshell_balanced_K12_modes16_patch16_ref0.05_rlp0.16_hfc0.16_rb-5_pdo0_diss0_symord0_symparspectral_order_wfconf2_trhamiltonian_verlet_framegabor_gaussian_sparse1_sklp0.16_tsyn1_tin1_tref0,False,1,0.05,854708,16,-2.0,0.0,0.05,,0.16,synthetic,2,0.5,-5.0,0.05,run,branch_id_v3_controls_wave_variable_speed_nocaustic_proxy_0p20_0p05_no_symbol_7_hamiltonian_verlet_gabor_gaussian_True_2p0_0p16_0p16_0p16_1p0_1p0_0p0_2p0_0p01_0p05_1p0_2p0_12_12,136.27322730000014,wave_variable_speed_nocaustic,7,0.16,synthetic,True,8,0.0,0.01,0.0,0.05,0.00876062992028892,0.25983793288469315,1.0,0.0,0.7285957541316748,0.004127858148422092,0.00876062992028892,20362.22233849764,0.018293309782166034,0.0,0.0,1.3518583923578262,0.18275496736168861,0.17237168177962303,2.450015525472162e-14,0.0537121556699276,0.00016949836299318122,0.00016949836299318122,0.24905791133642197,0.00016949836299318122,0.006345574627630413,0.2494188416749239,0.24957456812262535,0.0,0.0,0.0,1.1067832857370377,0.0,0.8809789419174194,0.25,1.0774961709976196,4.721535868942738,0.690406143044432,8.047901034355164,4.577433794736862,0.27786000445485115,0.8218447268009186,0.004046775939059444,0.0,0.16,hamiltonian_verlet,0.2,12,1.0,1.0,2.0,0.0001,64,gaussian
no_symbol,2,0.0018375820873188786,branch_id_v3_controls,0.02,2.0,12,0.0,1.0,2.0,24,wave,0.0,0.002329128062532012,0.0,0.00020227169738973316,0.0,0.006326610097554901,8.556208219564117e-05,0.006336474897883211,0.0,0.09158135236551364,0.06814191405040522,gabor_gaussian,12,1.0,64,1.0,0.16,1,0.0001,0.05,proxy_0.20_0.05,16,0,0,0,2.0,shell_balanced,MiNO-Plus,MiNO-Plus_wingaussian_modshell_balanced_K12_modes16_patch16_ref0.05_rlp0.16_hfc0.16_rb-5_pdo0_diss0_symord0_symparspectral_order_wfconf2_trhamiltonian_verlet_framegabor_gaussian_sparse1_sklp0.16_tsyn1_tin1_tref0,False,1,0.05,854708,16,-2.0,0.0,0.05,,0.16,synthetic,2,0.5,-5.0,0.05,run,branch_id_v3_controls_wave_variable_speed_nocaustic_proxy_0p20_0p05_no_symbol_11_hamiltonian_verlet_gabor_gaussian_True_2p0_0p16_0p16_0p16_1p0_1p0_0p0_2p0_0p01_0p05_1p0_2p0_12_12,134.04945320000115,wave_variable_speed_nocaustic,11,0.16,synthetic,True,8,0.0,0.01,0.0,0.05,0.009102101204916835,0.22542261891067028,1.0,0.0,0.5899647437036037,0.0023005443945294246,0.009102101204916835,105931.2724314928,0.011697111767716706,0.0,0.0,1.3511801064014435,0.11999174021184444,0.10857588332146406,2.6204690052941812e-14,0.041222316678613424,0.00010702125109673943,0.00010702125109673943,0.21736212074756622,0.00010702125109673943,0.006322442146483809,0.21784558705985546,0.21796775422990322,0.0,0.0,0.0,0.9822567254304886,0.0,0.8481345549225807,0.25,1.0774961709976196,7.217818915843964,0.6100904196500778,7.469425022602081,3.733217716217041,0.24469123035669327,0.8367084475855032,0.00499049635254778,0.0,0.16,hamiltonian_verlet,0.2,12,1.0,1.0,2.0,0.0001,64,gaussian
no_symbol,2,0.001919322632602416,branch_id_v3_controls,0.02,2.0,12,0.0,1.0,2.0,24,wave,0.0,0.0024751774520458034,0.0,0.00021138475479650273,0.0,0.006569573706656229,0.00011522109300206769,0.006351939227897674,0.0,0.0930811056556801,0.0692803415004164,gabor_gaussian,12,1.0,64,1.0,0.16,1,0.0001,0.05,proxy_0.20_0.05,16,0,0,0,2.0,shell_balanced,MiNO-Plus,MiNO-Plus_wingaussian_modshell_balanced_K12_modes16_patch16_ref0.05_rlp0.16_hfc0.16_rb-5_pdo0_diss0_symord0_symparspectral_order_wfconf2_trhamiltonian_verlet_framegabor_gaussian_sparse1_sklp0.16_tsyn1_tin1_tref0,False,1,0.05,854708,16,-2.0,0.0,0.05,,0.16,synthetic,2,0.5,-5.0,0.05,run,branch_id_v3_controls_wave_variable_speed_nocaustic_proxy_0p20_0p05_no_symbol_19_hamiltonian_verlet_gabor_gaussian_True_2p0_0p16_0p16_0p16_1p0_1p0_0p0_2p0_0p01_0p05_1p0_2p0_12_12,136.52421160000085,wave_variable_speed_nocaustic,19,0.16,synthetic,True,8,0.0,0.01,0.0,0.05,0.010448930435813963,0.2632050272077322,1.0,0.0,0.6510278582572937,0.002252260732348077,0.010448930435813963,51635.26190532744,0.027692183037288487,0.0,0.0,1.380160242319107,0.14462709054350853,0.13166562747210264,2.4775535618511125e-14,0.05036816140636802,0.00015491874182771426,0.00015491874182771426,0.252509169280529,0.00015491874182771426,0.006337829341646284,0.25249151326715946,0.2522711921483278,0.0,0.0,0.0,0.5299696922302246,0.0,0.8498883619904518,0.25,1.0774961709976196,2.104289725422859,0.6958895868932208,7.627025008201599,4.869439959526062,0.4453992135822773,0.7791682469348112,0.004780623770784587,0.0,0.16,hamiltonian_verlet,0.2,12,1.0,1.0,2.0,0.0001,64,gaussian
full,2,0.0039261803176486865,branch_id_v3_controls,0.02,2.0,12,0.0,1.0,2.0,24,wave,0.0,0.004645978377084248,0.0,0.0007959362471107548,0.0,0.006603326684853528,0.00011868458436007738,0.0063810793702335404,0.01286941576593866,0.08958721548939745,0.06247520027682185,gabor_gaussian,12,1.0,64,1.0,0.16,1,0.0001,0.05,proxy_0.20_0.05,16,0,0,0,2.0,shell_balanced,MiNO-Plus,MiNO-Plus_wingaussian_modshell_balanced_K12_modes16_patch16_ref0.05_rlp0.16_hfc0.16_rb-5_pdo0_diss0_symord0_symparspectral_order_wfconf2_trhamiltonian_verlet_framegabor_gaussian_sparse1_sklp0.16_tsyn1_tin1_tref0,False,1,0.05,1059764,16,-2.0,0.0,0.05,,0.16,synthetic,2,0.5,-5.0,0.05,run,branch_id_v3_controls_wave_synth_proxy_0p20_0p05_full_7_hamiltonian_verlet_gabor_gaussian_True_2p0_0p16_0p16_0p16_1p0_1p0_0p0_2p0_0p01_0p05_1p0_2p0_12_12,146.55592090000573,wave_synth,7,0.16,synthetic,True,8,0.0,0.01,0.0,0.05,0.011871666880324483,0.3048626333475113,1.0,0.0,0.817041277885437,0.004408810724271461,0.011871666880324483,5468.14786690101,0.02508037129882723,0.0,0.0,1.4208701252937317,0.17216933891177177,0.15626263711601496,2.4514716809876107e-14,0.05527846468612552,0.00015550227908533998,0.00015550227908533998,0.29549020528793335,0.00015550227908533998,0.006370318937115371,0.29773677326738834,0.2991916500031948,0.9136848809818426,0.9136848809818426,0.09421830391511321,1.649571344256401,0.0,0.8898277878761292,0.25,1.0774961709976196,3.9681008085608482,0.24794682332624993,8.900562167167664,6.011653423309326,1.6838045120239258,1.3819453219572704,0.011206625727936625,0.0,0.16,hamiltonian_verlet,0.2,12,1.0,1.0,2.0,0.0001,64,gaussian
full,2,0.004212775878841057,branch_id_v3_controls,0.02,2.0,12,0.0,1.0,2.0,24,wave,0.0,0.004791388860515629,0.0,0.0008587071873383442,0.0,0.010026274457535086,0.00012670562891040996,0.0063903928094077855,0.005937048151584652,0.07986105920281261,0.06337409854556124,gabor_gaussian,12,1.0,64,1.0,0.16,1,0.0001,0.05,proxy_0.20_0.05,16,0,0,0,2.0,shell_balanced,MiNO-Plus,MiNO-Plus_wingaussian_modshell_balanced_K12_modes16_patch16_ref0.05_rlp0.16_hfc0.16_rb-5_pdo0_diss0_symord0_symparspectral_order_wfconf2_trhamiltonian_verlet_framegabor_gaussian_sparse1_sklp0.16_tsyn1_tin1_tref0,False,1,0.05,1059764,16,-2.0,0.0,0.05,,0.16,synthetic,2,0.5,-5.0,0.05,run,branch_id_v3_controls_wave_synth_proxy_0p20_0p05_full_11_hamiltonian_verlet_gabor_gaussian_True_2p0_0p16_0p16_0p16_1p0_1p0_0p0_2p0_0p01_0p05_1p0_2p0_12_12,148.45442149999872,wave_synth,11,0.16,synthetic,True,8,0.0,0.01,0.0,0.05,0.011996534187346697,0.3274046964943409,1.0,0.0,0.8937151357531548,0.004694562856457196,0.011996534187346697,29057.8623913154,0.028782262525055557,0.0,0.0,1.416115716099739,0.00029984687353135087,0.00027966035122517496,6.8361595541358e-15,0.00010637632294674404,5.972392996822506e-10,5.972392996822506e-10,0.3274019882082939,5.972392996822506e-10,0.006692850962281227,0.32960568740963936,0.3311394676566124,0.8133959348003069,0.8133959348003069,0.20636926777660847,1.303273767232895,0.0,0.840242326259613,0.25,1.0774961709976196,6.832262247800827,0.2128417200098435,7.364269018173218,4.494652569293976,1.1249986737966537,1.3786280378699303,0.010433406452648342,0.0,0.16,hamiltonian_verlet,0.2,12,1.0,1.0,2.0,0.0001,64,gaussian
full,2,0.004224355070618913,branch_id_v3_controls,0.02,2.0,12,0.0,1.0,2.0,24,wave,0.0,0.005037718028082357,0.0,0.0008019654439218963,0.0,0.007201791682746261,0.00014632488178752587,0.006387917324900627,0.0006451767788462348,0.08642444464688499,0.0641376491015156,gabor_gaussian,12,1.0,64,1.0,0.16,1,0.0001,0.05,proxy_0.20_0.05,16,0,0,0,2.0,shell_balanced,MiNO-Plus,MiNO-Plus_wingaussian_modshell_balanced_K12_modes16_patch16_ref0.05_rlp0.16_hfc0.16_rb-5_pdo0_diss0_symord0_symparspectral_order_wfconf2_trhamiltonian_verlet_framegabor_gaussian_sparse1_sklp0.16_tsyn1_tin1_tref0,False,1,0.05,1059764,16,-2.0,0.0,0.05,,0.16,synthetic,2,0.5,-5.0,0.05,run,branch_id_v3_controls_wave_synth_proxy_0p20_0p05_full_19_hamiltonian_verlet_gabor_gaussian_True_2p0_0p16_0p16_0p16_1p0_1p0_0p0_2p0_0p01_0p05_1p0_2p0_12_12,145.6959751999966,wave_synth,19,0.16,synthetic,True,8,0.0,0.01,0.0,0.05,0.0119386853184551,0.27194944210350513,1.0,0.0,0.777007095515728,0.002863873480237089,0.0119386853184551,27793.478589748964,0.024488856084644794,0.0,0.0,1.4332111477851868,0.12784255389124155,0.11677448730915785,2.3498884595794128e-14,0.038671721471473575,0.00011341679055476561,0.00011341679055476561,0.2651592530310154,0.00011341679055476561,0.006398339930456132,0.2677104976028204,0.26957255229353905,0.9058532193303108,0.9058532193303108,0.046174299580949686,0.9612081721425056,0.0,0.8824138939380646,0.25,1.0774961709976196,3.000800520181656,0.29192503572752077,7.832193195819855,5.47961899638176,1.7896139323711395,1.3808760344982147,0.011145184398628771,0.0,0.16,hamiltonian_verlet,0.2,12,1.0,1.0,2.0,0.0001,64,gaussian
full_no_flow_supervision,2,0.0039253221184480935,branch_id_v3_controls,0.02,2.0,12,0.0,1.0,0.0,24,wave,0.0,0.004654231447299632,0.0,0.0007964086386588557,0.0,0.006613374733812331,0.00012233570852989337,0.006380657898262143,0.010995964674899975,0.08958201056035857,0.06247624879082044,gabor_gaussian,12,1.0,64,1.0,0.16,1,0.0001,0.05,proxy_0.20_0.05,16,0,0,0,2.0,shell_balanced,MiNO-Plus,MiNO-Plus_wingaussian_modshell_balanced_K12_modes16_patch16_ref0.05_rlp0.16_hfc0.16_rb-5_pdo0_diss0_symord0_symparspectral_order_wfconf2_trhamiltonian_verlet_framegabor_gaussian_sparse1_sklp0.16_tsyn1_tin1_tref0,False,1,0.05,1059764,16,-2.0,0.0,0.05,,0.16,synthetic,2,0.5,-5.0,0.05,run,branch_id_v3_controls_wave_synth_proxy_0p20_0p05_full_no_flow_supervision_7_hamiltonian_verlet_gabor_gaussian_True_2p0_0p16_0p16_0p16_1p0_1p0_0p0_2p0_0p01_0p05_1p0_2p0_12_12,148.17859229999885,wave_synth,7,0.16,synthetic,True,8,0.0,0.01,0.0,0.05,0.011872277478687465,0.30464136973023415,1.0,0.0,0.816132202744484,0.004400991587317549,0.011872277478687465,4619.4003362488,0.02508771826978773,0.0,0.0,1.4215994030237198,0.17331520467996597,0.15731619764119387,2.520770707479332e-14,0.05562276765704155,0.00015761012764414772,0.00015761012764414772,0.29518401250243187,0.00015761012764414772,0.006370300077833235,0.2974118199199438,0.2988672759383917,0.9123418020705382,0.9123418020705382,0.08774687132487695,1.6906363517045975,0.0,0.8898277878761292,0.25,1.0774961709976196,3.9681008085608482,0.24537998313705126,8.908957242965698,6.044613778591156,1.5765043646097183,1.3814269701639812,0.011182756803464144,0.0,0.16,hamiltonian_verlet,0.2,12,1.0,1.0,2.0,0.0001,64,gaussian
full_no_flow_supervision,2,0.004214355765725486,branch_id_v3_controls,0.02,2.0,12,0.0,1.0,0.0,24,wave,0.0,0.004771188396262005,0.0,0.0008559246562072076,0.0,0.009320395528144823,0.00014083958550751655,0.006391018367139623,0.003919637404427097,0.08202455336383234,0.06337312453736861,gabor_gaussian,12,1.0,64,1.0,0.16,1,0.0001,0.05,proxy_0.20_0.05,16,0,0,0,2.0,shell_balanced,MiNO-Plus,MiNO-Plus_wingaussian_modshell_balanced_K12_modes16_patch16_ref0.05_rlp0.16_hfc0.16_rb-5_pdo0_diss0_symord0_symparspectral_order_wfconf2_trhamiltonian_verlet_framegabor_gaussian_sparse1_sklp0.16_tsyn1_tin1_tref0,False,1,0.05,1059764,16,-2.0,0.0,0.05,,0.16,synthetic,2,0.5,-5.0,0.05,run,branch_id_v3_controls_wave_synth_proxy_0p20_0p05_full_no_flow_supervision_11_hamiltonian_verlet_gabor_gaussian_True_2p0_0p16_0p16_0p16_1p0_1p0_0p0_2p0_0p01_0p05_1p0_2p0_12_12,145.1003589000029,wave_synth,11,0.16,synthetic,True,8,0.0,0.01,0.0,0.05,0.011962378630414605,0.32739997282624245,1.0,0.0,0.8973305448889732,0.004687894586822949,0.011962378630414605,29099.01784711331,0.02879247034434229,0.0,0.0,1.419223815202713,0.00029980397812323645,0.00027964791843260173,6.51818640329141e-15,0.00010629163534758845,5.971972603935338e-10,5.971972603935338e-10,0.32739729434251785,5.971972603935338e-10,0.006692850962281227,0.3296146970242262,0.33116621151566505,0.8107939958572388,0.8107939958572388,0.20986260302985707,1.2088921517133713,0.0,0.840242326259613,0.25,1.0774961709976196,6.832262247800827,0.21144356454412142,7.354959189891815,4.4607256054878235,1.1642450392246246,1.3762977346777916,0.01035340566886589,0.0,0.16,hamiltonian_verlet,0.2,12,1.0,1.0,2.0,0.0001,64,gaussian
full_no_flow_supervision,2,0.004189737228443846,branch_id_v3_controls,0.02,2.0,12,0.0,1.0,0.0,24,wave,0.0,0.005020490905735642,0.0,0.0007924782275949838,0.0,0.007077641891858851,0.0001497344132985745,0.006382106754851217,0.002733155884925509,0.08750355872325599,0.06413731351494789,gabor_gaussian,12,1.0,64,1.0,0.16,1,0.0001,0.05,proxy_0.20_0.05,16,0,0,0,2.0,shell_balanced,MiNO-Plus,MiNO-Plus_wingaussian_modshell_balanced_K12_modes16_patch16_ref0.05_rlp0.16_hfc0.16_rb-5_pdo0_diss0_symord0_symparspectral_order_wfconf2_trhamiltonian_verlet_framegabor_gaussian_sparse1_sklp0.16_tsyn1_tin1_tref0,False,1,0.05,1059764,16,-2.0,0.0,0.05,,0.16,synthetic,2,0.5,-5.0,0.05,run,branch_id_v3_controls_wave_synth_proxy_0p20_0p05_full_no_flow_supervision_19_hamiltonian_verlet_gabor_gaussian_True_2p0_0p16_0p16_0p16_1p0_1p0_0p0_2p0_0p01_0p05_1p0_2p0_12_12,143.51717929999722,wave_synth,19,0.16,synthetic,True,8,0.0,0.01,0.0,0.05,0.011872030678205192,0.2724021468311548,1.0,0.0,0.7868997529149055,0.0028369697683956474,0.011872030678205192,31568.76824943535,0.024137215223163366,0.0,0.0,1.4379190653562546,0.15121469274163246,0.1378687508404255,2.200413190652157e-14,0.04626668500714004,0.00015791473924764432,0.00015791473924764432,0.26434802636504173,0.00015791473924764432,0.006371533439960331,0.26704541221261024,0.26892535760998726,0.908935139576594,0.908935139576594,0.03051921128644608,1.2800329998135567,0.0,0.8824138939380646,0.25,1.0774961709976196,3.000800520181656,0.29294144300123054,7.80694305896759,5.408586859703064,1.5988898873329163,1.3775330856442451,0.011181869951542467,0.0,0.16,hamiltonian_verlet,0.2,12,1.0,1.0,2.0,0.0001,64,gaussian
no_transport,2,0.014061315334402025,branch_id_v3_controls,0.02,2.0,12,0.0,1.0,2.0,24,wave,0.0,0.014074350037844852,0.0,0.010439783858601004,0.0,0.006922656614430404,6.71625624306671e-05,0.006376329799725984,0.016134171358620126,0.0921893675501148,0.06260195040764908,gabor_gaussian,12,1.0,64,1.0,0.16,1,0.0001,0.05,proxy_0.20_0.05,16,0,0,0,2.0,shell_balanced,MiNO-Plus,MiNO-Plus_wingaussian_modshell_balanced_K12_modes16_patch16_ref0.05_rlp0.16_hfc0.16_rb-5_pdo0_diss0_symord0_symparspectral_order_wfconf2_trhamiltonian_verlet_framegabor_gaussian_sparse1_sklp0.16_tsyn1_tin1_tref0,False,1,0.05,347000,16,-2.0,0.0,0.05,,0.16,synthetic,2,0.5,-5.0,0.05,run,branch_id_v3_controls_wave_synth_proxy_0p20_0p05_no_transport_7_hamiltonian_verlet_gabor_gaussian_True_2p0_0p16_0p16_0p16_1p0_1p0_0p0_2p0_0p01_0p05_1p0_2p0_12_12,56.11865820000094,wave_synth,7,0.16,synthetic,True,8,0.0,0.01,0.0,0.05,0.0,0.5594388879835606,1.0,0.0,1.154737450182438,0.014894795080181211,0.0,7346.855626847595,0.024612927576527,0.0,0.0,1.4631563574075699,0.13483015727251768,0.11892763804644346,2.5322693491448985e-14,0.049329461297020316,8.976586195785785e-05,8.976586195785785e-05,0.5546384789049625,8.976586195785785e-05,0.0063660629093647,0.5574765056371689,0.560096051543951,0.9555931476255258,0.9555931476255258,0.12079735402949154,0.7168889939785004,0.0,0.8898277878761292,0.25,1.0774961709976196,3.9681008085608482,0.0,10.332240104675293,2.920001952588791e-05,2.0228595616345046e-06,0.0,0.012990278424695134,0.0,0.16,hamiltonian_verlet,0.2,12,1.0,1.0,2.0,0.0001,64,gaussian
no_transport,2,0.020019685965962708,branch_id_v3_controls,0.02,2.0,12,0.0,1.0,2.0,24,wave,0.0,0.01641919670025042,0.0,0.012628075943212025,0.0,0.007529153060507572,7.195407524325977e-05,0.006405294630288457,0.03134187182877213,0.09896237538972248,0.06343691144138575,gabor_gaussian,12,1.0,64,1.0,0.16,1,0.0001,0.05,proxy_0.20_0.05,16,0,0,0,2.0,shell_balanced,MiNO-Plus,MiNO-Plus_wingaussian_modshell_balanced_K12_modes16_patch16_ref0.05_rlp0.16_hfc0.16_rb-5_pdo0_diss0_symord0_symparspectral_order_wfconf2_trhamiltonian_verlet_framegabor_gaussian_sparse1_sklp0.16_tsyn1_tin1_tref0,False,1,0.05,347000,16,-2.0,0.0,0.05,,0.16,synthetic,2,0.5,-5.0,0.05,run,branch_id_v3_controls_wave_synth_proxy_0p20_0p05_no_transport_11_hamiltonian_verlet_gabor_gaussian_True_2p0_0p16_0p16_0p16_1p0_1p0_0p0_2p0_0p01_0p05_1p0_2p0_12_12,53.47730359999696,wave_synth,11,0.16,synthetic,True,8,0.0,0.01,0.0,0.05,0.0,0.525763813406229,1.0,0.0,1.216303363442421,0.008654913399368525,0.0,6267.697027258575,0.02383477019611746,0.0,0.0,1.470158189535141,0.11141915619373322,0.09702211990952492,2.2439221391307054e-14,0.041808359790593386,8.533709274161083e-05,8.533709274161083e-05,0.5213263221085072,8.533709274161083e-05,0.006393073475919664,0.524466123431921,0.5273502171039581,0.9508321781953176,0.9508321781953176,0.1719646674246178,0.36771823465824127,0.0,0.840242326259613,0.25,1.0774961709976196,6.832262247800827,0.0,8.298738837242126,2.5409323598069022e-05,2.489934836091834e-06,0.0,0.012833418935770169,0.0,0.16,hamiltonian_verlet,0.2,12,1.0,1.0,2.0,0.0001,64,gaussian
no_transport,2,0.01292804122203961,branch_id_v3_controls,0.02,2.0,12,0.0,1.0,2.0,24,wave,0.0,0.015391913567630885,0.0,0.011326599060945833,0.0,0.007094442150749576,8.542111406010615e-05,0.006397653720341623,0.023989400127902627,0.09447111965467532,0.0641448749229312,gabor_gaussian,12,1.0,64,1.0,0.16,1,0.0001,0.05,proxy_0.20_0.05,16,0,0,0,2.0,shell_balanced,MiNO-Plus,MiNO-Plus_wingaussian_modshell_balanced_K12_modes16_patch16_ref0.05_rlp0.16_hfc0.16_rb-5_pdo0_diss0_symord0_symparspectral_order_wfconf2_trhamiltonian_verlet_framegabor_gaussian_sparse1_sklp0.16_tsyn1_tin1_tref0,False,1,0.05,347000,16,-2.0,0.0,0.05,,0.16,synthetic,2,0.5,-5.0,0.05,run,branch_id_v3_controls_wave_synth_proxy_0p20_0p05_no_transport_19_hamiltonian_verlet_gabor_gaussian_True_2p0_0p16_0p16_0p16_1p0_1p0_0p0_2p0_0p01_0p05_1p0_2p0_12_12,51.69977890000155,wave_synth,19,0.16,synthetic,True,8,0.0,0.01,0.0,0.05,0.0,0.530181746929884,1.0,0.0,1.1231126189231873,0.011846998299006373,0.0,15930.535713369027,0.02346012508496642,0.0,0.0,1.4809827357530594,0.12197650223970413,0.10770015465095639,2.3987631076689332e-14,0.04287965316325426,9.660393652666244e-05,9.660393652666244e-05,0.5259132646024227,9.660393652666244e-05,0.00638626964064315,0.5293911695480347,0.5324258841574192,0.9241570134957632,0.9241570134957632,0.15374189002128938,0.4455697312951088,0.0,0.8824138939380646,0.25,1.0774961709976196,3.000800520181656,0.0,9.253348886966705,3.0455649948635255e-05,1.6814232637329951e-06,0.0,0.012700609164312482,0.0,0.16,hamiltonian_verlet,0.2,12,1.0,1.0,2.0,0.0001,64,gaussian
identity_transport,2,0.014013127220096067,branch_id_v3_controls,0.02,2.0,12,0.0,1.0,2.0,24,wave,0.0,0.0140761694444033,0.0,0.01043877137514452,0.0,0.006930220886715688,5.5293651797683196e-05,0.006392476100396986,0.020957879120639216,0.09223305340856314,0.0626019505628695,gabor_gaussian,12,1.0,64,1.0,0.16,1,0.0001,0.05,proxy_0.20_0.05,16,0,0,0,2.0,shell_balanced,MiNO-Plus,MiNO-Plus_wingaussian_modshell_balanced_K12_modes16_patch16_ref0.05_rlp0.16_hfc0.16_rb-5_pdo0_diss0_symord0_symparspectral_order_wfconf2_trhamiltonian_verlet_framegabor_gaussian_sparse1_sklp0.16_tsyn1_tin1_tref0,False,1,0.05,1059764,16,-2.0,0.0,0.05,,0.16,synthetic,2,0.5,-5.0,0.05,run,branch_id_v3_controls_wave_synth_proxy_0p20_0p05_identity_transport_7_hamiltonian_verlet_gabor_gaussian_True_2p0_0p16_0p16_0p16_1p0_1p0_0p0_2p0_0p01_0p05_1p0_2p0_12_12,142.83489450000343,wave_synth,7,0.16,synthetic,True,8,0.0,0.01,0.0,0.05,0.0,0.5581592284142971,1.0,0.0,1.1380127593874931,0.014854399836622179,0.0,4490.756782734767,0.024572155612986535,0.0,0.0,1.4608064740896225,0.12416466511785984,0.109484669752419,2.4865222643339962e-14,0.04538042680360377,7.605833934576367e-05,7.605833934576367e-05,0.553703673183918,7.605833934576367e-05,0.006383177649695426,0.5564509928226471,0.5589799806475639,0.9333749761184057,0.9333749761184057,0.1358781350281788,1.147839903831482,0.0,0.8898277878761292,0.25,1.0774961709976196,3.9681008085608482,0.2130730953067541,10.337298274040222,2.9237841545182164e-05,1.965416259963604e-06,1.3321843147277832,0.012996816774830222,0.0,0.16,hamiltonian_verlet,0.2,12,1.0,1.0,2.0,0.0001,64,gaussian
identity_transport,2,0.02022617741022259,branch_id_v3_controls,0.02,2.0,12,0.0,1.0,2.0,24,wave,0.0,0.01634095184757219,0.0,0.012597098647044428,0.0,0.007541871850359409,7.609603816642145e-05,0.00640532987502714,0.02674420546585073,0.09874437229397397,0.0634369106652836,gabor_gaussian,12,1.0,64,1.0,0.16,1,0.0001,0.05,proxy_0.20_0.05,16,0,0,0,2.0,shell_balanced,MiNO-Plus,MiNO-Plus_wingaussian_modshell_balanced_K12_modes16_patch16_ref0.05_rlp0.16_hfc0.16_rb-5_pdo0_diss0_symord0_symparspectral_order_wfconf2_trhamiltonian_verlet_framegabor_gaussian_sparse1_sklp0.16_tsyn1_tin1_tref0,False,1,0.05,1059764,16,-2.0,0.0,0.05,,0.16,synthetic,2,0.5,-5.0,0.05,run,branch_id_v3_controls_wave_synth_proxy_0p20_0p05_identity_transport_11_hamiltonian_verlet_gabor_gaussian_True_2p0_0p16_0p16_0p16_1p0_1p0_0p0_2p0_0p01_0p05_1p0_2p0_12_12,144.14812260000326,wave_synth,11,0.16,synthetic,True,8,0.0,0.01,0.0,0.05,0.0,0.5264667421579361,1.0,0.0,1.194252371788025,0.008710511145181954,0.0,6679.595514275134,0.02386641054181382,0.0,0.0,1.4687140733003616,0.0933260302990675,0.0816656097304076,2.1353572910064113e-14,0.03480531484819949,5.9839397977157205e-05,5.9839397977157205e-05,0.5227864757180214,5.9839397977157205e-05,0.0064162302878685296,0.5257319360971451,0.528522003442049,0.9405818743010362,0.9405818743010362,0.15978330596650872,0.7254418358206749,0.0,0.840242326259613,0.25,1.0774961709976196,6.832262247800827,0.20076952750484148,8.351039409637451,2.558189908086206e-05,2.5282826072725584e-06,1.3321843147277832,0.013010702008614317,0.0,0.16,hamiltonian_verlet,0.2,12,1.0,1.0,2.0,0.0001,64,gaussian
identity_transport,2,0.013026438158703968,branch_id_v3_controls,0.02,2.0,12,0.0,1.0,2.0,24,wave,0.0,0.01545773693457401,0.0,0.011381342975558558,0.0,0.007096976788792138,8.635367805709393e-05,0.006407215803240736,0.048620788690944515,0.09454446534315745,0.0641448728274554,gabor_gaussian,12,1.0,64,1.0,0.16,1,0.0001,0.05,proxy_0.20_0.05,16,0,0,0,2.0,shell_balanced,MiNO-Plus,MiNO-Plus_wingaussian_modshell_balanced_K12_modes16_patch16_ref0.05_rlp0.16_hfc0.16_rb-5_pdo0_diss0_symord0_symparspectral_order_wfconf2_trhamiltonian_verlet_framegabor_gaussian_sparse1_sklp0.16_tsyn1_tin1_tref0,False,1,0.05,1059764,16,-2.0,0.0,0.05,,0.16,synthetic,2,0.5,-5.0,0.05,run,branch_id_v3_controls_wave_synth_proxy_0p20_0p05_identity_transport_19_hamiltonian_verlet_gabor_gaussian_True_2p0_0p16_0p16_0p16_1p0_1p0_0p0_2p0_0p01_0p05_1p0_2p0_12_12,145.1253663000025,wave_synth,19,0.16,synthetic,True,8,0.0,0.01,0.0,0.05,0.0,0.532698180526495,1.0,0.0,1.1369661539793015,0.011956712900428101,0.0,30167.43546887487,0.024817735189571977,0.0,0.0,1.4790167063474655,0.12139595299959183,0.10729303443804383,2.365820831679911e-14,0.042558725690469146,9.580472533343709e-05,9.580472533343709e-05,0.5284607522189617,9.580472533343709e-05,0.00639584957389161,0.5320567730814219,0.5351949669420719,0.9069212848941485,0.9069212848941485,0.22368732606992126,0.2345244437456131,0.0,0.8824138939380646,0.25,1.0774961709976196,3.000800520181656,0.2572515554105242,9.29519784450531,3.061310303564824e-05,1.6039393386790834e-06,1.3321843147277832,0.012589413556270301,0.0,0.16,hamiltonian_verlet,0.2,12,1.0,1.0,2.0,0.0001,64,gaussian
no_transport_no_carrier,2,0.022650481201708317,branch_id_v3_controls,0.02,2.0,12,0.0,1.0,2.0,24,wave,0.0,0.02671332797035575,0.0,0.022739695094060153,0.0,0.00573941323091276,7.531426490459125e-05,0.006398222118150443,0.01652407766475032,0.09120698474968474,0.06260194947632651,gabor_gaussian,12,1.0,64,1.0,0.16,1,0.0001,0.05,proxy_0.20_0.05,16,0,0,0,2.0,shell_balanced,MiNO-Plus,MiNO-Plus_wingaussian_modshell_balanced_K12_modes16_patch16_ref0.05_rlp0.16_hfc0.16_rb-5_pdo0_diss0_symord0_symparspectral_order_wfconf2_trhamiltonian_verlet_framegabor_gaussian_sparse1_sklp0.16_tsyn1_tin1_tref0,False,1,0.05,347000,16,-2.0,0.0,0.05,,0.16,synthetic,2,0.5,-5.0,0.05,run,branch_id_v3_controls_wave_synth_proxy_0p20_0p05_no_transport_no_carrier_7_hamiltonian_verlet_gabor_gaussian_True_2p0_0p16_0p16_0p16_1p0_1p0_0p0_2p0_0p01_0p05_1p0_2p0_12_12,46.97834460000013,wave_synth,7,0.16,synthetic,True,8,0.0,0.01,0.0,0.05,0.0,0.7753294482827187,1.0,0.0,1.2665821015834808,0.02871585194952786,0.0,7169.194410853088,0.2250874862074852,0.0,0.0,1.51708984375,0.10492247343063354,0.10409741755574942,2.463301237249846e-14,0.012456952186767012,6.914114146638894e-05,6.914114146638894e-05,0.7722313925623894,6.914114146638894e-05,0.006408228597138077,0.7756446376442909,0.7789510115981102,0.9871690819660822,0.9871690819660822,0.1243838705510522,0.35203349590301514,0.0,0.8898277878761292,0.25,1.0774961709976196,3.9681008085608482,0.0,0.0,0.0,0.0,0.0,0.09632641030475497,0.0,0.16,hamiltonian_verlet,0.2,12,1.0,1.0,2.0,0.0001,64,gaussian
no_transport_no_carrier,2,0.02840875252149999,branch_id_v3_controls,0.02,2.0,12,0.0,1.0,2.0,24,wave,0.0,0.026044915789195027,0.0,0.021933420983259566,0.0,0.006376342669682344,7.607114696384087e-05,0.006418583487781386,0.022350791608914733,0.09827365776679169,0.06343691151899596,gabor_gaussian,12,1.0,64,1.0,0.16,1,0.0001,0.05,proxy_0.20_0.05,16,0,0,0,2.0,shell_balanced,MiNO-Plus,MiNO-Plus_wingaussian_modshell_balanced_K12_modes16_patch16_ref0.05_rlp0.16_hfc0.16_rb-5_pdo0_diss0_symord0_symparspectral_order_wfconf2_trhamiltonian_verlet_framegabor_gaussian_sparse1_sklp0.16_tsyn1_tin1_tref0,False,1,0.05,347000,16,-2.0,0.0,0.05,,0.16,synthetic,2,0.5,-5.0,0.05,run,branch_id_v3_controls_wave_synth_proxy_0p20_0p05_no_transport_no_carrier_11_hamiltonian_verlet_gabor_gaussian_True_2p0_0p16_0p16_0p16_1p0_1p0_0p0_2p0_0p01_0p05_1p0_2p0_12_12,46.317672299999685,wave_synth,11,0.16,synthetic,True,8,0.0,0.01,0.0,0.05,0.0,0.804892048239708,1.0,0.0,1.0139268189668655,0.020794184412807226,0.0,41686.72494331002,0.2746393196284771,0.0,0.0,1.525434985756874,0.0002872762161132414,0.0002779751466732705,6.5933745004643e-15,7.141834066715091e-05,5.90407021883177e-10,5.90407021883177e-10,0.8048904538154602,5.90407021883177e-10,0.006692850962281227,0.8065640106797218,0.8083570227026939,0.7897488561769327,0.7897488561769327,0.23240567549752691,0.5301722511649132,0.0,0.840242326259613,0.25,1.0774961709976196,6.832262247800827,0.0,0.0,0.0,0.0,0.0,0.057087988359853625,0.0,0.16,hamiltonian_verlet,0.2,12,1.0,1.0,2.0,0.0001,64,gaussian
no_transport_no_carrier,2,0.02384313615038991,branch_id_v3_controls,0.02,2.0,12,0.0,1.0,2.0,24,wave,0.0,0.024491332083319623,0.0,0.020160009065875784,0.0,0.0062049887686346965,0.0001087493037251382,0.006402423828452204,0.013130990749535462,0.09377432886200647,0.06414487469010055,gabor_gaussian,12,1.0,64,1.0,0.16,1,0.0001,0.05,proxy_0.20_0.05,16,0,0,0,2.0,shell_balanced,MiNO-Plus,MiNO-Plus_wingaussian_modshell_balanced_K12_modes16_patch16_ref0.05_rlp0.16_hfc0.16_rb-5_pdo0_diss0_symord0_symparspectral_order_wfconf2_trhamiltonian_verlet_framegabor_gaussian_sparse1_sklp0.16_tsyn1_tin1_tref0,False,1,0.05,347000,16,-2.0,0.0,0.05,,0.16,synthetic,2,0.5,-5.0,0.05,run,branch_id_v3_controls_wave_synth_proxy_0p20_0p05_no_transport_no_carrier_19_hamiltonian_verlet_gabor_gaussian_True_2p0_0p16_0p16_0p16_1p0_1p0_0p0_2p0_0p01_0p05_1p0_2p0_12_12,47.15457579999929,wave_synth,19,0.16,synthetic,True,8,0.0,0.01,0.0,0.05,0.0,0.7488293722271919,1.0,0.0,1.1891449689865112,0.02153659495525062,0.0,80725.91885948181,0.24460083525627851,0.0,0.0,1.5227669328451157,0.12000391539186239,0.1194029152393341,2.4098889277827658e-14,0.011276227131020278,0.00011811614331236342,0.00011811614331236342,0.7453213520348072,0.00011811614331236342,0.006392727780621499,0.7485809400677681,0.7516107261180878,0.9511585955818495,0.9511585955818495,0.115807492150149,0.32599879801273346,0.0,0.8824138939380646,0.25,1.0774961709976196,3.000800520181656,0.0,0.0,0.0,0.0,0.0,0.09097793337423354,0.0,0.16,hamiltonian_verlet,0.2,12,1.0,1.0,2.0,0.0001,64,gaussian
randomized_metadata,2,0.02769112610258162,branch_id_v3_controls,0.02,2.0,12,0.0,1.0,2.0,24,wave,0.0,0.03540454500277216,0.0,0.031152689654845744,0.0,0.006936264474158331,5.902221662523743e-07,0.006409286046012615,0.0005557131401777345,0.11986566552271445,0.03968179908891519,gabor_gaussian,12,1.0,64,1.0,0.16,1,0.0001,0.05,proxy_0.20_0.05,16,0,0,0,2.0,shell_balanced,MiNO-Plus,MiNO-Plus_wingaussian_modshell_balanced_K12_modes16_patch16_ref0.05_rlp0.16_hfc0.16_rb-5_pdo0_diss0_symord0_symparspectral_order_wfconf2_trhamiltonian_verlet_framegabor_gaussian_sparse1_sklp0.16_tsyn1_tin1_tref0,False,1,0.05,1059764,16,-2.0,0.0,0.05,,0.16,synthetic,2,0.5,-5.0,0.05,run,branch_id_v3_controls_wave_synth_proxy_0p20_0p05_randomized_metadata_7_hamiltonian_verlet_gabor_gaussian_True_2p0_0p16_0p16_0p16_1p0_1p0_0p0_2p0_0p01_0p05_1p0_2p0_12_12,144.4887377999985,wave_synth,7,0.16,synthetic,True,8,0.0,0.01,0.0,0.05,0.4618697538971901,0.8829275965690613,1.0,0.0,2.104544088244438,0.03869047458283603,0.4618697538971901,11378.030558302999,0.19335354026407003,0.0,0.0,1.5258451402187347,0.008409413683693856,0.008240886847488582,1.839259411887486e-14,0.0014669583179056644,4.244340985337658e-07,4.244340985337658e-07,0.9005570337176323,4.244340985337658e-07,0.006423259852454066,0.889074869453907,0.8943873345851898,0.8911453671753407,0.8911453671753407,0.02388874744065106,0.3120293691754341,0.0,0.8898277878761292,0.25,1.0774961709976196,3.9681008085608482,0.18525237093369165,5.15436315536499,11.982568502426147,0.8877966180443764,0.0,0.130317869130522,0.0,0.16,hamiltonian_verlet,0.2,12,1.0,1.0,2.0,0.0001,64,gaussian
randomized_metadata,2,0.03485723095946014,branch_id_v3_controls,0.02,2.0,12,0.0,1.0,2.0,24,wave,0.0,0.033769763889722526,0.0,0.029182999933254905,0.0,0.007540945219564795,3.2515216587351383e-06,0.0063922880799509585,0.0008549449084966909,0.124943483970128,0.04271688933173815,gabor_gaussian,12,1.0,64,1.0,0.16,1,0.0001,0.05,proxy_0.20_0.05,16,0,0,0,2.0,shell_balanced,MiNO-Plus,MiNO-Plus_wingaussian_modshell_balanced_K12_modes16_patch16_ref0.05_rlp0.16_hfc0.16_rb-5_pdo0_diss0_symord0_symparspectral_order_wfconf2_trhamiltonian_verlet_framegabor_gaussian_sparse1_sklp0.16_tsyn1_tin1_tref0,False,1,0.05,1059764,16,-2.0,0.0,0.05,,0.16,synthetic,2,0.5,-5.0,0.05,run,branch_id_v3_controls_wave_synth_proxy_0p20_0p05_randomized_metadata_11_hamiltonian_verlet_gabor_gaussian_True_2p0_0p16_0p16_0p16_1p0_1p0_0p0_2p0_0p01_0p05_1p0_2p0_12_12,147.16464390000328,wave_synth,11,0.16,synthetic,True,8,0.0,0.01,0.0,0.05,0.45731692016124725,0.9222594872117043,1.0,0.0,2.4287194311618805,0.02748304116539657,0.45731692016124725,70963.36162662506,0.27433400228619576,0.0,0.0,1.5088630020618439,0.01674806117080152,0.01631383935455233,1.7298030827620305e-14,0.003389824618352577,2.2125730581024072e-06,2.2125730581024072e-06,0.9120923280715942,2.2125730581024072e-06,0.006404182233382016,0.9274615123867989,0.9324743077158928,0.8258081985016664,0.8258081985016664,0.029248239782949288,0.2793782278895378,0.0,0.840242326259613,0.25,1.0774961709976196,6.832262247800827,0.17529826300839582,4.904166102409363,9.967107892036438,1.4856060147285461,0.0,0.11955917999148369,0.0,0.16,hamiltonian_verlet,0.2,12,1.0,1.0,2.0,0.0001,64,gaussian
randomized_metadata,2,0.029684353386983275,branch_id_v3_controls,0.02,2.0,12,0.0,1.0,2.0,24,wave,0.0,0.03214148761859784,0.0,0.027291900866354506,0.0,0.007150164199022886,1.591579960565544e-06,0.006457841887216394,0.006605474666381876,0.12049561521659295,0.04201752506196499,gabor_gaussian,12,1.0,64,1.0,0.16,1,0.0001,0.05,proxy_0.20_0.05,16,0,0,0,2.0,shell_balanced,MiNO-Plus,MiNO-Plus_wingaussian_modshell_balanced_K12_modes16_patch16_ref0.05_rlp0.16_hfc0.16_rb-5_pdo0_diss0_symord0_symparspectral_order_wfconf2_trhamiltonian_verlet_framegabor_gaussian_sparse1_sklp0.16_tsyn1_tin1_tref0,False,1,0.05,1059764,16,-2.0,0.0,0.05,,0.16,synthetic,2,0.5,-5.0,0.05,run,branch_id_v3_controls_wave_synth_proxy_0p20_0p05_randomized_metadata_19_hamiltonian_verlet_gabor_gaussian_True_2p0_0p16_0p16_0p16_1p0_1p0_0p0_2p0_0p01_0p05_1p0_2p0_12_12,146.22088590000203,wave_synth,19,0.16,synthetic,True,8,0.0,0.01,0.0,0.05,0.46232612431049347,0.8800936862826347,1.0,0.0,2.2627163529396057,0.030994989210739732,0.46232612431049347,70679.11561111361,0.20576154999434948,0.0,0.0,1.549416795372963,0.0006309451855486259,0.0006288998338277452,3.1806238047142707e-15,4.9813735586212715e-05,2.728591172451722e-09,2.728591172451722e-09,0.9008703827857971,2.728591172451722e-09,0.006692850962281227,0.8866653218865395,0.892405092716217,0.8258662298321724,0.8258662298321724,0.16457559059684476,0.27646583318710327,0.0,0.8824138939380646,0.25,1.0774961709976196,3.000800520181656,0.2507447988415758,5.362122654914856,11.749625563621521,0.6037399210035801,0.0,0.12030241498723626,0.0,0.16,hamiltonian_verlet,0.2,12,1.0,1.0,2.0,0.0001,64,gaussian
no_symbol,2,0.004128486776608042,branch_id_v3_controls,0.02,2.0,12,0.0,1.0,2.0,24,wave,0.0,0.004741817285927634,0.0,0.0007799510597881939,0.0,0.006682773889527501,0.00011098210258827142,0.006347539456328377,0.0,0.09297650617857774,0.06247980652066568,gabor_gaussian,12,1.0,64,1.0,0.16,1,0.0001,0.05,proxy_0.20_0.05,16,0,0,0,2.0,shell_balanced,MiNO-Plus,MiNO-Plus_wingaussian_modshell_balanced_K12_modes16_patch16_ref0.05_rlp0.16_hfc0.16_rb-5_pdo0_diss0_symord0_symparspectral_order_wfconf2_trhamiltonian_verlet_framegabor_gaussian_sparse1_sklp0.16_tsyn1_tin1_tref0,False,1,0.05,854708,16,-2.0,0.0,0.05,,0.16,synthetic,2,0.5,-5.0,0.05,run,branch_id_v3_controls_wave_synth_proxy_0p20_0p05_no_symbol_7_hamiltonian_verlet_gabor_gaussian_True_2p0_0p16_0p16_0p16_1p0_1p0_0p0_2p0_0p01_0p05_1p0_2p0_12_12,132.59073630000057,wave_synth,7,0.16,synthetic,True,8,0.0,0.01,0.0,0.05,0.011450052261352539,0.3089426700025797,1.0,0.0,0.8055661916732788,0.004535493266303092,0.011450052261352539,3520.879514971748,0.0265680649317801,0.0,0.0,1.4113710671663284,0.16847297921776772,0.15318380575627089,2.5107610015042726e-14,0.05368651496246457,0.000149517136378563,0.000149517136378563,0.2996455579996109,0.000149517136378563,0.006335122627206147,0.30166177079081535,0.30304750986397266,0.0,0.0,0.0,2.2028073519468307,0.0,0.8898277878761292,0.25,1.0774961709976196,3.9681008085608482,0.6565947669247786,8.919846713542938,6.013127088546753,0.417318494990468,0.8075813899437586,0.010987220332026482,0.0,0.16,hamiltonian_verlet,0.2,12,1.0,1.0,2.0,0.0001,64,gaussian
no_symbol,2,0.003930556762497872,branch_id_v3_controls,0.02,2.0,12,0.0,1.0,2.0,24,wave,0.0,0.0049588752566099474,0.0,0.0008240125559192771,0.0,0.007201828339627052,0.00014844471172636986,0.006371456353614728,0.0,0.10005388226515304,0.06335773163785537,gabor_gaussian,12,1.0,64,1.0,0.16,1,0.0001,0.05,proxy_0.20_0.05,16,0,0,0,2.0,shell_balanced,MiNO-Plus,MiNO-Plus_wingaussian_modshell_balanced_K12_modes16_patch16_ref0.05_rlp0.16_hfc0.16_rb-5_pdo0_diss0_symord0_symparspectral_order_wfconf2_trhamiltonian_verlet_framegabor_gaussian_sparse1_sklp0.16_tsyn1_tin1_tref0,False,1,0.05,854708,16,-2.0,0.0,0.05,,0.16,synthetic,2,0.5,-5.0,0.05,run,branch_id_v3_controls_wave_synth_proxy_0p20_0p05_no_symbol_11_hamiltonian_verlet_gabor_gaussian_True_2p0_0p16_0p16_0p16_1p0_1p0_0p0_2p0_0p01_0p05_1p0_2p0_12_12,132.58392760000424,wave_synth,11,0.16,synthetic,True,8,0.0,0.01,0.0,0.05,0.011756950872950256,0.3291650861501694,1.0,0.0,0.8994164317846298,0.004386105196317658,0.011756950872950256,30209.39103499055,0.028857530211098492,0.0,0.0,1.4153061211109161,0.12982851639389992,0.11623558634892106,2.3422899811194786e-14,0.04334680084139109,0.00012053819614266104,0.00012053819614266104,0.32171889394521713,0.00012053819614266104,0.006384040170814842,0.32411500439047813,0.32581963390111923,0.0,0.0,0.0,1.0309775471687317,0.0,0.840242326259613,0.25,1.0774961709976196,6.832262247800827,0.6267335880547762,7.122297823429108,4.432045608758926,0.7412345483899117,0.7772004852692286,0.00951223325682804,0.0,0.16,hamiltonian_verlet,0.2,12,1.0,1.0,2.0,0.0001,64,gaussian
no_symbol,2,0.004254357219906524,branch_id_v3_controls,0.02,2.0,12,0.0,1.0,2.0,24,wave,0.0,0.005141858794862249,0.0,0.0007571932886397311,0.0,0.006880101854524885,0.00014654630808763613,0.006376525552089636,0.0,0.09511879521111648,0.06413525862929721,gabor_gaussian,12,1.0,64,1.0,0.16,1,0.0001,0.05,proxy_0.20_0.05,16,0,0,0,2.0,shell_balanced,MiNO-Plus,MiNO-Plus_wingaussian_modshell_balanced_K12_modes16_patch16_ref0.05_rlp0.16_hfc0.16_rb-5_pdo0_diss0_symord0_symparspectral_order_wfconf2_trhamiltonian_verlet_framegabor_gaussian_sparse1_sklp0.16_tsyn1_tin1_tref0,False,1,0.05,854708,16,-2.0,0.0,0.05,,0.16,synthetic,2,0.5,-5.0,0.05,run,branch_id_v3_controls_wave_synth_proxy_0p20_0p05_no_symbol_19_hamiltonian_verlet_gabor_gaussian_True_2p0_0p16_0p16_0p16_1p0_1p0_0p0_2p0_0p01_0p05_1p0_2p0_12_12,132.89947830000165,wave_synth,19,0.16,synthetic,True,8,0.0,0.01,0.0,0.05,0.011598604614846408,0.28073410131037235,1.0,0.0,0.801125556230545,0.002988781314343214,0.011598604614846408,35911.557236937806,0.0229473288054578,0.0,0.0,1.4398816525936127,0.15042475704103708,0.1374849546700716,2.3002185746073627e-14,0.045456916093826294,0.00015682613411627244,0.00015682613411627244,0.272625882178545,0.00015682613411627244,0.006366247893311083,0.27522091940045357,0.2770289406180382,0.0,0.0,0.0,1.9811753779649734,0.0,0.8824138939380646,0.25,1.0774961709976196,3.000800520181656,0.6727530937641859,7.809057295322418,5.411583214998245,0.40490782260894775,0.7651283244291941,0.01093247631797567,0.0,0.16,hamiltonian_verlet,0.2,12,1.0,1.0,2.0,0.0001,64,gaussian
